Date,Open,High,Low,Close,Adj Close,Volume,Dividends,Stock Splits,Capital Gains
2007-04-11,104.3499984741211,104.38999938964844,104.3499984741211,104.3499984741211,31.546615600585938,1900,0.0,0.0,0.0
2007-04-12,104.41999816894531,104.41999816894531,104.3499984741211,104.41999816894531,31.56776237487793,6100,0.0,0.0,0.0
2007-04-13,104.38999938964844,104.48999786376953,104.2300033569336,104.2300033569336,31.510326385498047,3400,0.0,0.0,0.0
2007-04-16,104.2699966430664,104.2699966430664,104.1500015258789,104.19000244140625,31.498210906982422,7600,0.0,0.0,0.0
2007-04-17,104.1500015258789,104.4000015258789,104.13999938964844,104.13999938964844,31.483102798461914,28100,0.0,0.0,0.0
2007-04-18,104.19000244140625,104.2699966430664,104.1500015258789,104.16999816894531,31.4921875,6300,0.0,0.0,0.0
2007-04-19,104.19999694824219,104.56999969482422,104.05999755859375,104.52999877929688,31.601041793823242,47500,0.0,0.0,0.0
2007-04-20,104.54000091552734,104.54000091552734,104.44999694824219,104.47000122070312,31.5828914642334,4900,0.0,0.0,0.0
2007-04-23,104.58999633789062,104.66000366210938,104.44999694824219,104.52999877929688,31.601041793823242,1700,0.0,0.0,0.0
2007-04-24,104.58999633789062,105.30999755859375,104.41999816894531,105.25,31.818683624267578,398500,0.0,0.0,0.0
2007-04-25,105.27999877929688,105.41000366210938,105.27999877929688,105.41000366210938,31.867036819458008,16300,0.0,0.0,0.0
2007-04-26,105.43000030517578,105.5999984741211,105.29000091552734,105.5999984741211,31.924497604370117,48200,0.0,0.0,0.0
2007-04-27,105.51000213623047,105.5999984741211,105.51000213623047,105.5999984741211,31.924497604370117,8300,0.0,0.0,0.0
2007-04-30,105.55999755859375,105.62999725341797,105.33000183105469,105.61000061035156,31.92751121520996,15500,0.0,0.0,0.0
2007-05-01,105.2699966430664,105.43000030517578,105.2699966430664,105.33000183105469,31.93143653869629,8600,0.293,0.0,0.0
2007-05-02,105.3499984741211,105.38999938964844,105.19999694824219,105.29000091552734,31.919347763061523,4700,0.0,0.0,0.0
2007-05-03,105.37000274658203,105.4800033569336,105.19999694824219,105.30000305175781,31.9223690032959,17200,0.0,0.0,0.0
2007-05-04,105.3499984741211,105.44000244140625,105.20999908447266,105.43000030517578,31.961769104003906,4600,0.0,0.0,0.0
2007-05-07,105.31999969482422,105.41999816894531,105.30000305175781,105.41999816894531,31.9587459564209,4200,0.0,0.0,0.0
2007-05-08,105.54000091552734,105.55000305175781,105.44999694824219,105.5,31.98298454284668,16100,0.0,0.0,0.0
2007-05-09,105.58999633789062,105.5999984741211,105.16000366210938,105.22000122070312,31.898094177246094,9400,0.0,0.0,0.0
2007-05-10,105.69999694824219,105.80999755859375,105.51000213623047,105.5999984741211,32.01328659057617,17400,0.0,0.0,0.0
2007-05-11,105.63999938964844,105.77999877929688,105.55999755859375,105.66000366210938,32.03151321411133,12200,0.0,0.0,0.0
2007-05-14,105.69000244140625,105.69999694824219,105.55000305175781,105.6500015258789,32.028472900390625,11600,0.0,0.0,0.0
2007-05-15,105.69999694824219,105.93000030517578,105.56999969482422,105.56999969482422,32.00420379638672,39400,0.0,0.0,0.0
2007-05-16,105.83000183105469,105.86000061035156,105.81999969482422,105.8499984741211,32.08906555175781,78100,0.0,0.0,0.0
2007-05-17,105.88999938964844,105.93000030517578,105.69000244140625,105.81999969482422,32.07997512817383,14500,0.0,0.0,0.0
2007-05-18,105.94999694824219,105.94999694824219,105.8499984741211,105.8499984741211,32.08906555175781,5200,0.0,0.0,0.0
2007-05-21,105.94000244140625,105.95999908447266,105.8499984741211,105.94999694824219,32.11941146850586,14600,0.0,0.0,0.0
2007-05-22,106.08000183105469,106.08999633789062,105.7300033569336,105.95999908447266,32.12245178222656,10200,0.0,0.0,0.0
2007-05-23,105.91999816894531,106.11000061035156,105.69999694824219,105.87999725341797,32.09819793701172,22500,0.0,0.0,0.0
2007-05-24,106.04000091552734,106.04000091552734,105.8499984741211,105.91000366210938,32.10728454589844,17100,0.0,0.0,0.0
2007-05-25,105.97000122070312,106.47000122070312,105.80000305175781,106.05999755859375,32.15275192260742,7400,0.0,0.0,0.0
2007-05-29,105.69999694824219,105.72000122070312,105.58000183105469,105.63999938964844,32.025428771972656,4900,0.0,0.0,0.0
2007-05-30,105.87000274658203,105.94000244140625,105.75,105.87999725341797,32.09819793701172,4300,0.0,0.0,0.0
2007-05-31,105.88999938964844,105.88999938964844,105.6500015258789,105.70999908447266,32.04667663574219,6200,0.0,0.0,0.0
2007-06-01,105.11000061035156,105.12999725341797,104.94999694824219,105.11000061035156,32.04238510131836,13500,0.586,0.0,0.0
2007-06-04,105.19999694824219,105.22000122070312,105.0199966430664,105.19999694824219,32.06979751586914,21800,0.0,0.0,0.0
2007-06-05,105.20999908447266,105.20999908447266,105.05000305175781,105.05000305175781,32.02409362792969,4500,0.0,0.0,0.0
2007-06-06,105.0,105.05999755859375,104.87999725341797,104.91999816894531,31.984455108642578,74600,0.0,0.0,0.0
2007-06-07,104.73999786376953,104.73999786376953,104.19999694824219,104.43000030517578,31.83509063720703,12100,0.0,0.0,0.0
2007-06-08,104.20999908447266,104.2699966430664,103.91999816894531,104.1500015258789,31.74974822998047,17800,0.0,0.0,0.0
2007-06-11,103.9000015258789,104.06999969482422,103.5999984741211,103.93000030517578,31.682662963867188,2900,0.0,0.0,0.0
2007-06-12,103.7699966430664,103.77999877929688,103.06999969482422,103.4000015258789,31.5211124420166,67300,0.0,0.0,0.0
2007-06-13,103.62999725341797,103.80999755859375,102.87000274658203,103.58000183105469,31.575984954833984,24600,0.0,0.0,0.0
2007-06-14,103.33999633789062,103.66000366210938,103.16000366210938,103.66000366210938,31.600378036499023,18200,0.0,0.0,0.0
2007-06-15,103.5,103.68000030517578,103.5,103.63999938964844,31.59426498413086,13500,0.0,0.0,0.0
2007-06-18,103.91000366210938,103.91000366210938,103.4000015258789,103.69999694824219,31.612560272216797,14600,0.0,0.0,0.0
2007-06-19,103.83999633789062,103.83999633789062,103.36000061035156,103.83000183105469,31.65220069885254,19600,0.0,0.0,0.0
2007-06-20,103.83999633789062,103.83999633789062,102.91000366210938,102.91000366210938,31.371734619140625,16900,0.0,0.0,0.0
2007-06-21,103.0,103.43000030517578,103.0,103.0999984741211,31.429655075073242,13900,0.0,0.0,0.0
2007-06-22,103.22000122070312,103.36000061035156,102.83999633789062,103.30000305175781,31.490617752075195,27800,0.0,0.0,0.0
2007-06-25,103.30000305175781,103.33999633789062,102.6500015258789,102.69999694824219,31.307710647583008,29000,0.0,0.0,0.0
2007-06-26,102.94000244140625,103.19000244140625,102.69999694824219,103.0,31.399160385131836,43600,0.0,0.0,0.0
2007-06-27,102.79000091552734,102.80000305175781,102.4800033569336,102.63999938964844,31.28940773010254,6800,0.0,0.0,0.0
2007-06-28,102.55000305175781,102.63999938964844,101.93000030517578,102.0999984741211,31.124780654907227,9500,0.0,0.0,0.0
2007-06-29,102.0999984741211,102.5,101.80999755859375,101.80999755859375,31.036415100097656,14600,0.0,0.0,0.0
2007-07-02,101.69999694824219,102.2699966430664,101.4000015258789,102.0,31.279560089111328,19600,0.603,0.0,0.0
2007-07-03,101.9000015258789,101.9000015258789,101.5999984741211,101.80999755859375,31.2213191986084,11700,0.0,0.0,0.0
2007-07-05,101.8499984741211,101.86000061035156,100.9800033569336,101.44000244140625,31.107860565185547,14600,0.0,0.0,0.0
2007-07-06,101.43000030517578,101.79000091552734,101.11000061035156,101.55000305175781,31.141571044921875,8200,0.0,0.0,0.0
2007-07-09,101.43000030517578,101.9800033569336,101.38999938964844,101.86000061035156,31.23663902282715,8400,0.0,0.0,0.0
2007-07-10,101.4800033569336,101.75,101.0,101.58999633789062,31.153854370117188,19700,0.0,0.0,0.0
2007-07-11,101.62000274658203,101.62999725341797,100.55999755859375,100.83000183105469,30.920785903930664,17200,0.0,0.0,0.0
2007-07-12,101.0,101.12999725341797,100.70999908447266,101.12999725341797,31.012773513793945,8300,0.0,0.0,0.0
2007-07-13,101.30000305175781,101.55999755859375,101.0,101.55000305175781,31.141571044921875,5200,0.0,0.0,0.0
2007-07-16,101.37000274658203,101.80999755859375,101.26000213623047,101.58999633789062,31.153854370117188,17100,0.0,0.0,0.0
2007-07-17,101.69999694824219,101.70999908447266,101.22000122070312,101.70999908447266,31.190658569335938,10600,0.0,0.0,0.0
2007-07-18,101.66999816894531,101.66999816894531,100.80000305175781,100.94999694824219,30.957595825195312,15600,0.0,0.0,0.0
2007-07-19,101.02999877929688,101.05999755859375,101.02999877929688,101.05999755859375,30.991304397583008,6400,0.0,0.0,0.0
2007-07-20,100.9800033569336,101.31999969482422,100.58999633789062,100.80000305175781,30.911582946777344,18600,0.0,0.0,0.0
2007-07-23,100.69999694824219,100.70999908447266,100.5,100.58000183105469,30.844118118286133,9000,0.0,0.0,0.0
2007-07-24,100.5,100.51000213623047,99.86000061035156,100.0,30.666263580322266,44900,0.0,0.0,0.0
2007-07-25,99.9000015258789,99.9000015258789,98.68000030517578,99.05000305175781,30.37490463256836,28100,0.0,0.0,0.0
2007-07-26,98.5,99.5,96.38999938964844,97.6500015258789,29.94561195373535,43200,0.0,0.0,0.0
2007-07-27,97.0,97.0,95.48999786376953,96.0199966430664,29.445751190185547,44600,0.0,0.0,0.0
2007-07-30,96.98999786376953,97.0199966430664,96.3499984741211,96.94999694824219,29.730924606323242,24600,0.0,0.0,0.0
2007-07-31,97.0,98.19999694824219,97.0,97.27999877929688,29.83211326599121,34000,0.0,0.0,0.0
2007-08-01,96.83999633789062,96.83999633789062,95.26000213623047,96.44999694824219,29.770401000976562,33500,0.63,0.0,0.0
2007-08-02,96.98999786376953,97.33000183105469,96.98999786376953,97.0,29.940149307250977,28800,0.0,0.0,0.0
2007-08-03,97.3499984741211,97.3499984741211,96.37999725341797,97.0,29.940149307250977,20100,0.0,0.0,0.0
2007-08-06,98.75,98.75,96.05000305175781,96.79000091552734,29.8753604888916,30400,0.0,0.0,0.0
2007-08-07,99.25,99.25,96.80000305175781,97.4800033569336,30.08831787109375,68800,0.0,0.0,0.0
2007-08-08,99.0,100.5,98.0,98.62999725341797,30.443279266357422,30300,0.0,0.0,0.0
2007-08-09,98.62000274658203,98.91999816894531,98.01000213623047,98.52999877929688,30.412424087524414,12800,0.0,0.0,0.0
2007-08-10,98.19999694824219,98.37000274658203,97.75,98.33000183105469,30.350685119628906,18800,0.0,0.0,0.0
2007-08-13,99.0199966430664,99.05000305175781,98.4000015258789,99.05000305175781,30.57291603088379,21300,0.0,0.0,0.0
2007-08-14,99.31999969482422,99.31999969482422,98.16999816894531,98.27999877929688,30.335262298583984,12400,0.0,0.0,0.0
2007-08-15,98.3499984741211,99.04000091552734,98.27999877929688,98.83000183105469,30.50503158569336,9100,0.0,0.0,0.0
2007-08-16,100.0,100.0,97.9800033569336,98.69999694824219,30.46485710144043,15300,0.0,0.0,0.0
2007-08-17,99.0,100.0,98.5999984741211,99.69999694824219,30.773555755615234,30000,0.0,0.0,0.0
2007-08-20,100.0,100.0,98.75,98.75,30.480327606201172,49300,0.0,0.0,0.0
2007-08-21,99.25,99.8499984741211,98.05999755859375,98.23999786376953,30.322925567626953,33700,0.0,0.0,0.0
2007-08-22,98.5999984741211,99.19999694824219,98.0999984741211,99.0,30.557498931884766,52700,0.0,0.0,0.0
2007-08-23,99.16999816894531,99.80000305175781,99.0,99.5999984741211,30.742687225341797,59400,0.0,0.0,0.0
2007-08-24,99.69999694824219,99.8499984741211,99.16000366210938,99.8499984741211,30.819835662841797,11600,0.0,0.0,0.0
2007-08-27,100.0,100.5,99.9000015258789,100.5,31.020488739013672,11800,0.0,0.0,0.0
2007-08-28,100.5,100.9000015258789,100.0,100.1500015258789,30.912464141845703,55800,0.0,0.0,0.0
2007-08-29,100.0,100.9000015258789,99.66999816894531,100.55000305175781,31.03590965270996,18300,0.0,0.0,0.0
2007-08-30,100.73999786376953,101.04000091552734,100.22000122070312,100.76000213623047,31.100727081298828,42900,0.0,0.0,0.0
2007-08-31,101.4800033569336,101.68000030517578,101.01000213623047,101.66999816894531,31.381591796875,11300,0.0,0.0,0.0
2007-09-04,101.97000122070312,101.97000122070312,101.0,101.75,31.599933624267578,13500,0.623,0.0,0.0
2007-09-05,101.6500015258789,101.87999725341797,101.2300033569336,101.79000091552734,31.612375259399414,14400,0.0,0.0,0.0
2007-09-06,101.48999786376953,101.73999786376953,101.48999786376953,101.7300033569336,31.593732833862305,16400,0.0,0.0,0.0
2007-09-07,101.9000015258789,101.9000015258789,100.44999694824219,100.56999969482422,31.233474731445312,50700,0.0,0.0,0.0
2007-09-10,101.5,101.5,100.61000061035156,101.0,31.367023468017578,10000,0.0,0.0,0.0
2007-09-11,101.4800033569336,102.0,101.0,101.83000183105469,31.62477684020996,24100,0.0,0.0,0.0
2007-09-12,102.0,102.5,101.37999725341797,102.29000091552734,31.767648696899414,32000,0.0,0.0,0.0
2007-09-13,102.25,102.25,101.22000122070312,101.93000030517578,31.655851364135742,10900,0.0,0.0,0.0
2007-09-14,101.94999694824219,102.94000244140625,101.22000122070312,102.88999938964844,31.95398712158203,33900,0.0,0.0,0.0
2007-09-17,103.0,103.5,102.36000061035156,103.36000061035156,32.09992599487305,20100,0.0,0.0,0.0
2007-09-18,103.75,104.36000061035156,102.9800033569336,104.0999984741211,32.329769134521484,31400,0.0,0.0,0.0
2007-09-19,104.25,106.0999984741211,104.19999694824219,106.08999633789062,32.947792053222656,85900,0.0,0.0,0.0
2007-09-20,106.04000091552734,106.04000091552734,103.0,103.48999786376953,32.140296936035156,410400,0.0,0.0,0.0
2007-09-21,104.98999786376953,105.4000015258789,102.0999984741211,103.75,32.221065521240234,105100,0.0,0.0,0.0
2007-09-24,102.68000030517578,104.44999694824219,102.6500015258789,104.44999694824219,32.43846893310547,45500,0.0,0.0,0.0
2007-09-25,103.0,104.69999694824219,103.0,104.69999694824219,32.516090393066406,167500,0.0,0.0,0.0
2007-09-26,104.69999694824219,104.69999694824219,104.12999725341797,104.31999969482422,32.398101806640625,25300,0.0,0.0,0.0
2007-09-27,104.5,104.55000305175781,101.16000366210938,104.0,32.29871368408203,49200,0.0,0.0,0.0
2007-09-28,104.47000122070312,104.4800033569336,103.5999984741211,104.0,32.29871368408203,46700,0.0,0.0,0.0
2007-10-01,104.47000122070312,104.5,103.33000183105469,103.75,32.422157287597656,50300,0.645,0.0,0.0
2007-10-02,102.52999877929688,103.98999786376953,102.52999877929688,103.94999694824219,32.484622955322266,72100,0.0,0.0,0.0
2007-10-03,104.0,104.47000122070312,103.31999969482422,103.4000015258789,32.31277084350586,35300,0.0,0.0,0.0
2007-10-04,103.80000305175781,103.94999694824219,103.29000091552734,103.83999633789062,32.45029067993164,17600,0.0,0.0,0.0
2007-10-05,103.97000122070312,104.0,103.5199966430664,103.9000015258789,32.46902084350586,22900,0.0,0.0,0.0
2007-10-08,104.22000122070312,104.38999938964844,103.86000061035156,104.25,32.57839584350586,18600,0.0,0.0,0.0
2007-10-09,104.31999969482422,104.33999633789062,104.0,104.33000183105469,32.60340881347656,14600,0.0,0.0,0.0
2007-10-10,104.4800033569336,104.4800033569336,104.1500015258789,104.23999786376953,32.57526779174805,21200,0.0,0.0,0.0
2007-10-11,104.48999786376953,104.5,104.0,104.38999938964844,32.62213897705078,22300,0.0,0.0,0.0
2007-10-12,104.41999816894531,104.5999984741211,104.41999816894531,104.5,32.65653610229492,73700,0.0,0.0,0.0
2007-10-15,105.19999694824219,105.19999694824219,104.5,105.0,32.81279373168945,24600,0.0,0.0,0.0
2007-10-16,104.5,104.68000030517578,104.0999984741211,104.5999984741211,32.68779373168945,60600,0.0,0.0,0.0
2007-10-17,104.02999877929688,104.6500015258789,103.30999755859375,103.30999755859375,32.28466033935547,15200,0.0,0.0,0.0
2007-10-18,104.2300033569336,104.25,103.25,103.26000213623047,32.26901626586914,13200,0.0,0.0,0.0
2007-10-19,103.25,103.94000244140625,102.0,102.80000305175781,32.12526321411133,40200,0.0,0.0,0.0
2007-10-22,102.80000305175781,102.80000305175781,101.8499984741211,101.8499984741211,31.828384399414062,64600,0.0,0.0,0.0
2007-10-23,102.19000244140625,102.69999694824219,101.94999694824219,102.69999694824219,32.094017028808594,27000,0.0,0.0,0.0
2007-10-24,102.5999984741211,102.75,102.30000305175781,102.69999694824219,32.094017028808594,22200,0.0,0.0,0.0
2007-10-25,102.98999786376953,102.98999786376953,102.63999938964844,102.8499984741211,32.14088439941406,16600,0.0,0.0,0.0
2007-10-26,102.69999694824219,103.08999633789062,102.5999984741211,103.08999633789062,32.21588134765625,10800,0.0,0.0,0.0
2007-10-29,103.48999786376953,103.5,103.05999755859375,103.4000015258789,32.31277084350586,19900,0.0,0.0,0.0
2007-10-30,103.30000305175781,103.30000305175781,102.69999694824219,103.19999694824219,32.250282287597656,10500,0.0,0.0,0.0
2007-10-31,103.61000061035156,104.0,103.04000091552734,103.8499984741211,32.45338821411133,12000,0.0,0.0,0.0
2007-11-01,102.70999908447266,102.9000015258789,102.0,102.5,32.24264144897461,29400,0.68,0.0,0.0
2007-11-02,102.48999786376953,102.5,101.91999816894531,102.25,32.16398239135742,32300,0.0,0.0,0.0
2007-11-05,106.0,106.0,101.5,102.19999694824219,32.14828872680664,13800,0.0,0.0,0.0
2007-11-06,102.19999694824219,103.1500015258789,102.19999694824219,102.7300033569336,32.315006256103516,34900,0.0,0.0,0.0
2007-11-07,101.81999969482422,103.0999984741211,101.81999969482422,102.5999984741211,32.27411651611328,11900,0.0,0.0,0.0
2007-11-08,102.8499984741211,102.8499984741211,100.41000366210938,101.30000305175781,31.86516761779785,121000,0.0,0.0,0.0
2007-11-09,101.56999969482422,101.75,100.51000213623047,101.75,32.006736755371094,38400,0.0,0.0,0.0
2007-11-12,103.0199966430664,103.0199966430664,101.9000015258789,102.1500015258789,32.13254928588867,41400,0.0,0.0,0.0
2007-11-13,102.94999694824219,102.94999694824219,101.55999755859375,101.75,32.006736755371094,15300,0.0,0.0,0.0
2007-11-14,102.75,102.75,101.69999694824219,102.0,32.0853271484375,7800,0.0,0.0,0.0
2007-11-15,101.98999786376953,102.33999633789062,101.68000030517578,101.97000122070312,32.07594299316406,15500,0.0,0.0,0.0
2007-11-16,103.0,103.0,101.52999877929688,102.0,32.0853271484375,18400,0.0,0.0,0.0
2007-11-19,102.69999694824219,102.69999694824219,101.77999877929688,102.0,32.0853271484375,16700,0.0,0.0,0.0
2007-11-20,101.75,102.38999938964844,100.41000366210938,101.0,31.77081871032715,26500,0.0,0.0,0.0
2007-11-21,100.69999694824219,100.69999694824219,97.0,99.0999984741211,31.173126220703125,139600,0.0,0.0,0.0
2007-11-23,99.19999694824219,100.5,98.91000366210938,98.91000366210938,31.113378524780273,3100,0.0,0.0,0.0
2007-11-26,98.0,101.0,98.0,100.0,31.45623779296875,69500,0.0,0.0,0.0
2007-11-27,100.5,101.4800033569336,99.5,100.1500015258789,31.503427505493164,25700,0.0,0.0,0.0
2007-11-28,99.58000183105469,101.19999694824219,99.58000183105469,101.0999984741211,31.8022518157959,11700,0.0,0.0,0.0
2007-11-29,101.75,101.75,100.0999984741211,101.5999984741211,31.959535598754883,20200,0.0,0.0,0.0
2007-11-30,102.0,102.5,101.51000213623047,102.01000213623047,32.088504791259766,34900,0.0,0.0,0.0
2007-12-03,103.0,103.0,101.0999984741211,102.38999938964844,32.412017822265625,31400,0.642,0.0,0.0
2007-12-04,103.0,103.0,102.0,102.0,32.28858184814453,16300,0.0,0.0,0.0
2007-12-05,101.68000030517578,102.5,100.26000213623047,100.80000305175781,31.90870475769043,270600,0.0,0.0,0.0
2007-12-06,101.61000061035156,101.75,100.0,101.69999694824219,32.193603515625,33200,0.0,0.0,0.0
2007-12-07,100.5999984741211,102.48999786376953,100.5999984741211,101.6500015258789,32.177757263183594,27100,0.0,0.0,0.0
2007-12-10,100.7300033569336,101.63999938964844,100.7300033569336,101.5,32.130306243896484,23500,0.0,0.0,0.0
2007-12-11,102.16999816894531,102.4800033569336,100.8499984741211,101.4000015258789,32.098636627197266,30300,0.0,0.0,0.0
2007-12-12,102.5,103.75,101.5,101.94999694824219,32.272727966308594,29400,0.0,0.0,0.0
2007-12-13,101.75,102.27999877929688,101.2300033569336,101.9000015258789,32.25691223144531,44500,0.0,0.0,0.0
2007-12-14,102.5,102.5,101.19000244140625,102.05000305175781,32.304412841796875,15600,0.0,0.0,0.0
2007-12-17,102.5,102.5,101.12000274658203,101.5,32.130306243896484,18900,0.0,0.0,0.0
2007-12-18,101.41000366210938,102.0,101.41000366210938,101.5999984741211,32.16192626953125,53200,0.0,0.0,0.0
2007-12-19,101.11000061035156,102.0999984741211,101.11000061035156,102.0999984741211,32.32024002075195,24000,0.0,0.0,0.0
2007-12-20,101.4000015258789,101.94999694824219,101.4000015258789,101.87999725341797,32.25060272216797,31300,0.0,0.0,0.0
2007-12-21,102.4800033569336,102.4800033569336,101.38999938964844,102.19999694824219,32.351890563964844,37600,0.0,0.0,0.0
2007-12-24,102.0199966430664,102.26000213623047,101.19999694824219,101.83999633789062,32.23793411254883,66800,0.0,0.0,0.0
2007-12-26,101.52999877929688,101.69999694824219,101.19999694824219,101.38999938964844,32.09547424316406,48400,0.0,0.0,0.0
2007-12-27,101.18000030517578,101.5999984741211,101.18000030517578,101.48999786376953,32.307159423828125,22900,0.565,0.0,0.0
2007-12-28,101.4000015258789,101.62000274658203,100.25,100.5,31.992006301879883,88500,0.0,0.0,0.0
2007-12-31,100.20999908447266,100.73999786376953,99.87000274658203,100.72000122070312,32.06206130981445,38800,0.0,0.0,0.0
2008-01-02,99.55999755859375,100.9000015258789,99.30000305175781,99.5,31.673683166503906,61800,0.0,0.0,0.0
2008-01-03,99.5999984741211,99.94999694824219,99.26000213623047,99.30999755859375,31.613187789916992,64800,0.0,0.0,0.0
2008-01-04,100.01000213623047,100.05000305175781,98.83999633789062,99.19999694824219,31.57817268371582,48600,0.0,0.0,0.0
2008-01-07,99.48999786376953,99.48999786376953,98.30000305175781,98.61000061035156,31.390371322631836,177200,0.0,0.0,0.0
2008-01-08,99.48999786376953,99.48999786376953,98.0,98.04000091552734,31.208934783935547,42100,0.0,0.0,0.0
2008-01-09,98.48999786376953,98.48999786376953,96.93000030517578,96.97000122070312,30.868314743041992,51600,0.0,0.0,0.0
2008-01-10,97.16999816894531,98.16999816894531,96.94999694824219,97.69000244140625,31.097515106201172,154800,0.0,0.0,0.0
2008-01-11,97.83999633789062,98.5,97.30999755859375,97.9000015258789,31.164352416992188,71700,0.0,0.0,0.0
2008-01-14,97.63999938964844,98.06999969482422,97.37999725341797,97.55999755859375,31.05613136291504,20600,0.0,0.0,0.0
2008-01-15,97.94999694824219,97.94999694824219,97.5999984741211,97.80999755859375,31.13568687438965,20000,0.0,0.0,0.0
2008-01-16,97.83999633789062,97.9000015258789,97.41000366210938,97.69999694824219,31.100698471069336,20700,0.0,0.0,0.0
2008-01-17,97.5,97.5,97.01000213623047,97.01000213623047,30.881067276000977,31600,0.0,0.0,0.0
2008-01-18,97.47000122070312,98.94999694824219,97.02999877929688,97.7699966430664,31.122947692871094,84500,0.0,0.0,0.0
2008-01-22,96.69999694824219,97.86000061035156,93.30000305175781,97.08999633789062,30.906526565551758,192400,0.0,0.0,0.0
2008-01-23,96.83999633789062,97.58999633789062,95.0199966430664,97.27999877929688,30.967004776000977,59600,0.0,0.0,0.0
2008-01-24,97.26000213623047,98.5,96.87999725341797,98.5,31.355331420898438,62700,0.0,0.0,0.0
2008-01-25,98.11000061035156,99.5,97.05999755859375,98.6500015258789,31.403087615966797,43700,0.0,0.0,0.0
2008-01-28,98.5,98.5,97.5,98.19999694824219,31.25986099243164,44800,0.0,0.0,0.0
2008-01-29,97.77999877929688,98.3499984741211,97.77999877929688,98.30000305175781,31.291698455810547,39200,0.0,0.0,0.0
2008-01-30,98.41999816894531,98.73999786376953,97.93000030517578,98.68000030517578,31.41265869140625,27400,0.0,0.0,0.0
2008-01-31,98.13999938964844,98.87999725341797,97.75,98.87999725341797,31.476314544677734,76500,0.0,0.0,0.0
2008-02-01,98.44000244140625,98.5,97.0,98.2699966430664,31.493633270263672,83100,0.664,0.0,0.0
2008-02-04,97.25,98.37999725341797,97.25,98.29000091552734,31.500041961669922,44900,0.0,0.0,0.0
2008-02-05,97.79000091552734,97.79000091552734,97.0,97.5,31.24684715270996,66300,0.0,0.0,0.0
2008-02-06,97.68000030517578,97.70999908447266,97.18000030517578,97.30000305175781,31.182788848876953,101100,0.0,0.0,0.0
2008-02-07,96.9000015258789,97.30000305175781,96.0,96.88999938964844,31.051366806030273,58100,0.0,0.0,0.0
2008-02-08,96.5,96.5,96.0,96.16000366210938,30.81743812561035,80400,0.0,0.0,0.0
2008-02-11,95.26000213623047,96.20999908447266,95.26000213623047,95.4000015258789,30.573850631713867,74500,0.0,0.0,0.0
2008-02-12,95.25,96.29000091552734,95.25,95.76000213623047,30.689208984375,85200,0.0,0.0,0.0
2008-02-13,95.98999786376953,96.05999755859375,95.51000213623047,95.51000213623047,30.609127044677734,60700,0.0,0.0,0.0
2008-02-14,96.56999969482422,96.56999969482422,95.44999694824219,95.9800033569336,30.759740829467773,48800,0.0,0.0,0.0
2008-02-15,95.75,95.75,95.3499984741211,95.73999786376953,30.682823181152344,49700,0.0,0.0,0.0
2008-02-19,95.75,96.0,95.0,95.25,30.525798797607422,102900,0.0,0.0,0.0
2008-02-20,95.83999633789062,95.83999633789062,95.02999877929688,95.5,30.605913162231445,65800,0.0,0.0,0.0
2008-02-21,95.9000015258789,96.0,95.5,95.83000183105469,30.711652755737305,55800,0.0,0.0,0.0
2008-02-22,95.94000244140625,96.08000183105469,95.6500015258789,96.0,30.766141891479492,48200,0.0,0.0,0.0
2008-02-25,95.80000305175781,96.43000030517578,95.70999908447266,96.29000091552734,30.85909080505371,81000,0.0,0.0,0.0
2008-02-26,96.30000305175781,96.94999694824219,96.19999694824219,96.91000366210938,31.057790756225586,80200,0.0,0.0,0.0
2008-02-27,96.97000122070312,96.9800033569336,96.48999786376953,96.88999938964844,31.051366806030273,75900,0.0,0.0,0.0
2008-02-28,96.5,96.93000030517578,95.69000244140625,96.75,31.00650405883789,61300,0.0,0.0,0.0
2008-02-29,96.37999725341797,96.45999908447266,95.69000244140625,96.37999725341797,30.88790512084961,72900,0.0,0.0,0.0
2008-03-03,96.19000244140625,96.19000244140625,95.5,95.79000091552734,30.896297454833984,53500,0.616,0.0,0.0
2008-03-04,95.80000305175781,95.94999694824219,95.51000213623047,95.68000030517578,30.860828399658203,29900,0.0,0.0,0.0
2008-03-05,95.5,96.0,95.5,95.94999694824219,30.947908401489258,73300,0.0,0.0,0.0
2008-03-06,95.94000244140625,95.94000244140625,95.5,95.69999694824219,30.867277145385742,21000,0.0,0.0,0.0
2008-03-07,95.2300033569336,95.5,95.2300033569336,95.5,30.802785873413086,44200,0.0,0.0,0.0
2008-03-10,95.45999908447266,95.55000305175781,95.25,95.27999877929688,30.731815338134766,26800,0.0,0.0,0.0
2008-03-11,95.13999938964844,95.69999694824219,95.05000305175781,95.5199966430664,30.80923080444336,36200,0.0,0.0,0.0
2008-03-12,95.26000213623047,95.51000213623047,95.25,95.5,30.802785873413086,53200,0.0,0.0,0.0
2008-03-13,95.22000122070312,95.22000122070312,93.80000305175781,94.83000183105469,30.5866641998291,80100,0.0,0.0,0.0
2008-03-14,94.83000183105469,95.0,94.05000305175781,94.26000213623047,30.402803421020508,37300,0.0,0.0,0.0
2008-03-17,94.02999877929688,94.02999877929688,93.30000305175781,93.81999969482422,30.260902404785156,55100,0.0,0.0,0.0
2008-03-18,94.45999908447266,96.98999786376953,94.29000091552734,95.19999694824219,30.706010818481445,46700,0.0,0.0,0.0
2008-03-19,95.45999908447266,95.58000183105469,95.0999984741211,95.30000305175781,30.738279342651367,75800,0.0,0.0,0.0
2008-03-20,95.26000213623047,95.75,95.19999694824219,95.75,30.88339614868164,55600,0.0,0.0,0.0
2008-03-24,95.98999786376953,96.5999984741211,95.79000091552734,96.4800033569336,31.11886215209961,104900,0.0,0.0,0.0
2008-03-25,96.5,96.75,96.22000122070312,96.7300033569336,31.19950294494629,90200,0.0,0.0,0.0
2008-03-26,96.5999984741211,96.7699966430664,96.4000015258789,96.5,31.12531089782715,149700,0.0,0.0,0.0
2008-03-27,96.5999984741211,96.5999984741211,96.11000061035156,96.19000244140625,31.025333404541016,97800,0.0,0.0,0.0
2008-03-28,96.19999694824219,96.23999786376953,96.01000213623047,96.23999786376953,31.041475296020508,46400,0.0,0.0,0.0
2008-03-31,96.0199966430664,96.69999694824219,95.62999725341797,96.66999816894531,31.180131912231445,246500,0.0,0.0,0.0
2008-04-01,95.87999725341797,96.45999908447266,95.87999725341797,96.44999694824219,31.31716537475586,988000,0.642,0.0,0.0
2008-04-02,96.41999816894531,96.6500015258789,96.25,96.5,31.33339500427246,92200,0.0,0.0,0.0
2008-04-03,96.66000366210938,96.66000366210938,95.5999984741211,96.33000183105469,31.2781982421875,98300,0.0,0.0,0.0
2008-04-04,96.5,98.2300033569336,96.20999908447266,96.69999694824219,31.398344039916992,142200,0.0,0.0,0.0
2008-04-07,96.80000305175781,97.52999877929688,96.69999694824219,97.47000122070312,31.64834976196289,117300,0.0,0.0,0.0
2008-04-08,97.1500015258789,97.80000305175781,96.9000015258789,97.80000305175781,31.755525588989258,85300,0.0,0.0,0.0
2008-04-09,97.0,97.19999694824219,96.77999877929688,96.94999694824219,31.479490280151367,79400,0.0,0.0,0.0
2008-04-10,96.91000366210938,98.51000213623047,96.83999633789062,97.30000305175781,31.593156814575195,176900,0.0,0.0,0.0
2008-04-11,97.0999984741211,97.12999725341797,96.5,96.5199966430664,31.339908599853516,59600,0.0,0.0,0.0
2008-04-14,96.79000091552734,96.9000015258789,96.5199966430664,96.86000061035156,31.450307846069336,54700,0.0,0.0,0.0
2008-04-15,96.79000091552734,97.19999694824219,96.63999938964844,96.8499984741211,31.447046279907227,59400,0.0,0.0,0.0
2008-04-16,97.18000030517578,97.41999816894531,96.83999633789062,97.2699966430664,31.583415985107422,84700,0.0,0.0,0.0
2008-04-17,97.37000274658203,97.37000274658203,97.0999984741211,97.37000274658203,31.61590003967285,61900,0.0,0.0,0.0
2008-04-18,97.81999969482422,98.05000305175781,97.33000183105469,98.02999877929688,31.830198287963867,123700,0.0,0.0,0.0
2008-04-21,97.9800033569336,97.9800033569336,97.76000213623047,97.87000274658203,31.778236389160156,70500,0.0,0.0,0.0
2008-04-22,98.13999938964844,98.31999969482422,97.52999877929688,98.0,31.820451736450195,77600,0.0,0.0,0.0
2008-04-23,98.4000015258789,98.69000244140625,97.77999877929688,98.4000015258789,31.95033073425293,103800,0.0,0.0,0.0
2008-04-24,98.55000305175781,98.55000305175781,97.9000015258789,98.43000030517578,31.9600772857666,114400,0.0,0.0,0.0
2008-04-25,98.77999877929688,98.9000015258789,98.5999984741211,98.9000015258789,32.11267852783203,87600,0.0,0.0,0.0
2008-04-28,99.16999816894531,99.5,98.48999786376953,99.4800033569336,32.30099105834961,595700,0.0,0.0,0.0
2008-04-29,99.47000122070312,99.47000122070312,98.91000366210938,99.19000244140625,32.20684051513672,144500,0.0,0.0,0.0
2008-04-30,99.20999908447266,99.95999908447266,98.5,99.29000091552734,32.23929214477539,113400,0.0,0.0,0.0
2008-05-01,99.19999694824219,100.81999969482422,99.19999694824219,100.81999969482422,32.92443084716797,428500,0.568,0.0,0.0
2008-05-02,100.31999969482422,100.38999938964844,99.61000061035156,99.80000305175781,32.59135437011719,133900,0.0,0.0,0.0
2008-05-05,99.51000213623047,99.69999694824219,99.51000213623047,99.63999938964844,32.53909683227539,121900,0.0,0.0,0.0
2008-05-06,99.27999877929688,99.27999877929688,98.68000030517578,98.93000030517578,32.3072395324707,121400,0.0,0.0,0.0
2008-05-07,99.22000122070312,99.2300033569336,98.62000274658203,99.0,32.33009719848633,65700,0.0,0.0,0.0
2008-05-08,99.16999816894531,99.19000244140625,98.75,98.79000091552734,32.26154327392578,59700,0.0,0.0,0.0
2008-05-09,98.87000274658203,99.0,98.48999786376953,99.0,32.33009719848633,73100,0.0,0.0,0.0
2008-05-12,98.91999816894531,98.93000030517578,98.5,98.87000274658203,32.28763198852539,91900,0.0,0.0,0.0
2008-05-13,98.9800033569336,99.04000091552734,98.70999908447266,98.83999633789062,32.27786636352539,59500,0.0,0.0,0.0
2008-05-14,98.94000244140625,99.13999938964844,98.0999984741211,98.69999694824219,32.232139587402344,153100,0.0,0.0,0.0
2008-05-15,99.16000366210938,99.25,98.25,98.95999908447266,32.31705856323242,146600,0.0,0.0,0.0
2008-05-16,98.72000122070312,99.13999938964844,98.5999984741211,99.0999984741211,32.36275100708008,79300,0.0,0.0,0.0
2008-05-19,99.3499984741211,99.58000183105469,99.19999694824219,99.48999786376953,32.4901123046875,58900,0.0,0.0,0.0
2008-05-20,99.5,99.5,99.06999969482422,99.30000305175781,32.428077697753906,49300,0.0,0.0,0.0
2008-05-21,99.3499984741211,99.3499984741211,99.0199966430664,99.12000274658203,32.36927795410156,97300,0.0,0.0,0.0
2008-05-22,99.0,99.23999786376953,98.7300033569336,98.97000122070312,32.32030487060547,51700,0.0,0.0,0.0
2008-05-23,98.69999694824219,98.80999755859375,97.69999694824219,98.37999725341797,32.12760543823242,401400,0.0,0.0,0.0
2008-05-27,98.36000061035156,98.36000061035156,97.54000091552734,97.83000183105469,31.94802474975586,65800,0.0,0.0,0.0
2008-05-28,97.5999984741211,98.33999633789062,97.5999984741211,98.30999755859375,32.104766845703125,73700,0.0,0.0,0.0
2008-05-29,98.25,98.4000015258789,98.0,98.20999908447266,32.07209777832031,76300,0.0,0.0,0.0
2008-05-30,98.2300033569336,98.2300033569336,98.06999969482422,98.22000122070312,32.07535934448242,53600,0.0,0.0,0.0
2008-06-02,97.58999633789062,97.66999816894531,95.81999969482422,96.77999877929688,31.810441970825195,374500,0.634,0.0,0.0
2008-06-03,97.30000305175781,97.30000305175781,96.30000305175781,96.8499984741211,31.833463668823242,80200,0.0,0.0,0.0
2008-06-04,96.93000030517578,96.93000030517578,96.44999694824219,96.75,31.800586700439453,46100,0.0,0.0,0.0
2008-06-05,97.0,97.19999694824219,96.87999725341797,97.16999816894531,31.93865394592285,49200,0.0,0.0,0.0
2008-06-06,96.97000122070312,97.37999725341797,96.77999877929688,96.9000015258789,31.849910736083984,43100,0.0,0.0,0.0
2008-06-09,97.2699966430664,97.37000274658203,96.61000061035156,97.20999908447266,31.9517765045166,47100,0.0,0.0,0.0
2008-06-10,97.0,97.26000213623047,96.86000061035156,97.25,31.964920043945312,52400,0.0,0.0,0.0
2008-06-11,97.5,97.9800033569336,97.0,97.2300033569336,31.958356857299805,66500,0.0,0.0,0.0
2008-06-12,96.93000030517578,97.3499984741211,96.70999908447266,97.06999969482422,31.905773162841797,41200,0.0,0.0,0.0
2008-06-13,97.0999984741211,97.5,96.3499984741211,97.5,32.04709243774414,58900,0.0,0.0,0.0
2008-06-16,96.5999984741211,97.06999969482422,96.11000061035156,96.1500015258789,31.603376388549805,61200,0.0,0.0,0.0
2008-06-17,96.02999877929688,96.80000305175781,95.97000122070312,96.31999969482422,31.659242630004883,87300,0.0,0.0,0.0
2008-06-18,96.30000305175781,96.8499984741211,96.05000305175781,96.52999877929688,31.728286743164062,67200,0.0,0.0,0.0
2008-06-19,96.22000122070312,96.22000122070312,95.6500015258789,95.91999816894531,31.527790069580078,86600,0.0,0.0,0.0
2008-06-20,95.80000305175781,95.87999725341797,95.25,95.54000091552734,31.402873992919922,40500,0.0,0.0,0.0
2008-06-23,95.58999633789062,95.63999938964844,95.08999633789062,95.19000244140625,31.287857055664062,37800,0.0,0.0,0.0
2008-06-24,95.0999984741211,95.62999725341797,94.48999786376953,94.79000091552734,31.156347274780273,176700,0.0,0.0,0.0
2008-06-25,94.63999938964844,95.13999938964844,94.5,95.11000061035156,31.261531829833984,92900,0.0,0.0,0.0
2008-06-26,94.18000030517578,94.5999984741211,93.80000305175781,94.36000061035156,31.0150203704834,96000,0.0,0.0,0.0
2008-06-27,94.0199966430664,94.19999694824219,93.58999633789062,94.0999984741211,30.929576873779297,58300,0.0,0.0,0.0
2008-06-30,93.9000015258789,94.0999984741211,93.54000091552734,94.0,30.896696090698242,84900,0.0,0.0,0.0
2008-07-01,92.43000030517578,94.0,92.3499984741211,93.25,30.86393928527832,957200,0.651,0.0,0.0
2008-07-02,93.0199966430664,93.5,92.56999969482422,93.18000030517578,30.84077262878418,81800,0.0,0.0,0.0
2008-07-03,93.37000274658203,93.58000183105469,92.98999786376953,93.13999938964844,30.827518463134766,41700,0.0,0.0,0.0
2008-07-07,93.56999969482422,93.56999969482422,92.70999908447266,93.22000122070312,30.85399055480957,102500,0.0,0.0,0.0
2008-07-08,93.1500015258789,93.20999908447266,92.66000366210938,92.97000122070312,30.771257400512695,170000,0.0,0.0,0.0
2008-07-09,92.80000305175781,93.19999694824219,92.55000305175781,92.6500015258789,30.66535186767578,79000,0.0,0.0,0.0
2008-07-10,92.41999816894531,93.08999633789062,92.33999633789062,92.7699966430664,30.70505714416504,99100,0.0,0.0,0.0
2008-07-11,92.30999755859375,92.80999755859375,92.2300033569336,92.6500015258789,30.66535186767578,310000,0.0,0.0,0.0
2008-07-14,93.16000366210938,93.16000366210938,91.9000015258789,92.43000030517578,30.592531204223633,41200,0.0,0.0,0.0
2008-07-15,91.70999908447266,91.80000305175781,90.7300033569336,91.0,30.11922264099121,149100,0.0,0.0,0.0
2008-07-16,91.19999694824219,91.56999969482422,91.0,91.30000305175781,30.218517303466797,25300,0.0,0.0,0.0
2008-07-17,91.69999694824219,92.55000305175781,91.45999908447266,91.56999969482422,30.307897567749023,41900,0.0,0.0,0.0
2008-07-18,92.08999633789062,93.04000091552734,91.7699966430664,93.04000091552734,30.79442024230957,48800,0.0,0.0,0.0
2008-07-21,93.5199966430664,93.69000244140625,93.0,93.5,30.946691513061523,49500,0.0,0.0,0.0
2008-07-22,93.30000305175781,93.88999938964844,93.12000274658203,93.81999969482422,31.052587509155273,103000,0.0,0.0,0.0
2008-07-23,93.6500015258789,93.93000030517578,93.55000305175781,93.56999969482422,30.969837188720703,193500,0.0,0.0,0.0
2008-07-24,93.80999755859375,94.23999786376953,93.26000213623047,93.79000091552734,31.042659759521484,64100,0.0,0.0,0.0
2008-07-25,93.75,94.52999877929688,93.69999694824219,93.98999786376953,31.10885238647461,188000,0.0,0.0,0.0
2008-07-28,93.44000244140625,93.7300033569336,93.30000305175781,93.66999816894531,31.002944946289062,75200,0.0,0.0,0.0
2008-07-29,93.55999755859375,93.83000183105469,93.19999694824219,93.69000244140625,31.009567260742188,65900,0.0,0.0,0.0
2008-07-30,93.3499984741211,93.73999786376953,93.0,93.70999908447266,31.016206741333008,103900,0.0,0.0,0.0
2008-07-31,93.37000274658203,93.9000015258789,93.0,93.9000015258789,31.07908058166504,82000,0.0,0.0,0.0
2008-08-01,92.69999694824219,93.06999969482422,92.4000015258789,92.81999969482422,30.9400577545166,25200,0.663,0.0,0.0
2008-08-04,92.37999725341797,92.4800033569336,92.04000091552734,92.18000030517578,30.726747512817383,75800,0.0,0.0,0.0
2008-08-05,92.33000183105469,93.69999694824219,92.0199966430664,92.83000183105469,30.94338607788086,70600,0.0,0.0,0.0
2008-08-06,92.26000213623047,92.3499984741211,92.0,92.20999908447266,30.736732482910156,44200,0.0,0.0,0.0
2008-08-07,92.16999816894531,92.26000213623047,92.0,92.0999984741211,30.700061798095703,42700,0.0,0.0,0.0
2008-08-08,92.06999969482422,92.27999877929688,91.97000122070312,92.26000213623047,30.7534122467041,62300,0.0,0.0,0.0
2008-08-11,91.8499984741211,92.1500015258789,91.36000061035156,92.0,30.66672706604004,49800,0.0,0.0,0.0
2008-08-12,92.18000030517578,92.47000122070312,91.9000015258789,92.36000061035156,30.7867431640625,95000,0.0,0.0,0.0
2008-08-13,92.30000305175781,92.5,92.0,92.5,30.833391189575195,47200,0.0,0.0,0.0
2008-08-14,92.4000015258789,92.5,92.16000366210938,92.5,30.833391189575195,58400,0.0,0.0,0.0
2008-08-15,92.44000244140625,92.73999786376953,92.41999816894531,92.70999908447266,30.90340232849121,39900,0.0,0.0,0.0
2008-08-18,92.75,92.98999786376953,92.0199966430664,92.5,30.833391189575195,91100,0.0,0.0,0.0
2008-08-19,92.6500015258789,92.75,92.25,92.68000030517578,30.893417358398438,101400,0.0,0.0,0.0
2008-08-20,92.68000030517578,92.81999969482422,92.33000183105469,92.66000366210938,30.886735916137695,30700,0.0,0.0,0.0
2008-08-21,92.37000274658203,92.5999984741211,92.25,92.52999877929688,30.843402862548828,103100,0.0,0.0,0.0
2008-08-22,92.44999694824219,92.75,92.0,92.0,30.66672706604004,58300,0.0,0.0,0.0
2008-08-25,92.11000061035156,92.5199966430664,92.11000061035156,92.5,30.833391189575195,60600,0.0,0.0,0.0
2008-08-26,92.55999755859375,92.55999755859375,91.9000015258789,92.0,30.66672706604004,259900,0.0,0.0,0.0
2008-08-27,92.37999725341797,92.37999725341797,91.83000183105469,92.0999984741211,30.700061798095703,68400,0.0,0.0,0.0
2008-08-28,92.37999725341797,92.41999816894531,92.0199966430664,92.2300033569336,30.743391036987305,74100,0.0,0.0,0.0
2008-08-29,92.44999694824219,92.58999633789062,92.0,92.4000015258789,30.80006217956543,59500,0.0,0.0,0.0
2008-09-02,92.23999786376953,92.52999877929688,91.62000274658203,91.80000305175781,30.806798934936523,57200,0.62,0.0,0.0
2008-09-03,92.0,92.0999984741211,91.83000183105469,92.0999984741211,30.9074649810791,50200,0.0,0.0,0.0
2008-09-04,92.5,92.5,92.30999755859375,92.5,31.04168128967285,46700,0.0,0.0,0.0
2008-09-05,92.26000213623047,92.43000030517578,91.5199966430664,92.41999816894531,31.014841079711914,62400,0.0,0.0,0.0
2008-09-08,93.13999938964844,93.13999938964844,92.1500015258789,92.30999755859375,30.977943420410156,59300,0.0,0.0,0.0
2008-09-09,92.56999969482422,92.91000366210938,92.19999694824219,92.51000213623047,31.045047760009766,168700,0.0,0.0,0.0
2008-09-10,92.4800033569336,92.4800033569336,92.0,92.0,30.87388801574707,61200,0.0,0.0,0.0
2008-09-11,92.16999816894531,92.33999633789062,91.66000366210938,92.0,30.87388801574707,101600,0.0,0.0,0.0
2008-09-12,91.87999725341797,92.02999877929688,91.4800033569336,92.0,30.87388801574707,121100,0.0,0.0,0.0
2008-09-15,91.87999725341797,91.87999725341797,88.0,88.62000274658203,29.7396297454834,377800,0.0,0.0,0.0
2008-09-16,87.04000091552734,87.41000366210938,82.23999786376953,86.58000183105469,29.054996490478516,283800,0.0,0.0,0.0
2008-09-17,86.16999816894531,86.4000015258789,79.25,81.37999725341797,27.309974670410156,283100,0.0,0.0,0.0
2008-09-18,82.98999786376953,88.19999694824219,81.41000366210938,87.80000305175781,29.464435577392578,226400,0.0,0.0,0.0
2008-09-19,89.0,92.05000305175781,88.0999984741211,88.91999816894531,29.84028434753418,77800,0.0,0.0,0.0
2008-09-22,89.0999984741211,90.19999694824219,88.5999984741211,88.83999633789062,29.813434600830078,34600,0.0,0.0,0.0
2008-09-23,89.56999969482422,89.75,87.0,87.97000122070312,29.52149200439453,64200,0.0,0.0,0.0
2008-09-24,88.05000305175781,89.69000244140625,88.05000305175781,88.76000213623047,29.786598205566406,57700,0.0,0.0,0.0
2008-09-25,88.8499984741211,88.8499984741211,86.5,86.5,29.02816390991211,73600,0.0,0.0,0.0
2008-09-26,85.4800033569336,86.94000244140625,84.93000030517578,86.19999694824219,28.92750358581543,50900,0.0,0.0,0.0
2008-09-29,86.2300033569336,86.2300033569336,76.0,79.22000122070312,26.585105895996094,174700,0.0,0.0,0.0
2008-09-30,82.51000213623047,82.63999938964844,80.5999984741211,82.0,27.518037796020508,113200,0.0,0.0,0.0
2008-10-01,82.33000183105469,85.19999694824219,82.0,84.8499984741211,28.716081619262695,991400,0.69,0.0,0.0
2008-10-02,84.87000274658203,84.87000274658203,81.01000213623047,82.63999938964844,27.96816062927246,230900,0.0,0.0,0.0
2008-10-03,83.2300033569336,83.76000213623047,81.75,82.33999633789062,27.866580963134766,51400,0.0,0.0,0.0
2008-10-06,80.5,81.75,77.55000305175781,79.3499984741211,26.854703903198242,134200,0.0,0.0,0.0
2008-10-07,79.51000213623047,82.66999816894531,77.88999938964844,78.01000213623047,26.40120506286621,240800,0.0,0.0,0.0
2008-10-08,76.62000274658203,78.19999694824219,74.22000122070312,74.75,25.29791831970215,157800,0.0,0.0,0.0
2008-10-09,75.19999694824219,78.26000213623047,73.01000213623047,73.01000213623047,24.709020614624023,113800,0.0,0.0,0.0
2008-10-10,71.37000274658203,71.37000274658203,63.959999084472656,68.13999938964844,23.060863494873047,274300,0.0,0.0,0.0
2008-10-13,70.55000305175781,76.5,70.45999908447266,76.5,25.890161514282227,230000,0.0,0.0,0.0
2008-10-14,78.25,79.33000183105469,75.5,77.0,26.059389114379883,372300,0.0,0.0,0.0
2008-10-15,75.98999786376953,75.98999786376953,71.87999725341797,73.63999938964844,24.922264099121094,374900,0.0,0.0,0.0
2008-10-16,74.31999969482422,74.33000183105469,70.0,70.8499984741211,23.97801971435547,167400,0.0,0.0,0.0
2008-10-17,70.51000213623047,70.83999633789062,69.5,70.0,23.690353393554688,120700,0.0,0.0,0.0
2008-10-20,71.55000305175781,71.80000305175781,70.0,71.4000015258789,24.164169311523438,1460200,0.0,0.0,0.0
2008-10-21,71.22000122070312,72.88999938964844,70.45999908447266,70.98999786376953,24.025413513183594,398300,0.0,0.0,0.0
2008-10-22,71.68000030517578,71.68000030517578,70.2699966430664,70.4000015258789,23.82570457458496,113300,0.0,0.0,0.0
2008-10-23,70.4000015258789,71.88999938964844,70.0999984741211,71.58999633789062,24.228452682495117,157700,0.0,0.0,0.0
2008-10-24,70.4000015258789,70.80000305175781,69.05999755859375,69.80000305175781,23.622657775878906,155600,0.0,0.0,0.0
2008-10-27,70.04000091552734,70.37999725341797,66.25,66.25,22.421218872070312,1313600,0.0,0.0,0.0
2008-10-28,67.69000244140625,68.69999694824219,67.0,67.0,22.675048828125,158600,0.0,0.0,0.0
2008-10-29,67.41000366210938,71.0,67.41000366210938,70.05000305175781,23.707252502441406,318700,0.0,0.0,0.0
2008-10-30,70.94999694824219,71.97000122070312,70.5,71.97000122070312,24.357074737548828,169900,0.0,0.0,0.0
2008-10-31,71.5999984741211,72.26000213623047,71.58999633789062,72.0,24.36724281311035,126500,0.0,0.0,0.0
2008-11-03,72.26000213623047,72.26000213623047,71.69999694824219,71.88999938964844,24.565399169921875,168900,0.69,0.0,0.0
2008-11-04,72.77999877929688,72.77999877929688,71.75,72.69999694824219,24.842195510864258,430300,0.0,0.0,0.0
2008-11-05,72.77999877929688,73.22000122070312,72.0,72.0999984741211,24.637182235717773,392100,0.0,0.0,0.0
2008-11-06,71.01000213623047,72.5,71.0,72.0999984741211,24.637182235717773,198100,0.0,0.0,0.0
2008-11-07,72.62999725341797,72.94000244140625,72.0,72.8499984741211,24.8934383392334,221000,0.0,0.0,0.0
2008-11-10,73.05000305175781,73.41999816894531,72.0,72.86000061035156,24.896875381469727,148600,0.0,0.0,0.0
2008-11-11,73.58999633789062,73.58999633789062,72.05000305175781,72.7300033569336,24.852432250976562,107100,0.0,0.0,0.0
2008-11-12,72.69000244140625,72.69000244140625,71.54000091552734,71.69999694824219,24.500484466552734,129400,0.0,0.0,0.0
2008-11-13,71.12000274658203,71.86000061035156,70.66999816894531,71.31999969482422,24.370647430419922,211900,0.0,0.0,0.0
2008-11-14,71.37999725341797,71.37999725341797,70.0,70.44999694824219,24.0733585357666,115200,0.0,0.0,0.0
2008-11-17,70.44999694824219,70.94000244140625,69.11000061035156,69.36000061035156,23.700902938842773,157200,0.0,0.0,0.0
2008-11-18,69.0,69.44000244140625,67.5999984741211,67.9000015258789,23.201990127563477,174700,0.0,0.0,0.0
2008-11-19,67.04000091552734,67.7699966430664,65.05999755859375,65.58000183105469,22.409225463867188,174100,0.0,0.0,0.0
2008-11-20,65.0199966430664,65.33999633789062,62.5,63.400001525878906,21.6643123626709,606400,0.0,0.0,0.0
2008-11-21,64.91999816894531,65.2699966430664,63.209999084472656,64.02999877929688,21.879589080810547,238500,0.0,0.0,0.0
2008-11-24,65.16000366210938,65.69000244140625,64.02999877929688,64.31999969482422,21.978689193725586,232500,0.0,0.0,0.0
2008-11-25,65.83999633789062,65.83999633789062,63.77000045776367,64.98999786376953,22.207622528076172,313500,0.0,0.0,0.0
2008-11-26,66.05999755859375,66.54000091552734,65.0999984741211,66.5,22.723600387573242,256400,0.0,0.0,0.0
2008-11-28,65.37999725341797,66.52999877929688,65.37999725341797,66.25,22.638174057006836,420700,0.0,0.0,0.0
2008-12-01,65.11000061035156,65.66000366210938,63.66999816894531,64.19999694824219,22.171276092529297,409700,0.698,0.0,0.0
2008-12-02,65.2699966430664,65.2699966430664,64.25,64.88999938964844,22.4095516204834,501700,0.0,0.0,0.0
2008-12-03,64.80000305175781,64.93000030517578,64.41000366210938,64.9000015258789,22.413013458251953,247800,0.0,0.0,0.0
2008-12-04,64.91000366210938,65.0,64.16999816894531,64.5199966430664,22.281776428222656,214200,0.0,0.0,0.0
2008-12-05,64.12000274658203,64.55000305175781,63.5,64.55000305175781,22.29212188720703,485500,0.0,0.0,0.0
2008-12-08,64.55000305175781,65.37999725341797,63.79999923706055,65.30000305175781,22.5511474609375,703700,0.0,0.0,0.0
2008-12-09,65.20999908447266,65.33999633789062,64.5,64.80999755859375,22.38192367553711,631800,0.0,0.0,0.0
2008-12-10,65.05999755859375,65.12999725341797,64.0,64.76000213623047,22.36465835571289,379100,0.0,0.0,0.0
2008-12-11,64.52999877929688,65.0,64.26000213623047,64.26000213623047,22.19198226928711,914500,0.0,0.0,0.0
2008-12-12,64.3499984741211,65.30000305175781,64.05000305175781,65.1500015258789,22.499361038208008,320000,0.0,0.0,0.0
2008-12-15,64.41999816894531,65.63999938964844,64.41999816894531,64.80999755859375,22.38192367553711,611300,0.0,0.0,0.0
2008-12-16,66.01000213623047,66.02999877929688,64.5999984741211,66.01000213623047,22.796344757080078,523700,0.0,0.0,0.0
2008-12-17,66.37999725341797,68.0999984741211,65.5999984741211,67.69999694824219,23.379981994628906,1671500,0.0,0.0,0.0
2008-12-18,68.72000122070312,72.45999908447266,68.08999633789062,71.62999725341797,24.737192153930664,2134800,0.0,0.0,0.0
2008-12-19,70.98999786376953,71.25,70.12999725341797,71.1500015258789,24.571430206298828,1174700,0.0,0.0,0.0
2008-12-22,71.33999633789062,74.36000061035156,70.80000305175781,74.0,25.555662155151367,1764700,0.0,0.0,0.0
2008-12-23,74.37999725341797,75.29000091552734,73.80999755859375,75.08000183105469,25.928632736206055,1220400,0.0,0.0,0.0
2008-12-24,74.68000030517578,75.5,73.4800033569336,73.9000015258789,25.521121978759766,787700,0.0,0.0,0.0
2008-12-26,73.98999786376953,75.33999633789062,73.02999877929688,75.30999755859375,26.008081436157227,1291200,0.0,0.0,0.0
2008-12-29,75.25,75.79000091552734,74.5,75.29000091552734,26.18334197998047,1020000,0.524,0.0,0.0
2008-12-30,76.16000366210938,76.16000366210938,74.80999755859375,75.5199966430664,26.26333999633789,530100,0.0,0.0,0.0
2008-12-31,75.54000091552734,76.1500015258789,75.06999969482422,76.01000213623047,26.433725357055664,707400,0.0,0.0,0.0
2009-01-02,75.58000183105469,76.44999694824219,75.58000183105469,75.7699966430664,26.350255966186523,673600,0.0,0.0,0.0
2009-01-05,75.41999816894531,81.87000274658203,75.37000274658203,79.43000030517578,27.623109817504883,1907500,0.0,0.0,0.0
2009-01-06,80.19000244140625,80.61000061035156,79.5199966430664,80.0999984741211,27.856111526489258,2267000,0.0,0.0,0.0
2009-01-07,79.94000244140625,80.36000061035156,77.75,78.6500015258789,27.35186004638672,1748100,0.0,0.0,0.0
2009-01-08,78.30999755859375,78.30999755859375,76.86000061035156,77.51000213623047,26.955398559570312,972100,0.0,0.0,0.0
2009-01-09,78.86000061035156,78.86000061035156,77.55000305175781,78.6500015258789,27.35186004638672,826600,0.0,0.0,0.0
2009-01-12,78.98999786376953,79.0999984741211,76.20999908447266,76.94000244140625,26.75718116760254,867700,0.0,0.0,0.0
2009-01-13,77.80999755859375,77.80999755859375,75.81999969482422,76.66000366210938,26.65981101989746,613500,0.0,0.0,0.0
2009-01-14,75.55000305175781,76.19999694824219,73.68000030517578,75.68000030517578,26.318979263305664,1006000,0.0,0.0,0.0
2009-01-15,75.11000061035156,75.52999877929688,74.5199966430664,75.37999725341797,26.214649200439453,1122500,0.0,0.0,0.0
2009-01-16,75.23999786376953,76.12000274658203,73.79000091552734,75.98999786376953,26.426786422729492,574800,0.0,0.0,0.0
2009-01-20,75.01000213623047,75.52999877929688,74.0199966430664,74.69000244140625,25.974702835083008,544100,0.0,0.0,0.0
2009-01-21,74.81999969482422,75.04000091552734,73.68000030517578,74.69999694824219,25.978160858154297,534200,0.0,0.0,0.0
2009-01-22,74.87000274658203,74.87000274658203,73.76000213623047,74.5,25.90859603881836,454800,0.0,0.0,0.0
2009-01-23,73.81999969482422,74.33000183105469,72.4000015258789,73.30999755859375,25.494752883911133,1556100,0.0,0.0,0.0
2009-01-26,73.77999877929688,74.23999786376953,73.06999969482422,73.5,25.560832977294922,573600,0.0,0.0,0.0
2009-01-27,74.16999816894531,74.44000244140625,73.56999969482422,74.18000030517578,25.797317504882812,637500,0.0,0.0,0.0
2009-01-28,74.94000244140625,76.87000274658203,74.7699966430664,76.80999755859375,26.711946487426758,1549400,0.0,0.0,0.0
2009-01-29,75.94999694824219,76.36000061035156,74.5199966430664,74.9000015258789,26.04771614074707,685200,0.0,0.0,0.0
2009-01-30,75.58999633789062,75.58999633789062,74.61000061035156,75.23999786376953,26.16596031188965,469800,0.0,0.0,0.0
2009-02-02,73.87999725341797,74.20999908447266,72.4000015258789,72.9000015258789,25.608470916748047,1037900,0.753,0.0,0.0
2009-02-03,73.47000122070312,73.51000213623047,72.51000213623047,73.02999877929688,25.65414047241211,642100,0.0,0.0,0.0
2009-02-04,73.4800033569336,73.56999969482422,72.83999633789062,72.97000122070312,25.633087158203125,891500,0.0,0.0,0.0
2009-02-05,73.33000183105469,73.76000213623047,72.02999877929688,72.37000274658203,25.42229652404785,836600,0.0,0.0,0.0
2009-02-06,72.9000015258789,73.83999633789062,72.5999984741211,73.83000183105469,25.935163497924805,830900,0.0,0.0,0.0
2009-02-09,73.69999694824219,74.58999633789062,73.55999755859375,74.4000015258789,26.135387420654297,831400,0.0,0.0,0.0
2009-02-10,74.55000305175781,74.56999969482422,73.5199966430664,73.91000366210938,25.963275909423828,831000,0.0,0.0,0.0
2009-02-11,74.25,74.33999633789062,73.5999984741211,73.73999786376953,25.903547286987305,592100,0.0,0.0,0.0
2009-02-12,73.08999633789062,73.51000213623047,72.83999633789062,73.51000213623047,25.82273292541504,509200,0.0,0.0,0.0
2009-02-13,73.66999816894531,73.80000305175781,73.0999984741211,73.80000305175781,25.924633026123047,299100,0.0,0.0,0.0
2009-02-17,73.77999877929688,73.83999633789062,71.5999984741211,71.91999816894531,25.264202117919922,1521100,0.0,0.0,0.0
2009-02-18,72.31999969482422,72.47000122070312,69.5,71.48999786376953,25.113157272338867,1414600,0.0,0.0,0.0
2009-02-19,71.81999969482422,72.33999633789062,71.5199966430664,71.8499984741211,25.239627838134766,385300,0.0,0.0,0.0
2009-02-20,70.19000244140625,71.16999816894531,69.52999877929688,70.80000305175781,24.870786666870117,647700,0.0,0.0,0.0
2009-02-23,70.81999969482422,71.69000244140625,68.26000213623047,69.0199966430664,24.245479583740234,884500,0.0,0.0,0.0
2009-02-24,69.30999755859375,70.5,69.0,70.0,24.58974838256836,647300,0.0,0.0,0.0
2009-02-25,70.16000366210938,70.16000366210938,69.19999694824219,69.66000366210938,24.470312118530273,567600,0.0,0.0,0.0
2009-02-26,69.75,69.87000274658203,67.62999725341797,68.27999877929688,23.985538482666016,603200,0.0,0.0,0.0
2009-02-27,68.01000213623047,68.44999694824219,67.0,67.25,23.623733520507812,824700,0.0,0.0,0.0
2009-03-02,66.33000183105469,66.80999755859375,64.80000305175781,65.1500015258789,23.133363723754883,993600,0.719,0.0,0.0
2009-03-03,65.70999908447266,66.30000305175781,64.9000015258789,65.41000366210938,23.225688934326172,752700,0.0,0.0,0.0
2009-03-04,65.63999938964844,66.44999694824219,64.80999755859375,65.4000015258789,23.222122192382812,572900,0.0,0.0,0.0
2009-03-05,65.3499984741211,65.4000015258789,62.2400016784668,62.29999923706055,22.121397018432617,1117900,0.0,0.0,0.0
2009-03-06,62.70000076293945,63.7400016784668,61.869998931884766,62.0,22.014873504638672,1216800,0.0,0.0,0.0
2009-03-09,62.31999969482422,62.83000183105469,61.5,61.63999938964844,21.887033462524414,645100,0.0,0.0,0.0
2009-03-10,62.349998474121094,64.91000366210938,62.349998474121094,64.69000244140625,22.970033645629883,1111400,0.0,0.0,0.0
2009-03-11,65.45999908447266,65.94999694824219,64.94000244140625,65.72000122070312,23.335742950439453,769500,0.0,0.0,0.0
2009-03-12,65.75,66.83999633789062,65.5199966430664,66.80999755859375,23.722795486450195,762800,0.0,0.0,0.0
2009-03-13,67.0199966430664,67.11000061035156,66.5,66.95999908447266,23.77606773376465,632300,0.0,0.0,0.0
2009-03-16,67.16999816894531,67.83000183105469,67.05999755859375,67.33999633789062,23.910982131958008,514600,0.0,0.0,0.0
2009-03-17,67.30000305175781,67.4000015258789,66.41999816894531,66.95999908447266,23.77606773376465,460100,0.0,0.0,0.0
2009-03-18,66.97000122070312,68.62000274658203,66.58000183105469,68.5,24.322874069213867,611000,0.0,0.0,0.0
2009-03-19,68.45999908447266,68.62000274658203,67.25,67.9000015258789,24.109846115112305,711800,0.0,0.0,0.0
2009-03-20,67.98999786376953,68.37999725341797,67.52999877929688,67.7699966430664,24.063669204711914,394900,0.0,0.0,0.0
2009-03-23,68.61000061035156,69.19999694824219,67.62999725341797,69.16999816894531,24.56078338623047,461200,0.0,0.0,0.0
2009-03-24,69.06999969482422,69.45999908447266,68.62999725341797,69.30000305175781,24.60695457458496,425000,0.0,0.0,0.0
2009-03-25,69.38999938964844,70.05000305175781,69.38999938964844,69.66999816894531,24.738313674926758,800700,0.0,0.0,0.0
2009-03-26,70.11000061035156,70.7699966430664,69.7300033569336,70.75,25.12179183959961,660200,0.0,0.0,0.0
2009-03-27,70.5999984741211,70.5999984741211,68.91000366210938,70.02999877929688,24.86616325378418,1157900,0.0,0.0,0.0
2009-03-30,69.6500015258789,69.6500015258789,66.75,66.75,23.701486587524414,1299900,0.0,0.0,0.0
2009-03-31,68.13999938964844,68.7699966430664,67.5,67.80000305175781,24.074312210083008,632700,0.0,0.0,0.0
2009-04-01,67.66999816894531,67.93000030517578,66.91000366210938,67.0999984741211,24.11241340637207,654300,0.806,0.0,0.0
2009-04-02,68.04000091552734,69.63999938964844,67.41000366210938,69.54000091552734,24.98922348022461,1469600,0.0,0.0,0.0
2009-04-03,69.70999908447266,70.80000305175781,69.5,70.5199966430664,25.34137535095215,1355600,0.0,0.0,0.0
2009-04-06,70.12000274658203,70.88999938964844,69.44999694824219,70.29000091552734,25.258747100830078,648200,0.0,0.0,0.0
2009-04-07,70.08999633789062,70.08999633789062,69.12000274658203,69.4800033569336,24.96767234802246,459900,0.0,0.0,0.0
2009-04-08,68.80000305175781,70.5999984741211,68.80000305175781,70.30000305175781,25.262338638305664,721600,0.0,0.0,0.0
2009-04-09,71.0,72.55000305175781,71.0,72.30000305175781,25.98103904724121,1123800,0.0,0.0,0.0
2009-04-13,71.44999694824219,72.4800033569336,71.0,72.25,25.963062286376953,801800,0.0,0.0,0.0
2009-04-14,72.23999786376953,72.23999786376953,71.51000213623047,71.87999725341797,25.830102920532227,617000,0.0,0.0,0.0
2009-04-15,72.22000122070312,72.5,71.66999816894531,72.48999786376953,26.049301147460938,501700,0.0,0.0,0.0
2009-04-16,72.70999908447266,74.33000183105469,72.66999816894531,73.63999938964844,26.46256446838379,1109500,0.0,0.0,0.0
2009-04-17,73.88999938964844,75.75,73.5,75.25,27.041122436523438,683000,0.0,0.0,0.0
2009-04-20,74.62999725341797,74.94999694824219,72.37999725341797,72.5,26.05291748046875,1003100,0.0,0.0,0.0
2009-04-21,72.41000366210938,73.80000305175781,71.52999877929688,73.31999969482422,26.34756851196289,264800,0.0,0.0,0.0
2009-04-22,73.02999877929688,74.16000366210938,72.12000274658203,73.66999816894531,26.473339080810547,715200,0.0,0.0,0.0
2009-04-23,73.70999908447266,74.0,73.2699966430664,73.58999633789062,26.444604873657227,701300,0.0,0.0,0.0
2009-04-24,73.98999786376953,74.83999633789062,73.69999694824219,74.7300033569336,26.854249954223633,522500,0.0,0.0,0.0
2009-04-27,74.19999694824219,74.5199966430664,73.80999755859375,74.13999938964844,26.642230987548828,813400,0.0,0.0,0.0
2009-04-28,73.9000015258789,74.86000061035156,73.3499984741211,74.30000305175781,26.69974708557129,460200,0.0,0.0,0.0
2009-04-29,74.98999786376953,75.80000305175781,74.86000061035156,75.68000030517578,27.195661544799805,1167900,0.0,0.0,0.0
2009-04-30,76.31999969482422,76.48999786376953,75.55000305175781,76.2699966430664,27.407670974731445,919500,0.0,0.0,0.0
2009-05-01,75.7699966430664,76.08999633789062,74.61000061035156,75.55999755859375,27.364564895629883,609400,0.591,0.0,0.0
2009-05-04,75.88999938964844,75.94999694824219,75.0,75.37999725341797,27.299375534057617,1043400,0.0,0.0,0.0
2009-05-05,75.4000015258789,76.04000091552734,75.3499984741211,76.02999877929688,27.534778594970703,799800,0.0,0.0,0.0
2009-05-06,76.33000183105469,76.79000091552734,75.55000305175781,76.66000366210938,27.762958526611328,738600,0.0,0.0,0.0
2009-05-07,77.55000305175781,77.66000366210938,74.79000091552734,75.4000015258789,27.306625366210938,1546800,0.0,0.0,0.0
2009-05-08,76.43000030517578,77.0999984741211,76.20999908447266,76.75,27.7955265045166,1375800,0.0,0.0,0.0
2009-05-11,76.56999969482422,76.7699966430664,75.41999816894531,76.3499984741211,27.65066909790039,531000,0.0,0.0,0.0
2009-05-12,76.0,76.6500015258789,75.69999694824219,76.6500015258789,27.759319305419922,682300,0.0,0.0,0.0
2009-05-13,76.4800033569336,76.5199966430664,75.5,75.6500015258789,27.39715576171875,1118700,0.0,0.0,0.0
2009-05-14,75.51000213623047,75.62999725341797,74.38999938964844,74.8499984741211,27.107433319091797,966300,0.0,0.0,0.0
2009-05-15,74.8499984741211,74.88999938964844,73.08000183105469,73.80000305175781,26.727174758911133,1007100,0.0,0.0,0.0
2009-05-18,74.33999633789062,75.44000244140625,74.16999816894531,75.37000274658203,27.295745849609375,831000,0.0,0.0,0.0
2009-05-19,75.44999694824219,76.12999725341797,74.86000061035156,75.87000274658203,27.47682762145996,902800,0.0,0.0,0.0
2009-05-20,76.11000061035156,77.19000244140625,75.87000274658203,76.98999786376953,27.88243293762207,1158400,0.0,0.0,0.0
2009-05-21,76.69000244140625,76.93000030517578,76.0,76.0,27.52391242980957,1274700,0.0,0.0,0.0
2009-05-22,76.33000183105469,77.38999938964844,76.02999877929688,77.05000305175781,27.904186248779297,762300,0.0,0.0,0.0
2009-05-26,76.80999755859375,77.29000091552734,76.37999725341797,76.8499984741211,27.831750869750977,855100,0.0,0.0,0.0
2009-05-27,77.33999633789062,77.51000213623047,76.98999786376953,76.98999786376953,27.88243293762207,757300,0.0,0.0,0.0
2009-05-28,77.48999786376953,77.69999694824219,76.98999786376953,77.26000213623047,27.98024559020996,583900,0.0,0.0,0.0
2009-05-29,77.79000091552734,78.16999816894531,77.44999694824219,77.83999633789062,28.190284729003906,621200,0.0,0.0,0.0
2009-06-01,77.79000091552734,78.9800033569336,77.79000091552734,78.94999694824219,28.857328414916992,1293700,0.715,0.0,0.0
2009-06-02,78.66000366210938,78.7300033569336,77.93000030517578,78.72000122070312,28.77327537536621,782200,0.0,0.0,0.0
2009-06-03,78.91999816894531,78.94000244140625,78.01000213623047,78.2699966430664,28.608776092529297,776100,0.0,0.0,0.0
2009-06-04,78.0199966430664,78.69999694824219,78.0199966430664,78.51000213623047,28.696504592895508,638100,0.0,0.0,0.0
2009-06-05,78.98999786376953,78.98999786376953,78.30999755859375,78.76000213623047,28.787899017333984,704400,0.0,0.0,0.0
2009-06-08,78.97000122070312,79.25,78.31999969482422,78.9000015258789,28.839059829711914,593000,0.0,0.0,0.0
2009-06-09,78.61000061035156,79.2300033569336,78.61000061035156,79.05000305175781,28.893884658813477,559600,0.0,0.0,0.0
2009-06-10,79.2699966430664,79.5,78.72000122070312,79.1500015258789,28.93044090270996,636700,0.0,0.0,0.0
2009-06-11,79.12999725341797,79.95999908447266,79.12999725341797,79.33000183105469,28.996227264404297,524400,0.0,0.0,0.0
2009-06-12,79.61000061035156,79.87000274658203,79.33000183105469,79.73999786376953,29.14609146118164,566000,0.0,0.0,0.0
2009-06-15,79.6500015258789,79.70999908447266,78.4800033569336,78.55999755859375,28.714794158935547,574500,0.0,0.0,0.0
2009-06-16,78.98999786376953,79.2300033569336,77.27999877929688,77.80999755859375,28.440671920776367,1180400,0.0,0.0,0.0
2009-06-17,77.79000091552734,78.2699966430664,77.0199966430664,77.36000061035156,28.276161193847656,1240800,0.0,0.0,0.0
2009-06-18,77.05000305175781,78.20999908447266,77.05000305175781,78.0999984741211,28.546663284301758,766200,0.0,0.0,0.0
2009-06-19,77.70999908447266,78.29000091552734,77.70999908447266,78.18000030517578,28.57589340209961,667900,0.0,0.0,0.0
2009-06-22,78.08000183105469,78.08000183105469,76.5,77.12000274658203,28.18846321105957,1096700,0.0,0.0,0.0
2009-06-23,76.86000061035156,77.73999786376953,76.86000061035156,77.25,28.23598289489746,582200,0.0,0.0,0.0
2009-06-24,77.48999786376953,78.30000305175781,77.25,77.63999938964844,28.378507614135742,576400,0.0,0.0,0.0
2009-06-25,77.88999938964844,78.44000244140625,77.61000061035156,78.37999725341797,28.64901351928711,647900,0.0,0.0,0.0
2009-06-26,78.33999633789062,78.38999938964844,77.79000091552734,78.36000061035156,28.641698837280273,495900,0.0,0.0,0.0
2009-06-29,78.44000244140625,79.33999633789062,78.41000366210938,79.33999633789062,28.99989891052246,647700,0.0,0.0,0.0
2009-06-30,79.5,79.8499984741211,79.22000122070312,79.70999908447266,29.135133743286133,538900,0.0,0.0,0.0
2009-07-01,79.25,79.51000213623047,78.79000091552734,79.18000030517578,29.207035064697266,922100,0.725,0.0,0.0
2009-07-02,78.91999816894531,78.94999694824219,77.70999908447266,77.80000305175781,28.69802474975586,651200,0.0,0.0,0.0
2009-07-06,77.5199966430664,78.04000091552734,76.61000061035156,76.63999938964844,28.270132064819336,794500,0.0,0.0,0.0
2009-07-07,77.12999725341797,77.31999969482422,75.56999969482422,75.56999969482422,27.87544822692871,886300,0.0,0.0,0.0
2009-07-08,75.61000061035156,76.88999938964844,75.55000305175781,76.02999877929688,28.045127868652344,1382300,0.0,0.0,0.0
2009-07-09,76.62999725341797,77.37999725341797,76.19000244140625,77.12000274658203,28.447189331054688,544900,0.0,0.0,0.0
2009-07-10,76.94999694824219,77.9000015258789,76.12999725341797,76.52999877929688,28.229551315307617,393700,0.0,0.0,0.0
2009-07-13,77.20999908447266,77.20999908447266,76.27999877929688,76.69999694824219,28.29225730895996,521500,0.0,0.0,0.0
2009-07-14,76.5999984741211,77.4000015258789,76.48999786376953,77.0,28.40291404724121,506600,0.0,0.0,0.0
2009-07-15,77.4000015258789,78.69999694824219,77.27999877929688,78.69999694824219,29.029983520507812,1040200,0.0,0.0,0.0
2009-07-16,78.52999877929688,79.0,78.0,78.94000244140625,29.118545532226562,515600,0.0,0.0,0.0
2009-07-17,78.83000183105469,79.0199966430664,78.6500015258789,79.01000213623047,29.14433479309082,597100,0.0,0.0,0.0
2009-07-20,79.2300033569336,80.20999908447266,79.2300033569336,80.11000061035156,29.550113677978516,784700,0.0,0.0,0.0
2009-07-21,80.33999633789062,80.8499984741211,79.80999755859375,80.5,29.693958282470703,938600,0.0,0.0,0.0
2009-07-22,80.4000015258789,80.76000213623047,80.0,80.5999984741211,29.730859756469727,483000,0.0,0.0,0.0
2009-07-23,81.0,81.79000091552734,80.41999816894531,81.41999816894531,30.033323287963867,750700,0.0,0.0,0.0
2009-07-24,81.80000305175781,82.01000213623047,80.7300033569336,81.9000015258789,30.21039390563965,639300,0.0,0.0,0.0
2009-07-27,82.16999816894531,82.29000091552734,81.62000274658203,82.05000305175781,30.26572036743164,512700,0.0,0.0,0.0
2009-07-28,82.13999938964844,82.41999816894531,81.80000305175781,82.13999938964844,30.298908233642578,591800,0.0,0.0,0.0
2009-07-29,82.44000244140625,82.76000213623047,82.05999755859375,82.41999816894531,30.402162551879883,627900,0.0,0.0,0.0
2009-07-30,82.8499984741211,83.91000366210938,82.6500015258789,83.0999984741211,30.653018951416016,976900,0.0,0.0,0.0
2009-07-31,83.75,84.6500015258789,83.37999725341797,84.44999694824219,31.1510066986084,740700,0.0,0.0,0.0
2009-08-03,83.7699966430664,84.19000244140625,83.69000244140625,83.9000015258789,31.210155487060547,880400,0.709,0.0,0.0
2009-08-04,84.30000305175781,84.33999633789062,83.0199966430664,83.72000122070312,31.14318084716797,615100,0.0,0.0,0.0
2009-08-05,83.54000091552734,83.9800033569336,82.80999755859375,83.44999694824219,31.042753219604492,756000,0.0,0.0,0.0
2009-08-06,83.70999908447266,83.80000305175781,82.5999984741211,82.79000091552734,30.797239303588867,619500,0.0,0.0,0.0
2009-08-07,83.22000122070312,84.11000061035156,82.79000091552734,83.37000274658203,31.013004302978516,711300,0.0,0.0,0.0
2009-08-10,83.62999725341797,83.7699966430664,83.05999755859375,83.75,31.154354095458984,527800,0.0,0.0,0.0
2009-08-11,83.75,84.05000305175781,83.23999786376953,83.55000305175781,31.0799560546875,623000,0.0,0.0,0.0
2009-08-12,83.27999877929688,83.63999938964844,83.0,83.33999633789062,31.001846313476562,491400,0.0,0.0,0.0
2009-08-13,83.33999633789062,83.3499984741211,82.08000183105469,82.27999877929688,30.60750961303711,825300,0.0,0.0,0.0
2009-08-14,82.62000274658203,82.62000274658203,81.75,81.87000274658203,30.454980850219727,585500,0.0,0.0,0.0
2009-08-17,81.38999938964844,81.6500015258789,79.62999725341797,79.87000274658203,29.71101188659668,1160800,0.0,0.0,0.0
2009-08-18,80.55000305175781,81.38999938964844,80.0,81.25,30.2243595123291,639200,0.0,0.0,0.0
2009-08-19,81.13999938964844,81.58000183105469,80.5,81.58000183105469,30.347126007080078,501700,0.0,0.0,0.0
2009-08-20,81.66000366210938,81.83999633789062,81.26000213623047,81.33000183105469,30.254117965698242,601200,0.0,0.0,0.0
2009-08-21,81.69999694824219,82.44000244140625,81.5199966430664,82.44000244140625,30.66704750061035,570400,0.0,0.0,0.0
2009-08-24,82.4800033569336,82.5,81.72000122070312,82.01000213623047,30.507080078125,874600,0.0,0.0,0.0
2009-08-25,82.37999725341797,82.37999725341797,81.80000305175781,82.0,30.503376007080078,565000,0.0,0.0,0.0
2009-08-26,82.33999633789062,82.44999694824219,81.97000122070312,82.31999969482422,30.622398376464844,476100,0.0,0.0,0.0
2009-08-27,82.55000305175781,82.63999938964844,81.87999725341797,81.9000015258789,30.466156005859375,968500,0.0,0.0,0.0
2009-08-28,82.5,82.5,82.12000274658203,82.30999755859375,30.61868667602539,595800,0.0,0.0,0.0
2009-08-31,82.4000015258789,82.5,82.0199966430664,82.31999969482422,30.622398376464844,498500,0.0,0.0,0.0
2009-09-01,81.68000030517578,81.68000030517578,80.5999984741211,80.8499984741211,30.334619522094727,742300,0.703,0.0,0.0
2009-09-02,80.8499984741211,80.88999938964844,80.0999984741211,80.41999816894531,30.17331314086914,698800,0.0,0.0,0.0
2009-09-03,80.69000244140625,81.08000183105469,80.44999694824219,80.94000244140625,30.368389129638672,486000,0.0,0.0,0.0
2009-09-04,81.18000030517578,81.91000366210938,80.98999786376953,81.55999755859375,30.601030349731445,667000,0.0,0.0,0.0
2009-09-08,81.93000030517578,82.72000122070312,81.83000183105469,82.72000122070312,31.03626251220703,974200,0.0,0.0,0.0
2009-09-09,82.48999786376953,82.80000305175781,81.75,81.94000244140625,30.743616104125977,1454000,0.0,0.0,0.0
2009-09-10,82.37000274658203,83.25,82.0199966430664,83.20999908447266,31.220081329345703,695600,0.0,0.0,0.0
2009-09-11,83.55000305175781,84.13999938964844,83.2699966430664,84.0,31.5164794921875,607200,0.0,0.0,0.0
2009-09-14,84.06999969482422,84.1500015258789,83.51000213623047,84.0999984741211,31.554004669189453,579300,0.0,0.0,0.0
2009-09-15,84.37000274658203,84.72000122070312,84.12000274658203,84.69999694824219,31.779102325439453,1289500,0.0,0.0,0.0
2009-09-16,85.31999969482422,85.81999969482422,85.05000305175781,85.79000091552734,32.18806457519531,1143900,0.0,0.0,0.0
2009-09-17,85.79000091552734,85.94000244140625,85.16000366210938,85.94000244140625,32.244361877441406,733400,0.0,0.0,0.0
2009-09-18,85.72000122070312,86.05999755859375,84.86000061035156,85.69999694824219,32.154335021972656,565700,0.0,0.0,0.0
2009-09-21,85.5,85.75,84.93000030517578,85.75,32.173095703125,510600,0.0,0.0,0.0
2009-09-22,86.0199966430664,86.12999725341797,85.5,85.6500015258789,32.13557815551758,413400,0.0,0.0,0.0
2009-09-23,85.9000015258789,86.36000061035156,85.80000305175781,85.91000366210938,32.23313903808594,464900,0.0,0.0,0.0
2009-09-24,86.30000305175781,86.48999786376953,85.70999908447266,86.06999969482422,32.293148040771484,774000,0.0,0.0,0.0
2009-09-25,86.0999984741211,86.37999725341797,85.44999694824219,85.79000091552734,32.18806457519531,454800,0.0,0.0,0.0
2009-09-28,86.1500015258789,86.54000091552734,85.36000061035156,86.47000122070312,32.443214416503906,455200,0.0,0.0,0.0
2009-09-29,86.44999694824219,86.48999786376953,86.19000244140625,86.37000274658203,32.40570831298828,693000,0.0,0.0,0.0
2009-09-30,86.3499984741211,86.69000244140625,85.94000244140625,86.3499984741211,32.39818572998047,688000,0.0,0.0,0.0
2009-10-01,85.36000061035156,85.41000366210938,83.38999938964844,83.38999938964844,31.5451717376709,3014800,0.705,0.0,0.0
2009-10-02,83.04000091552734,83.61000061035156,82.0,83.41999816894531,31.556516647338867,1694100,0.0,0.0,0.0
2009-10-05,83.66999816894531,84.54000091552734,83.55000305175781,84.54000091552734,31.980205535888672,556200,0.0,0.0,0.0
2009-10-06,84.79000091552734,85.16999816894531,84.19999694824219,84.25,31.870508193969727,813300,0.0,0.0,0.0
2009-10-07,84.12000274658203,85.08000183105469,84.12000274658203,84.87000274658203,32.10501480102539,637400,0.0,0.0,0.0
2009-10-08,84.87000274658203,85.41999816894531,84.87000274658203,85.41000366210938,32.309303283691406,824700,0.0,0.0,0.0
2009-10-09,85.11000061035156,85.73999786376953,84.94999694824219,85.73999786376953,32.43413543701172,680100,0.0,0.0,0.0
2009-10-12,85.87000274658203,85.87999725341797,85.55000305175781,85.72000122070312,32.426597595214844,354200,0.0,0.0,0.0
2009-10-13,85.87000274658203,85.87000274658203,85.19000244140625,85.69999694824219,32.41901779174805,295500,0.0,0.0,0.0
2009-10-14,86.0,86.12000274658203,85.72000122070312,86.04000091552734,32.54762649536133,749900,0.0,0.0,0.0
2009-10-15,86.06999969482422,86.0999984741211,85.75,86.0199966430664,32.540061950683594,382100,0.0,0.0,0.0
2009-10-16,86.06999969482422,86.08999633789062,85.5999984741211,86.01000213623047,32.53628158569336,443100,0.0,0.0,0.0
2009-10-19,86.16999816894531,86.2699966430664,85.94999694824219,86.02999877929688,32.54386901855469,534700,0.0,0.0,0.0
2009-10-20,86.12999725341797,86.43000030517578,86.01000213623047,86.19000244140625,32.60434341430664,419300,0.0,0.0,0.0
2009-10-21,86.33000183105469,86.93000030517578,86.1500015258789,86.33999633789062,32.6611328125,869100,0.0,0.0,0.0
2009-10-22,86.66999816894531,87.0,86.47000122070312,87.0,32.91078567504883,646200,0.0,0.0,0.0
2009-10-23,87.19999694824219,87.19999694824219,86.61000061035156,86.8499984741211,32.85404586791992,420200,0.0,0.0,0.0
2009-10-26,86.66000366210938,87.04000091552734,86.62000274658203,86.9000015258789,32.872947692871094,779800,0.0,0.0,0.0
2009-10-27,86.9000015258789,86.9000015258789,86.05000305175781,86.22000122070312,32.6157112121582,1527900,0.0,0.0,0.0
2009-10-28,86.37999725341797,86.4800033569336,84.79000091552734,84.80000305175781,32.07855987548828,1266000,0.0,0.0,0.0
2009-10-29,85.18000030517578,86.44999694824219,85.05000305175781,85.98999786376953,32.52871322631836,1350500,0.0,0.0,0.0
2009-10-30,86.0,86.20999908447266,84.87000274658203,85.18000030517578,32.22230529785156,1466000,0.0,0.0,0.0
2009-11-02,84.93000030517578,85.56999969482422,84.6500015258789,85.13999938964844,32.47518539428711,1437000,0.703,0.0,0.0
2009-11-03,84.58999633789062,85.58000183105469,84.58999633789062,85.33000183105469,32.54766082763672,1135400,0.0,0.0,0.0
2009-11-04,85.9000015258789,86.0,85.30000305175781,85.45999908447266,32.597232818603516,687800,0.0,0.0,0.0
2009-11-05,85.62999725341797,85.66000366210938,85.23999786376953,85.52999877929688,32.62397384643555,506800,0.0,0.0,0.0
2009-11-06,85.47000122070312,85.6500015258789,85.37000274658203,85.61000061035156,32.654449462890625,547700,0.0,0.0,0.0
2009-11-09,85.79000091552734,85.9800033569336,85.69999694824219,85.94999694824219,32.7841682434082,571400,0.0,0.0,0.0
2009-11-10,85.87000274658203,85.9800033569336,85.66000366210938,85.91999816894531,32.772708892822266,667800,0.0,0.0,0.0
2009-11-11,85.95999908447266,86.19999694824219,85.87999725341797,85.97000122070312,32.79179000854492,509500,0.0,0.0,0.0
2009-11-12,86.08999633789062,86.11000061035156,85.75,86.06999969482422,32.82992172241211,619900,0.0,0.0,0.0
2009-11-13,85.88999938964844,86.25,85.75,85.9000015258789,32.76507568359375,491100,0.0,0.0,0.0
2009-11-16,86.33000183105469,86.6500015258789,86.05000305175781,86.30000305175781,32.917659759521484,714900,0.0,0.0,0.0
2009-11-17,86.4800033569336,86.4800033569336,86.1500015258789,86.27999877929688,32.910037994384766,438400,0.0,0.0,0.0
2009-11-18,86.36000061035156,86.44000244140625,86.05999755859375,86.05999755859375,32.82611846923828,630200,0.0,0.0,0.0
2009-11-19,86.19999694824219,86.30000305175781,85.87000274658203,86.23999786376953,32.894775390625,679700,0.0,0.0,0.0
2009-11-20,86.13999938964844,86.33999633789062,86.0,86.22000122070312,32.88715362548828,544200,0.0,0.0,0.0
2009-11-23,86.27999877929688,86.37000274658203,86.0999984741211,86.12999725341797,32.85280227661133,428600,0.0,0.0,0.0
2009-11-24,86.26000213623047,86.30000305175781,86.05000305175781,86.18000030517578,32.87187576293945,526800,0.0,0.0,0.0
2009-11-25,86.25,86.6500015258789,86.20999908447266,86.22000122070312,32.88715362548828,548900,0.0,0.0,0.0
2009-11-27,85.36000061035156,85.8499984741211,85.05000305175781,85.62000274658203,32.658294677734375,570000,0.0,0.0,0.0
2009-11-30,85.5999984741211,86.0999984741211,85.5999984741211,85.9000015258789,32.76507568359375,674100,0.0,0.0,0.0
2009-12-01,85.58999633789062,85.83000183105469,85.3499984741211,85.69999694824219,32.92721176147461,749100,0.622,0.0,0.0
2009-12-02,85.69999694824219,85.95999908447266,85.5999984741211,85.79000091552734,32.9617805480957,537400,0.0,0.0,0.0
2009-12-03,85.93000030517578,86.26000213623047,85.86000061035156,85.9000015258789,33.004051208496094,489600,0.0,0.0,0.0
2009-12-04,86.20999908447266,86.55999755859375,86.20999908447266,86.25,33.138526916503906,532000,0.0,0.0,0.0
2009-12-07,86.33999633789062,86.44000244140625,86.16000366210938,86.36000061035156,33.18080139160156,397200,0.0,0.0,0.0
2009-12-08,86.3499984741211,86.5,86.19000244140625,86.45999908447266,33.219234466552734,359000,0.0,0.0,0.0
2009-12-09,86.5199966430664,86.62999725341797,86.43000030517578,86.45999908447266,33.219234466552734,357000,0.0,0.0,0.0
2009-12-10,86.62000274658203,86.88999938964844,86.61000061035156,86.88999938964844,33.38441467285156,401000,0.0,0.0,0.0
2009-12-11,87.0,87.05999755859375,86.83999633789062,86.94000244140625,33.40364074707031,444100,0.0,0.0,0.0
2009-12-14,87.0,87.76000213623047,87.0,87.63999938964844,33.672584533691406,1132700,0.0,0.0,0.0
2009-12-15,87.5999984741211,87.69999694824219,87.26000213623047,87.55000305175781,33.63801956176758,417600,0.0,0.0,0.0
2009-12-16,87.75,87.79000091552734,87.30999755859375,87.75,33.714900970458984,621100,0.0,0.0,0.0
2009-12-17,87.5999984741211,87.77999877929688,87.48999786376953,87.69999694824219,33.69565963745117,350200,0.0,0.0,0.0
2009-12-18,87.77999877929688,87.83000183105469,87.61000061035156,87.6500015258789,33.67644500732422,281600,0.0,0.0,0.0
2009-12-21,87.80999755859375,87.94000244140625,87.6500015258789,87.91000366210938,33.776344299316406,646800,0.0,0.0,0.0
2009-12-22,88.0,88.12000274658203,87.87000274658203,88.0999984741211,33.84934997558594,432500,0.0,0.0,0.0
2009-12-23,88.1500015258789,88.44999694824219,88.12000274658203,88.30999755859375,33.930015563964844,440100,0.0,0.0,0.0
2009-12-24,88.38999938964844,88.7699966430664,88.30000305175781,88.63999938964844,34.056793212890625,188800,0.0,0.0,0.0
2009-12-28,88.7300033569336,88.80000305175781,88.25,88.37999725341797,33.9569206237793,532400,0.0,0.0,0.0
2009-12-29,87.8499984741211,87.9000015258789,87.30000305175781,87.33000183105469,33.775142669677734,494600,0.58,0.0,0.0
2009-12-30,87.5,87.77999877929688,87.43000030517578,87.69999694824219,33.91823959350586,421600,0.0,0.0,0.0
2009-12-31,87.83999633789062,87.9000015258789,87.58000183105469,87.83999633789062,33.972389221191406,346000,0.0,0.0,0.0
2010-01-04,88.0,88.52999877929688,88.0,88.52999877929688,34.23923110961914,1316800,0.0,0.0,0.0
2010-01-05,88.75,89.08000183105469,88.41999816894531,88.94999694824219,34.401668548583984,733000,0.0,0.0,0.0
2010-01-06,89.04000091552734,89.26000213623047,89.0,89.18000030517578,34.490638732910156,715700,0.0,0.0,0.0
2010-01-07,89.37999725341797,89.62999725341797,89.11000061035156,89.54000091552734,34.629886627197266,956000,0.0,0.0,0.0
2010-01-08,89.55999755859375,89.80999755859375,89.51000213623047,89.68000030517578,34.68400573730469,711400,0.0,0.0,0.0
2010-01-11,89.5,89.70999908447266,89.4800033569336,89.5999984741211,34.653072357177734,895800,0.0,0.0,0.0
2010-01-12,89.5,90.29000091552734,89.05000305175781,89.13999938964844,34.47515869140625,1133900,0.0,0.0,0.0
2010-01-13,89.0999984741211,89.41999816894531,89.0999984741211,89.33999633789062,34.55254364013672,868900,0.0,0.0,0.0
2010-01-14,89.44000244140625,89.4800033569336,89.20999908447266,89.44000244140625,34.59120178222656,394600,0.0,0.0,0.0
2010-01-15,89.5199966430664,89.5199966430664,88.98999786376953,89.08000183105469,34.45195388793945,835300,0.0,0.0,0.0
2010-01-19,89.0,89.19999694824219,88.97000122070312,89.12000274658203,34.46741485595703,796900,0.0,0.0,0.0
2010-01-20,89.1500015258789,89.20999908447266,88.86000061035156,88.98999786376953,34.41716003417969,588500,0.0,0.0,0.0
2010-01-21,89.16000366210938,89.16000366210938,87.5999984741211,87.5999984741211,33.87958908081055,1416800,0.0,0.0,0.0
2010-01-22,87.98999786376953,88.04000091552734,86.61000061035156,86.7699966430664,33.558563232421875,1394400,0.0,0.0,0.0
2010-01-25,87.23999786376953,87.44000244140625,86.75,86.9000015258789,33.60881423950195,711300,0.0,0.0,0.0
2010-01-26,87.19999694824219,87.43000030517578,86.9000015258789,87.01000213623047,33.651363372802734,576000,0.0,0.0,0.0
2010-01-27,86.95999908447266,87.41999816894531,86.91999816894531,87.04000091552734,33.66297149658203,876500,0.0,0.0,0.0
2010-01-28,87.11000061035156,87.23999786376953,86.55000305175781,86.66999816894531,33.51988220214844,833700,0.0,0.0,0.0
2010-01-29,87.2699966430664,87.2699966430664,86.22000122070312,86.2300033569336,33.34971237182617,1357000,0.0,0.0,0.0
2010-02-01,85.94999694824219,86.27999877929688,85.6500015258789,85.9800033569336,33.510677337646484,924700,0.663,0.0,0.0
2010-02-02,86.2699966430664,86.61000061035156,86.0,86.23999786376953,33.61201858520508,1238500,0.0,0.0,0.0
2010-02-03,86.4000015258789,86.70999908447266,86.22000122070312,86.68000030517578,33.78351974487305,641200,0.0,0.0,0.0
2010-02-04,86.30000305175781,86.3499984741211,85.37999725341797,85.44999694824219,33.30411148071289,1762600,0.0,0.0,0.0
2010-02-05,85.33000183105469,85.33000183105469,83.44999694824219,84.94999694824219,33.109256744384766,3261500,0.0,0.0,0.0
2010-02-08,84.80000305175781,85.12999725341797,84.38999938964844,84.58000183105469,32.965023040771484,1202400,0.0,0.0,0.0
2010-02-09,84.86000061035156,85.05000305175781,84.45999908447266,84.75,33.03126907348633,853800,0.0,0.0,0.0
2010-02-10,84.69999694824219,84.91999816894531,83.5999984741211,83.61000061035156,32.586971282958984,1463200,0.0,0.0,0.0
2010-02-11,83.91000366210938,84.41999816894531,83.38999938964844,83.94999694824219,32.719505310058594,1157700,0.0,0.0,0.0
2010-02-12,83.95999908447266,84.16999816894531,83.37999725341797,83.9000015258789,32.70000076293945,743100,0.0,0.0,0.0
2010-02-16,83.66999816894531,85.0199966430664,83.66999816894531,84.7300033569336,33.023502349853516,1061300,0.0,0.0,0.0
2010-02-17,85.16999816894531,85.47000122070312,85.12999725341797,85.37999725341797,33.276824951171875,1400200,0.0,0.0,0.0
2010-02-18,85.48999786376953,86.38999938964844,85.48999786376953,86.19000244140625,33.592525482177734,1153400,0.0,0.0,0.0
2010-02-19,86.37000274658203,86.77999877929688,86.30000305175781,86.7699966430664,33.81857681274414,1485600,0.0,0.0,0.0
2010-02-22,86.88999938964844,87.05999755859375,86.70999908447266,86.87999725341797,33.861454010009766,1596200,0.0,0.0,0.0
2010-02-23,87.0199966430664,87.0999984741211,85.94999694824219,86.25,33.61591339111328,1014900,0.0,0.0,0.0
2010-02-24,86.56999969482422,86.9800033569336,86.3499984741211,86.58000183105469,33.74454116821289,1047000,0.0,0.0,0.0
2010-02-25,86.27999877929688,86.6500015258789,86.0,86.58999633789062,33.74843215942383,503400,0.0,0.0,0.0
2010-02-26,86.75,87.22000122070312,86.66000366210938,87.16999816894531,33.9744987487793,697900,0.0,0.0,0.0
2010-03-01,86.69000244140625,86.77999877929688,86.5,86.58999633789062,34.00040817260742,1468800,0.646,0.0,0.0
2010-03-02,86.87999725341797,87.19999694824219,86.69000244140625,87.1500015258789,34.220306396484375,1291800,0.0,0.0,0.0
2010-03-03,87.27999877929688,87.37999725341797,87.08999633789062,87.23999786376953,34.25562286376953,986800,0.0,0.0,0.0
2010-03-04,87.43000030517578,87.43000030517578,87.08000183105469,87.30999755859375,34.28311538696289,641100,0.0,0.0,0.0
2010-03-05,87.58999633789062,87.83999633789062,87.29000091552734,87.83000183105469,34.48731231689453,975800,0.0,0.0,0.0
2010-03-08,87.97000122070312,88.0999984741211,87.79000091552734,87.8499984741211,34.49514389038086,937900,0.0,0.0,0.0
2010-03-09,87.81999969482422,88.2300033569336,87.80000305175781,88.2300033569336,34.64435958862305,630800,0.0,0.0,0.0
2010-03-10,88.0199966430664,88.30000305175781,88.0,88.26000213623047,34.65613555908203,640200,0.0,0.0,0.0
2010-03-11,88.16999816894531,88.25,88.0199966430664,88.18000030517578,34.624732971191406,488500,0.0,0.0,0.0
2010-03-12,88.19000244140625,88.37000274658203,88.1500015258789,88.19999694824219,34.63261032104492,636700,0.0,0.0,0.0
2010-03-15,88.20999908447266,88.25,87.93000030517578,88.0999984741211,34.59330749511719,471400,0.0,0.0,0.0
2010-03-16,88.22000122070312,88.4800033569336,87.98999786376953,88.4000015258789,34.71111297607422,923300,0.0,0.0,0.0
2010-03-17,88.47000122070312,88.63999938964844,88.33999633789062,88.4000015258789,34.71111297607422,918300,0.0,0.0,0.0
2010-03-18,88.4800033569336,88.63999938964844,88.41000366210938,88.52999877929688,34.76215744018555,637200,0.0,0.0,0.0
2010-03-19,88.08999633789062,88.5999984741211,87.97000122070312,88.08999633789062,34.589385986328125,674600,0.0,0.0,0.0
2010-03-22,87.94999694824219,88.5199966430664,87.80999755859375,88.51000213623047,34.754302978515625,759000,0.0,0.0,0.0
2010-03-23,88.5199966430664,88.5999984741211,88.33000183105469,88.5,34.75037384033203,699200,0.0,0.0,0.0
2010-03-24,88.4800033569336,88.58999633789062,88.3499984741211,88.44999694824219,34.73073959350586,430800,0.0,0.0,0.0
2010-03-25,88.63999938964844,88.80999755859375,88.51000213623047,88.66000366210938,34.81321334838867,1005200,0.0,0.0,0.0
2010-03-26,88.62000274658203,88.69999694824219,88.5,88.62999725341797,34.80143737792969,1312500,0.0,0.0,0.0
2010-03-29,88.73999786376953,88.76000213623047,88.69999694824219,88.73999786376953,34.8445930480957,546200,0.0,0.0,0.0
2010-03-30,88.75,88.87000274658203,88.55999755859375,88.6500015258789,34.80925750732422,605600,0.0,0.0,0.0
2010-03-31,88.56999969482422,88.5999984741211,87.80999755859375,88.37000274658203,34.69932174682617,1255400,0.0,0.0,0.0
2010-04-01,87.83999633789062,88.0,87.5,87.5,34.6154670715332,773100,0.658,0.0,0.0
2010-04-05,87.6500015258789,87.9800033569336,87.41000366210938,87.45999908447266,34.599613189697266,930200,0.0,0.0,0.0
2010-04-06,87.51000213623047,88.08000183105469,87.44999694824219,88.02999877929688,34.82512283325195,679100,0.0,0.0,0.0
2010-04-07,87.91000366210938,88.23999786376953,87.9000015258789,88.16000366210938,34.87657928466797,859000,0.0,0.0,0.0
2010-04-08,88.0999984741211,88.3499984741211,88.01000213623047,88.30999755859375,34.93588638305664,736100,0.0,0.0,0.0
2010-04-09,88.30000305175781,88.56999969482422,88.26000213623047,88.44000244140625,34.98735809326172,679800,0.0,0.0,0.0
2010-04-12,88.55000305175781,88.66000366210938,88.44000244140625,88.45999908447266,34.99525451660156,443300,0.0,0.0,0.0
2010-04-13,88.63999938964844,88.81999969482422,88.63999938964844,88.69999694824219,35.09016799926758,1162900,0.0,0.0,0.0
2010-04-14,88.9000015258789,89.0199966430664,88.80000305175781,88.94000244140625,35.18512725830078,857700,0.0,0.0,0.0
2010-04-15,89.0199966430664,89.47000122070312,88.91999816894531,89.18000030517578,35.28007888793945,1251000,0.0,0.0,0.0
2010-04-16,89.1500015258789,89.3499984741211,88.0999984741211,88.45999908447266,34.99525451660156,1334100,0.0,0.0,0.0
2010-04-19,88.26000213623047,88.48999786376953,88.05000305175781,88.29000091552734,34.9279899597168,757200,0.0,0.0,0.0
2010-04-20,88.66000366210938,90.33000183105469,88.51000213623047,89.23999786376953,35.303810119628906,1299400,0.0,0.0,0.0
2010-04-21,89.33999633789062,89.41000366210938,89.08999633789062,89.25,35.30778121948242,553100,0.0,0.0,0.0
2010-04-22,89.22000122070312,89.22000122070312,88.77999877929688,88.98999786376953,35.204891204833984,250700,0.0,0.0,0.0
2010-04-23,89.0,89.5999984741211,88.87000274658203,89.56999969482422,35.43437194824219,676000,0.0,0.0,0.0
2010-04-26,89.4000015258789,89.69999694824219,89.4000015258789,89.56999969482422,35.43437194824219,440100,0.0,0.0,0.0
2010-04-27,89.56999969482422,89.7300033569336,88.37000274658203,88.44000244140625,34.98735809326172,1220700,0.0,0.0,0.0
2010-04-28,88.80000305175781,88.91999816894531,88.5,88.5,35.01106262207031,988000,0.0,0.0,0.0
2010-04-29,88.91000366210938,89.2300033569336,88.88999938964844,89.11000061035156,35.25238037109375,812200,0.0,0.0,0.0
2010-04-30,88.95999908447266,89.5199966430664,88.95999908447266,89.4000015258789,35.36709976196289,809800,0.0,0.0,0.0
2010-05-03,88.80000305175781,89.08999633789062,88.75,88.75,35.36314010620117,639000,0.64,0.0,0.0
2010-05-04,88.55999755859375,88.62999725341797,87.80999755859375,87.83999633789062,35.00054931640625,786100,0.0,0.0,0.0
2010-05-05,87.25,87.3499984741211,86.0999984741211,86.63999938964844,34.52239990234375,2567500,0.0,0.0,0.0
2010-05-06,86.27999877929688,86.51000213623047,78.95999908447266,84.48999786376953,33.66571044921875,6587300,0.0,0.0,0.0
2010-05-07,84.44999694824219,85.12000274658203,82.51000213623047,84.4800033569336,33.66173553466797,2584000,0.0,0.0,0.0
2010-05-10,86.88999938964844,87.4000015258789,85.61000061035156,86.05999755859375,34.291282653808594,1670100,0.0,0.0,0.0
2010-05-11,85.66999816894531,86.87999725341797,85.58000183105469,85.95999908447266,34.251434326171875,1524400,0.0,0.0,0.0
2010-05-12,86.5,87.02999877929688,86.43000030517578,87.01000213623047,34.66981506347656,1031200,0.0,0.0,0.0
2010-05-13,87.08999633789062,87.25,86.47000122070312,86.47000122070312,34.45465850830078,1151600,0.0,0.0,0.0
2010-05-14,86.20999908447266,86.45999908447266,85.36000061035156,85.97000122070312,34.25541305541992,1050700,0.0,0.0,0.0
2010-05-17,85.94999694824219,86.19000244140625,85.12000274658203,85.86000061035156,34.21160888671875,1120800,0.0,0.0,0.0
2010-05-18,86.31999969482422,86.45999908447266,85.41000366210938,85.68000030517578,34.13984680175781,1067400,0.0,0.0,0.0
2010-05-19,85.41000366210938,85.6500015258789,84.26000213623047,85.18000030517578,33.940643310546875,1565100,0.0,0.0,0.0
2010-05-20,83.88999938964844,83.88999938964844,81.33000183105469,82.63999938964844,32.92856216430664,3092800,0.0,0.0,0.0
2010-05-21,81.48999786376953,84.4000015258789,81.43000030517578,84.30000305175781,33.58999252319336,1815000,0.0,0.0,0.0
2010-05-24,84.0999984741211,85.19999694824219,83.98999786376953,84.43000030517578,33.64178466796875,1266200,0.0,0.0,0.0
2010-05-25,83.19999694824219,84.33000183105469,82.01000213623047,84.33000183105469,33.6019401550293,1507500,0.0,0.0,0.0
2010-05-26,84.63999938964844,85.05000305175781,83.19000244140625,83.31999969482422,33.19948196411133,1738300,0.0,0.0,0.0
2010-05-27,84.13999938964844,84.87999725341797,84.13999938964844,84.47000122070312,33.657737731933594,828500,0.0,0.0,0.0
2010-05-28,84.79000091552734,84.83999633789062,84.31999969482422,84.61000061035156,33.71352005004883,1253900,0.0,0.0,0.0
2010-06-01,83.61000061035156,84.3499984741211,83.37000274658203,83.56999969482422,33.55414962768555,770300,0.643,0.0,0.0
2010-06-02,83.93000030517578,84.13999938964844,83.69999694824219,84.0,33.726768493652344,1414500,0.0,0.0,0.0
2010-06-03,84.22000122070312,84.4000015258789,83.70999908447266,84.02999877929688,33.73882293701172,877200,0.0,0.0,0.0
2010-06-04,83.51000213623047,84.1500015258789,83.33000183105469,83.55999755859375,33.55010223388672,1439000,0.0,0.0,0.0
2010-06-07,83.47000122070312,84.2699966430664,82.9800033569336,82.9800033569336,33.31724166870117,992900,0.0,0.0,0.0
2010-06-08,83.5199966430664,83.5199966430664,82.55000305175781,83.11000061035156,33.36940002441406,1085200,0.0,0.0,0.0
2010-06-09,83.30000305175781,83.44999694824219,83.01000213623047,83.29000091552734,33.44169616699219,1081900,0.0,0.0,0.0
2010-06-10,83.61000061035156,84.13999938964844,83.37000274658203,84.13999938964844,33.78296661376953,588200,0.0,0.0,0.0
2010-06-11,83.69000244140625,84.27999877929688,83.58999633789062,84.26000213623047,33.83112335205078,468300,0.0,0.0,0.0
2010-06-14,84.3499984741211,84.69999694824219,84.25,84.37000274658203,33.87532424926758,843100,0.0,0.0,0.0
2010-06-15,84.6500015258789,85.43000030517578,84.55999755859375,85.19000244140625,34.20454788208008,1387200,0.0,0.0,0.0
2010-06-16,84.98999786376953,85.31999969482422,84.80000305175781,85.26000213623047,34.2326545715332,1877200,0.0,0.0,0.0
2010-06-17,85.5,85.94000244140625,85.36000061035156,85.9000015258789,34.489620208740234,1097000,0.0,0.0,0.0
2010-06-18,85.9800033569336,86.33000183105469,85.93000030517578,86.2699966430664,34.638206481933594,734300,0.0,0.0,0.0
2010-06-21,86.7699966430664,86.81999969482422,86.47000122070312,86.58000183105469,34.76266098022461,1094400,0.0,0.0,0.0
2010-06-22,86.5,86.5999984741211,85.62000274658203,85.95999908447266,34.513710021972656,1011000,0.0,0.0,0.0
2010-06-23,86.02999877929688,86.08999633789062,85.29000091552734,85.9000015258789,34.489620208740234,882300,0.0,0.0,0.0
2010-06-24,85.72000122070312,85.7699966430664,85.19999694824219,85.30999755859375,34.25273132324219,613600,0.0,0.0,0.0
2010-06-25,85.62999725341797,85.73999786376953,85.25,85.69999694824219,34.409324645996094,536500,0.0,0.0,0.0
2010-06-28,85.81999969482422,86.19999694824219,85.66999816894531,85.88999938964844,34.485618591308594,682200,0.0,0.0,0.0
2010-06-29,85.56999969482422,85.58000183105469,84.52999877929688,85.02999877929688,34.140323638916016,1354400,0.0,0.0,0.0
2010-06-30,84.8499984741211,85.12000274658203,84.51000213623047,84.9000015258789,34.0881233215332,1111300,0.0,0.0,0.0
2010-07-01,84.45999908447266,84.72000122070312,83.45999908447266,84.68000030517578,34.25111770629883,2044000,0.623,0.0,0.0
2010-07-02,84.55999755859375,85.1500015258789,84.5,84.69999694824219,34.25918960571289,880400,0.0,0.0,0.0
2010-07-06,85.20999908447266,85.41000366210938,84.86000061035156,85.37000274658203,34.530208587646484,1176600,0.0,0.0,0.0
2010-07-07,85.37999725341797,86.4800033569336,85.19999694824219,86.4000015258789,34.946807861328125,1173900,0.0,0.0,0.0
2010-07-08,86.66000366210938,86.83999633789062,86.12000274658203,86.80000305175781,35.10859680175781,1525200,0.0,0.0,0.0
2010-07-09,86.80000305175781,86.80000305175781,86.47000122070312,86.5999984741211,35.02769470214844,778800,0.0,0.0,0.0
2010-07-12,86.70999908447266,86.72000122070312,85.86000061035156,86.52999877929688,34.99941635131836,786500,0.0,0.0,0.0
2010-07-13,86.75,87.3499984741211,86.5199966430664,87.19999694824219,35.270423889160156,1464900,0.0,0.0,0.0
2010-07-14,87.05000305175781,87.26000213623047,86.87999725341797,87.12000274658203,35.23806381225586,640400,0.0,0.0,0.0
2010-07-15,86.95999908447266,87.30000305175781,86.91999816894531,87.25,35.290626525878906,565900,0.0,0.0,0.0
2010-07-16,87.19000244140625,87.20999908447266,86.4800033569336,86.72000122070312,35.07625961303711,1215300,0.0,0.0,0.0
2010-07-19,86.9800033569336,87.22000122070312,86.7300033569336,87.01000213623047,35.193546295166016,556000,0.0,0.0,0.0
2010-07-20,87.0,88.16000366210938,86.86000061035156,87.70999908447266,35.4766960144043,2442800,0.0,0.0,0.0
2010-07-21,88.08000183105469,88.44000244140625,87.37000274658203,87.66999816894531,35.460514068603516,1376100,0.0,0.0,0.0
2010-07-22,87.94999694824219,88.45999908447266,87.94999694824219,88.44999694824219,35.7760009765625,809300,0.0,0.0,0.0
2010-07-23,88.38999938964844,88.8499984741211,88.04000091552734,88.8499984741211,35.937808990478516,985400,0.0,0.0,0.0
2010-07-26,88.80000305175781,88.95999908447266,88.47000122070312,88.88999938964844,35.9539909362793,887200,0.0,0.0,0.0
2010-07-27,88.98999786376953,89.0999984741211,88.4800033569336,88.7699966430664,35.905452728271484,887100,0.0,0.0,0.0
2010-07-28,88.87999725341797,88.94999694824219,88.5199966430664,88.58000183105469,35.828590393066406,603100,0.0,0.0,0.0
2010-07-29,88.87999725341797,88.93000030517578,88.58000183105469,88.8499984741211,35.937808990478516,628800,0.0,0.0,0.0
2010-07-30,88.5999984741211,88.87000274658203,88.3499984741211,88.62000274658203,35.84474563598633,1038700,0.0,0.0,0.0
2010-08-02,88.38999938964844,88.55000305175781,88.19999694824219,88.4800033569336,36.031681060791016,1021600,0.599,0.0,0.0
2010-08-03,88.16999816894531,88.62999725341797,88.08999633789062,88.4800033569336,36.031681060791016,1705900,0.0,0.0,0.0
2010-08-04,88.58000183105469,88.58999633789062,88.29000091552734,88.43000030517578,36.01130676269531,1844200,0.0,0.0,0.0
2010-08-05,88.33999633789062,88.41000366210938,88.1500015258789,88.38999938964844,35.99500274658203,708100,0.0,0.0,0.0
2010-08-06,88.33999633789062,88.38999938964844,87.87000274658203,88.37000274658203,35.98691177368164,830300,0.0,0.0,0.0
2010-08-09,88.58999633789062,88.58999633789062,88.08999633789062,88.20999908447266,35.92173767089844,1266200,0.0,0.0,0.0
2010-08-10,88.2300033569336,88.30000305175781,87.94999694824219,88.18000030517578,35.909515380859375,1271500,0.0,0.0,0.0
2010-08-11,87.58999633789062,87.69999694824219,86.9000015258789,87.02999877929688,35.441200256347656,1558600,0.0,0.0,0.0
2010-08-12,86.6500015258789,87.13999938964844,86.19999694824219,86.7300033569336,35.319026947021484,1261600,0.0,0.0,0.0
2010-08-13,86.97000122070312,87.33000183105469,86.6500015258789,87.11000061035156,35.47378158569336,776300,0.0,0.0,0.0
2010-08-16,86.98999786376953,87.47000122070312,86.9800033569336,87.22000122070312,35.518577575683594,1087600,0.0,0.0,0.0
2010-08-17,87.55000305175781,87.77999877929688,87.47000122070312,87.55000305175781,35.652923583984375,860800,0.0,0.0,0.0
2010-08-18,87.5999984741211,87.76000213623047,87.5,87.69999694824219,35.714054107666016,717000,0.0,0.0,0.0
2010-08-19,87.69999694824219,87.80999755859375,87.27999877929688,87.5199966430664,35.640743255615234,882800,0.0,0.0,0.0
2010-08-20,87.5199966430664,87.7699966430664,87.45999908447266,87.7300033569336,35.726261138916016,557700,0.0,0.0,0.0
2010-08-23,87.80000305175781,87.80999755859375,87.56999969482422,87.7300033569336,35.726261138916016,633300,0.0,0.0,0.0
2010-08-24,87.51000213623047,87.56999969482422,87.25,87.2699966430664,35.5389404296875,1000800,0.0,0.0,0.0
2010-08-25,87.19999694824219,87.31999969482422,86.79000091552734,87.1500015258789,35.490081787109375,788400,0.0,0.0,0.0
2010-08-26,87.22000122070312,87.44000244140625,86.80000305175781,87.02999877929688,35.441200256347656,1012400,0.0,0.0,0.0
2010-08-27,87.19999694824219,87.43000030517578,86.91000366210938,87.0199966430664,35.43711853027344,1302000,0.0,0.0,0.0
2010-08-30,87.02999877929688,87.43000030517578,87.02999877929688,87.18000030517578,35.50229263305664,620800,0.0,0.0,0.0
2010-08-31,87.19999694824219,87.37999725341797,87.0999984741211,87.1500015258789,35.490081787109375,1154800,0.0,0.0,0.0
2010-09-01,86.91000366210938,87.45999908447266,86.88999938964844,87.45999908447266,35.87358093261719,1697900,0.625,0.0,0.0
2010-09-02,87.5199966430664,87.61000061035156,87.33999633789062,87.5999984741211,35.93102264404297,603900,0.0,0.0,0.0
2010-09-03,87.7300033569336,87.86000061035156,87.4800033569336,87.86000061035156,36.037662506103516,999600,0.0,0.0,0.0
2010-09-07,87.68000030517578,87.73999786376953,87.3499984741211,87.7300033569336,35.984344482421875,883500,0.0,0.0,0.0
2010-09-08,87.7300033569336,87.86000061035156,87.66000366210938,87.75,35.992530822753906,835500,0.0,0.0,0.0
2010-09-09,88.12999725341797,88.12999725341797,87.83000183105469,88.0999984741211,36.1360969543457,789300,0.0,0.0,0.0
2010-09-10,88.2300033569336,88.37000274658203,88.0199966430664,88.33000183105469,36.230438232421875,957600,0.0,0.0,0.0
2010-09-13,88.58000183105469,88.81999969482422,88.44999694824219,88.79000091552734,36.41910171508789,1103500,0.0,0.0,0.0
2010-09-14,88.77999877929688,88.77999877929688,88.5199966430664,88.7699966430664,36.41091537475586,658700,0.0,0.0,0.0
2010-09-15,88.47000122070312,88.73999786376953,88.47000122070312,88.69000244140625,36.37810134887695,570800,0.0,0.0,0.0
2010-09-16,88.73999786376953,88.9000015258789,88.6500015258789,88.83999633789062,36.43962097167969,751400,0.0,0.0,0.0
2010-09-17,89.05000305175781,89.05000305175781,88.9000015258789,89.0,36.505279541015625,922800,0.0,0.0,0.0
2010-09-20,89.0999984741211,89.22000122070312,89.05000305175781,89.13999938964844,36.56267547607422,631900,0.0,0.0,0.0
2010-09-21,89.2300033569336,89.2300033569336,88.87000274658203,88.98999786376953,36.501129150390625,810900,0.0,0.0,0.0
2010-09-22,89.0999984741211,89.0999984741211,88.62000274658203,88.62999725341797,36.35349655151367,832700,0.0,0.0,0.0
2010-09-23,88.5,88.5199966430664,88.25,88.4000015258789,36.2591552734375,758800,0.0,0.0,0.0
2010-09-24,88.52999877929688,88.88999938964844,88.52999877929688,88.75,36.4026985168457,917200,0.0,0.0,0.0
2010-09-27,88.93000030517578,89.08000183105469,88.83999633789062,88.9000015258789,36.46418380737305,615900,0.0,0.0,0.0
2010-09-28,89.16000366210938,89.16000366210938,88.80000305175781,89.02999877929688,36.517539978027344,1038800,0.0,0.0,0.0
2010-09-29,89.19999694824219,89.41000366210938,89.11000061035156,89.23999786376953,36.60368347167969,826600,0.0,0.0,0.0
2010-09-30,89.4800033569336,89.73999786376953,89.2300033569336,89.69000244140625,36.78826141357422,2290800,0.0,0.0,0.0
2010-10-01,89.20999908447266,89.33000183105469,88.98999786376953,89.22000122070312,36.8365592956543,837800,0.587,0.0,0.0
2010-10-04,89.27999877929688,89.27999877929688,88.88999938964844,88.91000366210938,36.708587646484375,2490600,0.0,0.0,0.0
2010-10-05,89.25,89.31999969482422,89.05999755859375,89.2300033569336,36.8407096862793,993500,0.0,0.0,0.0
2010-10-06,89.22000122070312,89.33000183105469,89.05000305175781,89.1500015258789,36.80767059326172,1990200,0.0,0.0,0.0
2010-10-07,89.3499984741211,89.5,89.12999725341797,89.33000183105469,36.88199996948242,1371700,0.0,0.0,0.0
2010-10-08,89.45999908447266,89.68000030517578,89.36000061035156,89.62999725341797,37.005855560302734,1524800,0.0,0.0,0.0
2010-10-11,89.66000366210938,89.88999938964844,89.62999725341797,89.81999969482422,37.08427047729492,644900,0.0,0.0,0.0
2010-10-12,89.7699966430664,89.94999694824219,89.66999816894531,89.73999786376953,37.051273345947266,855200,0.0,0.0,0.0
2010-10-13,89.93000030517578,90.25,89.81999969482422,90.04000091552734,37.17512893676758,880300,0.0,0.0,0.0
2010-10-14,90.12000274658203,90.12999725341797,89.55000305175781,89.61000061035156,36.99759292602539,994400,0.0,0.0,0.0
2010-10-15,89.79000091552734,90.0,89.73999786376953,89.83999633789062,37.092567443847656,524200,0.0,0.0,0.0
2010-10-18,89.94999694824219,90.0999984741211,89.72000122070312,89.72000122070312,37.043033599853516,516300,0.0,0.0,0.0
2010-10-19,89.79000091552734,89.94999694824219,89.68000030517578,89.70999908447266,37.03889083862305,601800,0.0,0.0,0.0
2010-10-20,89.81999969482422,90.0199966430664,89.63999938964844,89.98999786376953,37.15447235107422,965600,0.0,0.0,0.0
2010-10-21,90.08999633789062,90.12000274658203,89.8499984741211,89.8499984741211,37.09667205810547,521000,0.0,0.0,0.0
2010-10-22,90.06999969482422,90.27999877929688,90.01000213623047,90.26000213623047,37.26597213745117,418000,0.0,0.0,0.0
2010-10-25,90.47000122070312,90.7699966430664,90.44999694824219,90.61000061035156,37.41044998168945,1051500,0.0,0.0,0.0
2010-10-26,90.58999633789062,90.7699966430664,90.55000305175781,90.75,37.46826171875,568100,0.0,0.0,0.0
2010-10-27,90.69999694824219,90.80000305175781,90.52999877929688,90.6500015258789,37.42698669433594,910700,0.0,0.0,0.0
2010-10-28,90.88999938964844,90.9000015258789,90.55000305175781,90.69999694824219,37.4476318359375,1078600,0.0,0.0,0.0
2010-10-29,90.80999755859375,90.9000015258789,90.66000366210938,90.73999786376953,37.464134216308594,898000,0.0,0.0,0.0
2010-11-01,90.30000305175781,90.4000015258789,89.94999694824219,89.97000122070312,37.39388656616211,921400,0.601,0.0,0.0
2010-11-02,90.19999694824219,90.41999816894531,90.06999969482422,90.41000366210938,37.57678985595703,859800,0.0,0.0,0.0
2010-11-03,90.44999694824219,90.80000305175781,90.33999633789062,90.70999908447266,37.70145797729492,1301600,0.0,0.0,0.0
2010-11-04,91.06999969482422,91.97000122070312,91.05999755859375,91.88999938964844,38.191917419433594,1495800,0.0,0.0,0.0
2010-11-05,91.77999877929688,91.88999938964844,91.5199966430664,91.79000091552734,38.15034866333008,1281500,0.0,0.0,0.0
2010-11-08,91.69999694824219,91.79000091552734,91.44999694824219,91.5199966430664,38.038108825683594,1178800,0.0,0.0,0.0
2010-11-09,91.69000244140625,91.69000244140625,91.0999984741211,91.26000213623047,37.9300422668457,705400,0.0,0.0,0.0
2010-11-10,91.25,91.25,90.4800033569336,90.51000213623047,37.61832809448242,1250800,0.0,0.0,0.0
2010-11-11,90.44000244140625,90.52999877929688,89.80999755859375,90.1500015258789,37.46870803833008,1051000,0.0,0.0,0.0
2010-11-12,90.13999938964844,90.25,89.81999969482422,89.81999969482422,37.33155822753906,1088500,0.0,0.0,0.0
2010-11-15,90.16999816894531,90.19999694824219,89.58999633789062,89.6500015258789,37.26089859008789,1071300,0.0,0.0,0.0
2010-11-16,89.58000183105469,89.69999694824219,88.48999786376953,88.66000366210938,36.849430084228516,1674100,0.0,0.0,0.0
2010-11-17,89.25,89.37000274658203,89.0,89.11000061035156,37.03647232055664,1827000,0.0,0.0,0.0
2010-11-18,89.81999969482422,90.23999786376953,89.58000183105469,90.23999786376953,37.506107330322266,1197000,0.0,0.0,0.0
2010-11-19,90.0,90.20999908447266,89.83999633789062,90.20999908447266,37.493648529052734,592000,0.0,0.0,0.0
2010-11-22,89.76000213623047,89.94999694824219,89.54000091552734,89.58000183105469,37.231788635253906,424600,0.0,0.0,0.0
2010-11-23,89.37999725341797,89.37999725341797,88.31999969482422,88.3499984741211,36.720558166503906,1975700,0.0,0.0,0.0
2010-11-24,88.56999969482422,89.0199966430664,88.56999969482422,88.87999725341797,36.94086837768555,690700,0.0,0.0,0.0
2010-11-26,88.7699966430664,88.87000274658203,88.51000213623047,88.55999755859375,36.807861328125,365000,0.0,0.0,0.0
2010-11-29,88.51000213623047,89.0199966430664,88.4800033569336,88.79000091552734,36.90346145629883,598300,0.0,0.0,0.0
2010-11-30,88.58999633789062,89.12000274658203,88.41999816894531,88.98999786376953,36.986576080322266,1459300,0.0,0.0,0.0
2010-12-01,88.9800033569336,89.25,88.79000091552734,89.22000122070312,37.32883834838867,1710800,0.588,0.0,0.0
2010-12-02,89.26000213623047,89.31999969482422,89.0,89.2699966430664,37.34973907470703,775600,0.0,0.0,0.0
2010-12-03,89.19999694824219,89.44999694824219,89.16000366210938,89.41999816894531,37.412506103515625,1621000,0.0,0.0,0.0
2010-12-06,89.41999816894531,89.41999816894531,89.2300033569336,89.37000274658203,37.3916015625,776300,0.0,0.0,0.0
2010-12-07,89.81999969482422,89.91000366210938,89.66999816894531,89.83000183105469,37.58404541015625,946300,0.0,0.0,0.0
2010-12-08,89.7300033569336,90.0,89.41000366210938,89.54000091552734,37.462730407714844,1216200,0.0,0.0,0.0
2010-12-09,89.66999816894531,89.66999816894531,89.33999633789062,89.3499984741211,37.38322067260742,457200,0.0,0.0,0.0
2010-12-10,89.5,89.61000061035156,89.30999755859375,89.38999938964844,37.39996337890625,613100,0.0,0.0,0.0
2010-12-13,89.4000015258789,89.56999969482422,88.81999969482422,88.94000244140625,37.211692810058594,1176600,0.0,0.0,0.0
2010-12-14,89.4000015258789,89.4000015258789,88.87999725341797,89.37999725341797,37.39575958251953,1366900,0.0,0.0,0.0
2010-12-15,89.4000015258789,89.4000015258789,88.91000366210938,89.02999877929688,37.24934005737305,566500,0.0,0.0,0.0
2010-12-16,88.9000015258789,89.36000061035156,88.77999877929688,89.36000061035156,37.38740158081055,498600,0.0,0.0,0.0
2010-12-17,89.3499984741211,89.52999877929688,89.2300033569336,89.48999786376953,37.44179916381836,989700,0.0,0.0,0.0
2010-12-20,89.62999725341797,89.6500015258789,89.5,89.6500015258789,37.50874328613281,587700,0.0,0.0,0.0
2010-12-21,89.80999755859375,89.88999938964844,89.66000366210938,89.83999633789062,37.58823776245117,785400,0.0,0.0,0.0
2010-12-22,89.8499984741211,90.13999938964844,89.7699966430664,90.08999633789062,37.69282913208008,803000,0.0,0.0,0.0
2010-12-23,90.1500015258789,90.25,90.12000274658203,90.18000030517578,37.73048400878906,560500,0.0,0.0,0.0
2010-12-27,90.31999969482422,90.36000061035156,90.12000274658203,90.25,37.759769439697266,590800,0.0,0.0,0.0
2010-12-28,89.87000274658203,89.9000015258789,89.54000091552734,89.7300033569336,37.78375244140625,575100,0.577,0.0,0.0
2010-12-29,89.83999633789062,90.05999755859375,89.72000122070312,90.02999877929688,37.91008377075195,535700,0.0,0.0,0.0
2010-12-30,90.13999938964844,90.13999938964844,89.95999908447266,90.12999725341797,37.95218276977539,335400,0.0,0.0,0.0
2010-12-31,90.12999725341797,90.30999755859375,90.05000305175781,90.29000091552734,38.01957321166992,715700,0.0,0.0,0.0
2011-01-03,90.29000091552734,90.70999908447266,90.2699966430664,90.36000061035156,38.04902267456055,1448800,0.0,0.0,0.0
2011-01-04,90.55999755859375,90.77999877929688,90.4800033569336,90.7699966430664,38.22172164916992,1077800,0.0,0.0,0.0
2011-01-05,90.63999938964844,91.01000213623047,90.62999725341797,91.0,38.31856918334961,2537800,0.0,0.0,0.0
2011-01-06,91.04000091552734,91.12000274658203,90.69000244140625,91.11000061035156,38.3648567199707,2046600,0.0,0.0,0.0
2011-01-07,91.12000274658203,91.12000274658203,90.69999694824219,90.76000213623047,38.21748352050781,917900,0.0,0.0,0.0
2011-01-10,90.61000061035156,90.7300033569336,90.56999969482422,90.69000244140625,38.18803405761719,517400,0.0,0.0,0.0
2011-01-11,90.91000366210938,91.08999633789062,90.8499984741211,91.04000091552734,38.335391998291016,493300,0.0,0.0,0.0
2011-01-12,91.05000305175781,91.33000183105469,91.05000305175781,91.2300033569336,38.415401458740234,609600,0.0,0.0,0.0
2011-01-13,91.23999786376953,91.44999694824219,91.16999816894531,91.20999908447266,38.406978607177734,1563900,0.0,0.0,0.0
2011-01-14,91.3499984741211,91.4000015258789,91.23999786376953,91.36000061035156,38.47012710571289,912500,0.0,0.0,0.0
2011-01-18,91.5,91.5,91.25,91.3499984741211,38.465911865234375,1186800,0.0,0.0,0.0
2011-01-19,91.2699966430664,91.38999938964844,91.05999755859375,91.06999969482422,38.34803009033203,1073200,0.0,0.0,0.0
2011-01-20,91.06999969482422,91.12999725341797,90.76000213623047,90.88999938964844,38.27222442626953,766000,0.0,0.0,0.0
2011-01-21,90.9800033569336,91.33999633789062,90.9800033569336,91.26000213623047,38.42802429199219,681100,0.0,0.0,0.0
2011-01-24,91.29000091552734,91.44999694824219,91.29000091552734,91.38999938964844,38.48276901245117,697300,0.0,0.0,0.0
2011-01-25,91.43000030517578,91.52999877929688,91.33000183105469,91.52999877929688,38.541725158691406,686400,0.0,0.0,0.0
2011-01-26,91.63999938964844,91.72000122070312,91.52999877929688,91.72000122070312,38.62174606323242,985500,0.0,0.0,0.0
2011-01-27,91.7699966430664,91.8499984741211,91.69000244140625,91.83999633789062,38.672237396240234,679400,0.0,0.0,0.0
2011-01-28,91.87999725341797,91.88999938964844,91.2699966430664,91.29000091552734,38.4406623840332,2015100,0.0,0.0,0.0
2011-01-31,91.52999877929688,91.77999877929688,91.36000061035156,91.77999877929688,38.64701461791992,1183200,0.0,0.0,0.0
2011-02-01,91.30999755859375,91.44999694824219,91.20999908447266,91.37000274658203,38.72285842895508,944600,0.589,0.0,0.0
2011-02-02,91.48999786376953,91.51000213623047,91.37000274658203,91.47000122070312,38.7652473449707,550400,0.0,0.0,0.0
2011-02-03,91.4800033569336,91.55999755859375,91.2699966430664,91.47000122070312,38.7652473449707,1240800,0.0,0.0,0.0
2011-02-04,91.69999694824219,91.88999938964844,91.5199966430664,91.87000274658203,38.93476104736328,1667600,0.0,0.0,0.0
2011-02-07,92.01000213623047,92.05000305175781,91.79000091552734,92.04000091552734,39.00680923461914,2260600,0.0,0.0,0.0
2011-02-08,92.12000274658203,92.16000366210938,92.0,92.13999938964844,39.04918670654297,2632400,0.0,0.0,0.0
2011-02-09,92.13999938964844,92.13999938964844,91.62000274658203,91.62000274658203,38.828765869140625,936900,0.0,0.0,0.0
2011-02-10,91.5999984741211,91.91000366210938,91.5,91.72000122070312,38.871212005615234,801800,0.0,0.0,0.0
2011-02-11,91.87000274658203,91.94999694824219,91.62999725341797,91.94999694824219,38.968650817871094,586700,0.0,0.0,0.0
2011-02-14,91.86000061035156,92.0199966430664,91.86000061035156,92.0199966430664,38.99831008911133,660000,0.0,0.0,0.0
2011-02-15,92.05999755859375,92.05999755859375,91.7699966430664,91.83999633789062,38.922027587890625,1109100,0.0,0.0,0.0
2011-02-16,92.01000213623047,92.08999633789062,91.87000274658203,91.87000274658203,38.93476104736328,1378100,0.0,0.0,0.0
2011-02-17,92.0,92.0999984741211,91.95999908447266,92.08000183105469,39.023765563964844,658800,0.0,0.0,0.0
2011-02-18,92.18000030517578,92.37000274658203,92.11000061035156,92.36000061035156,39.14242172241211,870300,0.0,0.0,0.0
2011-02-22,92.19000244140625,92.23999786376953,91.58999633789062,91.5999984741211,38.820335388183594,1305600,0.0,0.0,0.0
2011-02-23,91.62999725341797,91.83000183105469,91.58999633789062,91.69000244140625,38.85844421386719,1062700,0.0,0.0,0.0
2011-02-24,91.8499984741211,91.91000366210938,91.70999908447266,91.76000213623047,38.88816452026367,857300,0.0,0.0,0.0
2011-02-25,91.80999755859375,92.08000183105469,91.77999877929688,92.04000091552734,39.00680923461914,1907800,0.0,0.0,0.0
2011-02-28,92.13999938964844,92.52999877929688,91.9800033569336,92.5,39.20176315307617,4044100,0.0,0.0,0.0
2011-03-01,91.97000122070312,91.9800033569336,91.68000030517578,91.77999877929688,39.14162826538086,1692100,0.579,0.0,0.0
2011-03-02,91.75,91.87999725341797,91.69999694824219,91.86000061035156,39.175724029541016,1271400,0.0,0.0,0.0
2011-03-03,91.91000366210938,92.22000122070312,91.91000366210938,92.19000244140625,39.31648254394531,1615300,0.0,0.0,0.0
2011-03-04,92.19000244140625,92.20999908447266,91.93000030517578,92.0,39.235443115234375,1057200,0.0,0.0,0.0
2011-03-07,92.12999725341797,92.13999938964844,91.91999816894531,92.0199966430664,39.243953704833984,1086800,0.0,0.0,0.0
2011-03-08,92.0,92.05999755859375,91.91000366210938,91.94000244140625,39.20985412597656,971400,0.0,0.0,0.0
2011-03-09,91.95999908447266,92.01000213623047,91.6500015258789,91.68000030517578,39.09897232055664,1241700,0.0,0.0,0.0
2011-03-10,91.73999786376953,91.80000305175781,91.16999816894531,91.19999694824219,38.89426803588867,1098400,0.0,0.0,0.0
2011-03-11,91.11000061035156,91.3499984741211,91.05999755859375,91.18000030517578,38.885746002197266,1023500,0.0,0.0,0.0
2011-03-14,91.08999633789062,91.26000213623047,90.76000213623047,90.80999755859375,38.72795104980469,1643400,0.0,0.0,0.0
2011-03-15,89.9000015258789,90.48999786376953,89.5,90.33999633789062,38.52751541137695,1598300,0.0,0.0,0.0
2011-03-16,90.36000061035156,90.62000274658203,89.72000122070312,89.77999877929688,38.2886848449707,2882900,0.0,0.0,0.0
2011-03-17,90.22000122070312,90.76000213623047,90.22000122070312,90.75,38.702362060546875,1634200,0.0,0.0,0.0
2011-03-18,91.13999938964844,91.47000122070312,91.0199966430664,91.18000030517578,38.885746002197266,1300400,0.0,0.0,0.0
2011-03-21,91.48999786376953,91.77999877929688,91.41000366210938,91.73999786376953,39.12455368041992,943800,0.0,0.0,0.0
2011-03-22,91.62000274658203,91.83000183105469,91.52999877929688,91.79000091552734,39.145877838134766,2285400,0.0,0.0,0.0
2011-03-23,91.69000244140625,91.81999969482422,91.52999877929688,91.68000030517578,39.09897232055664,749400,0.0,0.0,0.0
2011-03-24,91.76000213623047,91.8499984741211,91.6500015258789,91.76000213623047,39.13308334350586,923100,0.0,0.0,0.0
2011-03-25,91.83999633789062,91.86000061035156,91.76000213623047,91.79000091552734,39.145877838134766,478500,0.0,0.0,0.0
2011-03-28,91.9000015258789,91.9000015258789,91.69000244140625,91.81999969482422,39.158668518066406,844000,0.0,0.0,0.0
2011-03-29,91.69999694824219,91.91000366210938,91.68000030517578,91.87000274658203,39.18000030517578,1010700,0.0,0.0,0.0
2011-03-30,91.94999694824219,92.05999755859375,91.75,92.01000213623047,39.239707946777344,1868800,0.0,0.0,0.0
2011-03-31,92.02999877929688,92.02999877929688,91.87000274658203,91.95999908447266,39.2183952331543,924100,0.0,0.0,0.0
2011-04-01,91.38999938964844,91.52999877929688,91.27999877929688,91.27999877929688,39.17118453979492,1322400,0.57,0.0,0.0
2011-04-04,91.44000244140625,91.86000061035156,91.3499984741211,91.83999633789062,39.41147232055664,3254100,0.0,0.0,0.0
2011-04-05,91.63999938964844,91.91000366210938,91.63999938964844,91.73999786376953,39.36857223510742,1338100,0.0,0.0,0.0
2011-04-06,91.91000366210938,91.9800033569336,91.83999633789062,91.94000244140625,39.454402923583984,835300,0.0,0.0,0.0
2011-04-07,91.93000030517578,92.06999969482422,91.91999816894531,92.02999877929688,39.49302291870117,1156700,0.0,0.0,0.0
2011-04-08,92.08999633789062,92.12000274658203,91.91000366210938,92.02999877929688,39.49302291870117,1168900,0.0,0.0,0.0
2011-04-11,92.08000183105469,92.16999816894531,91.93000030517578,91.94000244140625,39.454402923583984,1045900,0.0,0.0,0.0
2011-04-12,91.9800033569336,91.9800033569336,91.62000274658203,91.6500015258789,39.32994842529297,940100,0.0,0.0,0.0
2011-04-13,91.87000274658203,92.08999633789062,91.83000183105469,92.08999633789062,39.518775939941406,1128100,0.0,0.0,0.0
2011-04-14,92.0,92.0199966430664,91.63999938964844,91.72000122070312,39.360008239746094,1538700,0.0,0.0,0.0
2011-04-15,91.8499984741211,91.9000015258789,91.76000213623047,91.83999633789062,39.41147232055664,658300,0.0,0.0,0.0
2011-04-18,91.69999694824219,91.69999694824219,91.41999816894531,91.5199966430664,39.27415466308594,1736400,0.0,0.0,0.0
2011-04-19,91.63999938964844,91.86000061035156,91.61000061035156,91.83999633789062,39.41147232055664,1020800,0.0,0.0,0.0
2011-04-20,92.0,92.2300033569336,91.91000366210938,92.19000244140625,39.56169509887695,716400,0.0,0.0,0.0
2011-04-21,92.31999969482422,92.43000030517578,92.11000061035156,92.41000366210938,39.65608215332031,632000,0.0,0.0,0.0
2011-04-25,92.44999694824219,92.44999694824219,92.30000305175781,92.30999755859375,39.61317825317383,978700,0.0,0.0,0.0
2011-04-26,92.44999694824219,92.5199966430664,92.33000183105469,92.5199966430664,39.70328140258789,575400,0.0,0.0,0.0
2011-04-27,92.48999786376953,92.58000183105469,92.4800033569336,92.58000183105469,39.729034423828125,738800,0.0,0.0,0.0
2011-04-28,92.58000183105469,92.66000366210938,92.55000305175781,92.62999725341797,39.75050354003906,697600,0.0,0.0,0.0
2011-04-29,92.76000213623047,92.8499984741211,92.68000030517578,92.8499984741211,39.84491729736328,799000,0.0,0.0,0.0
2011-05-02,92.30999755859375,92.41999816894531,92.20999908447266,92.2300033569336,39.82461929321289,848700,0.573,0.0,0.0
2011-05-03,92.41999816894531,92.43000030517578,92.0999984741211,92.25,39.833255767822266,977700,0.0,0.0,0.0
2011-05-04,92.37999725341797,92.37999725341797,92.12000274658203,92.22000122070312,39.820308685302734,959400,0.0,0.0,0.0
2011-05-05,92.22000122070312,92.22000122070312,91.79000091552734,91.83999633789062,39.65619659423828,1300000,0.0,0.0,0.0
2011-05-06,92.11000061035156,92.44999694824219,92.11000061035156,92.30999755859375,39.85915756225586,968900,0.0,0.0,0.0
2011-05-09,92.38999938964844,92.51000213623047,92.29000091552734,92.43000030517578,39.91096496582031,620500,0.0,0.0,0.0
2011-05-10,92.33000183105469,92.62999725341797,92.33000183105469,92.62999725341797,39.997344970703125,723600,0.0,0.0,0.0
2011-05-11,92.69000244140625,92.7300033569336,92.37000274658203,92.48999786376953,39.93691635131836,595200,0.0,0.0,0.0
2011-05-12,92.47000122070312,92.58000183105469,92.26000213623047,92.58000183105469,39.97575378417969,1129800,0.0,0.0,0.0
2011-05-13,92.5999984741211,92.5999984741211,92.19999694824219,92.19999694824219,39.81167221069336,1053400,0.0,0.0,0.0
2011-05-16,92.26000213623047,92.47000122070312,92.26000213623047,92.37999725341797,39.889381408691406,540400,0.0,0.0,0.0
2011-05-17,92.37000274658203,92.58999633789062,92.11000061035156,92.54000091552734,39.9584846496582,1674000,0.0,0.0,0.0
2011-05-18,92.4800033569336,92.66000366210938,92.43000030517578,92.6500015258789,40.0059700012207,813000,0.0,0.0,0.0
2011-05-19,92.66999816894531,92.66999816894531,92.51000213623047,92.61000061035156,39.988704681396484,715900,0.0,0.0,0.0
2011-05-20,92.61000061035156,92.61000061035156,92.41000366210938,92.54000091552734,39.9584846496582,538900,0.0,0.0,0.0
2011-05-23,92.26000213623047,92.3499984741211,92.08000183105469,92.0999984741211,39.76848220825195,1204800,0.0,0.0,0.0
2011-05-24,92.30999755859375,92.37000274658203,91.93000030517578,91.94999694824219,39.70368576049805,808100,0.0,0.0,0.0
2011-05-25,92.02999877929688,92.05000305175781,91.9000015258789,91.94999694824219,39.70368576049805,1407900,0.0,0.0,0.0
2011-05-26,91.97000122070312,92.0,91.87000274658203,91.87000274658203,39.6691780090332,787900,0.0,0.0,0.0
2011-05-27,91.94999694824219,92.26000213623047,91.9000015258789,92.1500015258789,39.79009246826172,1225700,0.0,0.0,0.0
2011-05-31,92.4000015258789,92.45999908447266,92.26000213623047,92.4000015258789,39.89802932739258,1848000,0.0,0.0,0.0
2011-06-01,91.76000213623047,91.88999938964844,91.1500015258789,91.30000305175781,39.666015625,2091600,0.566,0.0,0.0
2011-06-02,91.36000061035156,91.4000015258789,91.19999694824219,91.23999786376953,39.639957427978516,1177000,0.0,0.0,0.0
2011-06-03,90.95999908447266,91.08000183105469,90.81999969482422,90.87999725341797,39.48354721069336,1141100,0.0,0.0,0.0
2011-06-06,90.94000244140625,91.01000213623047,90.56999969482422,90.66000366210938,39.387962341308594,1660100,0.0,0.0,0.0
2011-06-07,90.9000015258789,90.93000030517578,90.54000091552734,90.58999633789062,39.35755157470703,995500,0.0,0.0,0.0
2011-06-08,90.55999755859375,90.58000183105469,90.13999938964844,90.16000366210938,39.170745849609375,1642600,0.0,0.0,0.0
2011-06-09,90.20999908447266,90.44000244140625,90.12000274658203,90.22000122070312,39.196815490722656,1480700,0.0,0.0,0.0
2011-06-10,90.2699966430664,90.3499984741211,89.44000244140625,89.62999725341797,38.940460205078125,3870000,0.0,0.0,0.0
2011-06-13,89.75,89.98999786376953,89.29000091552734,89.29000091552734,38.79276657104492,2015400,0.0,0.0,0.0
2011-06-14,89.97000122070312,90.0199966430664,89.80000305175781,89.8499984741211,39.036041259765625,1253000,0.0,0.0,0.0
2011-06-15,89.58000183105469,89.8499984741211,89.37000274658203,89.47000122070312,38.870967864990234,1319400,0.0,0.0,0.0
2011-06-16,89.41000366210938,89.69999694824219,87.62999725341797,87.87999725341797,38.180171966552734,7149900,0.0,0.0,0.0
2011-06-17,88.88999938964844,89.18000030517578,88.30000305175781,88.8499984741211,38.601619720458984,3486900,0.0,0.0,0.0
2011-06-20,88.94999694824219,89.56999969482422,88.94000244140625,89.47000122070312,38.870967864990234,1555600,0.0,0.0,0.0
2011-06-21,89.62000274658203,90.08000183105469,89.55999755859375,90.06999969482422,39.13163757324219,2212000,0.0,0.0,0.0
2011-06-22,89.9000015258789,90.04000091552734,89.41000366210938,89.41999816894531,38.8492546081543,1667400,0.0,0.0,0.0
2011-06-23,89.25,90.0,88.83000183105469,89.9000015258789,39.05778121948242,2999800,0.0,0.0,0.0
2011-06-24,90.05000305175781,90.05000305175781,89.33000183105469,89.47000122070312,38.870967864990234,1416400,0.0,0.0,0.0
2011-06-27,89.51000213623047,89.5999984741211,89.36000061035156,89.44999694824219,38.862274169921875,1137600,0.0,0.0,0.0
2011-06-28,89.69999694824219,89.80999755859375,89.62000274658203,89.80999755859375,39.01869201660156,1477500,0.0,0.0,0.0
2011-06-29,90.0999984741211,90.75,89.94999694824219,90.69999694824219,39.40531539916992,1752700,0.0,0.0,0.0
2011-06-30,90.69999694824219,91.5999984741211,90.69999694824219,91.30999755859375,39.67036437988281,2514300,0.0,0.0,0.0
2011-07-01,91.38999938964844,91.44999694824219,90.83999633789062,91.20999908447266,39.881099700927734,1749800,0.582,0.0,0.0
2011-07-05,91.05999755859375,91.33999633789062,90.91000366210938,91.33000183105469,39.933589935302734,2253200,0.0,0.0,0.0
2011-07-06,90.98999786376953,91.37999725341797,90.91999816894531,91.37000274658203,39.95109939575195,1969400,0.0,0.0,0.0
2011-07-07,91.58000183105469,91.7300033569336,91.30999755859375,91.7300033569336,40.108489990234375,2662100,0.0,0.0,0.0
2011-07-08,91.16000366210938,91.5199966430664,91.13999938964844,91.4800033569336,39.9991569519043,1771000,0.0,0.0,0.0
2011-07-11,91.01000213623047,91.12999725341797,90.55000305175781,90.58000183105469,39.60565185546875,1967100,0.0,0.0,0.0
2011-07-12,90.5199966430664,90.66000366210938,90.31999969482422,90.33000183105469,39.496341705322266,1407200,0.0,0.0,0.0
2011-07-13,90.5999984741211,91.06999969482422,90.54000091552734,91.02999877929688,39.80241012573242,1056800,0.0,0.0,0.0
2011-07-14,90.87000274658203,91.5,90.80999755859375,90.9800033569336,39.78053665161133,823300,0.0,0.0,0.0
2011-07-15,91.16999816894531,91.16999816894531,90.88999938964844,90.94999694824219,39.767433166503906,688800,0.0,0.0,0.0
2011-07-18,90.75,91.0,90.51000213623047,90.79000091552734,39.6974983215332,2103500,0.0,0.0,0.0
2011-07-19,90.77999877929688,91.2300033569336,90.70999908447266,91.19999694824219,39.87675476074219,894100,0.0,0.0,0.0
2011-07-20,91.41000366210938,91.41000366210938,91.19999694824219,91.27999877929688,39.911746978759766,878500,0.0,0.0,0.0
2011-07-21,91.44999694824219,91.7699966430664,91.3499984741211,91.72000122070312,40.104122161865234,936300,0.0,0.0,0.0
2011-07-22,91.5999984741211,91.86000061035156,91.54000091552734,91.83999633789062,40.15657043457031,670000,0.0,0.0,0.0
2011-07-25,91.55000305175781,91.73999786376953,91.33999633789062,91.3499984741211,39.94234085083008,1050600,0.0,0.0,0.0
2011-07-26,91.44000244140625,91.63999938964844,91.33000183105469,91.54000091552734,40.02543640136719,570200,0.0,0.0,0.0
2011-07-27,91.5199966430664,91.58000183105469,90.81999969482422,90.81999969482422,39.71059799194336,1158100,0.0,0.0,0.0
2011-07-28,90.91999816894531,91.18000030517578,90.83000183105469,90.95999908447266,39.77183151245117,689700,0.0,0.0,0.0
2011-07-29,90.4800033569336,91.08000183105469,90.41000366210938,91.05000305175781,39.81117248535156,1199100,0.0,0.0,0.0
2011-08-01,90.79000091552734,91.01000213623047,90.25,90.69999694824219,39.89957046508789,907000,0.551,0.0,0.0
2011-08-02,90.48999786376953,90.5,89.56999969482422,89.58000183105469,39.40687942504883,1286700,0.0,0.0,0.0
2011-08-03,89.61000061035156,89.95999908447266,88.80999755859375,89.52999877929688,39.38488006591797,2361600,0.0,0.0,0.0
2011-08-04,89.0,89.3499984741211,86.91000366210938,86.94999694824219,38.249935150146484,3396500,0.0,0.0,0.0
2011-08-05,87.44000244140625,88.12999725341797,84.61000061035156,86.86000061035156,38.2103271484375,4671900,0.0,0.0,0.0
2011-08-08,83.87000274658203,85.86000061035156,82.33000183105469,83.16000366210938,36.58267593383789,6491600,0.0,0.0,0.0
2011-08-09,84.25,85.69999694824219,83.05000305175781,85.69999694824219,37.70006561279297,5124100,0.0,0.0,0.0
2011-08-10,85.1500015258789,85.29000091552734,83.88999938964844,84.25,37.06217956542969,3395000,0.0,0.0,0.0
2011-08-11,83.66000366210938,85.91000366210938,83.66000366210938,85.77999877929688,37.7352409362793,2916900,0.0,0.0,0.0
2011-08-12,85.9800033569336,86.20999908447266,85.02999877929688,85.37999725341797,37.55927658081055,2273600,0.0,0.0,0.0
2011-08-15,85.97000122070312,86.88999938964844,85.68000030517578,86.7699966430664,38.17073059082031,3280700,0.0,0.0,0.0
2011-08-16,86.52999877929688,86.77999877929688,86.12000274658203,86.22000122070312,37.928802490234375,2712000,0.0,0.0,0.0
2011-08-17,86.62999725341797,87.18000030517578,86.5999984741211,87.16999816894531,38.346710205078125,1668900,0.0,0.0,0.0
2011-08-18,86.18000030517578,86.2300033569336,85.11000061035156,86.11000061035156,37.880428314208984,2342700,0.0,0.0,0.0
2011-08-19,85.2699966430664,86.58000183105469,85.08999633789062,85.36000061035156,37.55051040649414,1879400,0.0,0.0,0.0
2011-08-22,86.0,86.36000061035156,85.3499984741211,85.45999908447266,37.59445571899414,1681100,0.0,0.0,0.0
2011-08-23,85.27999877929688,86.23999786376953,84.69999694824219,86.0999984741211,37.875999450683594,2588800,0.0,0.0,0.0
2011-08-24,85.5,86.05999755859375,85.19000244140625,85.70999908447266,37.70443344116211,2550900,0.0,0.0,0.0
2011-08-25,86.22000122070312,86.45999908447266,85.0,85.0199966430664,37.400917053222656,1678800,0.0,0.0,0.0
2011-08-26,85.05000305175781,86.05000305175781,84.30000305175781,85.87999725341797,37.779212951660156,1629000,0.0,0.0,0.0
2011-08-29,86.47000122070312,86.8499984741211,86.18000030517578,86.75,38.161949157714844,2082100,0.0,0.0,0.0
2011-08-30,86.61000061035156,86.95999908447266,86.48999786376953,86.91000366210938,38.23234558105469,1774500,0.0,0.0,0.0
2011-08-31,87.79000091552734,88.37999725341797,87.56999969482422,88.02999877929688,38.72502899169922,3213700,0.0,0.0,0.0
2011-09-01,87.48999786376953,87.61000061035156,87.2300033569336,87.41000366210938,38.69980239868164,1624000,0.563,0.0,0.0
2011-09-02,86.56999969482422,87.55999755859375,86.56999969482422,87.0,38.51826095581055,1814600,0.0,0.0,0.0
2011-09-06,85.76000213623047,86.30000305175781,85.5199966430664,85.97000122070312,38.062252044677734,3004100,0.0,0.0,0.0
2011-09-07,86.58999633789062,86.76000213623047,86.11000061035156,86.38999938964844,38.24821090698242,916900,0.0,0.0,0.0
2011-09-08,86.55999755859375,86.8499984741211,86.38999938964844,86.66000366210938,38.36774444580078,1533100,0.0,0.0,0.0
2011-09-09,86.55000305175781,86.80000305175781,85.62999725341797,85.87999725341797,38.022396087646484,1978400,0.0,0.0,0.0
2011-09-12,85.30999755859375,85.45999908447266,84.80999755859375,85.13999938964844,37.69477462768555,2110000,0.0,0.0,0.0
2011-09-13,85.33999633789062,86.0,85.13999938964844,85.79000091552734,37.982547760009766,2331900,0.0,0.0,0.0
2011-09-14,86.06999969482422,86.55999755859375,85.66000366210938,86.36000061035156,38.234901428222656,1648300,0.0,0.0,0.0
2011-09-15,86.55999755859375,86.95999908447266,86.37000274658203,86.94000244140625,38.49171447753906,1534000,0.0,0.0,0.0
2011-09-16,87.1500015258789,87.1500015258789,86.5999984741211,86.88999938964844,38.46957015991211,1217200,0.0,0.0,0.0
2011-09-19,86.73999786376953,86.93000030517578,86.37999725341797,86.76000213623047,38.412017822265625,1251000,0.0,0.0,0.0
2011-09-20,86.91999816894531,87.08000183105469,86.56999969482422,86.9000015258789,38.473976135253906,1509100,0.0,0.0,0.0
2011-09-21,86.9000015258789,87.08000183105469,86.13999938964844,86.1500015258789,38.14194107055664,2524900,0.0,0.0,0.0
2011-09-22,85.16999816894531,85.5199966430664,84.77999877929688,84.9800033569336,37.62394714355469,2295700,0.0,0.0,0.0
2011-09-23,84.7300033569336,85.62000274658203,84.69999694824219,85.20999908447266,37.72578430175781,2251300,0.0,0.0,0.0
2011-09-26,85.38999938964844,86.37999725341797,85.01000213623047,85.52999877929688,37.86747360229492,2451400,0.0,0.0,0.0
2011-09-27,86.04000091552734,86.04000091552734,85.5,85.62999725341797,37.911712646484375,3481300,0.0,0.0,0.0
2011-09-28,85.58000183105469,85.5999984741211,84.51000213623047,84.66999816894531,37.48667907714844,2696800,0.0,0.0,0.0
2011-09-29,85.0,85.27999877929688,84.36000061035156,84.51000213623047,37.415870666503906,1643100,0.0,0.0,0.0
2011-09-30,83.9800033569336,83.9800033569336,82.7300033569336,82.83000183105469,36.672054290771484,2510700,0.0,0.0,0.0
2011-10-03,81.91999816894531,82.45999908447266,81.30000305175781,81.30000305175781,36.230003356933594,2560600,0.538,0.0,0.0
2011-10-04,80.61000061035156,81.18000030517578,77.9000015258789,81.05000305175781,36.11858367919922,4870500,0.0,0.0,0.0
2011-10-05,81.43000030517578,82.11000061035156,80.7300033569336,82.04000091552734,36.559757232666016,2563800,0.0,0.0,0.0
2011-10-06,82.29000091552734,83.31999969482422,81.9000015258789,83.30999755859375,37.125694274902344,2317200,0.0,0.0,0.0
2011-10-07,83.77999877929688,83.80000305175781,82.66999816894531,83.37999725341797,37.15690994262695,2686900,0.0,0.0,0.0
2011-10-10,84.37999725341797,85.18000030517578,83.87000274658203,85.16999816894531,37.95454788208008,2014300,0.0,0.0,0.0
2011-10-11,85.02999877929688,85.02999877929688,84.18000030517578,84.2300033569336,37.53569793701172,2278800,0.0,0.0,0.0
2011-10-12,84.7699966430664,86.27999877929688,84.41999816894531,86.19000244140625,38.40913009643555,4223000,0.0,0.0,0.0
2011-10-13,85.83999633789062,86.0199966430664,85.11000061035156,85.83000183105469,38.24872589111328,3361300,0.0,0.0,0.0
2011-10-14,86.30999755859375,86.45999908447266,86.0,86.43000030517578,38.51606750488281,2760400,0.0,0.0,0.0
2011-10-17,86.0199966430664,86.06999969482422,85.7300033569336,85.93000030517578,38.29326629638672,1904100,0.0,0.0,0.0
2011-10-18,85.91999816894531,86.58000183105469,85.43000030517578,86.38999938964844,38.498252868652344,2890000,0.0,0.0,0.0
2011-10-19,86.55000305175781,87.22000122070312,86.05999755859375,86.11000061035156,38.37348556518555,3574500,0.0,0.0,0.0
2011-10-20,86.4000015258789,86.87999725341797,86.19999694824219,86.87000274658203,38.712158203125,1759800,0.0,0.0,0.0
2011-10-21,87.44999694824219,87.94000244140625,87.25,87.91999816894531,39.1800651550293,2405600,0.0,0.0,0.0
2011-10-24,88.0,90.4800033569336,87.8499984741211,90.30000305175781,40.24067306518555,5630300,0.0,0.0,0.0
2011-10-25,89.41000366210938,89.83000183105469,88.66000366210938,88.69999694824219,39.52766799926758,4506500,0.0,0.0,0.0
2011-10-26,89.5,89.5,88.44999694824219,89.08000183105469,39.697021484375,2839500,0.0,0.0,0.0
2011-10-27,90.73999786376953,91.41999816894531,90.0,90.38999938964844,40.28077697753906,5132100,0.0,0.0,0.0
2011-10-28,90.16000366210938,90.19999694824219,89.83999633789062,90.12000274658203,40.16047668457031,2820700,0.0,0.0,0.0
2011-10-31,89.66000366210938,89.66999816894531,89.19999694824219,89.27999877929688,39.78611373901367,2972600,0.0,0.0,0.0
2011-11-01,87.52999877929688,88.12000274658203,86.75,87.16999816894531,39.07606506347656,3132800,0.526,0.0,0.0
2011-11-02,87.62999725341797,88.18000030517578,87.45999908447266,88.0,39.448116302490234,1812500,0.0,0.0,0.0
2011-11-03,88.69000244140625,88.98999786376953,88.12000274658203,88.87000274658203,39.838130950927734,1409900,0.0,0.0,0.0
2011-11-04,88.37999725341797,88.86000061035156,88.06999969482422,88.77999877929688,39.797786712646484,3759500,0.0,0.0,0.0
2011-11-07,88.7300033569336,88.79000091552734,88.0199966430664,88.4800033569336,39.663307189941406,1756000,0.0,0.0,0.0
2011-11-08,88.75,88.81999969482422,88.33000183105469,88.68000030517578,39.75296401977539,1823800,0.0,0.0,0.0
2011-11-09,87.70999908447266,87.97000122070312,86.80000305175781,86.80000305175781,38.910213470458984,2151500,0.0,0.0,0.0
2011-11-10,87.56999969482422,87.70999908447266,86.87000274658203,86.88999938964844,38.95054626464844,2487700,0.0,0.0,0.0
2011-11-11,87.4000015258789,88.11000061035156,87.33000183105469,88.04000091552734,39.4660758972168,1270200,0.0,0.0,0.0
2011-11-14,87.87999725341797,87.87999725341797,87.0,87.44999694824219,39.20157241821289,1603100,0.0,0.0,0.0
2011-11-15,87.30999755859375,87.4000015258789,86.9000015258789,87.22000122070312,39.098480224609375,1450000,0.0,0.0,0.0
2011-11-16,86.97000122070312,87.12000274658203,86.3499984741211,86.37000274658203,38.71742630004883,1788500,0.0,0.0,0.0
2011-11-17,86.51000213623047,86.7699966430664,85.52999877929688,85.94999694824219,38.5291862487793,2131700,0.0,0.0,0.0
2011-11-18,86.27999877929688,86.30999755859375,85.79000091552734,85.88999938964844,38.50226974487305,2226100,0.0,0.0,0.0
2011-11-21,85.79000091552734,85.91999816894531,84.81999969482422,84.91999816894531,38.06743621826172,3219000,0.0,0.0,0.0
2011-11-22,84.9000015258789,85.13999938964844,84.19000244140625,84.2699966430664,37.77605056762695,4123400,0.0,0.0,0.0
2011-11-23,84.01000213623047,84.19999694824219,82.62999725341797,82.75,37.09469223022461,4483000,0.0,0.0,0.0
2011-11-25,82.98999786376953,83.69000244140625,82.52999877929688,82.75,37.09469223022461,1476200,0.0,0.0,0.0
2011-11-28,84.52999877929688,84.91999816894531,84.0199966430664,84.5999984741211,37.924007415771484,2455000,0.0,0.0,0.0
2011-11-29,84.91999816894531,85.1500015258789,84.62000274658203,85.1500015258789,38.1705207824707,2010300,0.0,0.0,0.0
2011-11-30,86.30000305175781,86.68000030517578,86.06999969482422,86.5999984741211,38.820556640625,2944100,0.0,0.0,0.0
2011-12-01,86.0,86.5199966430664,85.83999633789062,86.43000030517578,38.99153137207031,2442000,0.549,0.0,0.0
2011-12-02,86.69000244140625,87.0,86.43000030517578,86.91999816894531,39.212589263916016,2664700,0.0,0.0,0.0
2011-12-05,87.44000244140625,87.63999938964844,87.12000274658203,87.41000366210938,39.43365478515625,2719200,0.0,0.0,0.0
2011-12-06,87.37000274658203,87.86000061035156,87.12999725341797,87.80000305175781,39.609561920166016,2355600,0.0,0.0,0.0
2011-12-07,87.58000183105469,87.68000030517578,87.19000244140625,87.5199966430664,39.48326873779297,1740600,0.0,0.0,0.0
2011-12-08,87.38999938964844,87.5199966430664,86.94000244140625,86.94999694824219,39.22612380981445,1994200,0.0,0.0,0.0
2011-12-09,87.0999984741211,87.75,87.0,87.69999694824219,39.564483642578125,1355900,0.0,0.0,0.0
2011-12-12,87.37999725341797,87.37999725341797,87.05000305175781,87.2300033569336,39.352447509765625,1772000,0.0,0.0,0.0
2011-12-13,87.51000213623047,87.70999908447266,86.87000274658203,86.9000015258789,39.20355987548828,1742400,0.0,0.0,0.0
2011-12-14,86.93000030517578,86.9800033569336,86.47000122070312,86.75,39.13588333129883,1317700,0.0,0.0,0.0
2011-12-15,87.33999633789062,87.3499984741211,86.93000030517578,87.05999755859375,39.275753021240234,1562200,0.0,0.0,0.0
2011-12-16,87.25,87.51000213623047,87.0,87.47000122070312,39.46076583862305,1383900,0.0,0.0,0.0
2011-12-19,87.54000091552734,87.94999694824219,87.3499984741211,87.36000061035156,39.411075592041016,2268000,0.0,0.0,0.0
2011-12-20,87.94000244140625,88.5199966430664,87.86000061035156,88.44999694824219,39.902801513671875,1957100,0.0,0.0,0.0
2011-12-21,88.20999908447266,88.69999694824219,88.0999984741211,88.69999694824219,40.01560592651367,1792300,0.0,0.0,0.0
2011-12-22,88.62999725341797,89.16000366210938,88.45999908447266,89.04000091552734,40.169010162353516,1885800,0.0,0.0,0.0
2011-12-23,88.98999786376953,89.51000213623047,88.87000274658203,89.44999694824219,40.35394287109375,1255200,0.0,0.0,0.0
2011-12-27,89.02999877929688,89.30000305175781,88.80000305175781,89.2699966430664,40.515079498291016,2282000,0.535,0.0,0.0
2011-12-28,89.41000366210938,89.48999786376953,88.76000213623047,88.8499984741211,40.324485778808594,1899200,0.0,0.0,0.0
2011-12-29,89.0999984741211,89.44000244140625,88.86000061035156,89.37999725341797,40.56501388549805,1558600,0.0,0.0,0.0
2011-12-30,89.37000274658203,89.6500015258789,89.26000213623047,89.43000030517578,40.58769226074219,1553400,0.0,0.0,0.0
2012-01-03,89.81999969482422,89.98999786376953,89.44999694824219,89.72000122070312,40.71931076049805,3118800,0.0,0.0,0.0
2012-01-04,89.69999694824219,89.70999908447266,89.11000061035156,89.56999969482422,40.65122604370117,3010000,0.0,0.0,0.0
2012-01-05,89.54000091552734,89.58000183105469,88.98999786376953,89.18000030517578,40.47423553466797,2579700,0.0,0.0,0.0
2012-01-06,89.38999938964844,89.38999938964844,88.75,88.9000015258789,40.347145080566406,1916400,0.0,0.0,0.0
2012-01-09,88.91000366210938,89.2300033569336,88.91000366210938,89.0199966430664,40.40162658691406,2157800,0.0,0.0,0.0
2012-01-10,89.4000015258789,89.4800033569336,89.19999694824219,89.33000183105469,40.54231262207031,2318000,0.0,0.0,0.0
2012-01-11,89.2699966430664,89.33000183105469,89.04000091552734,89.23999786376953,40.50144958496094,1191100,0.0,0.0,0.0
2012-01-12,89.23999786376953,89.44000244140625,89.04000091552734,89.12000274658203,40.44697952270508,1558100,0.0,0.0,0.0
2012-01-13,89.06999969482422,89.12999725341797,88.55000305175781,89.0199966430664,40.40162658691406,1929400,0.0,0.0,0.0
2012-01-17,89.37999725341797,89.37999725341797,89.05999755859375,89.19999694824219,40.48329544067383,4144200,0.0,0.0,0.0
2012-01-18,89.20999908447266,89.45999908447266,88.94999694824219,89.44999694824219,40.5967903137207,2725800,0.0,0.0,0.0
2012-01-19,89.72000122070312,89.8499984741211,89.45999908447266,89.58000183105469,40.65576934814453,2953000,0.0,0.0,0.0
2012-01-20,89.61000061035156,89.73999786376953,89.54000091552734,89.58000183105469,40.65576934814453,2037500,0.0,0.0,0.0
2012-01-23,89.7699966430664,90.0199966430664,89.66000366210938,89.88999938964844,40.79648208618164,1680100,0.0,0.0,0.0
2012-01-24,89.88999938964844,90.16999816894531,89.72000122070312,90.12000274658203,40.90084457397461,2863800,0.0,0.0,0.0
2012-01-25,90.30000305175781,91.0,89.91999816894531,90.91000366210938,41.25938415527344,3882800,0.0,0.0,0.0
2012-01-26,91.30000305175781,91.4800033569336,90.91999816894531,91.12999725341797,41.35922622680664,6487500,0.0,0.0,0.0
2012-01-27,91.01000213623047,91.18000030517578,90.80000305175781,90.80000305175781,41.209449768066406,2431100,0.0,0.0,0.0
2012-01-30,90.45999908447266,90.7300033569336,90.3499984741211,90.51000213623047,41.07783508300781,2553000,0.0,0.0,0.0
2012-01-31,90.75,90.87000274658203,90.52999877929688,90.73999786376953,41.18223190307617,2864400,0.0,0.0,0.0
2012-02-01,90.27999877929688,90.72000122070312,90.27999877929688,90.4000015258789,41.258460998535156,4284200,0.507,0.0,0.0
2012-02-02,90.58999633789062,90.62000274658203,90.41000366210938,90.45999908447266,41.28584289550781,2079600,0.0,0.0,0.0
2012-02-03,91.22000122070312,91.23999786376953,90.58000183105469,90.72000122070312,41.40447998046875,2312900,0.0,0.0,0.0
2012-02-06,90.63999938964844,90.76000213623047,90.5,90.73999786376953,41.413631439208984,2270500,0.0,0.0,0.0
2012-02-07,90.79000091552734,90.98999786376953,90.66999816894531,90.91999816894531,41.49579620361328,2467000,0.0,0.0,0.0
2012-02-08,91.04000091552734,91.08999633789062,90.80999755859375,91.0,41.532283782958984,3336000,0.0,0.0,0.0
2012-02-09,91.05999755859375,91.08999633789062,90.66999816894531,91.04000091552734,41.55051803588867,3258700,0.0,0.0,0.0
2012-02-10,90.58000183105469,90.62000274658203,90.25,90.25,41.18998336791992,2909600,0.0,0.0,0.0
2012-02-13,90.5,90.72000122070312,90.33000183105469,90.51000213623047,41.30864715576172,2193100,0.0,0.0,0.0
2012-02-14,90.45999908447266,90.6500015258789,90.38999938964844,90.51000213623047,41.30864715576172,3000100,0.0,0.0,0.0
2012-02-15,90.52999877929688,90.7699966430664,90.19999694824219,90.22000122070312,41.17630386352539,1986600,0.0,0.0,0.0
2012-02-16,90.22000122070312,90.62000274658203,89.98999786376953,90.5999984741211,41.34972381591797,2514100,0.0,0.0,0.0
2012-02-17,90.83999633789062,90.86000061035156,90.44999694824219,90.56999969482422,41.3360481262207,2402700,0.0,0.0,0.0
2012-02-21,90.68000030517578,91.08999633789062,90.6500015258789,90.91000366210938,41.4912109375,2265100,0.0,0.0,0.0
2012-02-22,91.02999877929688,91.25,90.97000122070312,91.19999694824219,41.62358093261719,3570600,0.0,0.0,0.0
2012-02-23,91.26000213623047,91.73999786376953,91.19999694824219,91.52999877929688,41.774173736572266,3212300,0.0,0.0,0.0
2012-02-24,91.55000305175781,91.8499984741211,91.4800033569336,91.80999755859375,41.901947021484375,1795500,0.0,0.0,0.0
2012-02-27,91.58999633789062,91.94999694824219,91.58999633789062,91.83000183105469,41.91110610961914,1608100,0.0,0.0,0.0
2012-02-28,91.9000015258789,92.12000274658203,91.8499984741211,92.01000213623047,41.993255615234375,2813200,0.0,0.0,0.0
2012-02-29,92.0999984741211,92.26000213623047,91.7699966430664,92.12999725341797,42.04801940917969,3085800,0.0,0.0,0.0
2012-03-01,91.6500015258789,91.83999633789062,91.5,91.75,42.1201171875,3802800,0.537,0.0,0.0
2012-03-02,91.7300033569336,91.7300033569336,91.33999633789062,91.37000274658203,41.9456672668457,1709000,0.0,0.0,0.0
2012-03-05,91.44999694824219,91.4800033569336,90.8499984741211,90.86000061035156,41.711509704589844,2333700,0.0,0.0,0.0
2012-03-06,90.54000091552734,90.73999786376953,89.6500015258789,89.6500015258789,41.15604019165039,5792700,0.0,0.0,0.0
2012-03-07,89.93000030517578,90.01000213623047,89.63999938964844,89.9000015258789,41.270816802978516,5840700,0.0,0.0,0.0
2012-03-08,90.25,90.62000274658203,90.04000091552734,90.5999984741211,41.59215545654297,2249700,0.0,0.0,0.0
2012-03-09,90.69000244140625,90.94000244140625,90.62999725341797,90.69999694824219,41.6380500793457,2531300,0.0,0.0,0.0
2012-03-12,90.62000274658203,90.72000122070312,90.5,90.69999694824219,41.6380500793457,2153000,0.0,0.0,0.0
2012-03-13,90.9800033569336,91.36000061035156,90.76000213623047,91.36000061035156,41.94104766845703,2890700,0.0,0.0,0.0
2012-03-14,91.30999755859375,91.3499984741211,90.66999816894531,91.12999725341797,41.83545684814453,2928800,0.0,0.0,0.0
2012-03-15,91.19999694824219,91.19999694824219,90.73999786376953,90.81999969482422,41.69316482543945,1726800,0.0,0.0,0.0
2012-03-16,90.91000366210938,91.0,90.30000305175781,90.48999786376953,41.541664123535156,3570300,0.0,0.0,0.0
2012-03-19,90.48999786376953,90.86000061035156,90.33000183105469,90.83000183105469,41.69774627685547,2283900,0.0,0.0,0.0
2012-03-20,90.76000213623047,90.91999816894531,90.61000061035156,90.76000213623047,41.665584564208984,2756600,0.0,0.0,0.0
2012-03-21,90.93000030517578,90.93000030517578,90.44999694824219,90.47000122070312,41.53245162963867,3280100,0.0,0.0,0.0
2012-03-22,90.44999694824219,90.77999877929688,90.43000030517578,90.69000244140625,41.63348388671875,3500900,0.0,0.0,0.0
2012-03-23,90.66000366210938,90.75,90.4000015258789,90.5,41.5462532043457,3465200,0.0,0.0,0.0
2012-03-26,90.62000274658203,91.05999755859375,90.56999969482422,91.05000305175781,41.79875564575195,2081200,0.0,0.0,0.0
2012-03-27,91.01000213623047,91.30999755859375,90.94000244140625,91.20999908447266,41.872188568115234,4196700,0.0,0.0,0.0
2012-03-28,91.25,91.25,90.7699966430664,90.91000366210938,41.73447036743164,2803700,0.0,0.0,0.0
2012-03-29,90.81999969482422,90.94999694824219,90.5999984741211,90.9000015258789,41.729881286621094,2158600,0.0,0.0,0.0
2012-03-30,90.97000122070312,91.06999969482422,90.58999633789062,90.72000122070312,41.64723205566406,4020300,0.0,0.0,0.0
2012-04-02,90.36000061035156,90.47000122070312,90.19999694824219,90.33000183105469,41.718841552734375,5883800,0.545,0.0,0.0
2012-04-03,90.30999755859375,90.5199966430664,90.23999786376953,90.25,41.68186569213867,4099700,0.0,0.0,0.0
2012-04-04,89.97000122070312,90.0999984741211,89.79000091552734,89.91999816894531,41.52946472167969,2297600,0.0,0.0,0.0
2012-04-05,89.87000274658203,89.9000015258789,89.58999633789062,89.69999694824219,41.42789840698242,3658900,0.0,0.0,0.0
2012-04-09,89.52999877929688,89.56999969482422,89.13999938964844,89.23999786376953,41.215415954589844,2692500,0.0,0.0,0.0
2012-04-10,89.2699966430664,89.43000030517578,88.72000122070312,88.80000305175781,41.01219177246094,4471100,0.0,0.0,0.0
2012-04-11,89.23999786376953,89.38999938964844,89.06999969482422,89.33999633789062,41.26161193847656,2003700,0.0,0.0,0.0
2012-04-12,89.41999816894531,90.20999908447266,89.33999633789062,90.13999938964844,41.63107681274414,2753500,0.0,0.0,0.0
2012-04-13,90.11000061035156,90.19999694824219,89.79000091552734,89.8499984741211,41.49712371826172,2767400,0.0,0.0,0.0
2012-04-16,90.04000091552734,90.16999816894531,89.70999908447266,89.98999786376953,41.56182861328125,3804300,0.0,0.0,0.0
2012-04-17,90.26000213623047,90.48999786376953,90.1500015258789,90.37999725341797,41.741939544677734,2787400,0.0,0.0,0.0
2012-04-18,90.23999786376953,90.45999908447266,90.19000244140625,90.3499984741211,41.72806167602539,3322600,0.0,0.0,0.0
2012-04-19,90.31999969482422,90.48999786376953,90.08000183105469,90.18000030517578,41.64957046508789,2597800,0.0,0.0,0.0
2012-04-20,90.45999908447266,90.45999908447266,90.11000061035156,90.31999969482422,41.71420669555664,2241500,0.0,0.0,0.0
2012-04-23,90.0199966430664,90.16000366210938,89.8499984741211,90.12999725341797,41.62645721435547,2850700,0.0,0.0,0.0
2012-04-24,90.2300033569336,90.33999633789062,90.0999984741211,90.33999633789062,41.723453521728516,2049300,0.0,0.0,0.0
2012-04-25,90.56999969482422,91.0,90.45999908447266,91.0,42.02826690673828,3351000,0.0,0.0,0.0
2012-04-26,91.0,91.13999938964844,90.95999908447266,91.05999755859375,42.05598831176758,2641100,0.0,0.0,0.0
2012-04-27,91.13999938964844,91.1500015258789,90.9000015258789,91.0199966430664,42.037498474121094,2413000,0.0,0.0,0.0
2012-04-30,91.02999877929688,91.22000122070312,90.80000305175781,91.19999694824219,42.120635986328125,3989000,0.0,0.0,0.0
2012-05-01,90.8499984741211,91.16999816894531,90.7300033569336,90.76000213623047,42.152671813964844,3624600,0.509,0.0,0.0
2012-05-02,90.66000366210938,91.18000030517578,90.5999984741211,91.11000061035156,42.31525421142578,2040700,0.0,0.0,0.0
2012-05-03,91.19999694824219,91.25,90.94999694824219,91.05000305175781,42.28736877441406,1871900,0.0,0.0,0.0
2012-05-04,90.94000244140625,91.08000183105469,90.80000305175781,90.87000274658203,42.20375061035156,2381400,0.0,0.0,0.0
2012-05-07,90.83999633789062,91.23999786376953,90.61000061035156,91.0199966430664,42.273433685302734,1906100,0.0,0.0,0.0
2012-05-08,90.88999938964844,91.06999969482422,90.72000122070312,91.0,42.26414489746094,1688900,0.0,0.0,0.0
2012-05-09,90.7699966430664,90.86000061035156,90.44000244140625,90.68000030517578,42.115570068359375,3146800,0.0,0.0,0.0
2012-05-10,90.9800033569336,91.02999877929688,90.5199966430664,90.58000183105469,42.06906509399414,3354000,0.0,0.0,0.0
2012-05-11,90.54000091552734,91.1500015258789,90.4800033569336,90.80999755859375,42.1759147644043,2765200,0.0,0.0,0.0
2012-05-14,90.5,90.56999969482422,90.0,90.13999938964844,41.864742279052734,4544000,0.0,0.0,0.0
2012-05-15,90.0999984741211,90.18000030517578,89.69999694824219,89.69999694824219,41.660404205322266,5242100,0.0,0.0,0.0
2012-05-16,89.80999755859375,90.05000305175781,88.79000091552734,88.81999969482422,41.25164794921875,6224400,0.0,0.0,0.0
2012-05-17,88.81999969482422,88.83000183105469,87.37000274658203,87.58999633789062,40.68041229248047,8867800,0.0,0.0,0.0
2012-05-18,88.01000213623047,88.29000091552734,87.4800033569336,87.58999633789062,40.68041229248047,6525600,0.0,0.0,0.0
2012-05-21,87.69000244140625,88.55999755859375,87.68000030517578,88.5,41.1030387878418,4276900,0.0,0.0,0.0
2012-05-22,88.76000213623047,89.11000061035156,88.37999725341797,88.48999786376953,41.09841537475586,3675300,0.0,0.0,0.0
2012-05-23,88.29000091552734,88.68000030517578,87.94999694824219,88.4000015258789,41.05658721923828,4320900,0.0,0.0,0.0
2012-05-24,88.25,88.6500015258789,88.25,88.41999816894531,41.06589126586914,2183000,0.0,0.0,0.0
2012-05-25,88.56999969482422,88.63999938964844,88.08999633789062,88.13999938964844,40.93583297729492,1651500,0.0,0.0,0.0
2012-05-29,88.52999877929688,89.25,88.44999694824219,89.11000061035156,41.386356353759766,4380300,0.0,0.0,0.0
2012-05-30,88.7300033569336,88.80999755859375,88.52999877929688,88.70999908447266,41.20056915283203,2543300,0.0,0.0,0.0
2012-05-31,88.80000305175781,88.80000305175781,87.75,87.7699966430664,40.763999938964844,10706100,0.0,0.0,0.0
2012-06-01,86.58000183105469,87.16000366210938,86.36000061035156,86.47000122070312,40.40977096557617,5945600,0.542,0.0,0.0
2012-06-04,86.54000091552734,86.8499984741211,86.43000030517578,86.54000091552734,40.442501068115234,3125700,0.0,0.0,0.0
2012-06-05,86.54000091552734,87.37999725341797,86.44999694824219,87.08999633789062,40.69952392578125,2970100,0.0,0.0,0.0
2012-06-06,87.48999786376953,88.04000091552734,87.30999755859375,88.0199966430664,41.13412857055664,2334800,0.0,0.0,0.0
2012-06-07,88.5,88.73999786376953,88.04000091552734,88.3499984741211,41.288330078125,5454300,0.0,0.0,0.0
2012-06-08,88.33000183105469,88.9000015258789,88.19000244140625,88.69000244140625,41.44725036621094,3738100,0.0,0.0,0.0
2012-06-11,88.9000015258789,88.98999786376953,88.0999984741211,88.11000061035156,41.17620086669922,5266700,0.0,0.0,0.0
2012-06-12,88.41000366210938,88.81999969482422,88.26000213623047,88.7300033569336,41.46591567993164,3648400,0.0,0.0,0.0
2012-06-13,88.5999984741211,88.91999816894531,88.26000213623047,88.47000122070312,41.344444274902344,3527200,0.0,0.0,0.0
2012-06-14,88.48999786376953,89.23999786376953,88.43000030517578,89.12999725341797,41.652854919433594,3874100,0.0,0.0,0.0
2012-06-15,89.0,89.37999725341797,89.0,89.29000091552734,41.727630615234375,2683200,0.0,0.0,0.0
2012-06-18,89.08999633789062,89.33999633789062,89.0,89.31999969482422,41.74166488647461,3628200,0.0,0.0,0.0
2012-06-19,89.69000244140625,90.11000061035156,89.33999633789062,89.94999694824219,42.03607940673828,2809100,0.0,0.0,0.0
2012-06-20,90.18000030517578,90.33999633789062,89.81999969482422,90.30000305175781,42.19964599609375,3719000,0.0,0.0,0.0
2012-06-21,90.4000015258789,90.69999694824219,89.41999816894531,89.55999755859375,41.85383224487305,4843700,0.0,0.0,0.0
2012-06-22,89.87000274658203,90.27999877929688,89.8499984741211,90.16999816894531,42.138885498046875,3211700,0.0,0.0,0.0
2012-06-25,89.80999755859375,90.05000305175781,89.66999816894531,90.02999877929688,42.073455810546875,3385600,0.0,0.0,0.0
2012-06-26,90.11000061035156,90.12000274658203,89.66000366210938,89.9000015258789,42.01270294189453,2357900,0.0,0.0,0.0
2012-06-27,90.05999755859375,90.45999908447266,90.05999755859375,90.44000244140625,42.26504898071289,1918000,0.0,0.0,0.0
2012-06-28,90.19000244140625,90.48999786376953,90.08000183105469,90.43000030517578,42.26040267944336,3068700,0.0,0.0,0.0
2012-06-29,90.9800033569336,91.29000091552734,90.77999877929688,91.29000091552734,42.66228485107422,3394900,0.0,0.0,0.0
2012-07-02,90.80000305175781,90.87000274658203,90.4000015258789,90.87000274658203,42.70835494995117,3810700,0.518,0.0,0.0
2012-07-03,90.94999694824219,91.26000213623047,90.83000183105469,91.19999694824219,42.86344528198242,1987500,0.0,0.0,0.0
2012-07-05,91.0,91.41000366210938,90.72000122070312,91.20999908447266,42.868141174316406,2221300,0.0,0.0,0.0
2012-07-06,90.73999786376953,91.12999725341797,90.69999694824219,91.08999633789062,42.811763763427734,2612400,0.0,0.0,0.0
2012-07-09,90.98999786376953,91.23999786376953,90.88999938964844,91.12000274658203,42.82583999633789,1916600,0.0,0.0,0.0
2012-07-10,91.19999694824219,91.33999633789062,90.5999984741211,90.72000122070312,42.63783645629883,1832600,0.0,0.0,0.0
2012-07-11,90.86000061035156,91.08000183105469,90.63999938964844,91.01000213623047,42.774147033691406,3188700,0.0,0.0,0.0
2012-07-12,90.93000030517578,90.95999908447266,90.45999908447266,90.80999755859375,42.68012619018555,1989100,0.0,0.0,0.0
2012-07-13,90.91000366210938,91.12999725341797,90.76000213623047,91.08999633789062,42.811763763427734,2316400,0.0,0.0,0.0
2012-07-16,90.69000244140625,91.02999877929688,90.66000366210938,90.73999786376953,42.647247314453125,2178900,0.0,0.0,0.0
2012-07-17,91.0,91.19000244140625,90.69000244140625,91.16999816894531,42.84934997558594,4036500,0.0,0.0,0.0
2012-07-18,91.12999725341797,91.55000305175781,91.08999633789062,91.55000305175781,43.0279426574707,3958600,0.0,0.0,0.0
2012-07-19,91.51000213623047,91.88999938964844,91.4800033569336,91.77999877929688,43.13605880737305,4718200,0.0,0.0,0.0
2012-07-20,91.51000213623047,91.61000061035156,91.2300033569336,91.3499984741211,42.933956146240234,2733500,0.0,0.0,0.0
2012-07-23,90.83999633789062,91.29000091552734,90.58000183105469,91.19999694824219,42.86344528198242,4561700,0.0,0.0,0.0
2012-07-24,91.12000274658203,91.16000366210938,90.56999969482422,90.63999938964844,42.60027313232422,3447700,0.0,0.0,0.0
2012-07-25,90.88999938964844,90.93000030517578,90.44000244140625,90.44999694824219,42.51096725463867,2891000,0.0,0.0,0.0
2012-07-26,90.88999938964844,91.41999816894531,90.83000183105469,91.37999725341797,42.948020935058594,4330900,0.0,0.0,0.0
2012-07-27,91.37000274658203,91.94000244140625,91.37000274658203,91.91999816894531,43.20185470581055,5556800,0.0,0.0,0.0
2012-07-30,91.9000015258789,91.94999694824219,91.6500015258789,91.91999816894531,43.20185470581055,3889700,0.0,0.0,0.0
2012-07-31,91.94999694824219,91.98999786376953,91.54000091552734,91.69999694824219,43.098453521728516,3530800,0.0,0.0,0.0
2012-08-01,91.41000366210938,91.69000244140625,91.1500015258789,91.69000244140625,43.33238983154297,3598100,0.505,0.0,0.0
2012-08-02,91.45999908447266,91.58999633789062,91.1500015258789,91.31999969482422,43.15753173828125,4516600,0.0,0.0,0.0
2012-08-03,91.5999984741211,91.9000015258789,91.56999969482422,91.69999694824219,43.337093353271484,4602000,0.0,0.0,0.0
2012-08-06,91.6500015258789,91.98999786376953,91.63999938964844,91.63999938964844,43.30875015258789,2864400,0.0,0.0,0.0
2012-08-07,91.81999969482422,91.9000015258789,91.36000061035156,91.45999908447266,43.22367477416992,3680600,0.0,0.0,0.0
2012-08-08,91.58000183105469,91.70999908447266,91.4800033569336,91.5199966430664,43.25205612182617,3162100,0.0,0.0,0.0
2012-08-09,91.62000274658203,91.66000366210938,91.37999725341797,91.52999877929688,43.25677490234375,2975600,0.0,0.0,0.0
2012-08-10,91.41999816894531,91.58000183105469,91.30999755859375,91.44999694824219,43.21895980834961,1533600,0.0,0.0,0.0
2012-08-13,91.41000366210938,91.5,91.25,91.5,43.24259948730469,2007800,0.0,0.0,0.0
2012-08-14,91.5,91.79000091552734,91.47000122070312,91.63999938964844,43.30875015258789,2381000,0.0,0.0,0.0
2012-08-15,91.7300033569336,91.7300033569336,91.19999694824219,91.19999694824219,43.10079574584961,2580400,0.0,0.0,0.0
2012-08-16,91.33999633789062,91.58000183105469,91.08000183105469,91.54000091552734,43.26148223876953,2914300,0.0,0.0,0.0
2012-08-17,91.48999786376953,91.6500015258789,91.38999938964844,91.54000091552734,43.26148223876953,2222000,0.0,0.0,0.0
2012-08-20,91.55999755859375,91.69999694824219,91.41000366210938,91.6500015258789,43.31348419189453,2333200,0.0,0.0,0.0
2012-08-21,91.7300033569336,91.86000061035156,91.69999694824219,91.8499984741211,43.408016204833984,2531200,0.0,0.0,0.0
2012-08-22,91.76000213623047,91.87000274658203,91.68000030517578,91.76000213623047,43.3654670715332,1889100,0.0,0.0,0.0
2012-08-23,91.7699966430664,91.8499984741211,91.61000061035156,91.73999786376953,43.35599899291992,1141700,0.0,0.0,0.0
2012-08-24,91.7699966430664,92.16000366210938,91.69000244140625,92.1500015258789,43.54976272583008,2082100,0.0,0.0,0.0
2012-08-27,92.12000274658203,92.22000122070312,91.91999816894531,92.08000183105469,43.51667022705078,1883600,0.0,0.0,0.0
2012-08-28,92.06999969482422,92.1500015258789,91.94999694824219,92.0,43.47887420654297,1795700,0.0,0.0,0.0
2012-08-29,92.12999725341797,92.16999816894531,92.0,92.12999725341797,43.54032516479492,1617600,0.0,0.0,0.0
2012-08-30,92.08000183105469,92.18000030517578,92.0,92.08999633789062,43.52140426635742,2022400,0.0,0.0,0.0
2012-08-31,92.25,92.4000015258789,92.08999633789062,92.33000183105469,43.63483810424805,1801800,0.0,0.0,0.0
2012-09-04,91.87000274658203,91.87000274658203,91.55999755859375,91.81999969482422,43.633880615234375,3921500,0.508,0.0,0.0
2012-09-05,91.91000366210938,91.91999816894531,91.76000213623047,91.83000183105469,43.63866424560547,1541000,0.0,0.0,0.0
2012-09-06,91.86000061035156,92.37999725341797,91.86000061035156,92.37000274658203,43.89524841308594,3306000,0.0,0.0,0.0
2012-09-07,92.5,92.5999984741211,92.37000274658203,92.52999877929688,43.97128677368164,3403300,0.0,0.0,0.0
2012-09-10,92.4800033569336,92.70999908447266,92.31999969482422,92.37999725341797,43.90001678466797,2138600,0.0,0.0,0.0
2012-09-11,92.43000030517578,93.01000213623047,92.43000030517578,93.01000213623047,44.19940185546875,4400300,0.0,0.0,0.0
2012-09-12,93.12999725341797,93.30999755859375,93.08000183105469,93.29000091552734,44.332481384277344,1957400,0.0,0.0,0.0
2012-09-13,93.33000183105469,93.91000366210938,93.26000213623047,93.88999938964844,44.617591857910156,5946800,0.0,0.0,0.0
2012-09-14,93.9000015258789,94.04000091552734,93.70999908447266,93.87999725341797,44.61283874511719,3467200,0.0,0.0,0.0
2012-09-17,93.77999877929688,93.9800033569336,93.69999694824219,93.80000305175781,44.57481384277344,3075500,0.0,0.0,0.0
2012-09-18,93.83000183105469,93.91999816894531,93.62000274658203,93.83999633789062,44.59381103515625,4099400,0.0,0.0,0.0
2012-09-19,93.94000244140625,93.94000244140625,93.72000122070312,93.72000122070312,44.53676986694336,3306500,0.0,0.0,0.0
2012-09-20,93.62999725341797,93.63999938964844,93.2699966430664,93.27999877929688,44.32769775390625,2122200,0.0,0.0,0.0
2012-09-21,93.47000122070312,93.47000122070312,93.02999877929688,93.1500015258789,44.26594543457031,3121700,0.0,0.0,0.0
2012-09-24,93.0199966430664,93.12000274658203,92.94000244140625,93.02999877929688,44.208885192871094,1867200,0.0,0.0,0.0
2012-09-25,93.05000305175781,93.0999984741211,92.12999725341797,92.19999694824219,43.81444549560547,5726800,0.0,0.0,0.0
2012-09-26,92.18000030517578,92.19999694824219,91.4800033569336,91.73999786376953,43.595890045166016,6554200,0.0,0.0,0.0
2012-09-27,92.18000030517578,92.73999786376953,92.0,92.73999786376953,44.07106018066406,3882600,0.0,0.0,0.0
2012-09-28,92.66000366210938,92.66999816894531,92.29000091552734,92.30000305175781,43.86199951171875,3668200,0.0,0.0,0.0
2012-10-01,92.2699966430664,92.2699966430664,91.5999984741211,91.66000366210938,43.78794860839844,5386700,0.485,0.0,0.0
2012-10-02,91.83999633789062,91.97000122070312,91.63999938964844,91.88999938964844,43.8978157043457,3151900,0.0,0.0,0.0
2012-10-03,91.97000122070312,92.3499984741211,91.91000366210938,92.12000274658203,44.007713317871094,3201000,0.0,0.0,0.0
2012-10-04,92.2300033569336,92.56999969482422,92.18000030517578,92.51000213623047,44.19400405883789,1847200,0.0,0.0,0.0
2012-10-05,92.77999877929688,92.79000091552734,92.27999877929688,92.45999908447266,44.17012023925781,2513500,0.0,0.0,0.0
2012-10-08,92.26000213623047,92.4000015258789,92.19000244140625,92.33000183105469,44.108001708984375,1143300,0.0,0.0,0.0
2012-10-09,92.51000213623047,92.51000213623047,92.05000305175781,92.06999969482422,43.98381042480469,5777300,0.0,0.0,0.0
2012-10-10,92.1500015258789,92.20999908447266,91.80000305175781,91.8499984741211,43.87872314453125,5431800,0.0,0.0,0.0
2012-10-11,92.19999694824219,92.37000274658203,92.12000274658203,92.3499984741211,44.117557525634766,2811000,0.0,0.0,0.0
2012-10-12,92.44000244140625,92.76000213623047,92.30999755859375,92.51000213623047,44.19400405883789,3696800,0.0,0.0,0.0
2012-10-15,92.76000213623047,92.97000122070312,92.58000183105469,92.93000030517578,44.39463806152344,2378500,0.0,0.0,0.0
2012-10-16,93.05999755859375,93.33000183105469,92.94000244140625,93.2699966430664,44.55706787109375,3536300,0.0,0.0,0.0
2012-10-17,93.4000015258789,93.55999755859375,93.30000305175781,93.4800033569336,44.657405853271484,2971500,0.0,0.0,0.0
2012-10-18,93.3499984741211,93.52999877929688,93.30000305175781,93.43000030517578,44.63352584838867,1676300,0.0,0.0,0.0
2012-10-19,93.37000274658203,93.41999816894531,92.87999725341797,92.95999908447266,44.40898895263672,2041200,0.0,0.0,0.0
2012-10-22,93.0,93.19000244140625,92.91999816894531,92.9800033569336,44.41853713989258,3021700,0.0,0.0,0.0
2012-10-23,92.69999694824219,92.80999755859375,92.5,92.62999725341797,44.25135803222656,3916900,0.0,0.0,0.0
2012-10-24,92.83999633789062,92.87000274658203,92.5,92.55000305175781,44.21311950683594,4332900,0.0,0.0,0.0
2012-10-25,92.91999816894531,92.95999908447266,92.5999984741211,92.69999694824219,44.28477478027344,2005600,0.0,0.0,0.0
2012-10-26,92.7300033569336,92.79000091552734,92.27999877929688,92.4800033569336,44.17967987060547,4591800,0.0,0.0,0.0
2012-10-31,92.4800033569336,92.66999816894531,92.44000244140625,92.58999633789062,44.23221206665039,2914100,0.0,0.0,0.0
2012-11-01,92.18000030517578,92.62999725341797,92.05999755859375,92.54000091552734,44.20832443237305,2092300,0.0,0.0,0.0
2012-11-02,92.66000366210938,92.75,92.38999938964844,92.41000366210938,44.14624786376953,2829300,0.0,0.0,0.0
2012-11-05,92.4000015258789,92.58999633789062,92.11000061035156,92.26000213623047,44.074581146240234,3361700,0.0,0.0,0.0
2012-11-06,92.43000030517578,92.5199966430664,92.2699966430664,92.4000015258789,44.141456604003906,1409000,0.0,0.0,0.0
2012-11-07,92.25,92.2699966430664,91.80000305175781,91.8499984741211,43.87872314453125,3698200,0.0,0.0,0.0
2012-11-08,91.95999908447266,92.16000366210938,91.5,91.55000305175781,43.73540115356445,5829400,0.0,0.0,0.0
2012-11-09,91.27999877929688,91.68000030517578,91.25,91.38999938964844,43.65898132324219,3953900,0.0,0.0,0.0
2012-11-12,91.48999786376953,91.56999969482422,91.31999969482422,91.41999816894531,43.673301696777344,2066000,0.0,0.0,0.0
2012-11-13,91.27999877929688,91.37999725341797,91.06999969482422,91.20999908447266,43.5729866027832,4347400,0.0,0.0,0.0
2012-11-14,91.45999908447266,91.5,90.63999938964844,90.70999908447266,43.3341064453125,5017500,0.0,0.0,0.0
2012-11-15,90.55000305175781,90.91999816894531,90.08999633789062,90.66999816894531,43.31498718261719,6989700,0.0,0.0,0.0
2012-11-16,90.76000213623047,91.0,90.52999877929688,90.93000030517578,43.43922805786133,4730200,0.0,0.0,0.0
2012-11-19,91.2300033569336,92.12000274658203,91.20999908447266,92.08000183105469,43.988582611083984,9498500,0.0,0.0,0.0
2012-11-20,92.08000183105469,92.18000030517578,91.83999633789062,92.08999633789062,43.99335479736328,4010400,0.0,0.0,0.0
2012-11-21,92.0,92.2300033569336,91.97000122070312,92.05999755859375,43.97904586791992,2984700,0.0,0.0,0.0
2012-11-23,92.25,92.44000244140625,92.11000061035156,92.37000274658203,44.12713623046875,1041100,0.0,0.0,0.0
2012-11-26,92.30999755859375,92.38999938964844,92.01000213623047,92.38999938964844,44.136688232421875,2160700,0.0,0.0,0.0
2012-11-27,92.26000213623047,92.56999969482422,92.26000213623047,92.4800033569336,44.17967987060547,4194100,0.0,0.0,0.0
2012-11-28,92.41000366210938,92.73999786376953,92.23999786376953,92.5,44.18926239013672,6528000,0.0,0.0,0.0
2012-11-29,92.7300033569336,92.94999694824219,92.5999984741211,92.91000366210938,44.38508605957031,3870500,0.0,0.0,0.0
2012-11-30,92.9000015258789,93.1500015258789,92.87000274658203,93.05000305175781,44.45198440551758,3276200,0.0,0.0,0.0
2012-12-03,92.86000061035156,93.02999877929688,92.66000366210938,93.02999877929688,44.67721939086914,5444400,0.489,0.0,0.0
2012-12-04,92.98999786376953,93.16999816894531,92.8499984741211,93.02999877929688,44.67721939086914,3121100,0.0,0.0,0.0
2012-12-05,93.2699966430664,93.29000091552734,92.8499984741211,93.18000030517578,44.74924087524414,4580900,0.0,0.0,0.0
2012-12-06,93.1500015258789,93.38999938964844,93.1500015258789,93.3499984741211,44.83087921142578,2261500,0.0,0.0,0.0
2012-12-07,93.44999694824219,93.5,93.16000366210938,93.20999908447266,44.76363754272461,2294400,0.0,0.0,0.0
2012-12-10,93.5,93.5,93.16999816894531,93.29000091552734,44.80209732055664,2140700,0.0,0.0,0.0
2012-12-11,93.52999877929688,93.70999908447266,93.3499984741211,93.37999725341797,44.845306396484375,3206300,0.0,0.0,0.0
2012-12-12,93.55000305175781,93.80000305175781,93.44000244140625,93.66000366210938,44.97977066040039,3305600,0.0,0.0,0.0
2012-12-13,93.5999984741211,93.80000305175781,93.30000305175781,93.33000183105469,44.8212890625,4898700,0.0,0.0,0.0
2012-12-14,93.36000061035156,93.5,93.26000213623047,93.26000213623047,44.78767776489258,2741400,0.0,0.0,0.0
2012-12-17,93.31999969482422,93.69999694824219,93.31999969482422,93.62000274658203,44.96055221557617,2195600,0.0,0.0,0.0
2012-12-18,93.7699966430664,93.80999755859375,93.58000183105469,93.66999816894531,44.98455810546875,3409800,0.0,0.0,0.0
2012-12-19,93.73999786376953,93.73999786376953,93.56999969482422,93.56999969482422,44.9365119934082,2566400,0.0,0.0,0.0
2012-12-20,93.5999984741211,93.91000366210938,93.58999633789062,93.9000015258789,45.09502029418945,3191200,0.0,0.0,0.0
2012-12-21,93.44000244140625,93.68000030517578,93.44000244140625,93.62999725341797,44.96535873413086,3187900,0.0,0.0,0.0
2012-12-24,93.43000030517578,93.55000305175781,93.19000244140625,93.29000091552734,44.80209732055664,1221400,0.0,0.0,0.0
2012-12-26,93.0,93.13999938964844,92.79000091552734,93.01000213623047,44.91072082519531,2257200,0.505,0.0,0.0
2012-12-27,93.05000305175781,93.19999694824219,92.88999938964844,93.19999694824219,45.00247573852539,2332600,0.0,0.0,0.0
2012-12-28,93.01000213623047,93.23999786376953,92.86000061035156,92.94999694824219,44.88175964355469,2426100,0.0,0.0,0.0
2012-12-31,92.97000122070312,93.4000015258789,92.93000030517578,93.3499984741211,45.07487869262695,2918500,0.0,0.0,0.0
2013-01-02,94.06999969482422,94.2300033569336,93.80000305175781,94.2300033569336,45.49977493286133,3975200,0.0,0.0,0.0
2013-01-03,94.08000183105469,94.29000091552734,93.87999725341797,93.94000244140625,45.35978317260742,3950700,0.0,0.0,0.0
2013-01-04,93.9800033569336,94.08000183105469,93.83000183105469,94.0,45.388736724853516,2968000,0.0,0.0,0.0
2013-01-07,94.0199966430664,94.08999633789062,93.83000183105469,94.08000183105469,45.427391052246094,4137300,0.0,0.0,0.0
2013-01-08,94.0999984741211,94.12000274658203,93.93000030517578,94.01000213623047,45.393585205078125,2179100,0.0,0.0,0.0
2013-01-09,94.23999786376953,94.23999786376953,94.01000213623047,94.19000244140625,45.480499267578125,2183900,0.0,0.0,0.0
2013-01-10,94.33000183105469,94.37999725341797,94.19999694824219,94.3499984741211,45.55772399902344,1684300,0.0,0.0,0.0
2013-01-11,94.30000305175781,94.5199966430664,94.20999908447266,94.5199966430664,45.63984680175781,1982600,0.0,0.0,0.0
2013-01-14,94.44999694824219,94.47000122070312,94.22000122070312,94.38999938964844,45.57707595825195,2182400,0.0,0.0,0.0
2013-01-15,94.22000122070312,94.41999816894531,94.16999816894531,94.41000366210938,45.586727142333984,2136000,0.0,0.0,0.0
2013-01-16,94.27999877929688,94.4000015258789,94.16999816894531,94.25,45.50944137573242,3272700,0.0,0.0,0.0
2013-01-17,94.41999816894531,94.61000061035156,94.30999755859375,94.58999633789062,45.67366409301758,6058900,0.0,0.0,0.0
2013-01-18,94.54000091552734,94.72000122070312,94.4800033569336,94.72000122070312,45.736419677734375,2836800,0.0,0.0,0.0
2013-01-22,94.6500015258789,94.87000274658203,94.54000091552734,94.77999877929688,45.76536560058594,2295200,0.0,0.0,0.0
2013-01-23,94.70999908447266,94.79000091552734,94.6500015258789,94.66999816894531,45.71227264404297,2227900,0.0,0.0,0.0
2013-01-24,94.7699966430664,94.93000030517578,94.69000244140625,94.87999725341797,45.813663482666016,3175400,0.0,0.0,0.0
2013-01-25,94.97000122070312,94.97000122070312,94.77999877929688,94.8499984741211,45.799217224121094,2525100,0.0,0.0,0.0
2013-01-28,94.7699966430664,94.83999633789062,94.69000244140625,94.80000305175781,45.77503967285156,2331000,0.0,0.0,0.0
2013-01-29,94.70999908447266,94.75,94.54000091552734,94.63999938964844,45.69776916503906,1514300,0.0,0.0,0.0
2013-01-30,94.44999694824219,94.51000213623047,93.88999938964844,93.95999908447266,45.36942672729492,6595600,0.0,0.0,0.0
2013-01-31,93.93000030517578,94.11000061035156,93.62000274658203,93.66999816894531,45.22938919067383,5963700,0.0,0.0,0.0
2013-02-01,93.54000091552734,93.76000213623047,93.45999908447266,93.4800033569336,45.37942123413086,5713000,0.499,0.0,0.0
2013-02-04,93.29000091552734,93.4000015258789,93.01000213623047,93.08999633789062,45.19008255004883,3878000,0.0,0.0,0.0
2013-02-05,93.23999786376953,93.4000015258789,93.19999694824219,93.30000305175781,45.29203796386719,2590900,0.0,0.0,0.0
2013-02-06,93.16000366210938,93.29000091552734,93.05999755859375,93.16000366210938,45.22408676147461,2850500,0.0,0.0,0.0
2013-02-07,93.11000061035156,93.12999725341797,92.80999755859375,92.9800033569336,45.13670349121094,4071400,0.0,0.0,0.0
2013-02-08,92.91999816894531,93.0999984741211,92.91000366210938,93.0,45.14638137817383,3220400,0.0,0.0,0.0
2013-02-11,92.88999938964844,93.08000183105469,92.86000061035156,92.98999786376953,45.141536712646484,3146100,0.0,0.0,0.0
2013-02-12,92.91999816894531,93.36000061035156,92.91000366210938,93.30999755859375,45.29689025878906,3490600,0.0,0.0,0.0
2013-02-13,93.41999816894531,93.4800033569336,93.16999816894531,93.44999694824219,45.3648567199707,3672200,0.0,0.0,0.0
2013-02-14,93.25,93.55000305175781,93.25,93.41000366210938,45.3454475402832,2731800,0.0,0.0,0.0
2013-02-15,93.45999908447266,93.66000366210938,93.26000213623047,93.41999816894531,45.35030746459961,2483000,0.0,0.0,0.0
2013-02-19,93.5,93.58999633789062,93.41000366210938,93.51000213623047,45.39396667480469,3074300,0.0,0.0,0.0
2013-02-20,93.58000183105469,93.72000122070312,93.4000015258789,93.41999816894531,45.35030746459961,3830300,0.0,0.0,0.0
2013-02-21,93.41999816894531,93.58999633789062,93.30000305175781,93.5199966430664,45.39885711669922,7185300,0.0,0.0,0.0
2013-02-22,93.62999725341797,93.75,93.51000213623047,93.75,45.51047897338867,3367000,0.0,0.0,0.0
2013-02-25,93.77999877929688,93.93000030517578,93.44999694824219,93.45999908447266,45.36969757080078,5259300,0.0,0.0,0.0
2013-02-26,93.63999938964844,93.91999816894531,93.47000122070312,93.91999816894531,45.5930061340332,4075600,0.0,0.0,0.0
2013-02-27,93.8499984741211,94.1500015258789,93.75,94.08000183105469,45.670684814453125,3681600,0.0,0.0,0.0
2013-02-28,94.06999969482422,94.12999725341797,93.94000244140625,94.04000091552734,45.65125274658203,3822000,0.0,0.0,0.0
2013-03-01,93.48999786376953,93.98999786376953,93.4800033569336,93.72000122070312,45.74204635620117,4833200,0.506,0.0,0.0
2013-03-04,93.6500015258789,93.80000305175781,93.61000061035156,93.7300033569336,45.74692153930664,2222500,0.0,0.0,0.0
2013-03-05,93.79000091552734,94.0199966430664,93.79000091552734,93.91999816894531,45.839691162109375,3733400,0.0,0.0,0.0
2013-03-06,94.02999877929688,94.05999755859375,93.83999633789062,93.86000061035156,45.81034469604492,2118000,0.0,0.0,0.0
2013-03-07,93.94999694824219,94.0,93.9000015258789,94.0,45.87871170043945,2124900,0.0,0.0,0.0
2013-03-08,94.16999816894531,94.19000244140625,93.91999816894531,94.11000061035156,45.932373046875,2464100,0.0,0.0,0.0
2013-03-11,94.08000183105469,94.1500015258789,94.0,94.05000305175781,45.903114318847656,2782800,0.0,0.0,0.0
2013-03-12,93.98999786376953,94.0999984741211,93.95999908447266,94.01000213623047,45.88360595703125,1526200,0.0,0.0,0.0
2013-03-13,94.0999984741211,94.16999816894531,93.94999694824219,94.02999877929688,45.89333724975586,1431200,0.0,0.0,0.0
2013-03-14,94.16999816894531,94.38999938964844,94.06999969482422,94.38999938964844,46.06907272338867,2954100,0.0,0.0,0.0
2013-03-15,94.25,94.4000015258789,94.19999694824219,94.37999725341797,46.064170837402344,2024300,0.0,0.0,0.0
2013-03-18,94.0,94.45999908447266,94.0,94.4000015258789,46.07396697998047,3000600,0.0,0.0,0.0
2013-03-19,94.44999694824219,94.52999877929688,94.20999908447266,94.23999786376953,45.99584197998047,3742800,0.0,0.0,0.0
2013-03-20,94.33000183105469,94.5999984741211,94.31999969482422,94.55000305175781,46.14714813232422,2553200,0.0,0.0,0.0
2013-03-21,94.37000274658203,94.55999755859375,94.22000122070312,94.37999725341797,46.064170837402344,3532400,0.0,0.0,0.0
2013-03-22,94.37999725341797,94.45999908447266,94.25,94.30999755859375,46.03001403808594,2201500,0.0,0.0,0.0
2013-03-25,94.30000305175781,94.44000244140625,94.1500015258789,94.16999816894531,45.96168899536133,2131700,0.0,0.0,0.0
2013-03-26,94.38999938964844,94.4000015258789,94.25,94.33999633789062,46.04462814331055,1169400,0.0,0.0,0.0
2013-03-27,94.19000244140625,94.29000091552734,94.16999816894531,94.18000030517578,45.96657943725586,2195100,0.0,0.0,0.0
2013-03-28,94.23999786376953,94.37999725341797,94.16000366210938,94.3499984741211,46.04951477050781,1959100,0.0,0.0,0.0
2013-04-01,93.83000183105469,94.08999633789062,93.6500015258789,94.02999877929688,46.131954193115234,3823000,0.488,0.0,0.0
2013-04-02,93.94999694824219,94.18000030517578,93.91999816894531,93.95999908447266,46.097599029541016,2528700,0.0,0.0,0.0
2013-04-03,93.98999786376953,94.05000305175781,93.77999877929688,93.95999908447266,46.097599029541016,2773100,0.0,0.0,0.0
2013-04-04,93.91999816894531,94.1500015258789,93.87000274658203,93.93000030517578,46.082916259765625,3040600,0.0,0.0,0.0
2013-04-05,93.7699966430664,94.0199966430664,93.68000030517578,94.0199966430664,46.12704086303711,2243800,0.0,0.0,0.0
2013-04-08,94.06999969482422,94.1500015258789,93.94999694824219,94.12000274658203,46.17609786987305,2346800,0.0,0.0,0.0
2013-04-09,94.19999694824219,94.41999816894531,94.12000274658203,94.41999816894531,46.323299407958984,2985400,0.0,0.0,0.0
2013-04-10,94.3499984741211,94.76000213623047,94.3499984741211,94.72000122070312,46.470497131347656,2932600,0.0,0.0,0.0
2013-04-11,94.75,94.79000091552734,94.63999938964844,94.72000122070312,46.470497131347656,2676200,0.0,0.0,0.0
2013-04-12,94.63999938964844,94.80999755859375,94.55000305175781,94.75,46.48516082763672,2040900,0.0,0.0,0.0
2013-04-15,94.75,94.75,94.12999725341797,94.1500015258789,46.19084548950195,3910600,0.0,0.0,0.0
2013-04-16,94.41000366210938,94.80999755859375,94.31999969482422,94.80000305175781,46.50972366333008,4138300,0.0,0.0,0.0
2013-04-17,94.61000061035156,94.66999816894531,94.4000015258789,94.6500015258789,46.436126708984375,5778600,0.0,0.0,0.0
2013-04-18,94.61000061035156,94.66999816894531,94.45999908447266,94.5,46.36254119873047,2476900,0.0,0.0,0.0
2013-04-19,94.5999984741211,94.66000366210938,94.43000030517578,94.44999694824219,46.337989807128906,2474800,0.0,0.0,0.0
2013-04-22,94.69000244140625,94.88999938964844,94.52999877929688,94.66999816894531,46.445945739746094,3641900,0.0,0.0,0.0
2013-04-23,94.7699966430664,95.05000305175781,94.7699966430664,95.04000091552734,46.627471923828125,2217400,0.0,0.0,0.0
2013-04-24,95.08999633789062,95.26000213623047,95.01000213623047,95.20999908447266,46.71086120605469,3872600,0.0,0.0,0.0
2013-04-25,95.22000122070312,95.5199966430664,95.13999938964844,95.47000122070312,46.83842086791992,2453100,0.0,0.0,0.0
2013-04-26,95.45999908447266,95.4800033569336,95.33000183105469,95.37000274658203,46.78935241699219,2679000,0.0,0.0,0.0
2013-04-29,95.38999938964844,95.58999633789062,95.37999725341797,95.55000305175781,46.877647399902344,1785300,0.0,0.0,0.0
2013-04-30,95.62999725341797,95.8499984741211,95.55000305175781,95.8499984741211,47.02482604980469,2953100,0.0,0.0,0.0
2013-05-01,95.33999633789062,95.55999755859375,95.18000030517578,95.19999694824219,46.93513870239258,4812400,0.468,0.0,0.0
2013-05-02,95.5,95.83000183105469,95.37000274658203,95.80999755859375,47.235877990722656,3368200,0.0,0.0,0.0
2013-05-03,95.97000122070312,96.12999725341797,95.86000061035156,95.95999908447266,47.30983352661133,2407400,0.0,0.0,0.0
2013-05-06,95.91999816894531,96.05999755859375,95.87999725341797,96.0199966430664,47.339385986328125,1458700,0.0,0.0,0.0
2013-05-07,96.12000274658203,96.1500015258789,95.91999816894531,95.94999694824219,47.304866790771484,2590900,0.0,0.0,0.0
2013-05-08,96.0199966430664,96.30000305175781,96.0199966430664,96.29000091552734,47.47251892089844,3801200,0.0,0.0,0.0
2013-05-09,96.19999694824219,96.29000091552734,96.0,96.01000213623047,47.334468841552734,1644900,0.0,0.0,0.0
2013-05-10,96.05000305175781,96.05000305175781,95.45999908447266,95.51000213623047,47.08794021606445,4654400,0.0,0.0,0.0
2013-05-13,95.41000366210938,95.5,95.11000061035156,95.12000274658203,46.89567947387695,2710000,0.0,0.0,0.0
2013-05-14,95.19999694824219,95.45999908447266,95.11000061035156,95.22000122070312,46.94499969482422,4473900,0.0,0.0,0.0
2013-05-15,95.22000122070312,95.33999633789062,95.08999633789062,95.2300033569336,46.94991683959961,3179800,0.0,0.0,0.0
2013-05-16,95.29000091552734,95.63999938964844,95.18000030517578,95.45999908447266,47.063331604003906,6036800,0.0,0.0,0.0
2013-05-17,95.5999984741211,95.62999725341797,95.33999633789062,95.45999908447266,47.063331604003906,4313300,0.0,0.0,0.0
2013-05-20,95.45999908447266,95.63999938964844,95.36000061035156,95.55999755859375,47.11263656616211,2086200,0.0,0.0,0.0
2013-05-21,95.55999755859375,95.77999877929688,95.54000091552734,95.73999786376953,47.20134735107422,4666500,0.0,0.0,0.0
2013-05-22,95.72000122070312,95.87999725341797,95.0999984741211,95.1500015258789,46.91051483154297,5243800,0.0,0.0,0.0
2013-05-23,95.0,95.0199966430664,94.69000244140625,94.88999938964844,46.78230667114258,3294400,0.0,0.0,0.0
2013-05-24,94.75,94.79000091552734,94.66999816894531,94.70999908447266,46.69355010986328,3420400,0.0,0.0,0.0
2013-05-28,95.02999877929688,95.02999877929688,94.30999755859375,94.36000061035156,46.52099609375,3486700,0.0,0.0,0.0
2013-05-29,94.04000091552734,94.26000213623047,93.55000305175781,93.9800033569336,46.33363342285156,10958100,0.0,0.0,0.0
2013-05-30,94.0,94.36000061035156,93.69000244140625,94.16999816894531,46.42733383178711,5462100,0.0,0.0,0.0
2013-05-31,93.97000122070312,94.11000061035156,92.9000015258789,92.91999816894531,45.811065673828125,6809400,0.0,0.0,0.0
2013-06-03,92.37999725341797,92.5199966430664,91.80000305175781,92.36000061035156,45.77092361450195,14320900,0.479,0.0,0.0
2013-06-04,92.5,93.05000305175781,92.19000244140625,92.36000061035156,45.77092361450195,7927000,0.0,0.0,0.0
2013-06-05,92.19000244140625,92.23999786376953,91.44000244140625,91.55999755859375,45.37443923950195,10309200,0.0,0.0,0.0
2013-06-06,91.4000015258789,92.58999633789062,91.31999969482422,92.27999877929688,45.73126220703125,11849800,0.0,0.0,0.0
2013-06-07,92.44000244140625,92.97000122070312,92.19999694824219,92.33999633789062,45.76100540161133,8879800,0.0,0.0,0.0
2013-06-10,92.33999633789062,92.58999633789062,92.08000183105469,92.1500015258789,45.66684341430664,7678000,0.0,0.0,0.0
2013-06-11,91.58000183105469,92.23999786376953,91.29000091552734,91.58000183105469,45.38438415527344,9065200,0.0,0.0,0.0
2013-06-12,91.93000030517578,92.12000274658203,91.62999725341797,91.6500015258789,45.419036865234375,9193300,0.0,0.0,0.0
2013-06-13,91.6500015258789,92.81999969482422,91.6500015258789,92.69999694824219,45.93940353393555,7526400,0.0,0.0,0.0
2013-06-14,92.77999877929688,92.94000244140625,92.55000305175781,92.80999755859375,45.99391555786133,3909200,0.0,0.0,0.0
2013-06-17,92.93000030517578,93.44999694824219,92.80000305175781,92.80000305175781,45.98896789550781,3830700,0.0,0.0,0.0
2013-06-18,92.76000213623047,93.11000061035156,92.76000213623047,93.02999877929688,46.10294723510742,3609700,0.0,0.0,0.0
2013-06-19,92.94999694824219,93.2699966430664,91.62000274658203,91.63999938964844,45.41410827636719,7971700,0.0,0.0,0.0
2013-06-20,91.08999633789062,91.58000183105469,90.27999877929688,90.73999786376953,44.968048095703125,11094000,0.0,0.0,0.0
2013-06-21,91.01000213623047,91.11000061035156,90.12000274658203,90.1500015258789,44.67567825317383,9245400,0.0,0.0,0.0
2013-06-24,89.44999694824219,90.0,88.2699966430664,89.04000091552734,44.125606536865234,12116100,0.0,0.0,0.0
2013-06-25,89.5,90.30999755859375,89.5,90.30999755859375,44.7549934387207,6233300,0.0,0.0,0.0
2013-06-26,90.69999694824219,91.18000030517578,90.56999969482422,91.05999755859375,45.12666702270508,5527200,0.0,0.0,0.0
2013-06-27,91.4000015258789,91.94000244140625,91.4000015258789,91.5,45.34474182128906,5578600,0.0,0.0,0.0
2013-06-28,91.30000305175781,91.31999969482422,90.47000122070312,90.87999725341797,45.03746032714844,6112000,0.0,0.0,0.0
2013-07-01,90.56999969482422,90.98999786376953,90.5,90.88999938964844,45.2816047668457,5213400,0.48,0.0,0.0
2013-07-02,90.79000091552734,91.05000305175781,90.3499984741211,90.61000061035156,45.1420783996582,3799800,0.0,0.0,0.0
2013-07-03,90.29000091552734,90.86000061035156,90.27999877929688,90.81999969482422,45.246734619140625,1679600,0.0,0.0,0.0
2013-07-05,90.38999938964844,90.44000244140625,89.62999725341797,89.8499984741211,44.76347351074219,3312600,0.0,0.0,0.0
2013-07-08,90.08999633789062,91.08999633789062,90.0,91.08999633789062,45.3812255859375,5638400,0.0,0.0,0.0
2013-07-09,91.0999984741211,91.19000244140625,90.87000274658203,91.13999938964844,45.40613555908203,6127700,0.0,0.0,0.0
2013-07-10,91.18000030517578,91.54000091552734,91.08000183105469,91.5,45.58551025390625,6529900,0.0,0.0,0.0
2013-07-11,92.18000030517578,92.66999816894531,92.0,92.6500015258789,46.15841293334961,5865400,0.0,0.0,0.0
2013-07-12,92.41000366210938,92.66999816894531,92.25,92.55999755859375,46.11357879638672,5788300,0.0,0.0,0.0
2013-07-15,92.66999816894531,93.08999633789062,92.55999755859375,92.94999694824219,46.307884216308594,6791500,0.0,0.0,0.0
2013-07-16,93.08999633789062,93.08999633789062,92.47000122070312,92.72000122070312,46.193294525146484,3292100,0.0,0.0,0.0
2013-07-17,93.02999877929688,93.5199966430664,93.0,93.4000015258789,46.53208541870117,8660500,0.0,0.0,0.0
2013-07-18,93.5,94.0,93.44000244140625,93.95999908447266,46.81107711791992,6825000,0.0,0.0,0.0
2013-07-19,93.94999694824219,93.97000122070312,93.7699966430664,93.9000015258789,46.781158447265625,2603100,0.0,0.0,0.0
2013-07-22,93.93000030517578,94.01000213623047,93.75,93.97000122070312,46.81604766845703,3888200,0.0,0.0,0.0
2013-07-23,93.88999938964844,93.9800033569336,93.66999816894531,93.73999786376953,46.701446533203125,2483700,0.0,0.0,0.0
2013-07-24,93.54000091552734,93.63999938964844,92.66000366210938,92.94999694824219,46.307884216308594,5249800,0.0,0.0,0.0
2013-07-25,92.51000213623047,92.87999725341797,92.44000244140625,92.73999786376953,46.20326614379883,5995400,0.0,0.0,0.0
2013-07-26,92.4800033569336,92.77999877929688,92.38999938964844,92.77999877929688,46.22320556640625,4213600,0.0,0.0,0.0
2013-07-29,92.5999984741211,92.7300033569336,92.41999816894531,92.58000183105469,46.12353515625,3850100,0.0,0.0,0.0
2013-07-30,92.5199966430664,92.87000274658203,92.5199966430664,92.70999908447266,46.18830490112305,4239400,0.0,0.0,0.0
2013-07-31,92.48999786376953,93.01000213623047,92.27999877929688,92.9800033569336,46.32283020019531,4076500,0.0,0.0,0.0
2013-08-01,92.41999816894531,92.58999633789062,91.61000061035156,91.6500015258789,45.883758544921875,4616600,0.453,0.0,0.0
2013-08-02,91.95999908447266,92.26000213623047,91.80999755859375,92.20999908447266,46.164127349853516,4309400,0.0,0.0,0.0
2013-08-05,92.18000030517578,92.18000030517578,91.69999694824219,91.73999786376953,45.9288215637207,2231000,0.0,0.0,0.0
2013-08-06,91.93000030517578,91.93000030517578,91.36000061035156,91.6500015258789,45.883758544921875,3398800,0.0,0.0,0.0
2013-08-07,91.44999694824219,91.54000091552734,91.29000091552734,91.36000061035156,45.73857498168945,2253300,0.0,0.0,0.0
2013-08-08,91.41999816894531,91.58999633789062,91.37999725341797,91.55999755859375,45.83869171142578,2857100,0.0,0.0,0.0
2013-08-09,91.43000030517578,91.66999816894531,91.12000274658203,91.56999969482422,45.843727111816406,1765600,0.0,0.0,0.0
2013-08-12,91.44000244140625,91.72000122070312,91.41999816894531,91.48999786376953,45.803653717041016,3840800,0.0,0.0,0.0
2013-08-13,91.4800033569336,91.56999969482422,91.30000305175781,91.48999786376953,45.803653717041016,2290500,0.0,0.0,0.0
2013-08-14,91.43000030517578,91.48999786376953,91.26000213623047,91.30999755859375,45.713558197021484,4605800,0.0,0.0,0.0
2013-08-15,91.0,91.08999633789062,90.75,90.83999633789062,45.478233337402344,6446100,0.0,0.0,0.0
2013-08-16,90.97000122070312,91.0999984741211,90.41999816894531,90.52999877929688,45.323036193847656,6922400,0.0,0.0,0.0
2013-08-19,90.56999969482422,90.62999725341797,89.80000305175781,89.93000030517578,45.02266311645508,6536300,0.0,0.0,0.0
2013-08-20,90.30000305175781,90.86000061035156,90.27999877929688,90.76000213623047,45.43818283081055,4208300,0.0,0.0,0.0
2013-08-21,90.66999816894531,90.77999877929688,90.37000274658203,90.43000030517578,45.27298355102539,3098100,0.0,0.0,0.0
2013-08-22,90.56999969482422,90.91999816894531,90.48999786376953,90.91999816894531,45.518287658691406,4049900,0.0,0.0,0.0
2013-08-23,90.9000015258789,91.36000061035156,90.8499984741211,91.30000305175781,45.70855712890625,3370400,0.0,0.0,0.0
2013-08-26,91.31999969482422,91.38999938964844,91.12999725341797,91.30999755859375,45.713558197021484,2365400,0.0,0.0,0.0
2013-08-27,91.05000305175781,91.12999725341797,90.70999908447266,90.72000122070312,45.41815948486328,3578500,0.0,0.0,0.0
2013-08-28,90.76000213623047,91.08999633789062,90.66000366210938,91.05999755859375,45.58838653564453,3860600,0.0,0.0,0.0
2013-08-29,90.91000366210938,91.5,90.81999969482422,91.43000030517578,45.77362823486328,4012900,0.0,0.0,0.0
2013-08-30,91.47000122070312,91.58999633789062,91.19000244140625,91.3499984741211,45.73359298706055,2486900,0.0,0.0,0.0
2013-09-03,90.94000244140625,91.18000030517578,90.30999755859375,90.38999938964844,45.49202346801758,9986800,0.48,0.0,0.0
2013-09-04,90.52999877929688,90.83999633789062,90.51000213623047,90.7300033569336,45.66310501098633,3507400,0.0,0.0,0.0
2013-09-05,90.56999969482422,90.6500015258789,90.2699966430664,90.2699966430664,45.431583404541016,3622300,0.0,0.0,0.0
2013-09-06,90.79000091552734,91.0999984741211,90.41999816894531,90.56999969482422,45.58259582519531,4713800,0.0,0.0,0.0
2013-09-09,90.7300033569336,91.0,90.70999908447266,90.80000305175781,45.6983528137207,4227400,0.0,0.0,0.0
2013-09-10,90.87999725341797,91.12999725341797,90.87000274658203,91.12000274658203,45.85939025878906,5287100,0.0,0.0,0.0
2013-09-11,90.98999786376953,91.26000213623047,90.9000015258789,91.23999786376953,45.919803619384766,3514200,0.0,0.0,0.0
2013-09-12,91.19000244140625,91.30999755859375,91.0999984741211,91.12999725341797,45.864410400390625,3594500,0.0,0.0,0.0
2013-09-13,91.23999786376953,91.31999969482422,90.9800033569336,91.05999755859375,45.82918167114258,2789300,0.0,0.0,0.0
2013-09-16,91.70999908447266,91.80999755859375,91.44999694824219,91.55999755859375,46.08084487915039,4331300,0.0,0.0,0.0
2013-09-17,91.66999816894531,91.9800033569336,91.61000061035156,91.86000061035156,46.23183059692383,5978600,0.0,0.0,0.0
2013-09-18,91.83999633789062,92.87999725341797,91.70999908447266,92.73999786376953,46.67473602294922,7476300,0.0,0.0,0.0
2013-09-19,92.98999786376953,92.98999786376953,92.4000015258789,92.47000122070312,46.538818359375,5821100,0.0,0.0,0.0
2013-09-20,92.44000244140625,92.48999786376953,92.27999877929688,92.36000061035156,46.48347091674805,4033900,0.0,0.0,0.0
2013-09-23,92.3499984741211,92.45999908447266,92.22000122070312,92.3499984741211,46.478450775146484,6564600,0.0,0.0,0.0
2013-09-24,92.2699966430664,92.41000366210938,92.05999755859375,92.1500015258789,46.377777099609375,7947700,0.0,0.0,0.0
2013-09-25,92.13999938964844,92.26000213623047,91.94999694824219,91.98999786376953,46.29727554321289,3535700,0.0,0.0,0.0
2013-09-26,92.11000061035156,92.12999725341797,91.7699966430664,91.94000244140625,46.27210998535156,4751200,0.0,0.0,0.0
2013-09-27,91.87000274658203,91.94000244140625,91.61000061035156,91.83999633789062,46.22174072265625,6779700,0.0,0.0,0.0
2013-09-30,91.58999633789062,91.94999694824219,91.5,91.58000183105469,46.09089660644531,6248900,0.0,0.0,0.0
2013-10-01,91.16000366210938,91.55000305175781,91.05999755859375,91.52999877929688,46.290672302246094,5743900,0.445,0.0,0.0
2013-10-02,91.45999908447266,91.56999969482422,91.25,91.56999969482422,46.31089782714844,2765700,0.0,0.0,0.0
2013-10-03,91.6500015258789,91.69000244140625,91.43000030517578,91.62999725341797,46.34124755859375,3169700,0.0,0.0,0.0
2013-10-04,91.5999984741211,91.87000274658203,91.54000091552734,91.79000091552734,46.42219543457031,2048300,0.0,0.0,0.0
2013-10-07,91.45999908447266,91.76000213623047,91.45999908447266,91.55000305175781,46.30080795288086,2391700,0.0,0.0,0.0
2013-10-08,91.75,91.86000061035156,91.48999786376953,91.51000213623047,46.28056716918945,2944700,0.0,0.0,0.0
2013-10-09,91.77999877929688,91.77999877929688,91.51000213623047,91.58999633789062,46.321006774902344,2973700,0.0,0.0,0.0
2013-10-10,91.81999969482422,92.0999984741211,91.81999969482422,92.01000213623047,46.53343200683594,2899500,0.0,0.0,0.0
2013-10-11,92.16000366210938,92.23999786376953,92.01000213623047,92.18000030517578,46.61941909790039,3293900,0.0,0.0,0.0
2013-10-14,92.0,92.41000366210938,92.0,92.31999969482422,46.69021224975586,1003900,0.0,0.0,0.0
2013-10-15,92.4000015258789,92.4000015258789,92.05000305175781,92.29000091552734,46.6750373840332,2310100,0.0,0.0,0.0
2013-10-16,92.33000183105469,92.79000091552734,92.31999969482422,92.77999877929688,46.92287063598633,6949700,0.0,0.0,0.0
2013-10-17,92.75,93.25,92.7300033569336,93.2300033569336,47.150428771972656,7277900,0.0,0.0,0.0
2013-10-18,93.27999877929688,93.5,93.25,93.41999816894531,47.24654006958008,2873800,0.0,0.0,0.0
2013-10-21,93.44999694824219,93.45999908447266,93.20999908447266,93.20999908447266,47.14032745361328,2471400,0.0,0.0,0.0
2013-10-22,93.37999725341797,93.61000061035156,93.36000061035156,93.48999786376953,47.28193283081055,5488400,0.0,0.0,0.0
2013-10-23,93.56999969482422,93.58999633789062,93.31999969482422,93.56999969482422,47.322383880615234,2434200,0.0,0.0,0.0
2013-10-24,93.5999984741211,93.69000244140625,93.45999908447266,93.5999984741211,47.337562561035156,2284400,0.0,0.0,0.0
2013-10-25,93.63999938964844,93.69999694824219,93.55000305175781,93.62999725341797,47.35276412963867,2026000,0.0,0.0,0.0
2013-10-28,93.6500015258789,93.69999694824219,93.58000183105469,93.61000061035156,47.342594146728516,1697900,0.0,0.0,0.0
2013-10-29,93.58999633789062,93.79000091552734,93.56999969482422,93.76000213623047,47.41849899291992,1864600,0.0,0.0,0.0
2013-10-30,93.76000213623047,93.83000183105469,93.30999755859375,93.37999725341797,47.2263069152832,3691100,0.0,0.0,0.0
2013-10-31,93.44000244140625,93.54000091552734,93.22000122070312,93.43000030517578,47.2515869140625,5846500,0.0,0.0,0.0
2013-11-01,93.0,93.26000213623047,92.80000305175781,92.81999969482422,47.170291900634766,7882000,0.45,0.0,0.0
2013-11-04,93.08000183105469,93.08000183105469,92.93000030517578,92.9800033569336,47.2515983581543,2025500,0.0,0.0,0.0
2013-11-05,92.91999816894531,92.91999816894531,92.7300033569336,92.7300033569336,47.12455749511719,2770300,0.0,0.0,0.0
2013-11-06,92.88999938964844,93.01000213623047,92.81999969482422,93.0,47.26174545288086,4936700,0.0,0.0,0.0
2013-11-07,93.0999984741211,93.13999938964844,92.91999816894531,93.05999755859375,47.29222106933594,4802700,0.0,0.0,0.0
2013-11-08,92.69000244140625,92.95999908447266,92.66000366210938,92.9000015258789,47.2109375,4191100,0.0,0.0,0.0
2013-11-11,92.94000244140625,92.94000244140625,92.52999877929688,92.55000305175781,47.0330696105957,1607600,0.0,0.0,0.0
2013-11-12,92.55999755859375,92.58999633789062,92.37000274658203,92.41999816894531,46.96699905395508,2148900,0.0,0.0,0.0
2013-11-13,92.37000274658203,92.77999877929688,92.31999969482422,92.7699966430664,47.14488983154297,2795100,0.0,0.0,0.0
2013-11-14,92.75,93.05000305175781,92.6500015258789,93.04000091552734,47.282100677490234,4216800,0.0,0.0,0.0
2013-11-15,93.05999755859375,93.18000030517578,92.95999908447266,93.18000030517578,47.35322189331055,2990600,0.0,0.0,0.0
2013-11-18,93.2300033569336,93.25,92.83000183105469,92.91000366210938,47.21603012084961,3694600,0.0,0.0,0.0
2013-11-19,92.87999725341797,93.01000213623047,92.79000091552734,92.87000274658203,47.195674896240234,1415800,0.0,0.0,0.0
2013-11-20,92.83000183105469,93.06999969482422,92.66999816894531,92.77999877929688,47.149959564208984,2470600,0.0,0.0,0.0
2013-11-21,92.83000183105469,93.0999984741211,92.76000213623047,93.0999984741211,47.31254577636719,1895800,0.0,0.0,0.0
2013-11-22,93.05999755859375,93.19999694824219,92.98999786376953,93.16999816894531,47.348148345947266,1649200,0.0,0.0,0.0
2013-11-25,93.19999694824219,93.33999633789062,93.05999755859375,93.30999755859375,47.419281005859375,2813900,0.0,0.0,0.0
2013-11-26,93.22000122070312,93.43000030517578,93.1500015258789,93.37999725341797,47.45484924316406,2835300,0.0,0.0,0.0
2013-11-27,93.63999938964844,93.63999938964844,93.30000305175781,93.31999969482422,47.42436599731445,1845300,0.0,0.0,0.0
2013-11-29,93.33000183105469,93.44999694824219,93.30999755859375,93.41999816894531,47.47519302368164,958700,0.0,0.0,0.0
2013-12-02,92.88999938964844,93.02999877929688,92.8499984741211,93.0,47.490509033203125,5748100,0.45,0.0,0.0
2013-12-03,92.86000061035156,93.0,92.76000213623047,92.91000366210938,47.4445686340332,2710300,0.0,0.0,0.0
2013-12-04,92.75,92.87000274658203,92.54000091552734,92.66999816894531,47.32197189331055,3076100,0.0,0.0,0.0
2013-12-05,92.66999816894531,92.76000213623047,92.54000091552734,92.5999984741211,47.28624725341797,5354700,0.0,0.0,0.0
2013-12-06,92.83000183105469,92.9800033569336,92.6500015258789,92.86000061035156,47.41905212402344,2487900,0.0,0.0,0.0
2013-12-09,93.05000305175781,93.25,92.9000015258789,93.19999694824219,47.59261703491211,4313000,0.0,0.0,0.0
2013-12-10,93.19999694824219,93.23999786376953,93.08999633789062,93.19999694824219,47.59261703491211,1473200,0.0,0.0,0.0
2013-12-11,93.19999694824219,93.19999694824219,92.79000091552734,92.91999816894531,47.44965744018555,3586600,0.0,0.0,0.0
2013-12-12,92.93000030517578,93.01000213623047,92.75,92.75,47.36284637451172,4268800,0.0,0.0,0.0
2013-12-13,92.86000061035156,92.97000122070312,92.79000091552734,92.9000015258789,47.439456939697266,3523200,0.0,0.0,0.0
2013-12-16,92.87000274658203,93.04000091552734,92.87000274658203,92.9800033569336,47.48030471801758,3108500,0.0,0.0,0.0
2013-12-17,93.08000183105469,93.08000183105469,92.87999725341797,92.98999786376953,47.485408782958984,2799900,0.0,0.0,0.0
2013-12-18,93.0,93.27999877929688,92.75,93.1500015258789,47.5671272277832,4893500,0.0,0.0,0.0
2013-12-19,93.0,93.08999633789062,92.91000366210938,93.05000305175781,47.516048431396484,5775500,0.0,0.0,0.0
2013-12-20,93.05000305175781,93.11000061035156,92.93000030517578,93.11000061035156,47.54668045043945,12743900,0.0,0.0,0.0
2013-12-23,93.08999633789062,93.33000183105469,93.01000213623047,93.18000030517578,47.58242416381836,5525100,0.0,0.0,0.0
2013-12-24,93.0999984741211,93.20999908447266,93.0999984741211,93.12999725341797,47.556884765625,1281600,0.0,0.0,0.0
2013-12-26,92.61000061035156,92.7699966430664,92.61000061035156,92.75,47.60153579711914,1577400,0.467,0.0,0.0
2013-12-27,92.77999877929688,92.77999877929688,92.6500015258789,92.73999786376953,47.5964241027832,1357300,0.0,0.0,0.0
2013-12-30,92.7699966430664,92.87000274658203,92.66999816894531,92.81999969482422,47.63747787475586,1888600,0.0,0.0,0.0
2013-12-31,92.8499984741211,92.95999908447266,92.7699966430664,92.87999725341797,47.668270111083984,2413400,0.0,0.0,0.0
2014-01-02,92.86000061035156,93.05000305175781,92.70999908447266,93.04000091552734,47.75038528442383,7412500,0.0,0.0,0.0
2014-01-03,92.98999786376953,93.11000061035156,92.94000244140625,93.01000213623047,47.73499298095703,1903300,0.0,0.0,0.0
2014-01-06,93.1500015258789,93.2300033569336,93.05999755859375,93.20999908447266,47.837608337402344,2622700,0.0,0.0,0.0
2014-01-07,93.2300033569336,93.30999755859375,93.16000366210938,93.20999908447266,47.837608337402344,3953000,0.0,0.0,0.0
2014-01-08,93.20999908447266,93.29000091552734,93.12000274658203,93.1500015258789,47.80683517456055,4540500,0.0,0.0,0.0
2014-01-09,93.25,93.30000305175781,93.19000244140625,93.29000091552734,47.878684997558594,3036600,0.0,0.0,0.0
2014-01-10,93.41000366210938,93.56999969482422,93.3499984741211,93.56999969482422,48.02235412597656,2423900,0.0,0.0,0.0
2014-01-13,93.55000305175781,93.61000061035156,93.41000366210938,93.47000122070312,47.9710578918457,4716600,0.0,0.0,0.0
2014-01-14,93.4800033569336,93.68000030517578,93.4800033569336,93.61000061035156,48.04293441772461,2636100,0.0,0.0,0.0
2014-01-15,93.69999694824219,93.80000305175781,93.61000061035156,93.80000305175781,48.14042282104492,1797400,0.0,0.0,0.0
2014-01-16,93.79000091552734,93.83000183105469,93.7300033569336,93.76000213623047,48.11988830566406,1269800,0.0,0.0,0.0
2014-01-17,93.83000183105469,93.88999938964844,93.72000122070312,93.77999877929688,48.13017654418945,2192300,0.0,0.0,0.0
2014-01-21,93.9000015258789,93.94999694824219,93.81999969482422,93.9000015258789,48.191768646240234,2056000,0.0,0.0,0.0
2014-01-22,93.93000030517578,93.94000244140625,93.7300033569336,93.76000213623047,48.11988830566406,3235400,0.0,0.0,0.0
2014-01-23,93.77999877929688,93.80999755859375,93.58000183105469,93.63999938964844,48.05833053588867,4989500,0.0,0.0,0.0
2014-01-24,93.45999908447266,93.47000122070312,92.98999786376953,93.0199966430664,47.74010467529297,7575400,0.0,0.0,0.0
2014-01-27,93.1500015258789,93.22000122070312,92.94999694824219,92.98999786376953,47.724700927734375,5482900,0.0,0.0,0.0
2014-01-28,93.11000061035156,93.4800033569336,93.04000091552734,93.4000015258789,47.93514633178711,5393600,0.0,0.0,0.0
2014-01-29,93.25,93.26000213623047,93.0999984741211,93.12000274658203,47.79146194458008,5781700,0.0,0.0,0.0
2014-01-30,93.30000305175781,93.43000030517578,93.20999908447266,93.27999877929688,47.873538970947266,3940200,0.0,0.0,0.0
2014-01-31,93.12999725341797,93.37000274658203,93.12000274658203,93.25,47.85818099975586,7756900,0.0,0.0,0.0
2014-02-03,93.0199966430664,93.0199966430664,92.30000305175781,92.51000213623047,47.71478271484375,16150600,0.462,0.0,0.0
2014-02-04,92.75,92.80000305175781,92.58000183105469,92.62000274658203,47.771488189697266,5246900,0.0,0.0,0.0
2014-02-05,92.62000274658203,92.69999694824219,92.52999877929688,92.62000274658203,47.771488189697266,3893000,0.0,0.0,0.0
2014-02-06,92.77999877929688,92.97000122070312,92.66000366210938,92.94999694824219,47.94171905517578,3426100,0.0,0.0,0.0
2014-02-07,93.05999755859375,93.41999816894531,93.05999755859375,93.41999816894531,48.18412399291992,5193300,0.0,0.0,0.0
2014-02-10,93.41999816894531,93.54000091552734,93.30999755859375,93.4800033569336,48.215091705322266,5199700,0.0,0.0,0.0
2014-02-11,93.52999877929688,93.75,93.44000244140625,93.63999938964844,48.29762649536133,3950800,0.0,0.0,0.0
2014-02-12,93.66999816894531,93.72000122070312,93.45999908447266,93.48999786376953,48.220218658447266,2432100,0.0,0.0,0.0
2014-02-13,93.44000244140625,93.77999877929688,93.44000244140625,93.76000213623047,48.359493255615234,3078400,0.0,0.0,0.0
2014-02-14,93.69999694824219,93.94999694824219,93.69000244140625,93.91000366210938,48.436859130859375,2158700,0.0,0.0,0.0
2014-02-18,93.81999969482422,94.08999633789062,93.81999969482422,94.04000091552734,48.503910064697266,3734700,0.0,0.0,0.0
2014-02-19,94.11000061035156,94.19000244140625,93.77999877929688,93.80000305175781,48.380126953125,7273600,0.0,0.0,0.0
2014-02-20,93.88999938964844,94.08999633789062,93.87000274658203,94.08999633789062,48.52970886230469,3756900,0.0,0.0,0.0
2014-02-21,94.0999984741211,94.2300033569336,94.0999984741211,94.16999816894531,48.57093811035156,2574600,0.0,0.0,0.0
2014-02-24,94.25,94.44000244140625,94.25,94.37999725341797,48.67927551269531,3531600,0.0,0.0,0.0
2014-02-25,94.4000015258789,94.5199966430664,94.37999725341797,94.48999786376953,48.73600387573242,2979500,0.0,0.0,0.0
2014-02-26,94.56999969482422,94.6500015258789,94.5,94.6500015258789,48.81854248046875,2722100,0.0,0.0,0.0
2014-02-27,94.6500015258789,94.83999633789062,94.6500015258789,94.83000183105469,48.91139602661133,4377300,0.0,0.0,0.0
2014-02-28,94.81999969482422,95.0199966430664,94.72000122070312,94.93000030517578,48.96297836303711,3919300,0.0,0.0,0.0
2014-03-03,94.37000274658203,94.5,94.11000061035156,94.37999725341797,48.91786193847656,9488700,0.463,0.0,0.0
2014-03-04,94.61000061035156,94.75,94.4800033569336,94.72000122070312,49.09408950805664,9313600,0.0,0.0,0.0
2014-03-05,94.69000244140625,94.69999694824219,94.5,94.55000305175781,49.00596618652344,4531600,0.0,0.0,0.0
2014-03-06,94.62999725341797,94.66999816894531,94.37000274658203,94.41000366210938,48.933433532714844,4075500,0.0,0.0,0.0
2014-03-07,94.30999755859375,94.37999725341797,94.01000213623047,94.05000305175781,48.746829986572266,4552000,0.0,0.0,0.0
2014-03-10,94.04000091552734,94.08999633789062,93.91999816894531,94.05999755859375,48.751991271972656,1908200,0.0,0.0,0.0
2014-03-11,94.13999938964844,94.16000366210938,93.94000244140625,93.95999908447266,48.70018005371094,1618500,0.0,0.0,0.0
2014-03-12,93.9800033569336,94.13999938964844,93.97000122070312,94.12000274658203,48.78310775756836,2595000,0.0,0.0,0.0
2014-03-13,94.18000030517578,94.18000030517578,93.83000183105469,93.87000274658203,48.653507232666016,4829700,0.0,0.0,0.0
2014-03-14,93.88999938964844,94.01000213623047,93.73999786376953,93.80000305175781,48.61724853515625,4088200,0.0,0.0,0.0
2014-03-17,93.91000366210938,94.01000213623047,93.8499984741211,93.93000030517578,48.68461608886719,2943100,0.0,0.0,0.0
2014-03-18,94.02999877929688,94.2300033569336,93.93000030517578,94.20999908447266,48.829734802246094,2903500,0.0,0.0,0.0
2014-03-19,94.19000244140625,94.29000091552734,93.54000091552734,93.7300033569336,48.580955505371094,9983600,0.0,0.0,0.0
2014-03-20,93.9000015258789,94.06999969482422,93.66999816894531,94.05000305175781,48.746829986572266,4872300,0.0,0.0,0.0
2014-03-21,94.01000213623047,94.16000366210938,93.95999908447266,93.98999786376953,48.715728759765625,6106500,0.0,0.0,0.0
2014-03-24,94.19999694824219,94.19999694824219,93.95999908447266,94.0199966430664,48.731285095214844,5986100,0.0,0.0,0.0
2014-03-25,94.08999633789062,94.29000091552734,94.08999633789062,94.20999908447266,48.829734802246094,3468800,0.0,0.0,0.0
2014-03-26,94.3499984741211,94.3499984741211,94.16000366210938,94.2300033569336,48.84010314941406,3887200,0.0,0.0,0.0
2014-03-27,94.16999816894531,94.23999786376953,94.06999969482422,94.08999633789062,48.76755905151367,2255400,0.0,0.0,0.0
2014-03-28,94.2300033569336,94.3499984741211,94.16999816894531,94.25,48.85049057006836,2732600,0.0,0.0,0.0
2014-03-31,94.44999694824219,94.48999786376953,94.33999633789062,94.38999938964844,48.923030853271484,2641400,0.0,0.0,0.0
2014-04-01,94.05000305175781,94.12000274658203,93.97000122070312,94.12000274658203,49.01418685913086,4514900,0.445,0.0,0.0
2014-04-02,94.13999938964844,94.13999938964844,93.9800033569336,94.0199966430664,48.96211624145508,2285900,0.0,0.0,0.0
2014-04-03,94.0999984741211,94.1500015258789,94.04000091552734,94.05999755859375,48.982906341552734,2812400,0.0,0.0,0.0
2014-04-04,94.18000030517578,94.36000061035156,94.1500015258789,94.27999877929688,49.09748458862305,4555000,0.0,0.0,0.0
2014-04-07,94.2699966430664,94.30000305175781,94.06999969482422,94.08000183105469,48.99336242675781,1520900,0.0,0.0,0.0
2014-04-08,94.1500015258789,94.30000305175781,94.08000183105469,94.30000305175781,49.10791015625,2804400,0.0,0.0,0.0
2014-04-09,94.30000305175781,94.45999908447266,94.19999694824219,94.44999694824219,49.18602752685547,4383400,0.0,0.0,0.0
2014-04-10,94.5,94.5,94.18000030517578,94.18000030517578,49.04545974731445,3226900,0.0,0.0,0.0
2014-04-11,94.22000122070312,94.22000122070312,93.7699966430664,93.77999877929688,48.837120056152344,7228500,0.0,0.0,0.0
2014-04-14,93.83999633789062,94.13999938964844,93.83999633789062,94.08000183105469,48.99336242675781,3355800,0.0,0.0,0.0
2014-04-15,94.22000122070312,94.22000122070312,94.0,94.18000030517578,49.04545974731445,3104900,0.0,0.0,0.0
2014-04-16,94.22000122070312,94.25,94.0999984741211,94.2300033569336,49.071434020996094,3450100,0.0,0.0,0.0
2014-04-17,94.18000030517578,94.25,94.0999984741211,94.12000274658203,49.01418685913086,2443800,0.0,0.0,0.0
2014-04-21,94.23999786376953,94.27999877929688,94.0999984741211,94.12000274658203,49.01418685913086,1682200,0.0,0.0,0.0
2014-04-22,94.25,94.2699966430664,94.12000274658203,94.22000122070312,49.066253662109375,2442800,0.0,0.0,0.0
2014-04-23,94.23999786376953,94.44000244140625,94.19999694824219,94.25,49.08189392089844,1591300,0.0,0.0,0.0
2014-04-24,94.25,94.4000015258789,94.1500015258789,94.2699966430664,49.09228515625,1021700,0.0,0.0,0.0
2014-04-25,94.30999755859375,94.31999969482422,94.16000366210938,94.23999786376953,49.07668685913086,1195400,0.0,0.0,0.0
2014-04-28,94.26000213623047,94.30000305175781,94.12999725341797,94.22000122070312,49.066253662109375,1903900,0.0,0.0,0.0
2014-04-29,94.36000061035156,94.37999725341797,94.19000244140625,94.36000061035156,49.13915252685547,1775300,0.0,0.0,0.0
2014-04-30,94.36000061035156,94.41999816894531,94.19999694824219,94.33999633789062,49.12874221801758,4393100,0.0,0.0,0.0
2014-05-01,94.01000213623047,94.05000305175781,93.81999969482422,93.81999969482422,49.0780029296875,7322200,0.423,0.0,0.0
2014-05-02,94.04000091552734,94.04000091552734,93.83000183105469,94.04000091552734,49.193092346191406,2146000,0.0,0.0,0.0
2014-05-05,93.7699966430664,94.08000183105469,93.75,94.0,49.17213439941406,3541300,0.0,0.0,0.0
2014-05-06,94.1500015258789,94.1500015258789,93.9800033569336,94.0199966430664,49.182647705078125,2567800,0.0,0.0,0.0
2014-05-07,94.08999633789062,94.26000213623047,94.05000305175781,94.16000366210938,49.255882263183594,1578600,0.0,0.0,0.0
2014-05-08,94.2699966430664,94.30999755859375,94.08999633789062,94.13999938964844,49.245399475097656,4522400,0.0,0.0,0.0
2014-05-09,94.16000366210938,94.30000305175781,94.13999938964844,94.2300033569336,49.2924690246582,1736600,0.0,0.0,0.0
2014-05-12,94.37999725341797,94.37999725341797,94.22000122070312,94.33000183105469,49.34477996826172,1123000,0.0,0.0,0.0
2014-05-13,94.2699966430664,94.62000274658203,94.25,94.4800033569336,49.42325210571289,1933600,0.0,0.0,0.0
2014-05-14,94.4000015258789,94.58999633789062,94.38999938964844,94.52999877929688,49.449432373046875,1721400,0.0,0.0,0.0
2014-05-15,94.5999984741211,94.5999984741211,94.33999633789062,94.44000244140625,49.40233612060547,4240700,0.0,0.0,0.0
2014-05-16,94.5,94.6500015258789,94.37999725341797,94.62999725341797,49.501708984375,3185000,0.0,0.0,0.0
2014-05-19,94.5999984741211,94.8499984741211,94.51000213623047,94.7699966430664,49.57496643066406,7351000,0.0,0.0,0.0
2014-05-20,94.7699966430664,94.77999877929688,94.63999938964844,94.6500015258789,49.512184143066406,4217800,0.0,0.0,0.0
2014-05-21,94.7300033569336,94.7699966430664,94.5,94.63999938964844,49.50696563720703,2925900,0.0,0.0,0.0
2014-05-22,94.66000366210938,94.7300033569336,94.58999633789062,94.70999908447266,49.5435676574707,1950900,0.0,0.0,0.0
2014-05-23,94.66000366210938,94.83999633789062,94.66000366210938,94.73999786376953,49.55924987792969,2289100,0.0,0.0,0.0
2014-05-27,94.7699966430664,94.8499984741211,94.72000122070312,94.83000183105469,49.60634231567383,4384700,0.0,0.0,0.0
2014-05-28,94.8499984741211,94.9000015258789,94.80999755859375,94.86000061035156,49.62200927734375,3904400,0.0,0.0,0.0
2014-05-29,94.9000015258789,95.0,94.83999633789062,94.94999694824219,49.669132232666016,4734800,0.0,0.0,0.0
2014-05-30,94.9800033569336,95.06999969482422,94.93000030517578,95.05000305175781,49.721431732177734,4445800,0.0,0.0,0.0
2014-06-02,94.75,94.75,94.30999755859375,94.31999969482422,49.563270568847656,5722500,0.429,0.0,0.0
2014-06-03,94.41000366210938,94.43000030517578,94.30999755859375,94.33000183105469,49.56850051879883,2978300,0.0,0.0,0.0
2014-06-04,94.30999755859375,94.4000015258789,94.26000213623047,94.33000183105469,49.56850051879883,2527200,0.0,0.0,0.0
2014-06-05,94.41999816894531,94.58999633789062,94.33000183105469,94.55999755859375,49.68936538696289,2034100,0.0,0.0,0.0
2014-06-06,94.5999984741211,94.91000366210938,94.58999633789062,94.83000183105469,49.83125686645508,3059100,0.0,0.0,0.0
2014-06-09,94.97000122070312,94.9800033569336,94.77999877929688,94.94000244140625,49.88905334472656,2906800,0.0,0.0,0.0
2014-06-10,94.76000213623047,95.0,94.76000213623047,94.88999938964844,49.86281204223633,2091000,0.0,0.0,0.0
2014-06-11,94.87999725341797,94.91999816894531,94.77999877929688,94.9000015258789,49.868045806884766,1699500,0.0,0.0,0.0
2014-06-12,94.80999755859375,94.93000030517578,94.80999755859375,94.83999633789062,49.83650588989258,1354000,0.0,0.0,0.0
2014-06-13,94.9800033569336,94.9800033569336,94.83000183105469,94.94999694824219,49.89432144165039,1276500,0.0,0.0,0.0
2014-06-16,94.91999816894531,95.0,94.88999938964844,94.9000015258789,49.868045806884766,1869500,0.0,0.0,0.0
2014-06-17,94.88999938964844,95.0,94.77999877929688,94.83000183105469,49.83125686645508,7251700,0.0,0.0,0.0
2014-06-18,94.83999633789062,95.30999755859375,94.83999633789062,95.26000213623047,50.05720138549805,4284800,0.0,0.0,0.0
2014-06-19,95.2699966430664,95.30999755859375,95.1500015258789,95.23999786376953,50.04670715332031,2882500,0.0,0.0,0.0
2014-06-20,95.26000213623047,95.4000015258789,95.23999786376953,95.33000183105469,50.0940055847168,2372300,0.0,0.0,0.0
2014-06-23,95.33999633789062,95.43000030517578,95.29000091552734,95.31999969482422,50.08872985839844,1551000,0.0,0.0,0.0
2014-06-24,95.2699966430664,95.41000366210938,95.23999786376953,95.23999786376953,50.04670715332031,1839300,0.0,0.0,0.0
2014-06-25,95.30000305175781,95.4000015258789,95.25,95.37999725341797,50.12027359008789,2385000,0.0,0.0,0.0
2014-06-26,95.33999633789062,95.38999938964844,95.19999694824219,95.27999877929688,50.067726135253906,1806400,0.0,0.0,0.0
2014-06-27,95.30999755859375,95.33000183105469,95.19000244140625,95.27999877929688,50.067726135253906,1702700,0.0,0.0,0.0
2014-06-30,95.11000061035156,95.31999969482422,95.11000061035156,95.19999694824219,50.025665283203125,2647600,0.0,0.0,0.0
2014-07-01,94.93000030517578,95.02999877929688,94.77999877929688,94.80999755859375,50.03889083862305,3472700,0.415,0.0,0.0
2014-07-02,94.87000274658203,95.0,94.80999755859375,94.87000274658203,50.07057571411133,2819400,0.0,0.0,0.0
2014-07-03,94.86000061035156,94.91000366210938,94.69999694824219,94.7300033569336,49.99665451049805,2776100,0.0,0.0,0.0
2014-07-07,94.69999694824219,94.80000305175781,94.6500015258789,94.66000366210938,49.95970153808594,1941300,0.0,0.0,0.0
2014-07-08,94.73999786376953,94.77999877929688,94.66000366210938,94.68000030517578,49.97026062011719,2035300,0.0,0.0,0.0
2014-07-09,94.75,94.80000305175781,94.58000183105469,94.61000061035156,49.93330001831055,3945400,0.0,0.0,0.0
2014-07-10,94.54000091552734,94.54000091552734,94.29000091552734,94.31999969482422,49.780311584472656,6011600,0.0,0.0,0.0
2014-07-11,94.33000183105469,94.52999877929688,94.33000183105469,94.4800033569336,49.86472702026367,2071400,0.0,0.0,0.0
2014-07-14,94.80000305175781,94.80000305175781,94.44000244140625,94.44999694824219,49.84889602661133,2632700,0.0,0.0,0.0
2014-07-15,94.45999908447266,94.51000213623047,94.29000091552734,94.30000305175781,49.76970291137695,2888400,0.0,0.0,0.0
2014-07-16,94.41000366210938,94.41000366210938,94.12999725341797,94.1500015258789,49.690555572509766,4264900,0.0,0.0,0.0
2014-07-17,94.11000061035156,94.13999938964844,93.4800033569336,93.48999786376953,49.34219741821289,5767800,0.0,0.0,0.0
2014-07-18,93.7699966430664,93.9800033569336,93.6500015258789,93.87999725341797,49.548030853271484,1994800,0.0,0.0,0.0
2014-07-21,93.8499984741211,93.87999725341797,93.62999725341797,93.72000122070312,49.463565826416016,3111700,0.0,0.0,0.0
2014-07-22,93.7699966430664,94.0,93.76000213623047,93.8499984741211,49.53220748901367,3707100,0.0,0.0,0.0
2014-07-23,93.95999908447266,94.08000183105469,93.93000030517578,94.02999877929688,49.62721252441406,1995900,0.0,0.0,0.0
2014-07-24,94.06999969482422,94.29000091552734,93.98999786376953,94.19999694824219,49.71694564819336,3089100,0.0,0.0,0.0
2014-07-25,94.18000030517578,94.2300033569336,94.01000213623047,94.04000091552734,49.63246536254883,3072300,0.0,0.0,0.0
2014-07-28,94.01000213623047,94.04000091552734,93.73999786376953,93.76000213623047,49.484710693359375,5355100,0.0,0.0,0.0
2014-07-29,93.81999969482422,94.0,93.61000061035156,93.62999725341797,49.41609191894531,3877100,0.0,0.0,0.0
2014-07-30,93.7300033569336,93.7699966430664,93.0999984741211,93.23999786376953,49.210262298583984,5415100,0.0,0.0,0.0
2014-07-31,92.83000183105469,92.97000122070312,92.44000244140625,92.4800033569336,48.80915069580078,7460000,0.0,0.0,0.0
2014-08-01,92.05999755859375,92.3499984741211,91.31999969482422,92.04000091552734,48.80439376831055,10942000,0.431,0.0,0.0
2014-08-04,92.05999755859375,92.62999725341797,92.02999877929688,92.5999984741211,49.10133361816406,7020400,0.0,0.0,0.0
2014-08-05,92.61000061035156,92.62999725341797,92.27999877929688,92.41999816894531,49.00586700439453,3612500,0.0,0.0,0.0
2014-08-06,92.37999725341797,92.7300033569336,92.3499984741211,92.63999938964844,49.122520446777344,4167700,0.0,0.0,0.0
2014-08-07,92.69000244140625,92.94999694824219,92.66999816894531,92.69999694824219,49.15434646606445,3833900,0.0,0.0,0.0
2014-08-08,92.5,93.05999755859375,92.5,92.98999786376953,49.308101654052734,3426300,0.0,0.0,0.0
2014-08-11,93.12000274658203,93.48999786376953,92.98999786376953,93.43000030517578,49.54143142700195,6908300,0.0,0.0,0.0
2014-08-12,93.47000122070312,93.55999755859375,93.31999969482422,93.41000366210938,49.530826568603516,4231700,0.0,0.0,0.0
2014-08-13,93.6500015258789,93.69999694824219,93.45999908447266,93.68000030517578,49.67402267456055,4960200,0.0,0.0,0.0
2014-08-14,93.72000122070312,93.95999908447266,93.70999908447266,93.86000061035156,49.76944351196289,4246600,0.0,0.0,0.0
2014-08-15,94.0199966430664,94.11000061035156,93.87000274658203,94.05000305175781,49.87019729614258,6051300,0.0,0.0,0.0
2014-08-18,94.06999969482422,94.33999633789062,94.01000213623047,94.31999969482422,50.01335525512695,5112800,0.0,0.0,0.0
2014-08-19,94.37000274658203,94.37999725341797,94.23999786376953,94.29000091552734,49.99745178222656,2747200,0.0,0.0,0.0
2014-08-20,94.31999969482422,94.4800033569336,94.16999816894531,94.36000061035156,50.0345573425293,2470000,0.0,0.0,0.0
2014-08-21,94.36000061035156,94.45999908447266,94.33999633789062,94.36000061035156,50.0345573425293,1869100,0.0,0.0,0.0
2014-08-22,94.3499984741211,94.41000366210938,94.08999633789062,94.12999725341797,49.912601470947266,3065500,0.0,0.0,0.0
2014-08-25,94.26000213623047,94.37999725341797,94.08000183105469,94.33000183105469,50.01863479614258,1958000,0.0,0.0,0.0
2014-08-26,94.33000183105469,94.47000122070312,94.30999755859375,94.4000015258789,50.0557861328125,1562400,0.0,0.0,0.0
2014-08-27,94.47000122070312,94.4800033569336,94.30000305175781,94.30999755859375,50.0080451965332,3685200,0.0,0.0,0.0
2014-08-28,94.27999877929688,94.38999938964844,94.12999725341797,94.16999816894531,49.933799743652344,1815400,0.0,0.0,0.0
2014-08-29,94.23999786376953,94.27999877929688,94.12000274658203,94.23999786376953,49.9709587097168,2046000,0.0,0.0,0.0
2014-09-02,93.7699966430664,93.9800033569336,93.75,93.91999816894531,50.02951431274414,4484800,0.43,0.0,0.0
2014-09-03,93.91999816894531,93.91999816894531,93.66999816894531,93.68000030517578,49.901695251464844,3200200,0.0,0.0,0.0
2014-09-04,93.7300033569336,93.7699966430664,93.26000213623047,93.37000274658203,49.73659133911133,4754500,0.0,0.0,0.0
2014-09-05,93.37999725341797,93.44999694824219,93.25,93.26000213623047,49.677978515625,4752700,0.0,0.0,0.0
2014-09-08,93.23999786376953,93.3499984741211,93.08000183105469,93.16999816894531,49.6300048828125,2549200,0.0,0.0,0.0
2014-09-09,93.13999938964844,93.13999938964844,92.70999908447266,92.73999786376953,49.40094757080078,4647900,0.0,0.0,0.0
2014-09-10,92.75,92.81999969482422,92.55000305175781,92.77999877929688,49.42229461669922,3290600,0.0,0.0,0.0
2014-09-11,92.68000030517578,92.83999633789062,92.58000183105469,92.77999877929688,49.42229461669922,2822400,0.0,0.0,0.0
2014-09-12,92.69999694824219,92.80000305175781,92.5199966430664,92.66999816894531,49.36366653442383,5372500,0.0,0.0,0.0
2014-09-15,92.75,92.76000213623047,92.47000122070312,92.5,49.27311706542969,3592400,0.0,0.0,0.0
2014-09-16,92.44999694824219,92.86000061035156,92.43000030517578,92.69000244140625,49.374324798583984,5132200,0.0,0.0,0.0
2014-09-17,92.87000274658203,93.08999633789062,92.76000213623047,92.98999786376953,49.53407287597656,4399300,0.0,0.0,0.0
2014-09-18,92.9800033569336,93.08000183105469,92.91000366210938,93.0199966430664,49.55009460449219,3640300,0.0,0.0,0.0
2014-09-19,93.0999984741211,93.19000244140625,93.0199966430664,93.16000366210938,49.62468719482422,6000600,0.0,0.0,0.0
2014-09-22,93.16000366210938,93.23999786376953,92.91000366210938,92.98999786376953,49.53407287597656,4355300,0.0,0.0,0.0
2014-09-23,92.79000091552734,92.91999816894531,92.44000244140625,92.5199966430664,49.28375244140625,3573100,0.0,0.0,0.0
2014-09-24,92.5,92.5,92.05999755859375,92.23999786376953,49.134620666503906,6342700,0.0,0.0,0.0
2014-09-25,92.0999984741211,92.0999984741211,91.5,91.61000061035156,48.799034118652344,7348000,0.0,0.0,0.0
2014-09-26,91.22000122070312,91.7300033569336,90.94999694824219,91.55000305175781,48.7671012878418,11842500,0.0,0.0,0.0
2014-09-29,91.04000091552734,91.37000274658203,90.88999938964844,91.36000061035156,48.6658821105957,6289400,0.0,0.0,0.0
2014-09-30,91.63999938964844,92.02999877929688,91.55000305175781,91.94999694824219,48.98014450073242,6905400,0.0,0.0,0.0
2014-10-01,91.75,91.9000015258789,91.5199966430664,91.66000366210938,49.03416442871094,9996600,0.391,0.0,0.0
2014-10-02,91.62000274658203,91.87999725341797,91.4000015258789,91.83999633789062,49.13047409057617,6197300,0.0,0.0,0.0
2014-10-03,92.0999984741211,92.43000030517578,91.97000122070312,92.1500015258789,49.29630661010742,6371600,0.0,0.0,0.0
2014-10-06,92.30000305175781,92.44000244140625,92.13999938964844,92.25,49.34980773925781,4213800,0.0,0.0,0.0
2014-10-07,92.12999725341797,92.20999908447266,91.80999755859375,91.9000015258789,49.16253662109375,4994200,0.0,0.0,0.0
2014-10-08,91.87999725341797,92.37999725341797,91.7300033569336,92.33999633789062,49.397918701171875,7589400,0.0,0.0,0.0
2014-10-09,92.1500015258789,92.2300033569336,91.2699966430664,91.36000061035156,48.8736686706543,7177500,0.0,0.0,0.0
2014-10-10,91.18000030517578,91.30999755859375,90.51000213623047,90.62000274658203,48.47782897949219,14239800,0.0,0.0,0.0
2014-10-13,90.55000305175781,90.95999908447266,90.1500015258789,90.16999816894531,48.237083435058594,7908500,0.0,0.0,0.0
2014-10-14,90.5,90.7699966430664,90.22000122070312,90.47000122070312,48.3975830078125,11695300,0.0,0.0,0.0
2014-10-15,90.20999908447266,90.48999786376953,89.20999908447266,90.48999786376953,48.40827560424805,11711300,0.0,0.0,0.0
2014-10-16,89.98999786376953,91.0999984741211,89.8499984741211,91.0,48.68110275268555,12623100,0.0,0.0,0.0
2014-10-17,91.73999786376953,92.23999786376953,91.4000015258789,91.7699966430664,49.09300231933594,13575900,0.0,0.0,0.0
2014-10-20,91.83000183105469,92.5,91.7300033569336,92.43000030517578,49.44609451293945,7331400,0.0,0.0,0.0
2014-10-21,92.62000274658203,93.19999694824219,92.62000274658203,93.18000030517578,49.847328186035156,7453700,0.0,0.0,0.0
2014-10-22,93.16000366210938,93.19999694824219,92.44999694824219,92.56999969482422,49.52100372314453,8363900,0.0,0.0,0.0
2014-10-23,92.87000274658203,94.91999816894531,92.51000213623047,92.52999877929688,49.499576568603516,9482300,0.0,0.0,0.0
2014-10-24,92.44999694824219,92.91999816894531,92.44999694824219,92.79000091552734,49.63865661621094,5764300,0.0,0.0,0.0
2014-10-27,92.7300033569336,92.75,92.33999633789062,92.41000366210938,49.435386657714844,4911400,0.0,0.0,0.0
2014-10-28,92.54000091552734,92.70999908447266,92.37999725341797,92.55999755859375,49.51563262939453,6024200,0.0,0.0,0.0
2014-10-29,92.62999725341797,92.68000030517578,92.20999908447266,92.48999786376953,49.47819519042969,5320700,0.0,0.0,0.0
2014-10-30,92.5,94.94999694824219,92.38999938964844,92.44999694824219,49.45681381225586,3341700,0.0,0.0,0.0
2014-10-31,92.80999755859375,92.80999755859375,92.5,92.52999877929688,49.499576568603516,5065400,0.0,0.0,0.0
2014-11-03,92.22000122070312,92.51000213623047,92.18000030517578,92.31999969482422,49.60381317138672,4936200,0.404,0.0,0.0
2014-11-04,92.29000091552734,92.29000091552734,91.95999908447266,92.02999877929688,49.448001861572266,5886200,0.0,0.0,0.0
2014-11-05,92.16000366210938,92.18000030517578,91.91000366210938,92.01000213623047,49.437294006347656,4399300,0.0,0.0,0.0
2014-11-06,92.08000183105469,92.2699966430664,92.06999969482422,92.25,49.566200256347656,3747700,0.0,0.0,0.0
2014-11-07,92.25,92.37999725341797,92.13999938964844,92.33999633789062,49.61455535888672,3456300,0.0,0.0,0.0
2014-11-10,92.30999755859375,92.41999816894531,92.29000091552734,92.37999725341797,49.63606643676758,2680400,0.0,0.0,0.0
2014-11-11,92.37999725341797,92.62000274658203,92.25,92.58999633789062,49.74889373779297,2730700,0.0,0.0,0.0
2014-11-12,92.4800033569336,92.51000213623047,92.26000213623047,92.29000091552734,49.58770751953125,3218900,0.0,0.0,0.0
2014-11-13,92.37999725341797,92.37999725341797,91.80000305175781,91.91000366210938,49.38351058959961,5081300,0.0,0.0,0.0
2014-11-14,91.80999755859375,91.94000244140625,91.41000366210938,91.44999694824219,49.13633728027344,7868000,0.0,0.0,0.0
2014-11-17,91.5199966430664,91.66999816894531,91.3499984741211,91.44000244140625,49.13100814819336,5213700,0.0,0.0,0.0
2014-11-18,91.41000366210938,91.55999755859375,91.25,91.26000213623047,49.03426742553711,5227200,0.0,0.0,0.0
2014-11-19,91.0999984741211,91.26000213623047,90.86000061035156,91.23999786376953,49.0235481262207,7733300,0.0,0.0,0.0
2014-11-20,91.0,91.30000305175781,90.91999816894531,91.25,49.02890396118164,3274300,0.0,0.0,0.0
2014-11-21,91.62000274658203,92.01000213623047,91.52999877929688,91.75,49.29755783081055,7983000,0.0,0.0,0.0
2014-11-24,91.87000274658203,91.94000244140625,91.62999725341797,91.73999786376953,49.29219055175781,4569100,0.0,0.0,0.0
2014-11-25,91.69999694824219,91.94999694824219,91.66000366210938,91.88999938964844,49.37277603149414,4878500,0.0,0.0,0.0
2014-11-26,91.94999694824219,92.12999725341797,91.9000015258789,92.01000213623047,49.437294006347656,3055800,0.0,0.0,0.0
2014-11-28,91.58999633789062,91.6500015258789,91.04000091552734,91.12999725341797,48.96442794799805,5290500,0.0,0.0,0.0
2014-12-01,90.66999816894531,90.66999816894531,89.73999786376953,89.80000305175781,48.471622467041016,12432400,0.417,0.0,0.0
2014-12-02,90.05000305175781,90.31999969482422,89.87000274658203,90.29000091552734,48.736087799072266,6821200,0.0,0.0,0.0
2014-12-03,90.31999969482422,90.51000213623047,90.19999694824219,90.44000244140625,48.81707000732422,7627000,0.0,0.0,0.0
2014-12-04,90.36000061035156,90.5,90.30000305175781,90.37999725341797,48.784690856933594,4581600,0.0,0.0,0.0
2014-12-05,90.26000213623047,90.38999938964844,90.04000091552734,90.30999755859375,48.746917724609375,5237400,0.0,0.0,0.0
2014-12-08,90.12999725341797,90.19999694824219,89.69999694824219,89.8499984741211,48.49863052368164,6770800,0.0,0.0,0.0
2014-12-09,89.30999755859375,89.87999725341797,89.2300033569336,89.80000305175781,48.471622467041016,9702100,0.0,0.0,0.0
2014-12-10,89.37000274658203,89.5,88.41999816894531,88.7699966430664,47.915653228759766,15409400,0.0,0.0,0.0
2014-12-11,88.62000274658203,88.91000366210938,87.91999816894531,88.44999694824219,47.74291229248047,12053000,0.0,0.0,0.0
2014-12-12,87.80000305175781,87.94000244140625,87.0999984741211,87.25,47.095191955566406,11563300,0.0,0.0,0.0
2014-12-15,87.44000244140625,87.5999984741211,86.45999908447266,87.19999694824219,47.068199157714844,14114000,0.0,0.0,0.0
2014-12-16,86.44000244140625,87.66000366210938,86.12000274658203,86.88999938964844,46.90087127685547,14875500,0.0,0.0,0.0
2014-12-17,86.95999908447266,88.9800033569336,86.88999938964844,88.66000366210938,47.85628890991211,16864000,0.0,0.0,0.0
2014-12-18,90.0,90.30999755859375,88.72000122070312,89.37000274658203,48.2395133972168,16638700,0.0,0.0,0.0
2014-12-19,89.62000274658203,90.30999755859375,89.5199966430664,90.2300033569336,48.703739166259766,9952800,0.0,0.0,0.0
2014-12-22,90.1500015258789,90.30000305175781,89.69999694824219,90.01000213623047,48.584991455078125,6622400,0.0,0.0,0.0
2014-12-23,90.23999786376953,90.41000366210938,89.94999694824219,90.33000183105469,48.7576789855957,5314400,0.0,0.0,0.0
2014-12-24,89.9800033569336,90.30000305175781,89.91999816894531,90.25,48.923587799072266,2285700,0.386,0.0,0.0
2014-12-26,90.3499984741211,90.5,89.9000015258789,89.97000122070312,48.771785736083984,1815500,0.0,0.0,0.0
2014-12-29,90.0199966430664,90.23999786376953,89.7300033569336,90.0199966430664,48.798892974853516,4717100,0.0,0.0,0.0
2014-12-30,89.7699966430664,89.95999908447266,89.66000366210938,89.83999633789062,48.70133972167969,3624300,0.0,0.0,0.0
2014-12-31,89.87999725341797,90.0,89.44000244140625,89.5999984741211,48.571231842041016,4185400,0.0,0.0,0.0
2015-01-02,89.69000244140625,89.93000030517578,89.48999786376953,89.5999984741211,48.571231842041016,3271900,0.0,0.0,0.0
2015-01-05,89.0999984741211,89.23999786376953,88.6500015258789,88.7699966430664,48.12128448486328,7523100,0.0,0.0,0.0
2015-01-06,88.5999984741211,88.95999908447266,88.33999633789062,88.43000030517578,47.93699264526367,9489700,0.0,0.0,0.0
2015-01-07,89.12000274658203,89.27999877929688,88.87000274658203,88.9800033569336,48.23512649536133,8353100,0.0,0.0,0.0
2015-01-08,89.30999755859375,89.83000183105469,88.9800033569336,89.6500015258789,48.598323822021484,8388600,0.0,0.0,0.0
2015-01-09,89.72000122070312,90.13999938964844,89.37000274658203,90.0999984741211,48.84227752685547,6766700,0.0,0.0,0.0
2015-01-12,90.16999816894531,90.16999816894531,89.63999938964844,89.98999786376953,48.782630920410156,8698500,0.0,0.0,0.0
2015-01-13,90.0,90.2300033569336,89.54000091552734,89.98999786376953,48.782630920410156,7738700,0.0,0.0,0.0
2015-01-14,89.51000213623047,89.83999633789062,89.3499984741211,89.77999877929688,48.668785095214844,7415500,0.0,0.0,0.0
2015-01-15,89.9800033569336,89.9800033569336,89.20999908447266,89.2300033569336,48.37067413330078,7061300,0.0,0.0,0.0
2015-01-16,89.33999633789062,89.69999694824219,89.33000183105469,89.56999969482422,48.55497741699219,7685500,0.0,0.0,0.0
2015-01-20,89.83999633789062,89.83999633789062,89.26000213623047,89.41000366210938,48.46821212768555,5915300,0.0,0.0,0.0
2015-01-21,89.36000061035156,89.91000366210938,89.30000305175781,89.88999938964844,48.72840881347656,6110700,0.0,0.0,0.0
2015-01-22,90.0199966430664,90.16999816894531,89.77999877929688,90.01000213623047,48.793495178222656,6940100,0.0,0.0,0.0
2015-01-23,90.01000213623047,90.13999938964844,89.93000030517578,90.01000213623047,48.793495178222656,5134500,0.0,0.0,0.0
2015-01-26,90.06999969482422,90.48999786376953,89.93000030517578,90.41999816894531,49.0157356262207,8252300,0.0,0.0,0.0
2015-01-27,90.08000183105469,90.43000030517578,90.01000213623047,90.3499984741211,48.977783203125,8771100,0.0,0.0,0.0
2015-01-28,90.41000366210938,90.5,90.01000213623047,90.16000366210938,48.87481689453125,5622400,0.0,0.0,0.0
2015-01-29,90.33999633789062,90.5199966430664,90.1500015258789,90.4800033569336,49.04824447631836,4923200,0.0,0.0,0.0
2015-01-30,90.37999725341797,90.4800033569336,90.19000244140625,90.2300033569336,48.912757873535156,6383000,0.0,0.0,0.0
2015-02-02,90.02999877929688,90.20999908447266,89.87999725341797,90.20999908447266,49.10049057006836,4120600,0.365,0.0,0.0
2015-02-03,90.37999725341797,90.83000183105469,90.30000305175781,90.72000122070312,49.37810516357422,11682400,0.0,0.0,0.0
2015-02-04,90.63999938964844,90.63999938964844,90.30000305175781,90.33999633789062,49.17125701904297,8333900,0.0,0.0,0.0
2015-02-05,90.55000305175781,90.87999725341797,90.4000015258789,90.87000274658203,49.45975112915039,10172500,0.0,0.0,0.0
2015-02-06,91.06999969482422,91.08000183105469,90.77999877929688,90.94000244140625,49.49785232543945,6076700,0.0,0.0,0.0
2015-02-09,90.87999725341797,90.98999786376953,90.69999694824219,90.72000122070312,49.37810516357422,4672800,0.0,0.0,0.0
2015-02-10,90.9000015258789,91.02999877929688,90.88999938964844,91.02999877929688,49.54682540893555,6846600,0.0,0.0,0.0
2015-02-11,90.9800033569336,91.02999877929688,90.83000183105469,91.0,49.53050231933594,5688000,0.0,0.0,0.0
2015-02-12,91.13999938964844,91.13999938964844,90.94000244140625,90.98999786376953,49.52504348754883,3185400,0.0,0.0,0.0
2015-02-13,91.01000213623047,91.19000244140625,90.94000244140625,91.12000274658203,49.59584045410156,4676600,0.0,0.0,0.0
2015-02-17,91.23999786376953,91.27999877929688,91.02999877929688,91.05999755859375,49.56317138671875,6624200,0.0,0.0,0.0
2015-02-18,91.1500015258789,91.38999938964844,91.04000091552734,91.37000274658203,49.73190689086914,4744400,0.0,0.0,0.0
2015-02-19,91.2699966430664,91.31999969482422,91.13999938964844,91.16000366210938,49.617610931396484,2964800,0.0,0.0,0.0
2015-02-20,91.1500015258789,91.41999816894531,91.08000183105469,91.41000366210938,49.753684997558594,5470600,0.0,0.0,0.0
2015-02-23,91.44999694824219,91.4800033569336,91.2699966430664,91.4800033569336,49.79177474975586,4165700,0.0,0.0,0.0
2015-02-24,91.45999908447266,91.5999984741211,91.38999938964844,91.56999969482422,49.84074783325195,3689300,0.0,0.0,0.0
2015-02-25,91.62999725341797,91.9000015258789,91.56999969482422,91.87000274658203,50.0040397644043,9048500,0.0,0.0,0.0
2015-02-26,91.83999633789062,91.97000122070312,91.73999786376953,91.8499984741211,49.993160247802734,7928200,0.0,0.0,0.0
2015-02-27,91.9000015258789,91.94999694824219,91.80999755859375,91.87000274658203,50.0040397644043,4521800,0.0,0.0,0.0
2015-03-02,91.55999755859375,91.5999984741211,91.30000305175781,91.45999908447266,49.994754791259766,6933000,0.393,0.0,0.0
2015-03-03,91.31999969482422,91.4000015258789,91.12000274658203,91.19999694824219,49.85261917114258,10032000,0.0,0.0,0.0
2015-03-04,91.05000305175781,91.16000366210938,90.9800033569336,91.02999877929688,49.75968551635742,7832800,0.0,0.0,0.0
2015-03-05,91.16999816894531,91.19999694824219,91.04000091552734,91.19999694824219,49.85261917114258,6412500,0.0,0.0,0.0
2015-03-06,90.94999694824219,90.97000122070312,90.52999877929688,90.62000274658203,49.53557205200195,9271900,0.0,0.0,0.0
2015-03-09,90.7300033569336,90.73999786376953,90.37999725341797,90.43000030517578,49.43172836303711,9607500,0.0,0.0,0.0
2015-03-10,90.27999877929688,90.33999633789062,89.9000015258789,90.08000183105469,49.240413665771484,12447300,0.0,0.0,0.0
2015-03-11,90.3499984741211,90.45999908447266,90.06999969482422,90.33000183105469,49.37702560424805,9214800,0.0,0.0,0.0
2015-03-12,90.5999984741211,90.63999938964844,90.36000061035156,90.51000213623047,49.475460052490234,4469900,0.0,0.0,0.0
2015-03-13,90.36000061035156,90.4000015258789,89.97000122070312,90.19999694824219,49.30598068237305,6184500,0.0,0.0,0.0
2015-03-16,90.2699966430664,90.33999633789062,90.05000305175781,90.11000061035156,49.25681686401367,4772600,0.0,0.0,0.0
2015-03-17,89.87999725341797,90.0199966430664,89.48999786376953,89.66000366210938,49.01082229614258,13059600,0.0,0.0,0.0
2015-03-18,89.66000366210938,90.47000122070312,89.48999786376953,90.45999908447266,49.4481086730957,11633900,0.0,0.0,0.0
2015-03-19,90.16999816894531,90.36000061035156,89.68000030517578,89.73999786376953,49.05455780029297,9226000,0.0,0.0,0.0
2015-03-20,90.0999984741211,90.4800033569336,89.97000122070312,90.44000244140625,49.43718338012695,9127300,0.0,0.0,0.0
2015-03-23,90.43000030517578,90.54000091552734,90.30999755859375,90.51000213623047,49.475460052490234,5459200,0.0,0.0,0.0
2015-03-24,90.4800033569336,90.72000122070312,90.44999694824219,90.6500015258789,49.55196762084961,6767200,0.0,0.0,0.0
2015-03-25,90.70999908447266,90.83000183105469,90.4000015258789,90.41000366210938,49.420780181884766,5364600,0.0,0.0,0.0
2015-03-26,90.51000213623047,90.52999877929688,90.2300033569336,90.4000015258789,49.41532516479492,4876400,0.0,0.0,0.0
2015-03-27,90.38999938964844,90.55999755859375,90.3499984741211,90.47000122070312,49.453575134277344,3822000,0.0,0.0,0.0
2015-03-30,90.51000213623047,90.79000091552734,90.5,90.72000122070312,49.590240478515625,4197700,0.0,0.0,0.0
2015-03-31,90.69000244140625,90.83999633789062,90.55999755859375,90.61000061035156,49.53011703491211,4498400,0.0,0.0,0.0
2015-04-01,90.3499984741211,90.43000030517578,90.0999984741211,90.38999938964844,49.632259368896484,9298200,0.406,0.0,0.0
2015-04-02,90.45999908447266,90.58999633789062,90.3499984741211,90.45999908447266,49.6706657409668,4774400,0.0,0.0,0.0
2015-04-06,90.37999725341797,90.80999755859375,90.37999725341797,90.69000244140625,49.796958923339844,5020700,0.0,0.0,0.0
2015-04-07,90.7699966430664,91.19999694824219,90.69000244140625,91.16999816894531,50.0605354309082,8659800,0.0,0.0,0.0
2015-04-08,91.20999908447266,91.30000305175781,91.01000213623047,91.1500015258789,50.0495719909668,7151900,0.0,0.0,0.0
2015-04-09,91.19000244140625,91.26000213623047,91.0,91.05999755859375,50.00014114379883,3415700,0.0,0.0,0.0
2015-04-10,91.05000305175781,91.27999877929688,91.05000305175781,91.2699966430664,50.11544418334961,3012700,0.0,0.0,0.0
2015-04-13,91.2699966430664,91.31999969482422,91.08000183105469,91.0999984741211,50.02210235595703,2866600,0.0,0.0,0.0
2015-04-14,91.12999725341797,91.19999694824219,90.93000030517578,91.13999938964844,50.04408645629883,2830000,0.0,0.0,0.0
2015-04-15,91.23999786376953,91.55999755859375,91.20999908447266,91.5,50.241756439208984,4438300,0.0,0.0,0.0
2015-04-16,91.44000244140625,91.44000244140625,91.2699966430664,91.30999755859375,50.13741683959961,5285400,0.0,0.0,0.0
2015-04-17,91.23999786376953,91.23999786376953,91.0,91.02999877929688,49.983646392822266,3901300,0.0,0.0,0.0
2015-04-20,91.23999786376953,91.37999725341797,91.11000061035156,91.2300033569336,50.093475341796875,3641000,0.0,0.0,0.0
2015-04-21,91.4800033569336,91.4800033569336,91.23999786376953,91.29000091552734,50.126461029052734,3730700,0.0,0.0,0.0
2015-04-22,91.43000030517578,91.44000244140625,91.18000030517578,91.19999694824219,50.07701110839844,4031100,0.0,0.0,0.0
2015-04-23,91.26000213623047,91.36000061035156,91.08000183105469,91.16999816894531,50.0605354309082,4755200,0.0,0.0,0.0
2015-04-24,91.19000244140625,91.33999633789062,91.19000244140625,91.31999969482422,50.14289474487305,4221400,0.0,0.0,0.0
2015-04-27,91.44999694824219,91.48999786376953,91.2699966430664,91.3499984741211,50.15937042236328,5049600,0.0,0.0,0.0
2015-04-28,91.27999877929688,91.30999755859375,91.16999816894531,91.20999908447266,50.082496643066406,4697400,0.0,0.0,0.0
2015-04-29,91.0,91.19999694824219,90.91999816894531,91.04000091552734,49.98915100097656,8152700,0.0,0.0,0.0
2015-04-30,91.0,91.08000183105469,90.80999755859375,90.98999786376953,49.9616813659668,11463800,0.0,0.0,0.0
2015-05-01,90.66000366210938,90.80999755859375,90.61000061035156,90.79000091552734,50.07310104370117,8053700,0.402,0.0,0.0
2015-05-04,90.94999694824219,90.97000122070312,90.6500015258789,90.7699966430664,50.06208801269531,6683700,0.0,0.0,0.0
2015-05-05,90.69000244140625,90.77999877929688,90.48999786376953,90.6500015258789,49.99586868286133,12736900,0.0,0.0,0.0
2015-05-06,90.6500015258789,90.69000244140625,90.31999969482422,90.37999725341797,49.84699249267578,13677500,0.0,0.0,0.0
2015-05-07,90.30000305175781,90.58000183105469,90.2699966430664,90.37000274658203,49.84148025512695,8676400,0.0,0.0,0.0
2015-05-08,90.86000061035156,91.08000183105469,90.80000305175781,91.08000183105469,50.23305892944336,10319600,0.0,0.0,0.0
2015-05-11,91.01000213623047,91.05999755859375,90.4800033569336,90.51000213623047,49.91867446899414,5499200,0.0,0.0,0.0
2015-05-12,90.36000061035156,90.7300033569336,90.29000091552734,90.5,49.913143157958984,6569200,0.0,0.0,0.0
2015-05-13,90.62000274658203,90.7699966430664,90.33000183105469,90.37000274658203,49.84148025512695,4349000,0.0,0.0,0.0
2015-05-14,90.58999633789062,90.87000274658203,90.58999633789062,90.80999755859375,50.084136962890625,5147100,0.0,0.0,0.0
2015-05-15,90.9000015258789,91.08000183105469,90.80999755859375,91.01000213623047,50.19445037841797,8939400,0.0,0.0,0.0
2015-05-18,91.0,91.0,90.75,90.86000061035156,50.11171340942383,2843700,0.0,0.0,0.0
2015-05-19,90.87999725341797,90.87999725341797,90.63999938964844,90.72000122070312,50.03448486328125,4743200,0.0,0.0,0.0
2015-05-20,90.7300033569336,90.86000061035156,90.61000061035156,90.61000061035156,49.97381591796875,2841700,0.0,0.0,0.0
2015-05-21,90.5999984741211,90.83000183105469,90.5999984741211,90.73999786376953,50.04551696777344,3709300,0.0,0.0,0.0
2015-05-22,90.7300033569336,90.8499984741211,90.69000244140625,90.80999755859375,50.084136962890625,3716900,0.0,0.0,0.0
2015-05-26,90.66999816894531,90.79000091552734,90.61000061035156,90.62000274658203,49.97933578491211,3951500,0.0,0.0,0.0
2015-05-27,90.77999877929688,90.9000015258789,90.68000030517578,90.81999969482422,50.08964920043945,3737800,0.0,0.0,0.0
2015-05-28,90.80999755859375,90.83000183105469,90.69000244140625,90.77999877929688,50.06757736206055,5440700,0.0,0.0,0.0
2015-05-29,90.76000213623047,90.97000122070312,90.76000213623047,90.91000366210938,50.139278411865234,4764000,0.0,0.0,0.0
2015-06-01,90.6500015258789,90.7699966430664,90.45999908447266,90.66000366210938,50.223487854003906,9372600,0.402,0.0,0.0
2015-06-02,90.75,90.75,90.33999633789062,90.48999786376953,50.12931442260742,5203700,0.0,0.0,0.0
2015-06-03,90.38999938964844,90.44999694824219,89.94000244140625,90.0,49.85786437988281,9532700,0.0,0.0,0.0
2015-06-04,89.93000030517578,90.01000213623047,89.70999908447266,89.70999908447266,49.697235107421875,11381700,0.0,0.0,0.0
2015-06-05,89.48999786376953,89.62999725341797,89.33000183105469,89.44000244140625,49.54766082763672,7747600,0.0,0.0,0.0
2015-06-08,89.5199966430664,89.61000061035156,89.33999633789062,89.44000244140625,49.54766082763672,6487800,0.0,0.0,0.0
2015-06-09,89.41999816894531,89.44000244140625,89.16999816894531,89.29000091552734,49.46453857421875,11416200,0.0,0.0,0.0
2015-06-10,89.30999755859375,89.4800033569336,89.26000213623047,89.41000366210938,49.53103256225586,5187500,0.0,0.0,0.0
2015-06-11,89.47000122070312,89.5999984741211,89.37999725341797,89.58999633789062,49.63072967529297,5202100,0.0,0.0,0.0
2015-06-12,89.41999816894531,89.5199966430664,89.23999786376953,89.26000213623047,49.44790267944336,5713500,0.0,0.0,0.0
2015-06-15,89.06999969482422,89.22000122070312,88.80999755859375,88.83999633789062,49.215240478515625,12726200,0.0,0.0,0.0
2015-06-16,88.80999755859375,89.33999633789062,88.80999755859375,89.33999633789062,49.49222946166992,5249800,0.0,0.0,0.0
2015-06-17,89.19999694824219,89.4000015258789,88.94000244140625,89.26000213623047,49.44790267944336,5660400,0.0,0.0,0.0
2015-06-18,89.29000091552734,89.69000244140625,89.29000091552734,89.58999633789062,49.63072967529297,6869900,0.0,0.0,0.0
2015-06-19,89.76000213623047,89.76000213623047,89.45999908447266,89.63999938964844,49.65843200683594,12585700,0.0,0.0,0.0
2015-06-22,89.88999938964844,89.98999786376953,89.63999938964844,89.81999969482422,49.75815200805664,5035400,0.0,0.0,0.0
2015-06-23,89.7699966430664,89.80000305175781,89.63999938964844,89.76000213623047,49.72492218017578,3474800,0.0,0.0,0.0
2015-06-24,89.69999694824219,89.79000091552734,89.5199966430664,89.5199966430664,49.591941833496094,2636900,0.0,0.0,0.0
2015-06-25,89.56999969482422,89.63999938964844,89.25,89.25,49.442413330078125,5176700,0.0,0.0,0.0
2015-06-26,89.25,89.31999969482422,88.94999694824219,88.98999786376953,49.2983283996582,6683200,0.0,0.0,0.0
2015-06-29,88.6500015258789,88.80000305175781,88.37000274658203,88.37999725341797,48.96043014526367,10156900,0.0,0.0,0.0
2015-06-30,88.76000213623047,88.86000061035156,88.58000183105469,88.80000305175781,49.193077087402344,4912700,0.0,0.0,0.0
2015-07-01,88.80999755859375,88.80999755859375,88.36000061035156,88.41999816894531,49.2014045715332,13614700,0.395,0.0,0.0
2015-07-02,88.6500015258789,88.8499984741211,88.5199966430664,88.75,49.38508987426758,5586300,0.0,0.0,0.0
2015-07-06,88.58000183105469,88.75,88.41000366210938,88.45999908447266,49.22370147705078,4719100,0.0,0.0,0.0
2015-07-07,88.33000183105469,88.62999725341797,88.12999725341797,88.52999877929688,49.262664794921875,8406300,0.0,0.0,0.0
2015-07-08,88.16999816894531,88.41999816894531,88.05999755859375,88.08999633789062,49.017818450927734,5744800,0.0,0.0,0.0
2015-07-09,88.44999694824219,88.7300033569336,88.29000091552734,88.29000091552734,49.12907409667969,6291000,0.0,0.0,0.0
2015-07-10,88.58999633789062,88.87000274658203,88.55999755859375,88.80000305175781,49.41289520263672,7097900,0.0,0.0,0.0
2015-07-13,88.91000366210938,88.94000244140625,88.72000122070312,88.87999725341797,49.4573860168457,6119200,0.0,0.0,0.0
2015-07-14,88.73999786376953,88.83000183105469,88.63999938964844,88.79000091552734,49.4073486328125,6354100,0.0,0.0,0.0
2015-07-15,88.77999877929688,88.9000015258789,88.6500015258789,88.79000091552734,49.4073486328125,5983300,0.0,0.0,0.0
2015-07-16,88.88999938964844,89.02999877929688,88.87999725341797,88.93000030517578,49.48522186279297,7523600,0.0,0.0,0.0
2015-07-17,88.98999786376953,88.98999786376953,88.5999984741211,88.69000244140625,49.35169219970703,7788400,0.0,0.0,0.0
2015-07-20,88.6500015258789,88.66000366210938,88.2699966430664,88.27999877929688,49.123538970947266,6740400,0.0,0.0,0.0
2015-07-21,88.20999908447266,88.31999969482422,88.11000061035156,88.12000274658203,49.03451919555664,4904800,0.0,0.0,0.0
2015-07-22,87.87000274658203,87.93000030517578,87.5199966430664,87.55000305175781,48.71730041503906,10578500,0.0,0.0,0.0
2015-07-23,87.5199966430664,87.70999908447266,87.5,87.5,48.68950271606445,4918400,0.0,0.0,0.0
2015-07-24,87.5,87.55000305175781,87.19999694824219,87.25,48.550350189208984,4702900,0.0,0.0,0.0
2015-07-27,87.01000213623047,87.2699966430664,86.80999755859375,86.87999725341797,48.34450912475586,11061700,0.0,0.0,0.0
2015-07-28,86.97000122070312,87.44999694824219,86.93000030517578,87.3499984741211,48.60602951049805,10471000,0.0,0.0,0.0
2015-07-29,87.3499984741211,87.93000030517578,87.3499984741211,87.86000061035156,48.889808654785156,8839500,0.0,0.0,0.0
2015-07-30,87.80999755859375,88.16999816894531,87.80999755859375,88.12000274658203,49.03451919555664,6127600,0.0,0.0,0.0
2015-07-31,88.01000213623047,88.23999786376953,87.94000244140625,87.97000122070312,48.9510383605957,5936500,0.0,0.0,0.0
2015-08-03,87.58999633789062,87.5999984741211,87.37000274658203,87.41000366210938,48.85941696166992,5416900,0.396,0.0,0.0
2015-08-04,87.5,87.62999725341797,87.44000244140625,87.45999908447266,48.887298583984375,3691400,0.0,0.0,0.0
2015-08-05,87.63999938964844,87.7300033569336,87.33000183105469,87.33999633789062,48.82024383544922,7778300,0.0,0.0,0.0
2015-08-06,87.2300033569336,87.33000183105469,86.95999908447266,86.9800033569336,48.618980407714844,10794800,0.0,0.0,0.0
2015-08-07,86.8499984741211,86.88999938964844,86.68000030517578,86.70999908447266,48.468109130859375,5483500,0.0,0.0,0.0
2015-08-10,86.7699966430664,86.97000122070312,86.7300033569336,86.95999908447266,48.607810974121094,3234500,0.0,0.0,0.0
2015-08-11,86.62999725341797,86.69999694824219,86.45999908447266,86.55999755859375,48.38423156738281,4598600,0.0,0.0,0.0
2015-08-12,86.26000213623047,86.4800033569336,86.04000091552734,86.44000244140625,48.317176818847656,6371900,0.0,0.0,0.0
2015-08-13,86.37000274658203,86.44000244140625,86.27999877929688,86.33000183105469,48.25566864013672,7422100,0.0,0.0,0.0
2015-08-14,86.29000091552734,86.51000213623047,86.27999877929688,86.37999725341797,48.283599853515625,3437900,0.0,0.0,0.0
2015-08-17,86.29000091552734,86.51000213623047,86.19999694824219,86.37999725341797,48.283599853515625,4153600,0.0,0.0,0.0
2015-08-18,86.2699966430664,86.4000015258789,86.18000030517578,86.2699966430664,48.222164154052734,5471300,0.0,0.0,0.0
2015-08-19,86.20999908447266,86.44999694824219,86.0199966430664,86.19000244140625,48.17744445800781,7208500,0.0,0.0,0.0
2015-08-20,85.9000015258789,85.97000122070312,85.6500015258789,85.7699966430664,47.942657470703125,11099100,0.0,0.0,0.0
2015-08-21,85.52999877929688,85.75,85.37000274658203,85.45999908447266,47.76939010620117,13158600,0.0,0.0,0.0
2015-08-24,83.80999755859375,85.37999725341797,83.43000030517578,84.76000213623047,47.378116607666016,19116200,0.0,0.0,0.0
2015-08-25,85.55999755859375,85.69000244140625,84.91000366210938,84.93000030517578,47.473106384277344,18194700,0.0,0.0,0.0
2015-08-26,85.26000213623047,85.80000305175781,85.19000244140625,85.63999938964844,47.8699951171875,10654800,0.0,0.0,0.0
2015-08-27,85.86000061035156,86.44999694824219,85.86000061035156,86.27999877929688,48.22772979736328,12772100,0.0,0.0,0.0
2015-08-28,86.22000122070312,86.5,86.05999755859375,86.36000061035156,48.272430419921875,9100000,0.0,0.0,0.0
2015-08-31,86.23999786376953,86.30000305175781,85.7300033569336,86.23999786376953,48.20539093017578,5408800,0.0,0.0,0.0
2015-09-01,85.69999694824219,85.7699966430664,85.44000244140625,85.58000183105469,48.04986572265625,4739100,0.383,0.0,0.0
2015-09-02,85.93000030517578,85.95999908447266,85.68000030517578,85.93000030517578,48.24635696411133,5259700,0.0,0.0,0.0
2015-09-03,86.0,86.2300033569336,85.86000061035156,86.05000305175781,48.31371307373047,8779000,0.0,0.0,0.0
2015-09-04,85.86000061035156,86.06999969482422,85.8499984741211,85.95999908447266,48.263221740722656,4671000,0.0,0.0,0.0
2015-09-08,86.3499984741211,86.44000244140625,86.23999786376953,86.43000030517578,48.5270881652832,5450300,0.0,0.0,0.0
2015-09-09,86.5999984741211,86.62000274658203,86.23999786376953,86.31999969482422,48.46533203125,4914800,0.0,0.0,0.0
2015-09-10,86.27999877929688,86.5999984741211,86.27999877929688,86.52999877929688,48.583229064941406,4744100,0.0,0.0,0.0
2015-09-11,86.1500015258789,86.55000305175781,86.11000061035156,86.5,48.56639099121094,4834900,0.0,0.0,0.0
2015-09-14,86.36000061035156,86.44000244140625,86.22000122070312,86.3499984741211,48.482154846191406,4383100,0.0,0.0,0.0
2015-09-15,86.25,86.41000366210938,86.19999694824219,86.33000183105469,48.470943450927734,4247800,0.0,0.0,0.0
2015-09-16,86.02999877929688,86.2300033569336,85.94000244140625,86.0199966430664,48.29689025878906,5026700,0.0,0.0,0.0
2015-09-17,86.01000213623047,86.41000366210938,85.8499984741211,86.08999633789062,48.33618927001953,6576800,0.0,0.0,0.0
2015-09-18,85.83999633789062,86.05000305175781,85.69000244140625,85.8499984741211,48.20146942138672,10827600,0.0,0.0,0.0
2015-09-21,85.86000061035156,85.9000015258789,85.61000061035156,85.69000244140625,48.11159896850586,7579000,0.0,0.0,0.0
2015-09-22,85.3499984741211,85.69000244140625,84.95999908447266,85.06999969482422,47.76352310180664,7366900,0.0,0.0,0.0
2015-09-23,85.05000305175781,85.11000061035156,84.86000061035156,84.91999816894531,47.67928695678711,7686000,0.0,0.0,0.0
2015-09-24,84.75,84.75,84.3499984741211,84.5,47.443443298339844,9167500,0.0,0.0,0.0
2015-09-25,84.5999984741211,84.76000213623047,84.04000091552734,84.06999969482422,47.2020263671875,8384200,0.0,0.0,0.0
2015-09-28,83.66999816894531,84.0199966430664,82.72000122070312,82.77999877929688,46.47775650024414,12416300,0.0,0.0,0.0
2015-09-29,82.70999908447266,83.08999633789062,82.62999725341797,82.7699966430664,46.47216796875,11417600,0.0,0.0,0.0
2015-09-30,83.12999725341797,83.33999633789062,82.83000183105469,83.29000091552734,46.764076232910156,14539800,0.0,0.0,0.0
2015-10-01,82.75,82.87999725341797,82.31999969482422,82.36000061035156,46.4639778137207,12179800,0.398,0.0,0.0
2015-10-02,81.88999938964844,82.47000122070312,81.66000366210938,82.44000244140625,46.50910949707031,14060200,0.0,0.0,0.0
2015-10-05,82.87000274658203,83.47000122070312,82.80999755859375,83.43000030517578,47.06760787963867,13531400,0.0,0.0,0.0
2015-10-06,83.4800033569336,83.9800033569336,83.36000061035156,83.88999938964844,47.327110290527344,13985800,0.0,0.0,0.0
2015-10-07,84.3499984741211,84.83000183105469,84.19999694824219,84.75,47.81230163574219,18000700,0.0,0.0,0.0
2015-10-08,84.62000274658203,85.12999725341797,84.45999908447266,85.0999984741211,48.00975799560547,9466900,0.0,0.0,0.0
2015-10-09,85.2300033569336,85.5999984741211,84.9800033569336,85.11000061035156,48.01538848876953,9900600,0.0,0.0,0.0
2015-10-12,85.18000030517578,85.25,84.83000183105469,84.94999694824219,47.92515563964844,3867000,0.0,0.0,0.0
2015-10-13,84.79000091552734,84.94999694824219,84.62999725341797,84.75,47.81230163574219,7772600,0.0,0.0,0.0
2015-10-14,84.76000213623047,84.94999694824219,84.63999938964844,84.69000244140625,47.77842712402344,7748100,0.0,0.0,0.0
2015-10-15,84.81999969482422,84.94999694824219,84.61000061035156,84.88999938964844,47.89128494262695,8049200,0.0,0.0,0.0
2015-10-16,84.91000366210938,85.29000091552734,84.88999938964844,85.27999877929688,48.1113395690918,5978200,0.0,0.0,0.0
2015-10-19,85.1500015258789,85.56999969482422,85.08000183105469,85.51000213623047,48.24104690551758,10347000,0.0,0.0,0.0
2015-10-20,85.37999725341797,85.69000244140625,85.29000091552734,85.58999633789062,48.28620529174805,10294800,0.0,0.0,0.0
2015-10-21,85.6500015258789,85.7699966430664,85.26000213623047,85.5,48.23542022705078,14332200,0.0,0.0,0.0
2015-10-22,85.58000183105469,85.68000030517578,85.41000366210938,85.52999877929688,48.252349853515625,11805100,0.0,0.0,0.0
2015-10-23,85.9000015258789,86.08999633789062,85.58000183105469,85.83000183105469,48.42158508300781,13201700,0.0,0.0,0.0
2015-10-26,85.93000030517578,85.94000244140625,85.68000030517578,85.73999786376953,48.370853424072266,9354100,0.0,0.0,0.0
2015-10-27,85.66999816894531,85.68000030517578,85.33999633789062,85.45999908447266,48.21287155151367,5585800,0.0,0.0,0.0
2015-10-28,85.45999908447266,85.70999908447266,85.30000305175781,85.69000244140625,48.342613220214844,8637000,0.0,0.0,0.0
2015-10-29,85.44999694824219,85.68000030517578,85.43000030517578,85.47000122070312,48.21849060058594,6064500,0.0,0.0,0.0
2015-10-30,85.52999877929688,85.76000213623047,85.38999938964844,85.56999969482422,48.2749137878418,8803100,0.0,0.0,0.0
2015-11-02,85.18000030517578,85.4800033569336,85.11000061035156,85.44000244140625,48.424537658691406,5476000,0.394,0.0,0.0
2015-11-03,85.36000061035156,85.58000183105469,85.36000061035156,85.52999877929688,48.475555419921875,5873700,0.0,0.0,0.0
2015-11-04,85.56999969482422,85.56999969482422,85.23999786376953,85.27999877929688,48.33388137817383,6082100,0.0,0.0,0.0
2015-11-05,85.25,85.33999633789062,84.94000244140625,84.94999694824219,48.14683532714844,8529600,0.0,0.0,0.0
2015-11-06,84.62000274658203,84.69000244140625,84.33999633789062,84.54000091552734,47.91444396972656,8207700,0.0,0.0,0.0
2015-11-09,84.36000061035156,84.44000244140625,84.12999725341797,84.19000244140625,47.71608352661133,10127900,0.0,0.0,0.0
2015-11-10,84.0999984741211,84.19000244140625,83.87000274658203,84.0,47.60842514038086,9673000,0.0,0.0,0.0
2015-11-11,84.04000091552734,84.0999984741211,83.75,83.80000305175781,47.49505615234375,3943900,0.0,0.0,0.0
2015-11-12,83.47000122070312,83.68000030517578,83.22000122070312,83.23999786376953,47.177650451660156,11570600,0.0,0.0,0.0
2015-11-13,83.27999877929688,83.36000061035156,82.98999786376953,83.0,47.041648864746094,7487900,0.0,0.0,0.0
2015-11-16,82.91000366210938,83.44000244140625,82.80999755859375,83.38999938964844,47.26264953613281,8228200,0.0,0.0,0.0
2015-11-17,83.5999984741211,83.73999786376953,83.37000274658203,83.44999694824219,47.296669006347656,9106400,0.0,0.0,0.0
2015-11-18,83.4000015258789,83.66000366210938,83.4000015258789,83.61000061035156,47.387367248535156,7479000,0.0,0.0,0.0
2015-11-19,83.33000183105469,83.48999786376953,82.8499984741211,82.86000061035156,46.96227264404297,9428300,0.0,0.0,0.0
2015-11-20,82.87999725341797,83.20999908447266,82.80999755859375,82.83999633789062,46.95095443725586,9763700,0.0,0.0,0.0
2015-11-23,82.73999786376953,82.88999938964844,82.69000244140625,82.7699966430664,46.911293029785156,5138900,0.0,0.0,0.0
2015-11-24,82.6500015258789,82.91000366210938,82.56999969482422,82.87999725341797,46.97360610961914,9529200,0.0,0.0,0.0
2015-11-25,82.83999633789062,82.98999786376953,82.83999633789062,82.97000122070312,47.024627685546875,7132500,0.0,0.0,0.0
2015-11-27,83.0199966430664,83.1500015258789,82.94000244140625,83.0999984741211,47.09830093383789,2259900,0.0,0.0,0.0
2015-11-30,83.0999984741211,83.1500015258789,82.98999786376953,83.05000305175781,47.069976806640625,5356300,0.0,0.0,0.0
2015-12-01,82.8499984741211,83.27999877929688,82.80000305175781,83.23999786376953,47.40484619140625,9849200,0.398,0.0,0.0
2015-12-02,83.18000030517578,83.44000244140625,83.02999877929688,83.06999969482422,47.308006286621094,11871300,0.0,0.0,0.0
2015-12-03,82.91999816894531,83.12999725341797,82.72000122070312,82.8499984741211,47.1827278137207,15290200,0.0,0.0,0.0
2015-12-04,82.80000305175781,82.93000030517578,82.5,82.66000366210938,47.07451629638672,14027900,0.0,0.0,0.0
2015-12-07,82.33000183105469,82.5,82.0199966430664,82.08000183105469,46.744224548339844,11989900,0.0,0.0,0.0
2015-12-08,81.43000030517578,81.62000274658203,80.95999908447266,81.05999755859375,46.163330078125,25199100,0.0,0.0,0.0
2015-12-09,81.05999755859375,81.69999694824219,81.05000305175781,81.4800033569336,46.40251922607422,16703900,0.0,0.0,0.0
2015-12-10,81.2699966430664,81.56999969482422,81.0,81.13999938964844,46.2088737487793,14206800,0.0,0.0,0.0
2015-12-11,80.54000091552734,80.54000091552734,78.62000274658203,79.5199966430664,45.28629684448242,54233300,0.0,0.0,0.0
2015-12-14,79.4000015258789,79.51000213623047,78.20999908447266,78.83000183105469,44.89337158203125,38540500,0.0,0.0,0.0
2015-12-15,79.80000305175781,80.44999694824219,79.76000213623047,80.12000274658203,45.62800979614258,36337800,0.0,0.0,0.0
2015-12-16,80.38999938964844,80.88999938964844,80.05999755859375,80.7300033569336,45.97539520263672,30575300,0.0,0.0,0.0
2015-12-17,80.69999694824219,80.80999755859375,79.80000305175781,79.83000183105469,45.462852478027344,17345300,0.0,0.0,0.0
2015-12-18,79.55999755859375,79.79000091552734,79.33999633789062,79.52999877929688,45.29198455810547,23548900,0.0,0.0,0.0
2015-12-21,79.69999694824219,79.9000015258789,79.06999969482422,79.27999877929688,45.14965057373047,14468700,0.0,0.0,0.0
2015-12-22,79.4000015258789,80.26000213623047,79.36000061035156,80.23999786376953,45.69633865356445,12569500,0.0,0.0,0.0
2015-12-23,80.51000213623047,80.88999938964844,80.41999816894531,80.75,45.98678207397461,12824900,0.0,0.0,0.0
2015-12-24,80.3499984741211,80.69999694824219,80.2699966430664,80.48999786376953,46.080684661865234,5284300,0.424,0.0,0.0
2015-12-28,80.23999786376953,80.25,79.87999725341797,80.01000213623047,45.805885314941406,7151600,0.0,0.0,0.0
2015-12-29,80.16000366210938,80.52999877929688,80.1500015258789,80.47000122070312,46.069252014160156,7485500,0.0,0.0,0.0
2015-12-30,80.37000274658203,80.63999938964844,80.18000030517578,80.52999877929688,46.103607177734375,13145300,0.0,0.0,0.0
2015-12-31,80.4800033569336,80.87999725341797,80.38999938964844,80.58000183105469,46.13221740722656,7935200,0.0,0.0,0.0
2016-01-04,80.01000213623047,80.16000366210938,79.66999816894531,80.0999984741211,45.85742950439453,14787700,0.0,0.0,0.0
2016-01-05,80.33999633789062,80.52999877929688,80.06999969482422,80.25,45.94326400756836,11491300,0.0,0.0,0.0
2016-01-06,79.93000030517578,80.33000183105469,79.93000030517578,80.25,45.94326400756836,11320100,0.0,0.0,0.0
2016-01-07,79.66999816894531,80.0,79.62000274658203,79.7300033569336,45.64557647705078,11004700,0.0,0.0,0.0
2016-01-08,80.04000091552734,80.22000122070312,79.5,79.5199966430664,45.52533721923828,17902100,0.0,0.0,0.0
2016-01-11,79.86000061035156,79.94999694824219,79.30999755859375,79.4000015258789,45.45664596557617,16917700,0.0,0.0,0.0
2016-01-12,79.88999938964844,79.94999694824219,79.30000305175781,79.4800033569336,45.50244140625,15217700,0.0,0.0,0.0
2016-01-13,79.54000091552734,79.62000274658203,78.48999786376953,78.5999984741211,44.998653411865234,20352700,0.0,0.0,0.0
2016-01-14,78.66000366210938,79.04000091552734,78.27999877929688,78.94999694824219,45.199031829833984,18572700,0.0,0.0,0.0
2016-01-15,77.66999816894531,78.68000030517578,77.41999816894531,77.91000366210938,44.6036262512207,27309900,0.0,0.0,0.0
2016-01-19,77.94999694824219,78.12999725341797,77.38999938964844,77.63999938964844,44.44904327392578,15975700,0.0,0.0,0.0
2016-01-20,77.02999877929688,77.41999816894531,75.81999969482422,77.12000274658203,44.15135192871094,25973500,0.0,0.0,0.0
2016-01-21,77.12000274658203,77.95999908447266,76.80000305175781,77.63999938964844,44.44904327392578,20065800,0.0,0.0,0.0
2016-01-22,78.4000015258789,78.91999816894531,78.23999786376953,78.83000183105469,45.130340576171875,17653100,0.0,0.0,0.0
2016-01-25,78.58999633789062,78.73999786376953,78.02999877929688,78.05000305175781,44.68376922607422,16448400,0.0,0.0,0.0
2016-01-26,78.36000061035156,78.79000091552734,78.18000030517578,78.75,45.08452606201172,12010900,0.0,0.0,0.0
2016-01-27,78.72000122070312,79.08000183105469,78.37999725341797,78.62999725341797,45.015830993652344,14563000,0.0,0.0,0.0
2016-01-28,79.11000061035156,79.29000091552734,78.73999786376953,79.02999877929688,45.244808197021484,14622600,0.0,0.0,0.0
2016-01-29,79.19999694824219,79.44999694824219,79.12999725341797,79.29000091552734,45.39365768432617,14218700,0.0,0.0,0.0
2016-02-01,78.76000213623047,78.79000091552734,78.30999755859375,78.43000030517578,45.12384033203125,8865500,0.391,0.0,0.0
2016-02-02,78.05000305175781,78.22000122070312,77.83000183105469,77.87000274658203,44.801639556884766,15442100,0.0,0.0,0.0
2016-02-03,78.11000061035156,78.4000015258789,77.62999725341797,78.25,45.02027893066406,15465200,0.0,0.0,0.0
2016-02-04,78.22000122070312,78.38999938964844,77.93000030517578,78.0,44.87647247314453,8989700,0.0,0.0,0.0
2016-02-05,77.98999786376953,77.98999786376953,77.27999877929688,77.4000015258789,44.53125762939453,14632300,0.0,0.0,0.0
2016-02-08,76.7699966430664,76.80000305175781,76.27999877929688,76.5,44.01344680786133,15649900,0.0,0.0,0.0
2016-02-09,76.08999633789062,76.55999755859375,75.87000274658203,76.20999908447266,43.84659194946289,18685000,0.0,0.0,0.0
2016-02-10,76.41000366210938,76.7300033569336,75.94999694824219,76.0999984741211,43.78330993652344,13086000,0.0,0.0,0.0
2016-02-11,75.3499984741211,75.87000274658203,75.08999633789062,75.58999633789062,43.48986053466797,22158200,0.0,0.0,0.0
2016-02-12,75.86000061035156,76.79000091552734,75.7699966430664,76.72000122070312,44.1400032043457,17751500,0.0,0.0,0.0
2016-02-16,76.80999755859375,77.02999877929688,76.69000244140625,76.79000091552734,44.180294036865234,14106000,0.0,0.0,0.0
2016-02-17,77.18000030517578,77.58999633789062,77.11000061035156,77.41999816894531,44.54274368286133,16353000,0.0,0.0,0.0
2016-02-18,77.69999694824219,77.75,77.44000244140625,77.48999786376953,44.583011627197266,13247300,0.0,0.0,0.0
2016-02-19,77.1500015258789,77.68000030517578,77.05000305175781,77.63999938964844,44.6693229675293,12879900,0.0,0.0,0.0
2016-02-22,78.04000091552734,78.3499984741211,77.94999694824219,78.30999755859375,45.0547981262207,13826600,0.0,0.0,0.0
2016-02-23,78.05999755859375,78.27999877929688,77.73999786376953,78.1500015258789,44.96275329589844,16809700,0.0,0.0,0.0
2016-02-24,77.55999755859375,78.37000274658203,77.45999908447266,78.27999877929688,45.03751754760742,13622100,0.0,0.0,0.0
2016-02-25,78.33000183105469,78.7300033569336,78.05999755859375,78.69999694824219,45.279170989990234,10699100,0.0,0.0,0.0
2016-02-26,78.94999694824219,79.30000305175781,78.86000061035156,79.2300033569336,45.584102630615234,12060200,0.0,0.0,0.0
2016-02-29,79.27999877929688,80.12999725341797,79.26000213623047,80.08000183105469,46.07315444946289,23746800,0.0,0.0,0.0
2016-03-01,79.83000183105469,81.01000213623047,79.54000091552734,80.91999816894531,46.8012809753418,24023200,0.419,0.0,0.0
2016-03-02,80.5,80.61000061035156,80.22000122070312,80.37000274658203,46.483219146728516,14987400,0.0,0.0,0.0
2016-03-03,80.2699966430664,80.87000274658203,79.98999786376953,80.63999938964844,46.63936996459961,12018400,0.0,0.0,0.0
2016-03-04,80.77999877929688,81.23999786376953,80.5,80.87000274658203,46.77241134643555,18029900,0.0,0.0,0.0
2016-03-07,80.68000030517578,81.0,80.66999816894531,80.97000122070312,46.830223083496094,12656200,0.0,0.0,0.0
2016-03-08,80.79000091552734,80.8499984741211,80.36000061035156,80.4000015258789,46.50057601928711,17813700,0.0,0.0,0.0
2016-03-09,80.55000305175781,80.69999694824219,80.36000061035156,80.5999984741211,46.616241455078125,7699600,0.0,0.0,0.0
2016-03-10,81.05999755859375,81.19000244140625,80.55000305175781,81.16000366210938,46.94012451171875,18167000,0.0,0.0,0.0
2016-03-11,81.72000122070312,82.26000213623047,81.63999938964844,82.13999938964844,47.50690841674805,18662700,0.0,0.0,0.0
2016-03-14,81.87999725341797,82.05999755859375,81.52999877929688,81.91000366210938,47.37389373779297,12512400,0.0,0.0,0.0
2016-03-15,81.4000015258789,81.4800033569336,81.11000061035156,81.1500015258789,46.93434143066406,16442600,0.0,0.0,0.0
2016-03-16,80.93000030517578,81.98999786376953,80.81999969482422,81.69000244140625,47.24666213989258,21567100,0.0,0.0,0.0
2016-03-17,81.87999725341797,82.3499984741211,81.72000122070312,82.20999908447266,47.547420501708984,18423000,0.0,0.0,0.0
2016-03-18,82.30000305175781,82.61000061035156,82.27999877929688,82.4000015258789,47.65729904174805,12922000,0.0,0.0,0.0
2016-03-21,82.38999938964844,82.45999908447266,82.13999938964844,82.30999755859375,47.60527420043945,12653600,0.0,0.0,0.0
2016-03-22,82.13999938964844,82.25,81.9800033569336,82.08999633789062,47.477989196777344,8941200,0.0,0.0,0.0
2016-03-23,82.06999969482422,82.06999969482422,81.68000030517578,81.70999908447266,47.258235931396484,11354200,0.0,0.0,0.0
2016-03-24,81.12000274658203,81.48999786376953,81.08000183105469,81.3499984741211,47.05002212524414,13497800,0.0,0.0,0.0
2016-03-28,81.26000213623047,81.43000030517578,80.94000244140625,80.9800033569336,46.83600997924805,11298900,0.0,0.0,0.0
2016-03-29,80.73999786376953,81.31999969482422,80.68000030517578,81.29000091552734,47.015316009521484,11348400,0.0,0.0,0.0
2016-03-30,81.44000244140625,81.70999908447266,81.38999938964844,81.58000183105469,47.18303298950195,11796400,0.0,0.0,0.0
2016-03-31,81.48999786376953,81.9000015258789,81.4800033569336,81.69000244140625,47.24666213989258,9436700,0.0,0.0,0.0
2016-04-01,80.9800033569336,81.51000213623047,80.80000305175781,81.37000274658203,47.28091049194336,10822400,0.379,0.0,0.0
2016-04-04,81.26000213623047,81.51000213623047,81.08000183105469,81.16999816894531,47.16471481323242,9269700,0.0,0.0,0.0
2016-04-05,80.81999969482422,81.06999969482422,80.77999877929688,80.87000274658203,46.99042510986328,13254500,0.0,0.0,0.0
2016-04-06,81.01000213623047,81.62000274658203,80.9800033569336,81.55000305175781,47.385555267333984,13935000,0.0,0.0,0.0
2016-04-07,81.22000122070312,81.41000366210938,81.05999755859375,81.1500015258789,47.15308380126953,11306100,0.0,0.0,0.0
2016-04-08,81.58000183105469,81.63999938964844,81.41999816894531,81.5199966430664,47.368106842041016,7953000,0.0,0.0,0.0
2016-04-11,81.6500015258789,81.86000061035156,81.62000274658203,81.62999725341797,47.4319953918457,8126900,0.0,0.0,0.0
2016-04-12,81.7699966430664,82.13999938964844,81.72000122070312,82.11000061035156,47.710899353027344,11772800,0.0,0.0,0.0
2016-04-13,82.30999755859375,82.81999969482422,82.30999755859375,82.6500015258789,48.024696350097656,13596100,0.0,0.0,0.0
2016-04-14,82.6500015258789,82.7300033569336,82.5,82.62000274658203,48.00726318359375,10758400,0.0,0.0,0.0
2016-04-15,82.47000122070312,82.56999969482422,82.4000015258789,82.48999786376953,47.931724548339844,7857300,0.0,0.0,0.0
2016-04-18,82.16000366210938,82.97000122070312,82.12999725341797,82.95999908447266,48.20480728149414,9211400,0.0,0.0,0.0
2016-04-19,83.1500015258789,83.41000366210938,83.08000183105469,83.30999755859375,48.408199310302734,11623600,0.0,0.0,0.0
2016-04-20,83.37999725341797,83.69999694824219,83.22000122070312,83.47000122070312,48.50114059448242,10128800,0.0,0.0,0.0
2016-04-21,83.56999969482422,83.5999984741211,83.16999816894531,83.20999908447266,48.35007858276367,13349500,0.0,0.0,0.0
2016-04-22,83.27999877929688,83.44999694824219,83.20999908447266,83.4000015258789,48.46049118041992,10982300,0.0,0.0,0.0
2016-04-25,83.25,83.37000274658203,83.05000305175781,83.08000183105469,48.27454376220703,8972400,0.0,0.0,0.0
2016-04-26,83.29000091552734,83.37000274658203,83.16000366210938,83.36000061035156,48.43722915649414,8291000,0.0,0.0,0.0
2016-04-27,83.44000244140625,83.91000366210938,83.41000366210938,83.8499984741211,48.72197341918945,10505400,0.0,0.0,0.0
2016-04-28,83.83000183105469,84.04000091552734,83.6500015258789,83.70999908447266,48.640625,9229000,0.0,0.0,0.0
2016-04-29,83.62999725341797,83.91000366210938,83.3499984741211,83.8499984741211,48.72197341918945,20284700,0.0,0.0,0.0
2016-05-02,83.37999725341797,83.52999877929688,83.29000091552734,83.5,48.74064636230469,11420700,0.382,0.0,0.0
2016-05-03,83.19999694824219,83.22000122070312,82.83999633789062,82.95999908447266,48.42543029785156,18449200,0.0,0.0,0.0
2016-05-04,82.80999755859375,82.86000061035156,82.61000061035156,82.6500015258789,48.24449157714844,17645200,0.0,0.0,0.0
2016-05-05,82.91000366210938,82.91999816894531,82.54000091552734,82.58000183105469,48.20363998413086,18782100,0.0,0.0,0.0
2016-05-06,82.2300033569336,82.70999908447266,82.20999908447266,82.52999877929688,48.17442321777344,16204400,0.0,0.0,0.0
2016-05-09,82.4000015258789,82.58999633789062,82.27999877929688,82.37999725341797,48.086891174316406,11622800,0.0,0.0,0.0
2016-05-10,82.43000030517578,83.0999984741211,82.43000030517578,83.08000183105469,48.49547576904297,11420700,0.0,0.0,0.0
2016-05-11,83.08000183105469,83.36000061035156,82.93000030517578,83.0199966430664,48.46044158935547,20692000,0.0,0.0,0.0
2016-05-12,83.23999786376953,83.23999786376953,82.95999908447266,83.1500015258789,48.53636169433594,11312400,0.0,0.0,0.0
2016-05-13,83.06999969482422,83.18000030517578,82.73999786376953,82.77999877929688,48.320369720458984,11332400,0.0,0.0,0.0
2016-05-16,82.93000030517578,83.27999877929688,82.87000274658203,83.23999786376953,48.5888671875,12981700,0.0,0.0,0.0
2016-05-17,83.0999984741211,83.31999969482422,83.01000213623047,83.06999969482422,48.4896354675293,7489900,0.0,0.0,0.0
2016-05-18,83.0999984741211,83.33000183105469,82.8499984741211,83.08000183105469,48.49547576904297,16612500,0.0,0.0,0.0
2016-05-19,82.79000091552734,82.91000366210938,82.58999633789062,82.8499984741211,48.361228942871094,20290200,0.0,0.0,0.0
2016-05-20,82.86000061035156,83.16000366210938,82.86000061035156,83.13999938964844,48.530513763427734,10556700,0.0,0.0,0.0
2016-05-23,83.12000274658203,83.5999984741211,82.95999908447266,83.16000366210938,48.542171478271484,10457400,0.0,0.0,0.0
2016-05-24,83.37000274658203,83.66000366210938,83.30999755859375,83.66000366210938,48.83405303955078,10838400,0.0,0.0,0.0
2016-05-25,83.83000183105469,83.91999816894531,83.75,83.79000091552734,48.90993881225586,15119600,0.0,0.0,0.0
2016-05-26,83.94000244140625,83.94000244140625,83.54000091552734,83.55000305175781,48.769859313964844,12269000,0.0,0.0,0.0
2016-05-27,83.58999633789062,83.69000244140625,83.52999877929688,83.69000244140625,48.85154342651367,6225600,0.0,0.0,0.0
2016-05-31,83.75,83.87000274658203,83.5199966430664,83.61000061035156,48.80485153198242,11994100,0.0,0.0,0.0
2016-06-01,82.98999786376953,83.37999725341797,82.9000015258789,83.33999633789062,48.88228225708008,16488600,0.402,0.0,0.0
2016-06-02,83.19999694824219,83.41000366210938,83.11000061035156,83.36000061035156,48.894012451171875,12118900,0.0,0.0,0.0
2016-06-03,83.44000244140625,83.55999755859375,83.2300033569336,83.51000213623047,48.98199462890625,13093000,0.0,0.0,0.0
2016-06-06,83.77999877929688,83.93000030517578,83.62000274658203,83.87999725341797,49.19900894165039,16126200,0.0,0.0,0.0
2016-06-07,83.9800033569336,84.3499984741211,83.93000030517578,84.25,49.416019439697266,18423500,0.0,0.0,0.0
2016-06-08,84.36000061035156,84.5999984741211,84.3499984741211,84.56999969482422,49.60371780395508,14652800,0.0,0.0,0.0
2016-06-09,84.56999969482422,84.56999969482422,84.13999938964844,84.23999786376953,49.41017150878906,11188300,0.0,0.0,0.0
2016-06-10,83.9000015258789,84.0199966430664,83.66000366210938,83.83000183105469,49.16967010498047,15259900,0.0,0.0,0.0
2016-06-13,83.5,83.80999755859375,83.2699966430664,83.2699966430664,48.84123611450195,17257900,0.0,0.0,0.0
2016-06-14,83.12999725341797,83.23999786376953,82.7699966430664,82.98999786376953,48.67699432373047,20578800,0.0,0.0,0.0
2016-06-15,83.26000213623047,83.37999725341797,82.97000122070312,83.02999877929688,48.700443267822266,14202800,0.0,0.0,0.0
2016-06-16,82.8499984741211,83.1500015258789,82.44999694824219,83.08000183105469,48.7297477722168,19195500,0.0,0.0,0.0
2016-06-17,83.08999633789062,83.33000183105469,83.05999755859375,83.12999725341797,48.759063720703125,16113800,0.0,0.0,0.0
2016-06-20,83.7300033569336,83.97000122070312,83.52999877929688,83.62000274658203,49.0465202331543,13368400,0.0,0.0,0.0
2016-06-21,83.7699966430664,83.9800033569336,83.62999725341797,83.94000244140625,49.23420715332031,12141800,0.0,0.0,0.0
2016-06-22,83.98999786376953,84.12000274658203,83.88999938964844,84.0199966430664,49.2811393737793,10759500,0.0,0.0,0.0
2016-06-23,84.38999938964844,84.63999938964844,84.31999969482422,84.63999938964844,49.644771575927734,9920200,0.0,0.0,0.0
2016-06-24,82.98999786376953,84.19999694824219,82.9000015258789,83.25,48.82946014404297,31416700,0.0,0.0,0.0
2016-06-27,83.0,83.05999755859375,82.01000213623047,82.05000305175781,48.125648498535156,27244200,0.0,0.0,0.0
2016-06-28,82.83000183105469,83.11000061035156,82.69000244140625,83.08000183105469,48.7297477722168,13910300,0.0,0.0,0.0
2016-06-29,83.58000183105469,84.30000305175781,83.54000091552734,84.12999725341797,49.345664978027344,23604300,0.0,0.0,0.0
2016-06-30,84.05999755859375,84.80000305175781,83.94000244140625,84.69999694824219,49.6799430847168,26304600,0.0,0.0,0.0
2016-07-01,84.30000305175781,84.69999694824219,84.25,84.47000122070312,49.778404235839844,16343000,0.397,0.0,0.0
2016-07-05,84.30000305175781,84.30000305175781,83.8499984741211,83.98999786376953,49.495506286621094,12078200,0.0,0.0,0.0
2016-07-06,83.87999725341797,84.37000274658203,83.75,84.36000061035156,49.713558197021484,9607000,0.0,0.0,0.0
2016-07-07,84.37999725341797,84.5999984741211,84.25,84.47000122070312,49.778404235839844,13058100,0.0,0.0,0.0
2016-07-08,84.81999969482422,85.63999938964844,84.79000091552734,85.58999633789062,50.43842697143555,21395600,0.0,0.0,0.0
2016-07-11,85.63999938964844,85.91999816894531,85.5999984741211,85.63999938964844,50.467864990234375,18313500,0.0,0.0,0.0
2016-07-12,86.05999755859375,86.31999969482422,85.86000061035156,85.87999725341797,50.60926818847656,16074300,0.0,0.0,0.0
2016-07-13,85.87000274658203,85.9000015258789,85.51000213623047,85.62999725341797,50.46198654174805,13040300,0.0,0.0,0.0
2016-07-14,85.9000015258789,85.91000366210938,85.5999984741211,85.80000305175781,50.562164306640625,7764400,0.0,0.0,0.0
2016-07-15,85.8499984741211,85.94000244140625,85.5999984741211,85.62999725341797,50.46198654174805,9163800,0.0,0.0,0.0
2016-07-18,85.68000030517578,85.94000244140625,85.62999725341797,85.91999816894531,50.63288879394531,7447200,0.0,0.0,0.0
2016-07-19,85.7300033569336,85.87000274658203,85.54000091552734,85.69000244140625,50.49733352661133,7349700,0.0,0.0,0.0
2016-07-20,85.80999755859375,85.98999786376953,85.6500015258789,85.91000366210938,50.62700653076172,7247500,0.0,0.0,0.0
2016-07-21,85.77999877929688,86.08000183105469,85.73999786376953,85.79000091552734,50.55625915527344,11265000,0.0,0.0,0.0
2016-07-22,85.80999755859375,86.26000213623047,85.7300033569336,86.16999816894531,50.78022384643555,10523500,0.0,0.0,0.0
2016-07-25,86.08999633789062,86.08999633789062,85.68000030517578,85.76000213623047,50.5385856628418,14768400,0.0,0.0,0.0
2016-07-26,85.69999694824219,85.75,85.37999725341797,85.43000030517578,50.344146728515625,14292600,0.0,0.0,0.0
2016-07-27,85.58000183105469,85.72000122070312,85.33999633789062,85.69000244140625,50.49733352661133,11730800,0.0,0.0,0.0
2016-07-28,85.51000213623047,85.51000213623047,85.23999786376953,85.33000183105469,50.28519821166992,17968100,0.0,0.0,0.0
2016-07-29,85.18000030517578,85.43000030517578,84.98999786376953,85.41000366210938,50.33233642578125,15202400,0.0,0.0,0.0
2016-08-01,84.97000122070312,84.9800033569336,84.4800033569336,84.55000305175781,50.049949645996094,18335300,0.383,0.0,0.0
2016-08-02,84.5199966430664,84.61000061035156,84.29000091552734,84.43000030517578,49.978946685791016,21959800,0.0,0.0,0.0
2016-08-03,84.5,84.88999938964844,84.44999694824219,84.80999755859375,50.2038688659668,13733700,0.0,0.0,0.0
2016-08-04,85.12000274658203,85.45999908447266,85.0,85.3499984741211,50.523529052734375,11832000,0.0,0.0,0.0
2016-08-05,85.62999725341797,85.77999877929688,85.51000213623047,85.54000091552734,50.636009216308594,12314900,0.0,0.0,0.0
2016-08-08,85.69999694824219,85.93000030517578,85.5999984741211,85.88999938964844,50.84318161010742,10800900,0.0,0.0,0.0
2016-08-09,85.94000244140625,86.25,85.91999816894531,86.19000244140625,51.02078628540039,13772300,0.0,0.0,0.0
2016-08-10,86.20999908447266,86.25,86.0,86.02999877929688,50.92607879638672,7250400,0.0,0.0,0.0
2016-08-11,86.16999816894531,86.36000061035156,86.0999984741211,86.23999786376953,51.05038833618164,6732600,0.0,0.0,0.0
2016-08-12,86.19000244140625,86.33000183105469,86.12000274658203,86.30999755859375,51.09181594848633,3996500,0.0,0.0,0.0
2016-08-15,86.48999786376953,86.62000274658203,86.33000183105469,86.56999969482422,51.245723724365234,9396400,0.0,0.0,0.0
2016-08-16,86.5999984741211,86.5999984741211,86.3499984741211,86.38999938964844,51.13916015625,8104400,0.0,0.0,0.0
2016-08-17,86.44999694824219,86.55000305175781,86.31999969482422,86.51000213623047,51.21021270751953,14139600,0.0,0.0,0.0
2016-08-18,86.58000183105469,86.8499984741211,86.5199966430664,86.8499984741211,51.4114875793457,8582700,0.0,0.0,0.0
2016-08-19,86.73999786376953,86.80999755859375,86.55000305175781,86.58999633789062,51.257568359375,7474000,0.0,0.0,0.0
2016-08-22,86.5,86.55999755859375,86.30999755859375,86.44999694824219,51.17467498779297,5364700,0.0,0.0,0.0
2016-08-23,86.66999816894531,86.81999969482422,86.58999633789062,86.73999786376953,51.346343994140625,7476400,0.0,0.0,0.0
2016-08-24,86.7300033569336,86.77999877929688,86.48999786376953,86.5,51.20429229736328,6655300,0.0,0.0,0.0
2016-08-25,86.55000305175781,86.7699966430664,86.52999877929688,86.66000366210938,51.29896926879883,7482800,0.0,0.0,0.0
2016-08-26,86.61000061035156,87.0199966430664,86.41000366210938,86.55999755859375,51.239784240722656,10544900,0.0,0.0,0.0
2016-08-29,86.69000244140625,87.04000091552734,86.66000366210938,86.98999786376953,51.4943733215332,10038500,0.0,0.0,0.0
2016-08-30,86.98999786376953,87.13999938964844,86.79000091552734,87.04000091552734,51.523956298828125,16157400,0.0,0.0,0.0
2016-08-31,86.97000122070312,87.02999877929688,86.62000274658203,86.69999694824219,51.322662353515625,16985000,0.0,0.0,0.0
2016-09-01,86.4000015258789,86.52999877929688,86.12000274658203,86.5,51.424346923828125,14952700,0.371,0.0,0.0
2016-09-02,86.76000213623047,87.02999877929688,86.62000274658203,86.9000015258789,51.662139892578125,13540100,0.0,0.0,0.0
2016-09-06,86.87000274658203,87.01000213623047,86.8499984741211,87.0,51.72157669067383,12662000,0.0,0.0,0.0
2016-09-07,86.94999694824219,87.01000213623047,86.69999694824219,86.76000213623047,51.57891845703125,8245100,0.0,0.0,0.0
2016-09-08,86.7699966430664,86.81999969482422,86.58999633789062,86.5999984741211,51.483787536621094,8430700,0.0,0.0,0.0
2016-09-09,86.3499984741211,86.55999755859375,85.73999786376953,85.7699966430664,50.99034881591797,25087600,0.0,0.0,0.0
2016-09-12,85.5999984741211,86.2300033569336,85.55000305175781,86.06999969482422,51.16871643066406,17718300,0.0,0.0,0.0
2016-09-13,85.86000061035156,85.97000122070312,85.2699966430664,85.41000366210938,50.77632522583008,21907200,0.0,0.0,0.0
2016-09-14,85.52999877929688,85.80999755859375,85.29000091552734,85.38999938964844,50.76441955566406,14257700,0.0,0.0,0.0
2016-09-15,85.5,85.93000030517578,85.44000244140625,85.88999938964844,51.06167984008789,9964800,0.0,0.0,0.0
2016-09-16,85.77999877929688,85.93000030517578,85.58000183105469,85.91000366210938,51.07356643676758,8396600,0.0,0.0,0.0
2016-09-19,85.97000122070312,86.06999969482422,85.81999969482422,85.95999908447266,51.1032829284668,9855500,0.0,0.0,0.0
2016-09-20,86.0,86.0999984741211,85.72000122070312,85.86000061035156,51.043853759765625,8705600,0.0,0.0,0.0
2016-09-21,85.91000366210938,86.62000274658203,85.87999725341797,86.56999969482422,51.4659538269043,17484300,0.0,0.0,0.0
2016-09-22,86.86000061035156,87.12999725341797,86.70999908447266,86.86000061035156,51.63835906982422,11813600,0.0,0.0,0.0
2016-09-23,86.80000305175781,86.97000122070312,86.69999694824219,86.76000213623047,51.57891845703125,13122600,0.0,0.0,0.0
2016-09-26,86.56999969482422,86.68000030517578,86.30999755859375,86.37999725341797,51.35299301147461,6590500,0.0,0.0,0.0
2016-09-27,86.26000213623047,86.63999938964844,86.12999725341797,86.62999725341797,51.501609802246094,8516500,0.0,0.0,0.0
2016-09-28,86.77999877929688,87.2300033569336,86.47000122070312,87.20999908447266,51.846412658691406,11149300,0.0,0.0,0.0
2016-09-29,87.16999816894531,87.19000244140625,86.55999755859375,86.87999725341797,51.650230407714844,13425800,0.0,0.0,0.0
2016-09-30,87.0,87.29000091552734,86.9800033569336,87.26000213623047,51.876163482666016,12158000,0.0,0.0,0.0
2016-10-03,86.81999969482422,86.91000366210938,86.6500015258789,86.81999969482422,51.843936920166016,10708800,0.386,0.0,0.0
2016-10-04,86.94000244140625,87.0,86.55999755859375,86.66999816894531,51.75434875488281,11057500,0.0,0.0,0.0
2016-10-05,86.97000122070312,86.98999786376953,86.76000213623047,86.9000015258789,51.89168167114258,9424500,0.0,0.0,0.0
2016-10-06,86.97000122070312,86.98999786376953,86.7300033569336,86.94999694824219,51.92152786254883,9455200,0.0,0.0,0.0
2016-10-07,86.98999786376953,87.19000244140625,86.73999786376953,87.1500015258789,52.04096221923828,10824200,0.0,0.0,0.0
2016-10-10,87.20999908447266,87.5,87.1500015258789,87.4000015258789,52.19025421142578,4182300,0.0,0.0,0.0
2016-10-11,87.2699966430664,87.27999877929688,86.7699966430664,86.91000366210938,51.897674560546875,8855400,0.0,0.0,0.0
2016-10-12,86.87000274658203,87.02999877929688,86.7300033569336,86.87999725341797,51.87970733642578,7915300,0.0,0.0,0.0
2016-10-13,86.61000061035156,86.7699966430664,86.43000030517578,86.66000366210938,51.74835968017578,10614800,0.0,0.0,0.0
2016-10-14,86.91000366210938,86.9800033569336,86.73999786376953,86.86000061035156,51.8677978515625,6766300,0.0,0.0,0.0
2016-10-17,86.83999633789062,86.98999786376953,86.70999908447266,86.73999786376953,51.79610824584961,7790000,0.0,0.0,0.0
2016-10-18,87.05000305175781,87.12000274658203,86.81999969482422,87.08999633789062,52.005130767822266,8404600,0.0,0.0,0.0
2016-10-19,87.16000366210938,87.38999938964844,87.13999938964844,87.33999633789062,52.15442657470703,9874300,0.0,0.0,0.0
2016-10-20,87.33999633789062,87.41000366210938,87.18000030517578,87.3499984741211,52.1604118347168,12558000,0.0,0.0,0.0
2016-10-21,87.18000030517578,87.44999694824219,87.06999969482422,87.37000274658203,52.17232131958008,8332900,0.0,0.0,0.0
2016-10-24,87.4800033569336,87.55999755859375,87.27999877929688,87.41999816894531,52.202186584472656,7200800,0.0,0.0,0.0
2016-10-25,87.33000183105469,87.41999816894531,87.2300033569336,87.37000274658203,52.17232131958008,6906500,0.0,0.0,0.0
2016-10-26,87.1500015258789,87.3499984741211,86.98999786376953,87.0199966430664,51.96332550048828,13813300,0.0,0.0,0.0
2016-10-27,87.08999633789062,87.12999725341797,86.55000305175781,86.69999694824219,51.77224349975586,19333100,0.0,0.0,0.0
2016-10-28,86.5999984741211,86.66000366210938,86.20999908447266,86.27999877929688,51.52144241333008,19745600,0.0,0.0,0.0
2016-10-31,86.26000213623047,86.30999755859375,85.93000030517578,86.0199966430664,51.36619186401367,21174600,0.0,0.0,0.0
2016-11-01,85.68000030517578,85.68000030517578,84.97000122070312,85.30000305175781,51.16585922241211,26184000,0.386,0.0,0.0
2016-11-02,85.16000366210938,85.23999786376953,84.81999969482422,84.91999816894531,50.93791198730469,19593600,0.0,0.0,0.0
2016-11-03,85.0999984741211,85.2300033569336,84.87000274658203,84.94000244140625,50.94990921020508,12699700,0.0,0.0,0.0
2016-11-04,85.08999633789062,85.25,84.91000366210938,84.9800033569336,50.973915100097656,10970400,0.0,0.0,0.0
2016-11-07,85.75,86.22000122070312,85.69000244140625,86.16999816894531,51.687705993652344,14416200,0.0,0.0,0.0
2016-11-08,85.7699966430664,86.12999725341797,85.73999786376953,85.9800033569336,51.5737419128418,20370600,0.0,0.0,0.0
2016-11-09,85.44999694824219,86.0,85.30000305175781,85.37999725341797,51.2138671875,24858900,0.0,0.0,0.0
2016-11-10,85.19999694824219,85.19999694824219,84.20999908447266,84.26000213623047,50.54199981689453,33213300,0.0,0.0,0.0
2016-11-11,83.98999786376953,84.19999694824219,83.25,83.47000122070312,50.06814956665039,16442900,0.0,0.0,0.0
2016-11-14,83.25,84.19000244140625,83.23999786376953,84.08999633789062,50.440059661865234,21036000,0.0,0.0,0.0
2016-11-15,84.5199966430664,85.30999755859375,84.5199966430664,85.19999694824219,51.105873107910156,17888600,0.0,0.0,0.0
2016-11-16,84.83999633789062,85.0,84.7300033569336,84.86000061035156,50.90191650390625,11965700,0.0,0.0,0.0
2016-11-17,84.8499984741211,85.08999633789062,84.62999725341797,84.62999725341797,50.76397705078125,12017600,0.0,0.0,0.0
2016-11-18,84.80999755859375,84.94000244140625,84.4800033569336,84.62999725341797,50.76397705078125,17781800,0.0,0.0,0.0
2016-11-21,84.8499984741211,85.3499984741211,84.83999633789062,85.30999755859375,51.17184829711914,11581600,0.0,0.0,0.0
2016-11-22,85.44999694824219,86.02999877929688,85.41999816894531,85.94000244140625,51.54975509643555,16648100,0.0,0.0,0.0
2016-11-23,85.29000091552734,85.69000244140625,85.27999877929688,85.62000274658203,51.35780334472656,10662900,0.0,0.0,0.0
2016-11-25,85.66999816894531,85.76000213623047,85.5999984741211,85.7300033569336,51.42377853393555,2009600,0.0,0.0,0.0
2016-11-28,85.62000274658203,86.0,85.47000122070312,85.72000122070312,51.41777801513672,16897400,0.0,0.0,0.0
2016-11-29,85.5,85.69999694824219,85.43000030517578,85.61000061035156,51.351837158203125,9164000,0.0,0.0,0.0
2016-11-30,85.69999694824219,85.80000305175781,85.43000030517578,85.6500015258789,51.37577438354492,15211300,0.0,0.0,0.0
2016-12-01,85.27999877929688,85.31999969482422,84.87000274658203,84.87000274658203,51.1353645324707,18249400,0.381,0.0,0.0
2016-12-02,85.06999969482422,85.38999938964844,84.9800033569336,85.37999725341797,51.44269943237305,9360400,0.0,0.0,0.0
2016-12-05,85.41999816894531,85.66999816894531,85.37999725341797,85.5999984741211,51.57522201538086,9782100,0.0,0.0,0.0
2016-12-06,85.7300033569336,86.05999755859375,85.6500015258789,86.02999877929688,51.83431625366211,16090600,0.0,0.0,0.0
2016-12-07,86.13999938964844,86.5999984741211,86.06999969482422,86.45999908447266,52.0933837890625,20886400,0.0,0.0,0.0
2016-12-08,86.37000274658203,86.5,86.12999725341797,86.44999694824219,52.08736801147461,10782100,0.0,0.0,0.0
2016-12-09,86.41000366210938,86.62000274658203,86.36000061035156,86.48999786376953,52.11144256591797,6463400,0.0,0.0,0.0
2016-12-12,86.6500015258789,86.68000030517578,86.27999877929688,86.37000274658203,52.039180755615234,8457100,0.0,0.0,0.0
2016-12-13,86.69000244140625,86.83999633789062,86.55999755859375,86.58000183105469,52.16569900512695,10739200,0.0,0.0,0.0
2016-12-14,86.58000183105469,86.83999633789062,85.8499984741211,85.93000030517578,51.774078369140625,15672400,0.0,0.0,0.0
2016-12-15,85.79000091552734,86.13999938964844,85.75,85.97000122070312,51.798133850097656,11221700,0.0,0.0,0.0
2016-12-16,86.20999908447266,86.26000213623047,86.02999877929688,86.05000305175781,51.846336364746094,15722200,0.0,0.0,0.0
2016-12-19,86.12000274658203,86.37999725341797,86.0999984741211,86.2699966430664,51.978912353515625,5897900,0.0,0.0,0.0
2016-12-20,86.30000305175781,86.4800033569336,86.19000244140625,86.38999938964844,52.05121612548828,11072400,0.0,0.0,0.0
2016-12-21,86.3499984741211,86.62000274658203,86.33000183105469,86.54000091552734,52.14157485961914,17461400,0.0,0.0,0.0
2016-12-22,86.2699966430664,86.44000244140625,86.16999816894531,86.44000244140625,52.25402069091797,8507600,0.286,0.0,0.0
2016-12-23,86.47000122070312,86.61000061035156,86.41000366210938,86.5999984741211,52.35073471069336,4230500,0.0,0.0,0.0
2016-12-27,86.48999786376953,86.66000366210938,86.44999694824219,86.5199966430664,52.30237579345703,5840600,0.0,0.0,0.0
2016-12-28,86.63999938964844,86.63999938964844,86.36000061035156,86.4000015258789,52.229854583740234,6961200,0.0,0.0,0.0
2016-12-29,86.47000122070312,86.55000305175781,86.37999725341797,86.5199966430664,52.30237579345703,3794300,0.0,0.0,0.0
2016-12-30,86.58000183105469,86.69999694824219,86.37999725341797,86.55000305175781,52.32050323486328,7513400,0.0,0.0,0.0
2017-01-03,86.87999725341797,86.94999694824219,86.69999694824219,86.91000366210938,52.53815841674805,14050100,0.0,0.0,0.0
2017-01-04,87.0,87.38999938964844,87.0,87.37999725341797,52.822265625,11912400,0.0,0.0,0.0
2017-01-05,87.26000213623047,87.41999816894531,87.19999694824219,87.25,52.743690490722656,10458600,0.0,0.0,0.0
2017-01-06,87.16000366210938,87.27999877929688,87.04000091552734,87.2300033569336,52.73158264160156,6836400,0.0,0.0,0.0
2017-01-09,87.20999908447266,87.27999877929688,87.05000305175781,87.20999908447266,52.71952438354492,6648800,0.0,0.0,0.0
2017-01-10,87.30999755859375,87.43000030517578,87.18000030517578,87.22000122070312,52.72554016113281,11777000,0.0,0.0,0.0
2017-01-11,87.25,87.31999969482422,87.11000061035156,87.2699966430664,52.755767822265625,11914200,0.0,0.0,0.0
2017-01-12,87.25,87.30000305175781,87.12999725341797,87.29000091552734,52.76785659790039,12512300,0.0,0.0,0.0
2017-01-13,87.26000213623047,87.4000015258789,87.0999984741211,87.31999969482422,52.78598403930664,8861000,0.0,0.0,0.0
2017-01-17,87.26000213623047,87.29000091552734,87.1500015258789,87.2300033569336,52.73158264160156,8633000,0.0,0.0,0.0
2017-01-18,87.19999694824219,87.30999755859375,87.0999984741211,87.30999755859375,52.77998352050781,12715500,0.0,0.0,0.0
2017-01-19,87.25,87.30000305175781,86.94000244140625,87.02999877929688,52.61070251464844,10703200,0.0,0.0,0.0
2017-01-20,87.05999755859375,87.22000122070312,86.97000122070312,87.19999694824219,52.713462829589844,9262000,0.0,0.0,0.0
2017-01-23,87.12999725341797,87.22000122070312,87.04000091552734,87.19999694824219,52.713462829589844,13561300,0.0,0.0,0.0
2017-01-24,87.1500015258789,87.31999969482422,87.11000061035156,87.26000213623047,52.749732971191406,7490500,0.0,0.0,0.0
2017-01-25,87.4000015258789,87.56999969482422,87.33999633789062,87.56999969482422,52.93714904785156,8953900,0.0,0.0,0.0
2017-01-26,87.5,87.58999633789062,87.41000366210938,87.52999877929688,52.91292190551758,7443900,0.0,0.0,0.0
2017-01-27,87.45999908447266,87.69000244140625,87.44999694824219,87.61000061035156,52.96133041381836,7888100,0.0,0.0,0.0
2017-01-30,87.4800033569336,87.54000091552734,87.30999755859375,87.43000030517578,52.852516174316406,7637600,0.0,0.0,0.0
2017-01-31,87.38999938964844,87.41999816894531,87.18000030517578,87.33999633789062,52.79808044433594,12249400,0.0,0.0,0.0
2017-02-01,87.19999694824219,87.33000183105469,86.94999694824219,87.27999877929688,52.993595123291016,12489400,0.382,0.0,0.0
2017-02-02,87.2699966430664,87.37000274658203,87.13999938964844,87.33000183105469,53.023963928222656,10886200,0.0,0.0,0.0
2017-02-03,87.5199966430664,87.58000183105469,87.43000030517578,87.4800033569336,53.11502456665039,12674000,0.0,0.0,0.0
2017-02-06,87.5,87.52999877929688,87.3499984741211,87.41999816894531,53.07859802246094,7004900,0.0,0.0,0.0
2017-02-07,87.5199966430664,87.5199966430664,87.27999877929688,87.29000091552734,52.999664306640625,11170100,0.0,0.0,0.0
2017-02-08,87.29000091552734,87.36000061035156,87.12000274658203,87.3499984741211,53.036094665527344,11107300,0.0,0.0,0.0
2017-02-09,87.3499984741211,87.54000091552734,87.3499984741211,87.47000122070312,53.10895919799805,7292600,0.0,0.0,0.0
2017-02-10,87.5199966430664,87.55000305175781,87.4000015258789,87.52999877929688,53.145381927490234,5471800,0.0,0.0,0.0
2017-02-13,87.5999984741211,87.72000122070312,87.58999633789062,87.66000366210938,53.22432327270508,7477200,0.0,0.0,0.0
2017-02-14,87.6500015258789,87.76000213623047,87.47000122070312,87.72000122070312,53.260746002197266,8785000,0.0,0.0,0.0
2017-02-15,87.62999725341797,87.7699966430664,87.56999969482422,87.75,53.27895736694336,10582800,0.0,0.0,0.0
2017-02-16,87.66000366210938,88.08000183105469,87.51000213623047,87.68000030517578,53.23646926879883,8917800,0.0,0.0,0.0
2017-02-17,87.58999633789062,87.79000091552734,87.51000213623047,87.7699966430664,53.2911262512207,6247300,0.0,0.0,0.0
2017-02-21,87.7699966430664,88.05999755859375,87.7699966430664,88.05999755859375,53.467166900634766,10437800,0.0,0.0,0.0
2017-02-22,88.01000213623047,88.12000274658203,87.94000244140625,88.0999984741211,53.49149703979492,10963600,0.0,0.0,0.0
2017-02-23,88.29000091552734,88.30000305175781,88.08000183105469,88.18000030517578,53.540042877197266,8150200,0.0,0.0,0.0
2017-02-24,88.11000061035156,88.37000274658203,88.05999755859375,88.25,53.58256912231445,8390200,0.0,0.0,0.0
2017-02-27,88.25,88.36000061035156,88.19000244140625,88.36000061035156,53.64933776855469,5693300,0.0,0.0,0.0
2017-02-28,88.30000305175781,88.37000274658203,88.23999786376953,88.29000091552734,53.60684585571289,5868400,0.0,0.0,0.0
2017-03-01,88.18000030517578,88.30999755859375,88.18000030517578,88.2300033569336,53.80441665649414,10612100,0.384,0.0,0.0
2017-03-02,88.25,88.25,87.94999694824219,87.94999694824219,53.63369369506836,9193000,0.0,0.0,0.0
2017-03-03,88.0199966430664,88.08999633789062,87.81999969482422,87.98999786376953,53.65804672241211,15059300,0.0,0.0,0.0
2017-03-06,87.8499984741211,87.88999938964844,87.69000244140625,87.70999908447266,53.487308502197266,17066300,0.0,0.0,0.0
2017-03-07,87.52999877929688,87.5999984741211,87.12000274658203,87.13999938964844,53.13972854614258,17023100,0.0,0.0,0.0
2017-03-08,86.93000030517578,87.06999969482422,86.55000305175781,86.55999755859375,52.7860107421875,22433500,0.0,0.0,0.0
2017-03-09,86.37999725341797,86.72000122070312,86.19999694824219,86.33000183105469,52.645748138427734,21260700,0.0,0.0,0.0
2017-03-10,86.87999725341797,86.87999725341797,86.08000183105469,86.30000305175781,52.62747573852539,20643900,0.0,0.0,0.0
2017-03-13,86.37999725341797,86.4800033569336,86.12000274658203,86.37000274658203,52.670166015625,13512300,0.0,0.0,0.0
2017-03-14,86.12000274658203,86.20999908447266,85.98999786376953,86.11000061035156,52.511592864990234,12808500,0.0,0.0,0.0
2017-03-15,86.4000015258789,87.30000305175781,86.31999969482422,87.30000305175781,53.2373046875,19654600,0.0,0.0,0.0
2017-03-16,87.5,87.52999877929688,87.02999877929688,87.05000305175781,53.0848503112793,15807500,0.0,0.0,0.0
2017-03-17,87.25,87.25,87.04000091552734,87.08000183105469,53.10310745239258,9984500,0.0,0.0,0.0
2017-03-20,87.06999969482422,87.06999969482422,86.91000366210938,86.91000366210938,52.99946975708008,12220600,0.0,0.0,0.0
2017-03-21,87.08000183105469,87.16999816894531,86.27999877929688,86.29000091552734,52.621376037597656,16918200,0.0,0.0,0.0
2017-03-22,86.23999786376953,86.56999969482422,86.0199966430664,86.5,52.74945068359375,14054600,0.0,0.0,0.0
2017-03-23,86.43000030517578,86.75,86.37000274658203,86.52999877929688,52.767723083496094,10618900,0.0,0.0,0.0
2017-03-24,86.5999984741211,86.86000061035156,86.5999984741211,86.83000183105469,52.9506721496582,8920800,0.0,0.0,0.0
2017-03-27,86.5199966430664,86.77999877929688,86.4000015258789,86.73999786376953,52.895790100097656,7788700,0.0,0.0,0.0
2017-03-28,86.69999694824219,87.25,86.69999694824219,87.22000122070312,53.188514709472656,16871700,0.0,0.0,0.0
2017-03-29,87.27999877929688,87.55000305175781,87.22000122070312,87.4000015258789,53.29826354980469,12266300,0.0,0.0,0.0
2017-03-30,87.5999984741211,87.83000183105469,87.47000122070312,87.80999755859375,53.54829025268555,16367900,0.0,0.0,0.0
2017-03-31,87.7300033569336,87.9000015258789,87.69000244140625,87.77999877929688,53.529991149902344,11778400,0.0,0.0,0.0
2017-04-03,87.45999908447266,87.47000122070312,87.2300033569336,87.36000061035156,53.501216888427734,20664400,0.373,0.0,0.0
2017-04-04,87.37000274658203,87.48999786376953,87.29000091552734,87.38999938964844,53.51959991455078,8473900,0.0,0.0,0.0
2017-04-05,87.52999877929688,87.70999908447266,87.2699966430664,87.31999969482422,53.476722717285156,11102300,0.0,0.0,0.0
2017-04-06,87.4000015258789,87.5199966430664,87.30000305175781,87.43000030517578,53.54409408569336,7234500,0.0,0.0,0.0
2017-04-07,87.55000305175781,87.62000274658203,87.38999938964844,87.38999938964844,53.51959991455078,5457800,0.0,0.0,0.0
2017-04-10,87.52999877929688,87.62000274658203,87.44999694824219,87.51000213623047,53.593116760253906,7996900,0.0,0.0,0.0
2017-04-11,87.56999969482422,87.56999969482422,87.23999786376953,87.33999633789062,53.48897171020508,8005800,0.0,0.0,0.0
2017-04-12,87.4000015258789,87.5999984741211,87.31999969482422,87.4000015258789,53.52571105957031,8723800,0.0,0.0,0.0
2017-04-13,87.37000274658203,87.48999786376953,87.16000366210938,87.22000122070312,53.415489196777344,10446700,0.0,0.0,0.0
2017-04-17,87.33000183105469,87.5,87.2300033569336,87.4800033569336,53.57468795776367,7158700,0.0,0.0,0.0
2017-04-18,87.47000122070312,87.55999755859375,87.2300033569336,87.45999908447266,53.562469482421875,9062800,0.0,0.0,0.0
2017-04-19,87.51000213623047,87.69999694824219,87.33000183105469,87.37999725341797,53.51344299316406,8643200,0.0,0.0,0.0
2017-04-20,87.4800033569336,87.69000244140625,87.44000244140625,87.66999816894531,53.69105911254883,7766000,0.0,0.0,0.0
2017-04-21,87.63999938964844,87.70999908447266,87.48999786376953,87.5999984741211,53.648197174072266,11328200,0.0,0.0,0.0
2017-04-24,87.95999908447266,88.0199966430664,87.87999725341797,88.01000213623047,53.899288177490234,8904700,0.0,0.0,0.0
2017-04-25,88.06999969482422,88.19999694824219,88.02999877929688,88.16999816894531,53.99727249145508,12493400,0.0,0.0,0.0
2017-04-26,88.08999633789062,88.2300033569336,88.06999969482422,88.08999633789062,53.94825744628906,7269000,0.0,0.0,0.0
2017-04-27,88.08999633789062,88.16000366210938,88.01000213623047,88.1500015258789,53.98501205444336,6897900,0.0,0.0,0.0
2017-04-28,88.16000366210938,88.23999786376953,88.06999969482422,88.12000274658203,53.966644287109375,7542800,0.0,0.0,0.0
2017-05-01,87.75,87.8499984741211,87.69999694824219,87.79000091552734,53.994354248046875,10336000,0.375,0.0,0.0
2017-05-02,87.88999938964844,87.9000015258789,87.76000213623047,87.81999969482422,54.01276779174805,10792800,0.0,0.0,0.0
2017-05-03,87.88999938964844,87.94999694824219,87.80000305175781,87.9000015258789,54.06197738647461,7413400,0.0,0.0,0.0
2017-05-04,87.83999633789062,87.83999633789062,87.3499984741211,87.43000030517578,53.77293014526367,20562500,0.0,0.0,0.0
2017-05-05,87.43000030517578,87.66000366210938,87.37999725341797,87.58000183105469,53.86520004272461,14935200,0.0,0.0,0.0
2017-05-08,87.61000061035156,87.7300033569336,87.54000091552734,87.68000030517578,53.926692962646484,8199200,0.0,0.0,0.0
2017-05-09,87.80000305175781,87.8499984741211,87.61000061035156,87.62000274658203,53.8897819519043,10810000,0.0,0.0,0.0
2017-05-10,87.8499984741211,88.04000091552734,87.7300033569336,88.0,54.12348556518555,10824900,0.0,0.0,0.0
2017-05-11,87.94000244140625,88.04000091552734,87.83000183105469,88.01000213623047,54.129634857177734,8461400,0.0,0.0,0.0
2017-05-12,88.05999755859375,88.06999969482422,87.91000366210938,87.9800033569336,54.11119079589844,8929900,0.0,0.0,0.0
2017-05-15,88.12000274658203,88.25,88.11000061035156,88.18000030517578,54.23420333862305,10690200,0.0,0.0,0.0
2017-05-16,88.2699966430664,88.3499984741211,88.18000030517578,88.30999755859375,54.31415557861328,12638900,0.0,0.0,0.0
2017-05-17,88.0199966430664,88.0999984741211,87.87000274658203,87.91999816894531,54.074283599853516,14055700,0.0,0.0,0.0
2017-05-18,87.66000366210938,88.16000366210938,87.62999725341797,88.0199966430664,54.13580322265625,10731800,0.0,0.0,0.0
2017-05-19,88.16999816894531,88.30999755859375,88.12999725341797,88.18000030517578,54.23420333862305,15998800,0.0,0.0,0.0
2017-05-22,88.36000061035156,88.44999694824219,88.2699966430664,88.44999694824219,54.40027618408203,7181800,0.0,0.0,0.0
2017-05-23,88.48999786376953,88.48999786376953,88.3499984741211,88.44000244140625,54.39413070678711,6998400,0.0,0.0,0.0
2017-05-24,88.5,88.61000061035156,88.4000015258789,88.58999633789062,54.48637008666992,8533600,0.0,0.0,0.0
2017-05-25,88.58999633789062,88.75,88.48999786376953,88.5199966430664,54.443302154541016,7985500,0.0,0.0,0.0
2017-05-26,88.5,88.58999633789062,88.5,88.56999969482422,54.47407150268555,2909500,0.0,0.0,0.0
2017-05-30,88.55999755859375,88.69999694824219,88.5199966430664,88.66000366210938,54.52940368652344,5371100,0.0,0.0,0.0
2017-05-31,88.66999816894531,88.69999694824219,88.52999877929688,88.6500015258789,54.52326583862305,13758400,0.0,0.0,0.0
2017-06-01,88.36000061035156,88.5999984741211,88.29000091552734,88.52999877929688,54.6819953918457,19189300,0.377,0.0,0.0
2017-06-02,88.55000305175781,88.66000366210938,88.5,88.58000183105469,54.7129020690918,9491600,0.0,0.0,0.0
2017-06-05,88.55000305175781,88.63999938964844,88.45999908447266,88.5,54.66349411010742,10384400,0.0,0.0,0.0
2017-06-06,88.4800033569336,88.51000213623047,88.30999755859375,88.36000061035156,54.577003479003906,14386500,0.0,0.0,0.0
2017-06-07,88.44000244140625,88.44000244140625,88.06999969482422,88.18000030517578,54.46583938598633,13329000,0.0,0.0,0.0
2017-06-08,88.19999694824219,88.33999633789062,88.02999877929688,88.25,54.509037017822266,14208300,0.0,0.0,0.0
2017-06-09,88.33999633789062,88.44999694824219,88.19999694824219,88.31999969482422,54.55229949951172,10414900,0.0,0.0,0.0
2017-06-12,88.3499984741211,88.54000091552734,88.29000091552734,88.47000122070312,54.644954681396484,9900000,0.0,0.0,0.0
2017-06-13,88.51000213623047,88.63999938964844,88.5,88.62999725341797,54.743778228759766,8640400,0.0,0.0,0.0
2017-06-14,88.73999786376953,88.75,88.5199966430664,88.63999938964844,54.74997329711914,8850700,0.0,0.0,0.0
2017-06-15,88.41999816894531,88.44999694824219,88.12000274658203,88.30000305175781,54.53993606567383,10860500,0.0,0.0,0.0
2017-06-16,88.37999725341797,88.37999725341797,88.12999725341797,88.1500015258789,54.447288513183594,11996100,0.0,0.0,0.0
2017-06-19,88.31999969482422,88.44999694824219,88.29000091552734,88.41999816894531,54.61408996582031,6398400,0.0,0.0,0.0
2017-06-20,88.1500015258789,88.22000122070312,88.0999984741211,88.11000061035156,54.4226188659668,18318500,0.0,0.0,0.0
2017-06-21,88.12000274658203,88.16000366210938,87.5199966430664,87.5999984741211,54.10757064819336,26728100,0.0,0.0,0.0
2017-06-22,87.69000244140625,87.87999725341797,87.62999725341797,87.83999633789062,54.25582504272461,18699400,0.0,0.0,0.0
2017-06-23,87.87999725341797,88.22000122070312,87.87000274658203,88.19999694824219,54.47818374633789,11337700,0.0,0.0,0.0
2017-06-26,88.18000030517578,88.36000061035156,88.1500015258789,88.31999969482422,54.55229949951172,9504500,0.0,0.0,0.0
2017-06-27,88.31999969482422,88.33999633789062,87.9800033569336,88.04000091552734,54.37932586669922,15293300,0.0,0.0,0.0
2017-06-28,88.20999908447266,88.44000244140625,88.11000061035156,88.4000015258789,54.60171127319336,9755500,0.0,0.0,0.0
2017-06-29,88.26000213623047,88.38999938964844,88.05999755859375,88.18000030517578,54.46583938598633,14548400,0.0,0.0,0.0
2017-06-30,88.30000305175781,88.4800033569336,88.20999908447266,88.38999938964844,54.59553146362305,8202000,0.0,0.0,0.0
2017-07-03,88.01000213623047,88.25,87.87999725341797,87.97000122070312,54.568851470947266,13882000,0.377,0.0,0.0
2017-07-05,88.02999877929688,88.11000061035156,87.83999633789062,87.9000015258789,54.52544021606445,16269100,0.0,0.0,0.0
2017-07-06,87.87000274658203,87.88999938964844,87.54000091552734,87.68000030517578,54.38899612426758,15424700,0.0,0.0,0.0
2017-07-07,87.61000061035156,87.70999908447266,87.44999694824219,87.5999984741211,54.339324951171875,15731200,0.0,0.0,0.0
2017-07-10,87.5999984741211,87.73999786376953,87.56999969482422,87.69999694824219,54.4013671875,12286600,0.0,0.0,0.0
2017-07-11,87.69999694824219,87.72000122070312,87.5199966430664,87.63999938964844,54.36415100097656,9261400,0.0,0.0,0.0
2017-07-12,87.98999786376953,88.20999908447266,87.87000274658203,88.20999908447266,54.71774673461914,17979900,0.0,0.0,0.0
2017-07-13,88.22000122070312,88.31999969482422,88.12999725341797,88.27999877929688,54.761138916015625,11744600,0.0,0.0,0.0
2017-07-14,88.33999633789062,88.56999969482422,88.25,88.52999877929688,54.91621398925781,12626700,0.0,0.0,0.0
2017-07-17,88.55000305175781,88.58999633789062,88.4800033569336,88.55999755859375,54.93483352661133,10158100,0.0,0.0,0.0
2017-07-18,88.54000091552734,88.63999938964844,88.47000122070312,88.5999984741211,54.95966339111328,9221100,0.0,0.0,0.0
2017-07-19,88.69000244140625,88.83000183105469,88.62999725341797,88.75,55.0527229309082,8250900,0.0,0.0,0.0
2017-07-20,88.83999633789062,88.8499984741211,88.66999816894531,88.80000305175781,55.08369445800781,11827800,0.0,0.0,0.0
2017-07-21,88.77999877929688,88.79000091552734,88.6500015258789,88.7300033569336,55.040321350097656,8771700,0.0,0.0,0.0
2017-07-24,88.70999908447266,88.80000305175781,88.6500015258789,88.80000305175781,55.08369445800781,4707500,0.0,0.0,0.0
2017-07-25,88.87000274658203,88.91000366210938,88.79000091552734,88.83999633789062,55.108524322509766,7292900,0.0,0.0,0.0
2017-07-26,88.97000122070312,89.04000091552734,88.86000061035156,88.97000122070312,55.189178466796875,7279800,0.0,0.0,0.0
2017-07-27,88.95999908447266,89.0,88.80999755859375,88.9000015258789,55.14577102661133,11624500,0.0,0.0,0.0
2017-07-28,88.8499984741211,88.91000366210938,88.7699966430664,88.91000366210938,55.151939392089844,4945300,0.0,0.0,0.0
2017-07-31,88.80000305175781,88.98999786376953,88.79000091552734,88.91000366210938,55.151939392089844,9779900,0.0,0.0,0.0
2017-08-01,88.61000061035156,88.68000030517578,88.56999969482422,88.62999725341797,55.2067756652832,14946800,0.368,0.0,0.0
2017-08-02,88.62999725341797,88.72000122070312,88.58999633789062,88.6500015258789,55.21921920776367,7422700,0.0,0.0,0.0
2017-08-03,88.56999969482422,88.66000366210938,88.41999816894531,88.4800033569336,55.11334991455078,9548300,0.0,0.0,0.0
2017-08-04,88.4800033569336,88.5199966430664,88.41000366210938,88.5,55.12578201293945,6451600,0.0,0.0,0.0
2017-08-07,88.5,88.5,88.4000015258789,88.45999908447266,55.10087203979492,5204700,0.0,0.0,0.0
2017-08-08,88.41999816894531,88.5,87.98999786376953,88.08000183105469,54.86416244506836,18534700,0.0,0.0,0.0
2017-08-09,87.9000015258789,87.9800033569336,87.68000030517578,87.73999786376953,54.652408599853516,15001700,0.0,0.0,0.0
2017-08-10,87.55999755859375,87.63999938964844,87.11000061035156,87.18000030517578,54.3035888671875,24749700,0.0,0.0,0.0
2017-08-11,87.37000274658203,87.45999908447266,87.26000213623047,87.33000183105469,54.396995544433594,17434300,0.0,0.0,0.0
2017-08-14,87.58999633789062,87.94000244140625,87.58999633789062,87.79000091552734,54.683528900146484,12566000,0.0,0.0,0.0
2017-08-15,87.80000305175781,87.88999938964844,87.7300033569336,87.81999969482422,54.70222854614258,6830500,0.0,0.0,0.0
2017-08-16,87.88999938964844,87.97000122070312,87.80000305175781,87.83000183105469,54.708457946777344,11716100,0.0,0.0,0.0
2017-08-17,87.72000122070312,87.80000305175781,87.29000091552734,87.33999633789062,54.40324783325195,14112300,0.0,0.0,0.0
2017-08-18,87.48999786376953,87.69000244140625,87.29000091552734,87.47000122070312,54.484230041503906,14324400,0.0,0.0,0.0
2017-08-21,87.58000183105469,87.61000061035156,87.44999694824219,87.55999755859375,54.54026412963867,7763400,0.0,0.0,0.0
2017-08-22,87.63999938964844,88.0,87.58999633789062,87.91999816894531,54.764522552490234,12982200,0.0,0.0,0.0
2017-08-23,87.7699966430664,87.97000122070312,87.70999908447266,87.93000030517578,54.7707405090332,6449500,0.0,0.0,0.0
2017-08-24,87.97000122070312,88.06999969482422,87.87999725341797,88.05999755859375,54.85173034667969,8480100,0.0,0.0,0.0
2017-08-25,88.04000091552734,88.25,88.01000213623047,88.22000122070312,54.951412200927734,6622800,0.0,0.0,0.0
2017-08-28,88.2699966430664,88.2699966430664,88.13999938964844,88.2300033569336,54.957611083984375,5161700,0.0,0.0,0.0
2017-08-29,88.01000213623047,88.1500015258789,87.98999786376953,88.12000274658203,54.889068603515625,8991600,0.0,0.0,0.0
2017-08-30,88.1500015258789,88.4000015258789,88.13999938964844,88.36000061035156,55.03859329223633,13431100,0.0,0.0,0.0
2017-08-31,88.41999816894531,88.61000061035156,88.41999816894531,88.5999984741211,55.18807601928711,12705200,0.0,0.0,0.0
2017-09-01,88.1500015258789,88.3499984741211,88.1500015258789,88.31999969482422,55.24436950683594,10535700,0.37,0.0,0.0
2017-09-05,88.26000213623047,88.26000213623047,87.95999908447266,88.12000274658203,55.119285583496094,9560500,0.0,0.0,0.0
2017-09-06,88.2300033569336,88.27999877929688,88.04000091552734,88.05999755859375,55.081756591796875,9023300,0.0,0.0,0.0
2017-09-07,88.19999694824219,88.19999694824219,88.05999755859375,88.06999969482422,55.088016510009766,8784000,0.0,0.0,0.0
2017-09-08,88.05999755859375,88.05999755859375,87.79000091552734,87.79000091552734,54.912841796875,7688700,0.0,0.0,0.0
2017-09-11,87.94000244140625,88.19000244140625,87.8499984741211,88.06999969482422,55.088016510009766,8047600,0.0,0.0,0.0
2017-09-12,88.11000061035156,88.19000244140625,88.05000305175781,88.18000030517578,55.15680694580078,4752800,0.0,0.0,0.0
2017-09-13,88.0999984741211,88.2300033569336,88.05000305175781,88.20999908447266,55.175601959228516,11725900,0.0,0.0,0.0
2017-09-14,88.16999816894531,88.37000274658203,88.16000366210938,88.33000183105469,55.250633239746094,9554600,0.0,0.0,0.0
2017-09-15,88.27999877929688,88.43000030517578,88.23999786376953,88.41000366210938,55.3006706237793,8248000,0.0,0.0,0.0
2017-09-18,88.37999725341797,88.41999816894531,88.31999969482422,88.37000274658203,55.27564239501953,7442200,0.0,0.0,0.0
2017-09-19,88.4000015258789,88.47000122070312,88.31999969482422,88.45999908447266,55.33192825317383,7208300,0.0,0.0,0.0
2017-09-20,88.4800033569336,88.52999877929688,88.31999969482422,88.44999694824219,55.325714111328125,10087200,0.0,0.0,0.0
2017-09-21,88.4800033569336,88.48999786376953,88.31999969482422,88.33999633789062,55.25690460205078,6932300,0.0,0.0,0.0
2017-09-22,88.33000183105469,88.43000030517578,88.30000305175781,88.43000030517578,55.31319808959961,7570500,0.0,0.0,0.0
2017-09-25,88.4000015258789,88.5,88.36000061035156,88.4800033569336,55.344486236572266,4326200,0.0,0.0,0.0
2017-09-26,88.55999755859375,88.68000030517578,88.54000091552734,88.58999633789062,55.41326904296875,8816500,0.0,0.0,0.0
2017-09-27,88.58999633789062,88.66000366210938,88.48999786376953,88.62999725341797,55.43827438354492,7490100,0.0,0.0,0.0
2017-09-28,88.62999725341797,88.66999816894531,88.58000183105469,88.62999725341797,55.43827438354492,5934000,0.0,0.0,0.0
2017-09-29,88.69999694824219,88.76000213623047,88.5999984741211,88.76000213623047,55.519569396972656,8906900,0.0,0.0,0.0
2017-10-02,88.26000213623047,88.4000015258789,88.23999786376953,88.3499984741211,55.491355895996094,13097600,0.365,0.0,0.0
2017-10-03,88.3499984741211,88.5199966430664,88.3499984741211,88.51000213623047,55.59183120727539,5928800,0.0,0.0,0.0
2017-10-04,88.4800033569336,88.51000213623047,88.37000274658203,88.41999816894531,55.53530502319336,5832400,0.0,0.0,0.0
2017-10-05,88.41000366210938,88.52999877929688,88.41000366210938,88.52999877929688,55.60436248779297,5967900,0.0,0.0,0.0
2017-10-06,88.44999694824219,88.48999786376953,88.3499984741211,88.4000015258789,55.52272415161133,5847400,0.0,0.0,0.0
2017-10-09,88.44000244140625,88.47000122070312,88.37999725341797,88.41000366210938,55.529022216796875,3278400,0.0,0.0,0.0
2017-10-10,88.52999877929688,88.52999877929688,88.4000015258789,88.4800033569336,55.5729866027832,8786500,0.0,0.0,0.0
2017-10-11,88.4800033569336,88.4800033569336,88.37000274658203,88.38999938964844,55.51643753051758,7948700,0.0,0.0,0.0
2017-10-12,88.4000015258789,88.4000015258789,88.29000091552734,88.29000091552734,55.45363998413086,6181100,0.0,0.0,0.0
2017-10-13,88.41000366210938,88.43000030517578,88.27999877929688,88.33000183105469,55.4787483215332,3941200,0.0,0.0,0.0
2017-10-16,88.38999938964844,88.4000015258789,88.27999877929688,88.37999725341797,55.510162353515625,6060300,0.0,0.0,0.0
2017-10-17,88.37999725341797,88.55999755859375,88.37999725341797,88.51000213623047,55.59183120727539,7468100,0.0,0.0,0.0
2017-10-18,88.54000091552734,88.6500015258789,88.5199966430664,88.5999984741211,55.648380279541016,7974400,0.0,0.0,0.0
2017-10-19,88.4800033569336,88.6500015258789,88.44000244140625,88.61000061035156,55.65463638305664,7270600,0.0,0.0,0.0
2017-10-20,88.66000366210938,88.7300033569336,88.61000061035156,88.69000244140625,55.70487594604492,7107000,0.0,0.0,0.0
2017-10-23,88.69999694824219,88.73999786376953,88.58999633789062,88.58999633789062,55.642066955566406,7227200,0.0,0.0,0.0
2017-10-24,88.62000274658203,88.69000244140625,88.58000183105469,88.58999633789062,55.642066955566406,7103700,0.0,0.0,0.0
2017-10-25,88.52999877929688,88.52999877929688,88.22000122070312,88.33999633789062,55.48506164550781,16817000,0.0,0.0,0.0
2017-10-26,88.43000030517578,88.45999908447266,88.19000244140625,88.2300033569336,55.41596221923828,10649800,0.0,0.0,0.0
2017-10-27,88.30000305175781,88.48999786376953,88.2300033569336,88.47000122070312,55.56669998168945,13720000,0.0,0.0,0.0
2017-10-30,88.30000305175781,88.51000213623047,88.30000305175781,88.44999694824219,55.55415344238281,5954500,0.0,0.0,0.0
2017-10-31,88.48999786376953,88.51000213623047,88.44000244140625,88.47000122070312,55.56669998168945,7198400,0.0,0.0,0.0
2017-11-01,88.18000030517578,88.19999694824219,88.01000213623047,88.0199966430664,55.51374435424805,9505500,0.366,0.0,0.0
2017-11-02,88.01000213623047,88.08000183105469,87.9000015258789,87.97000122070312,55.48221206665039,6096800,0.0,0.0,0.0
2017-11-03,88.0199966430664,88.08000183105469,87.87000274658203,87.9800033569336,55.48847961425781,7003200,0.0,0.0,0.0
2017-11-06,87.93000030517578,88.04000091552734,87.88999938964844,87.98999786376953,55.49481964111328,12262400,0.0,0.0,0.0
2017-11-07,87.97000122070312,87.9800033569336,87.70999908447266,87.73999786376953,55.337120056152344,11805400,0.0,0.0,0.0
2017-11-08,87.73999786376953,87.73999786376953,87.30999755859375,87.3499984741211,55.09119415283203,18120000,0.0,0.0,0.0
2017-11-09,87.13999938964844,87.13999938964844,86.72000122070312,86.91999816894531,54.819984436035156,38343500,0.0,0.0,0.0
2017-11-10,86.94000244140625,87.18000030517578,86.87999725341797,87.11000061035156,54.93978500366211,24521600,0.0,0.0,0.0
2017-11-13,87.04000091552734,87.16000366210938,87.02999877929688,87.05000305175781,54.9019660949707,16280500,0.0,0.0,0.0
2017-11-14,86.91999816894531,86.95999908447266,86.62000274658203,86.68000030517578,54.66859817504883,13870600,0.0,0.0,0.0
2017-11-15,86.45999908447266,86.76000213623047,86.22000122070312,86.68000030517578,54.66859817504883,25382000,0.0,0.0,0.0
2017-11-16,87.12000274658203,87.5999984741211,87.04000091552734,87.52999877929688,55.20466232299805,30075200,0.0,0.0,0.0
2017-11-17,87.36000061035156,87.51000213623047,87.33999633789062,87.47000122070312,55.16683578491211,15942100,0.0,0.0,0.0
2017-11-20,87.5199966430664,87.62999725341797,87.43000030517578,87.48999786376953,55.179473876953125,8930300,0.0,0.0,0.0
2017-11-21,87.56999969482422,87.70999908447266,87.56999969482422,87.66999816894531,55.29296875,10102400,0.0,0.0,0.0
2017-11-22,87.72000122070312,87.87000274658203,87.69999694824219,87.80999755859375,55.38127517700195,9473800,0.0,0.0,0.0
2017-11-24,87.87000274658203,87.91999816894531,87.83000183105469,87.87000274658203,55.419124603271484,3126500,0.0,0.0,0.0
2017-11-27,87.87000274658203,87.87000274658203,87.54000091552734,87.5999984741211,55.24885177612305,10645400,0.0,0.0,0.0
2017-11-28,87.63999938964844,87.88999938964844,87.62999725341797,87.87000274658203,55.419124603271484,10403700,0.0,0.0,0.0
2017-11-29,87.81999969482422,87.87999725341797,87.68000030517578,87.76000213623047,55.34975051879883,11806200,0.0,0.0,0.0
2017-11-30,87.79000091552734,87.94999694824219,87.77999877929688,87.77999877929688,55.362342834472656,17981500,0.0,0.0,0.0
2017-12-01,87.41999816894531,87.5,86.9800033569336,87.37999725341797,55.34463119506836,15485800,0.372,0.0,0.0
2017-12-04,87.5,87.61000061035156,87.31999969482422,87.3499984741211,55.32566452026367,14801700,0.0,0.0,0.0
2017-12-05,87.4000015258789,87.44999694824219,87.27999877929688,87.30000305175781,55.29396057128906,9347600,0.0,0.0,0.0
2017-12-06,87.29000091552734,87.41000366210938,87.19999694824219,87.22000122070312,55.243316650390625,10081700,0.0,0.0,0.0
2017-12-07,87.26000213623047,87.30999755859375,87.16999816894531,87.26000213623047,55.26861572265625,8955900,0.0,0.0,0.0
2017-12-08,87.33000183105469,87.37000274658203,87.2699966430664,87.3499984741211,55.32566452026367,9100400,0.0,0.0,0.0
2017-12-11,87.3499984741211,87.38999938964844,87.29000091552734,87.37000274658203,55.33830642700195,11847900,0.0,0.0,0.0
2017-12-12,87.44999694824219,87.44999694824219,87.31999969482422,87.33000183105469,55.312957763671875,8846700,0.0,0.0,0.0
2017-12-13,87.37000274658203,87.44999694824219,87.33000183105469,87.37999725341797,55.34463119506836,7495000,0.0,0.0,0.0
2017-12-14,87.33999633789062,87.4000015258789,87.06999969482422,87.19999694824219,55.230613708496094,19337000,0.0,0.0,0.0
2017-12-15,87.30000305175781,87.33999633789062,87.19999694824219,87.20999908447266,55.236942291259766,14223900,0.0,0.0,0.0
2017-12-18,87.23999786376953,87.38999938964844,87.2300033569336,87.30000305175781,55.29396057128906,11735200,0.0,0.0,0.0
2017-12-19,87.30000305175781,87.3499984741211,87.08999633789062,87.12000274658203,55.17995834350586,10985000,0.0,0.0,0.0
2017-12-20,87.19999694824219,87.26000213623047,87.08999633789062,87.19000244140625,55.22428512573242,11857400,0.0,0.0,0.0
2017-12-21,86.93000030517578,86.98999786376953,86.87000274658203,86.91999816894531,55.28216552734375,11195700,0.361,0.0,0.0
2017-12-22,86.97000122070312,87.06999969482422,86.91000366210938,87.0,55.3330192565918,11136900,0.0,0.0,0.0
2017-12-26,86.94000244140625,87.12999725341797,86.93000030517578,87.12999725341797,55.415714263916016,5798900,0.0,0.0,0.0
2017-12-27,87.08000183105469,87.20999908447266,87.08000183105469,87.16999816894531,55.441165924072266,5625500,0.0,0.0,0.0
2017-12-28,87.19000244140625,87.20999908447266,87.0999984741211,87.12999725341797,55.415714263916016,6116500,0.0,0.0,0.0
2017-12-29,87.13999938964844,87.30999755859375,87.08000183105469,87.26000213623047,55.49840545654297,5116800,0.0,0.0,0.0
2018-01-02,87.30000305175781,87.36000061035156,87.25,87.33999633789062,55.549278259277344,7223500,0.0,0.0,0.0
2018-01-03,87.33999633789062,87.77999877929688,87.33999633789062,87.76000213623047,55.81640625,20557100,0.0,0.0,0.0
2018-01-04,87.81999969482422,87.98999786376953,87.7699966430664,87.91000366210938,55.91181182861328,13610900,0.0,0.0,0.0
2018-01-05,87.97000122070312,88.01000213623047,87.87999725341797,87.97000122070312,55.9499626159668,9851600,0.0,0.0,0.0
2018-01-08,87.95999908447266,88.02999877929688,87.86000061035156,87.9000015258789,55.90546798706055,9804000,0.0,0.0,0.0
2018-01-09,87.98999786376953,87.98999786376953,87.61000061035156,87.62999725341797,55.733741760253906,13550400,0.0,0.0,0.0
2018-01-10,87.5,87.55999755859375,87.2699966430664,87.44000244140625,55.612884521484375,33182000,0.0,0.0,0.0
2018-01-11,87.5199966430664,87.73999786376953,87.45999908447266,87.7300033569336,55.797340393066406,12911500,0.0,0.0,0.0
2018-01-12,87.58999633789062,87.70999908447266,87.55000305175781,87.58000183105469,55.701942443847656,12088500,0.0,0.0,0.0
2018-01-16,87.63999938964844,87.7300033569336,87.44999694824219,87.52999877929688,55.670127868652344,18474100,0.0,0.0,0.0
2018-01-17,87.55999755859375,87.69000244140625,87.5199966430664,87.54000091552734,55.67650604248047,16340400,0.0,0.0,0.0
2018-01-18,87.5,87.55999755859375,87.4000015258789,87.44999694824219,55.619232177734375,16134900,0.0,0.0,0.0
2018-01-19,87.44000244140625,87.55000305175781,87.38999938964844,87.54000091552734,55.67650604248047,14401800,0.0,0.0,0.0
2018-01-22,87.48999786376953,87.6500015258789,87.48999786376953,87.62000274658203,55.727386474609375,16674700,0.0,0.0,0.0
2018-01-23,87.68000030517578,87.9000015258789,87.62999725341797,87.87999725341797,55.892757415771484,11600300,0.0,0.0,0.0
2018-01-24,87.80000305175781,87.87999725341797,87.6500015258789,87.75,55.810062408447266,10746300,0.0,0.0,0.0
2018-01-25,87.9000015258789,87.9000015258789,87.61000061035156,87.69000244140625,55.77189254760742,11039300,0.0,0.0,0.0
2018-01-26,87.72000122070312,87.83999633789062,87.62999725341797,87.76000213623047,55.81640625,7164100,0.0,0.0,0.0
2018-01-29,87.62999725341797,87.68000030517578,87.43000030517578,87.44999694824219,55.619232177734375,19590800,0.0,0.0,0.0
2018-01-30,87.44999694824219,87.45999908447266,87.13999938964844,87.1500015258789,55.428436279296875,18469300,0.0,0.0,0.0
2018-01-31,87.30000305175781,87.41999816894531,87.20999908447266,87.30000305175781,55.52383041381836,12692800,0.0,0.0,0.0
2018-02-01,86.86000061035156,86.98999786376953,86.72000122070312,86.7699966430664,55.41908645629883,17920000,0.366,0.0,0.0
2018-02-02,86.55000305175781,86.62000274658203,86.1500015258789,86.22000122070312,55.06782913208008,24787000,0.0,0.0,0.0
2018-02-05,86.12999725341797,86.51000213623047,85.58000183105469,85.73999786376953,54.76124954223633,28071300,0.0,0.0,0.0
2018-02-06,85.51000213623047,86.36000061035156,85.51000213623047,86.26000213623047,55.0933723449707,33924300,0.0,0.0,0.0
2018-02-07,86.37999725341797,86.62000274658203,85.86000061035156,85.94000244140625,54.88898849487305,24298100,0.0,0.0,0.0
2018-02-08,85.91000366210938,86.0,85.18000030517578,85.19000244140625,54.40996551513672,25419300,0.0,0.0,0.0
2018-02-09,85.27999877929688,85.41999816894531,84.06999969482422,84.94999694824219,54.256683349609375,47230300,0.0,0.0,0.0
2018-02-12,85.19999694824219,85.66000366210938,85.16000366210938,85.52999877929688,54.62710952758789,23448100,0.0,0.0,0.0
2018-02-13,85.31999969482422,85.41999816894531,85.11000061035156,85.26000213623047,54.45467758178711,14679900,0.0,0.0,0.0
2018-02-14,84.98999786376953,85.44000244140625,84.9000015258789,85.41000366210938,54.55051040649414,19332400,0.0,0.0,0.0
2018-02-15,85.61000061035156,86.0999984741211,85.61000061035156,86.0999984741211,54.99118423461914,21931600,0.0,0.0,0.0
2018-02-16,86.08999633789062,86.51000213623047,86.06999969482422,86.44999694824219,55.214717864990234,29195600,0.0,0.0,0.0
2018-02-20,86.19999694824219,86.37999725341797,86.11000061035156,86.1500015258789,55.02311706542969,22740600,0.0,0.0,0.0
2018-02-21,86.23999786376953,86.37999725341797,85.73999786376953,85.76000213623047,54.77399826049805,15656700,0.0,0.0,0.0
2018-02-22,85.80000305175781,86.13999938964844,85.73999786376953,85.81999969482422,54.81237030029297,14626900,0.0,0.0,0.0
2018-02-23,85.88999938964844,86.41999816894531,85.83000183105469,86.38999938964844,55.17641067504883,15919500,0.0,0.0,0.0
2018-02-26,86.44999694824219,86.68000030517578,86.38999938964844,86.54000091552734,55.27220153808594,10996300,0.0,0.0,0.0
2018-02-27,86.4800033569336,86.5,86.19999694824219,86.30999755859375,55.12529754638672,13840900,0.0,0.0,0.0
2018-02-28,86.41000366210938,86.4800033569336,86.12000274658203,86.18000030517578,55.042259216308594,8751000,0.0,0.0,0.0
2018-03-01,85.91000366210938,85.93000030517578,85.2699966430664,85.2699966430664,54.67740249633789,24974200,0.341,0.0,0.0
2018-03-02,85.31999969482422,85.79000091552734,85.29000091552734,85.75,54.98522186279297,18767600,0.0,0.0,0.0
2018-03-05,85.56999969482422,85.80999755859375,85.56999969482422,85.75,54.98522186279297,9000200,0.0,0.0,0.0
2018-03-06,85.83000183105469,85.94999694824219,85.69000244140625,85.87000274658203,55.06214141845703,14462900,0.0,0.0,0.0
2018-03-07,85.7699966430664,85.80999755859375,85.5999984741211,85.66000366210938,54.927490234375,8195200,0.0,0.0,0.0
2018-03-08,85.76000213623047,85.80000305175781,85.61000061035156,85.76000213623047,54.99159622192383,10201800,0.0,0.0,0.0
2018-03-09,85.86000061035156,86.12999725341797,85.77999877929688,86.06999969482422,55.1904296875,8942600,0.0,0.0,0.0
2018-03-12,86.0,86.06999969482422,85.79000091552734,85.93000030517578,55.10062026977539,10126500,0.0,0.0,0.0
2018-03-13,85.93000030517578,86.04000091552734,85.61000061035156,85.66000366210938,54.927490234375,19020400,0.0,0.0,0.0
2018-03-14,85.7300033569336,85.77999877929688,85.5199966430664,85.55999755859375,54.86338424682617,10802500,0.0,0.0,0.0
2018-03-15,85.55000305175781,85.75,85.5,85.62000274658203,54.90182113647461,8647900,0.0,0.0,0.0
2018-03-16,85.63999938964844,85.80999755859375,85.58999633789062,85.80000305175781,55.01723861694336,11006000,0.0,0.0,0.0
2018-03-19,85.66000366210938,85.69000244140625,85.3499984741211,85.44999694824219,54.792823791503906,14298800,0.0,0.0,0.0
2018-03-20,85.43000030517578,85.6500015258789,85.43000030517578,85.62000274658203,54.90182113647461,14317800,0.0,0.0,0.0
2018-03-21,85.58000183105469,85.80999755859375,85.5199966430664,85.6500015258789,54.921077728271484,8643700,0.0,0.0,0.0
2018-03-22,85.44999694824219,85.56999969482422,85.12000274658203,85.13999938964844,54.59404754638672,15972300,0.0,0.0,0.0
2018-03-23,85.29000091552734,85.38999938964844,84.81999969482422,84.91999816894531,54.45298385620117,21847400,0.0,0.0,0.0
2018-03-26,85.3499984741211,85.48999786376953,85.12999725341797,85.47000122070312,54.80568313598633,12454200,0.0,0.0,0.0
2018-03-27,85.4800033569336,85.62999725341797,85.20999908447266,85.38999938964844,54.75435256958008,12661500,0.0,0.0,0.0
2018-03-28,85.36000061035156,85.44000244140625,85.19999694824219,85.3499984741211,54.72874069213867,14642900,0.0,0.0,0.0
2018-03-29,85.48999786376953,85.69999694824219,85.38999938964844,85.63999938964844,54.91469955444336,10299600,0.0,0.0,0.0
2018-04-02,85.12000274658203,85.2699966430664,84.88999938964844,84.95999908447266,54.70155334472656,18902700,0.349,0.0,0.0
2018-04-03,85.11000061035156,85.20999908447266,84.88999938964844,85.19999694824219,54.85606384277344,12994100,0.0,0.0,0.0
2018-04-04,84.9000015258789,85.44000244140625,84.9000015258789,85.38999938964844,54.978389739990234,9677200,0.0,0.0,0.0
2018-04-05,85.43000030517578,85.58000183105469,85.41000366210938,85.45999908447266,55.02346420288086,10152000,0.0,0.0,0.0
2018-04-06,85.41000366210938,85.5,85.16999816894531,85.2699966430664,54.9011344909668,12680800,0.0,0.0,0.0
2018-04-09,85.44999694824219,85.61000061035156,85.41000366210938,85.58999633789062,55.10715103149414,9043200,0.0,0.0,0.0
2018-04-10,85.69999694824219,85.94000244140625,85.68000030517578,85.9000015258789,55.30677795410156,11434100,0.0,0.0,0.0
2018-04-11,85.87000274658203,86.0,85.80999755859375,85.93000030517578,55.32609558105469,7675500,0.0,0.0,0.0
2018-04-12,86.02999877929688,86.26000213623047,85.97000122070312,86.23999786376953,55.52566146850586,23692600,0.0,0.0,0.0
2018-04-13,86.30000305175781,86.41000366210938,86.23999786376953,86.29000091552734,55.55788040161133,16213400,0.0,0.0,0.0
2018-04-16,86.38999938964844,86.51000213623047,86.27999877929688,86.41999816894531,55.64158248901367,10781600,0.0,0.0,0.0
2018-04-17,86.55000305175781,86.66000366210938,86.43000030517578,86.45999908447266,55.66733932495117,15577600,0.0,0.0,0.0
2018-04-18,86.5199966430664,86.55000305175781,86.33999633789062,86.37000274658203,55.60939025878906,13745600,0.0,0.0,0.0
2018-04-19,86.20999908447266,86.23999786376953,85.98999786376953,86.0999984741211,55.435546875,19345500,0.0,0.0,0.0
2018-04-20,86.05000305175781,86.08999633789062,85.87000274658203,85.88999938964844,55.300357818603516,17693500,0.0,0.0,0.0
2018-04-23,85.83000183105469,85.83999633789062,85.58000183105469,85.66000366210938,55.15223693847656,15971100,0.0,0.0,0.0
2018-04-24,85.69000244140625,85.7699966430664,85.37999725341797,85.48999786376953,55.04277801513672,17872600,0.0,0.0,0.0
2018-04-25,85.41000366210938,85.54000091552734,85.23999786376953,85.5,55.049251556396484,15078400,0.0,0.0,0.0
2018-04-26,85.56999969482422,85.86000061035156,85.5199966430664,85.80000305175781,55.242347717285156,17479700,0.0,0.0,0.0
2018-04-27,85.87000274658203,85.91999816894531,85.61000061035156,85.76000213623047,55.216609954833984,7014700,0.0,0.0,0.0
2018-04-30,85.69999694824219,85.8499984741211,85.69000244140625,85.69999694824219,55.17799758911133,12473000,0.0,0.0,0.0
2018-05-01,85.27999877929688,85.4000015258789,85.18000030517578,85.4000015258789,55.218753814697266,18707700,0.363,0.0,0.0
2018-05-02,85.4000015258789,85.55000305175781,85.31999969482422,85.37000274658203,55.19934844970703,12057000,0.0,0.0,0.0
2018-05-03,85.4000015258789,85.4000015258789,85.22000122070312,85.36000061035156,55.19287109375,21626200,0.0,0.0,0.0
2018-05-04,85.20999908447266,85.44999694824219,85.16000366210938,85.41999816894531,55.23167037963867,14862100,0.0,0.0,0.0
2018-05-07,85.43000030517578,85.52999877929688,85.4000015258789,85.5,55.28341293334961,23063900,0.0,0.0,0.0
2018-05-08,85.44999694824219,85.47000122070312,85.30999755859375,85.37000274658203,55.19934844970703,13693500,0.0,0.0,0.0
2018-05-09,85.3499984741211,85.54000091552734,85.33999633789062,85.51000213623047,55.28984451293945,10476200,0.0,0.0,0.0
2018-05-10,85.56999969482422,85.79000091552734,85.55000305175781,85.76000213623047,55.45148468017578,13375800,0.0,0.0,0.0
2018-05-11,85.76000213623047,85.83999633789062,85.62999725341797,85.7300033569336,55.43208694458008,8505100,0.0,0.0,0.0
2018-05-14,85.72000122070312,85.81999969482422,85.56999969482422,85.75,55.4450569152832,14695800,0.0,0.0,0.0
2018-05-15,85.55999755859375,85.5999984741211,85.2699966430664,85.33000183105469,55.173458099365234,20008800,0.0,0.0,0.0
2018-05-16,85.37000274658203,85.47000122070312,85.29000091552734,85.44000244140625,55.24460220336914,13028100,0.0,0.0,0.0
2018-05-17,85.33999633789062,85.55999755859375,85.33999633789062,85.48999786376953,55.276912689208984,13198300,0.0,0.0,0.0
2018-05-18,85.3499984741211,85.45999908447266,85.33000183105469,85.4000015258789,55.218753814697266,14241600,0.0,0.0,0.0
2018-05-21,85.38999938964844,85.56999969482422,85.38999938964844,85.5199966430664,55.296329498291016,7000400,0.0,0.0,0.0
2018-05-22,85.55999755859375,85.62999725341797,85.51000213623047,85.58000183105469,55.33512878417969,6220700,0.0,0.0,0.0
2018-05-23,85.4800033569336,85.6500015258789,85.38999938964844,85.6500015258789,55.38039016723633,13053100,0.0,0.0,0.0
2018-05-24,85.5199966430664,85.72000122070312,85.5199966430664,85.69999694824219,55.4127082824707,12468600,0.0,0.0,0.0
2018-05-25,85.58000183105469,85.63999938964844,85.45999908447266,85.55999755859375,55.32219696044922,12895700,0.0,0.0,0.0
2018-05-29,85.37000274658203,85.4000015258789,85.16000366210938,85.19999694824219,55.08940505981445,13519800,0.0,0.0,0.0
2018-05-30,85.29000091552734,85.48999786376953,85.29000091552734,85.45999908447266,55.25751876831055,15145000,0.0,0.0,0.0
2018-05-31,85.48999786376953,85.5,85.36000061035156,85.37999725341797,55.20579528808594,17391000,0.0,0.0,0.0
2018-06-01,85.1500015258789,85.2300033569336,85.0999984741211,85.19000244140625,55.3317985534668,12891000,0.384,0.0,0.0
2018-06-04,85.2699966430664,85.41999816894531,85.2300033569336,85.37000274658203,55.448707580566406,13830900,0.0,0.0,0.0
2018-06-05,85.37000274658203,85.5199966430664,85.30000305175781,85.47000122070312,55.51369094848633,10614100,0.0,0.0,0.0
2018-06-06,85.41000366210938,85.70999908447266,85.37999725341797,85.68000030517578,55.65006637573242,6920900,0.0,0.0,0.0
2018-06-07,85.62999725341797,85.7699966430664,85.55000305175781,85.70999908447266,55.66956329345703,13764400,0.0,0.0,0.0
2018-06-08,85.5999984741211,85.7300033569336,85.56999969482422,85.66000366210938,55.6370964050293,9784000,0.0,0.0,0.0
2018-06-11,85.69999694824219,85.8499984741211,85.69000244140625,85.81999969482422,55.740989685058594,10429300,0.0,0.0,0.0
2018-06-12,85.83000183105469,85.97000122070312,85.7699966430664,85.88999938964844,55.78645324707031,12432400,0.0,0.0,0.0
2018-06-13,85.91000366210938,86.05000305175781,85.83000183105469,85.91999816894531,55.80595397949219,9958900,0.0,0.0,0.0
2018-06-14,86.08000183105469,86.19000244140625,86.02999877929688,86.16999816894531,55.96834945678711,13954300,0.0,0.0,0.0
2018-06-15,86.11000061035156,86.16000366210938,85.98999786376953,86.12000274658203,55.93584060668945,16303700,0.0,0.0,0.0
2018-06-18,86.05000305175781,86.12999725341797,85.9800033569336,86.11000061035156,55.929351806640625,11512000,0.0,0.0,0.0
2018-06-19,85.94000244140625,86.02999877929688,85.87000274658203,85.98999786376953,55.8514404296875,12543200,0.0,0.0,0.0
2018-06-20,86.08000183105469,86.12999725341797,86.02999877929688,86.08000183105469,55.90986633300781,10422800,0.0,0.0,0.0
2018-06-21,86.06999969482422,86.06999969482422,85.87000274658203,85.9000015258789,55.79297637939453,8132500,0.0,0.0,0.0
2018-06-22,86.04000091552734,86.08999633789062,85.87999725341797,85.91000366210938,55.799434661865234,7385200,0.0,0.0,0.0
2018-06-25,85.7699966430664,85.80999755859375,85.62999725341797,85.70999908447266,55.66956329345703,13975400,0.0,0.0,0.0
2018-06-26,85.70999908447266,85.7300033569336,85.5999984741211,85.69999694824219,55.663063049316406,7503900,0.0,0.0,0.0
2018-06-27,85.6500015258789,85.70999908447266,85.47000122070312,85.5199966430664,55.5461311340332,13119200,0.0,0.0,0.0
2018-06-28,85.3499984741211,85.41000366210938,85.16000366210938,85.27999877929688,55.3902587890625,13829300,0.0,0.0,0.0
2018-06-29,85.38999938964844,85.5199966430664,85.05999755859375,85.08000183105469,55.26035690307617,17450500,0.0,0.0,0.0
2018-07-02,84.63999938964844,84.80000305175781,84.5999984741211,84.77999877929688,55.31319808959961,22438600,0.381,0.0,0.0
2018-07-03,84.83999633789062,84.95999908447266,84.73999786376953,84.79000091552734,55.31973648071289,10098600,0.0,0.0,0.0
2018-07-05,84.9000015258789,85.12999725341797,84.88999938964844,85.11000061035156,55.528533935546875,12729400,0.0,0.0,0.0
2018-07-06,85.12999725341797,85.33000183105469,85.12000274658203,85.33000183105469,55.67201614379883,9640300,0.0,0.0,0.0
2018-07-09,85.37000274658203,85.54000091552734,85.36000061035156,85.45999908447266,55.75687026977539,11517200,0.0,0.0,0.0
2018-07-10,85.5,85.58000183105469,85.45999908447266,85.47000122070312,55.76341247558594,7531700,0.0,0.0,0.0
2018-07-11,85.38999938964844,85.44999694824219,85.30000305175781,85.33999633789062,55.67856979370117,14111200,0.0,0.0,0.0
2018-07-12,85.4800033569336,85.6500015258789,85.44000244140625,85.61000061035156,55.854732513427734,10327300,0.0,0.0,0.0
2018-07-13,85.68000030517578,85.72000122070312,85.61000061035156,85.61000061035156,55.854732513427734,9860300,0.0,0.0,0.0
2018-07-16,85.62000274658203,85.62999725341797,85.51000213623047,85.55000305175781,55.815574645996094,7963100,0.0,0.0,0.0
2018-07-17,85.48999786376953,85.6500015258789,85.44999694824219,85.58000183105469,55.83515930175781,10721000,0.0,0.0,0.0
2018-07-18,85.61000061035156,85.68000030517578,85.52999877929688,85.62000274658203,55.86124038696289,12838600,0.0,0.0,0.0
2018-07-19,85.56999969482422,85.63999938964844,85.48999786376953,85.58000183105469,55.83515930175781,6907300,0.0,0.0,0.0
2018-07-20,85.62000274658203,85.69000244140625,85.58000183105469,85.62000274658203,55.86124038696289,9329000,0.0,0.0,0.0
2018-07-23,85.66999816894531,85.69000244140625,85.58999633789062,85.58999633789062,55.8416862487793,7459200,0.0,0.0,0.0
2018-07-24,85.5999984741211,85.83000183105469,85.5999984741211,85.7699966430664,55.959136962890625,11803700,0.0,0.0,0.0
2018-07-25,85.79000091552734,85.94999694824219,85.72000122070312,85.93000030517578,56.063507080078125,11342300,0.0,0.0,0.0
2018-07-26,85.94000244140625,86.01000213623047,85.9000015258789,85.94000244140625,56.070037841796875,9233600,0.0,0.0,0.0
2018-07-27,85.94999694824219,85.9800033569336,85.80999755859375,85.91000366210938,56.050437927246094,10811200,0.0,0.0,0.0
2018-07-30,85.94000244140625,86.01000213623047,85.8499984741211,85.94000244140625,56.070037841796875,8400500,0.0,0.0,0.0
2018-07-31,86.0999984741211,86.1500015258789,86.05000305175781,86.12000274658203,56.18745803833008,10709500,0.0,0.0,0.0
2018-08-01,85.76000213623047,85.87999725341797,85.66999816894531,85.83000183105469,56.23793411254883,23297900,0.367,0.0,0.0
2018-08-02,85.76000213623047,85.88999938964844,85.72000122070312,85.87999725341797,56.27065658569336,10989200,0.0,0.0,0.0
2018-08-03,85.86000061035156,85.98999786376953,85.8499984741211,85.94999694824219,56.3165168762207,6940500,0.0,0.0,0.0
2018-08-06,85.87000274658203,86.11000061035156,85.87000274658203,86.11000061035156,56.421356201171875,7521900,0.0,0.0,0.0
2018-08-07,85.87000274658203,86.2300033569336,85.87000274658203,86.1500015258789,56.447608947753906,8408200,0.0,0.0,0.0
2018-08-08,86.12999725341797,86.16999816894531,86.08000183105469,86.0999984741211,56.414817810058594,10103600,0.0,0.0,0.0
2018-08-09,86.11000061035156,86.13999938964844,86.0,86.04000091552734,56.3754768371582,6354700,0.0,0.0,0.0
2018-08-10,85.9000015258789,86.01000213623047,85.81999969482422,85.88999938964844,56.27724075317383,9473300,0.0,0.0,0.0
2018-08-13,85.95999908447266,85.95999908447266,85.7699966430664,85.83000183105469,56.23793411254883,10479000,0.0,0.0,0.0
2018-08-14,85.87999725341797,86.01000213623047,85.86000061035156,85.9800033569336,56.33623123168945,9767700,0.0,0.0,0.0
2018-08-15,85.87000274658203,85.9000015258789,85.7300033569336,85.83000183105469,56.23793411254883,14684800,0.0,0.0,0.0
2018-08-16,85.91000366210938,85.98999786376953,85.86000061035156,85.94000244140625,56.31002426147461,14931800,0.0,0.0,0.0
2018-08-17,85.9000015258789,86.06999969482422,85.9000015258789,86.04000091552734,56.3754768371582,15280900,0.0,0.0,0.0
2018-08-20,86.08999633789062,86.1500015258789,86.02999877929688,86.08000183105469,56.40171813964844,8174900,0.0,0.0,0.0
2018-08-21,86.11000061035156,86.29000091552734,86.08999633789062,86.20999908447266,56.486900329589844,9281400,0.0,0.0,0.0
2018-08-22,86.19999694824219,86.27999877929688,86.19999694824219,86.23999786376953,56.50655746459961,8297400,0.0,0.0,0.0
2018-08-23,86.23999786376953,86.31999969482422,86.19000244140625,86.2300033569336,56.50003433227539,7751800,0.0,0.0,0.0
2018-08-24,86.27999877929688,86.41000366210938,86.25,86.37999725341797,56.59827423095703,7458500,0.0,0.0,0.0
2018-08-27,86.4000015258789,86.45999908447266,86.37000274658203,86.41000366210938,56.61793899536133,5581700,0.0,0.0,0.0
2018-08-28,86.37000274658203,86.41000366210938,86.31999969482422,86.37000274658203,56.59174728393555,8175300,0.0,0.0,0.0
2018-08-29,86.33999633789062,86.38999938964844,86.27999877929688,86.31999969482422,56.55897521972656,7403700,0.0,0.0,0.0
2018-08-30,86.33000183105469,86.3499984741211,86.22000122070312,86.25,56.51310729980469,8481700,0.0,0.0,0.0
2018-08-31,86.29000091552734,86.41999816894531,86.27999877929688,86.36000061035156,56.58519744873047,9569300,0.0,0.0,0.0
2018-09-04,85.88999938964844,85.93000030517578,85.72000122070312,85.80999755859375,56.46739959716797,16029000,0.371,0.0,0.0
2018-09-05,85.80000305175781,85.83000183105469,85.69000244140625,85.72000122070312,56.408172607421875,13369200,0.0,0.0,0.0
2018-09-06,85.80000305175781,85.83000183105469,85.72000122070312,85.79000091552734,56.45423126220703,13137500,0.0,0.0,0.0
2018-09-07,85.62999725341797,85.7699966430664,85.62999725341797,85.69999694824219,56.39501953125,12374700,0.0,0.0,0.0
2018-09-10,85.80000305175781,85.88999938964844,85.7699966430664,85.87000274658203,56.50688171386719,6997900,0.0,0.0,0.0
2018-09-11,85.76000213623047,85.9800033569336,85.76000213623047,85.88999938964844,56.520057678222656,17897800,0.0,0.0,0.0
2018-09-12,85.91999816894531,86.1500015258789,85.91999816894531,86.08999633789062,56.65165710449219,14041900,0.0,0.0,0.0
2018-09-13,86.16999816894531,86.30999755859375,86.16999816894531,86.25,56.75691604614258,10375800,0.0,0.0,0.0
2018-09-14,86.23999786376953,86.38999938964844,86.2300033569336,86.33000183105469,56.80960464477539,12945000,0.0,0.0,0.0
2018-09-17,86.30999755859375,86.33000183105469,86.2300033569336,86.2699966430664,56.770103454589844,13279900,0.0,0.0,0.0
2018-09-18,86.29000091552734,86.36000061035156,86.23999786376953,86.26000213623047,56.76349639892578,19882300,0.0,0.0,0.0
2018-09-19,86.23999786376953,86.29000091552734,86.08000183105469,86.0999984741211,56.65822982788086,14471100,0.0,0.0,0.0
2018-09-20,86.12000274658203,86.22000122070312,85.93000030517578,86.22000122070312,56.73720169067383,15360100,0.0,0.0,0.0
2018-09-21,86.22000122070312,86.27999877929688,86.19999694824219,86.23999786376953,56.7503547668457,10966700,0.0,0.0,0.0
2018-09-24,86.19999694824219,86.25,86.08000183105469,86.19999694824219,56.724002838134766,10229400,0.0,0.0,0.0
2018-09-25,86.12999725341797,86.18000030517578,86.08999633789062,86.12999725341797,56.67798614501953,13240400,0.0,0.0,0.0
2018-09-26,86.19000244140625,86.33999633789062,86.16999816894531,86.22000122070312,56.73720169067383,19504800,0.0,0.0,0.0
2018-09-27,86.30999755859375,86.4000015258789,86.2699966430664,86.37999725341797,56.84245681762695,7996600,0.0,0.0,0.0
2018-09-28,86.3499984741211,86.47000122070312,86.27999877929688,86.44000244140625,56.88199234008789,17085200,0.0,0.0,0.0
2018-10-01,86.16000366210938,86.30000305175781,86.13999938964844,86.30000305175781,57.04659652709961,22566000,0.389,0.0,0.0
2018-10-02,86.26000213623047,86.30000305175781,86.18000030517578,86.2300033569336,57.00030517578125,13577600,0.0,0.0,0.0
2018-10-03,86.27999877929688,86.30999755859375,85.91000366210938,86.0,56.84825134277344,17930600,0.0,0.0,0.0
2018-10-04,85.81999969482422,85.9000015258789,85.58000183105469,85.68000030517578,56.636722564697266,24935100,0.0,0.0,0.0
2018-10-05,85.6500015258789,85.66999816894531,85.30000305175781,85.30000305175781,56.38553237915039,25063300,0.0,0.0,0.0
2018-10-08,85.3499984741211,85.36000061035156,85.08000183105469,85.11000061035156,56.259979248046875,12869500,0.0,0.0,0.0
2018-10-09,85.13999938964844,85.30999755859375,85.12000274658203,85.23999786376953,56.34588623046875,19488500,0.0,0.0,0.0
2018-10-10,85.11000061035156,85.11000061035156,84.61000061035156,84.62999725341797,55.942630767822266,25204700,0.0,0.0,0.0
2018-10-11,84.83000183105469,85.0,84.56999969482422,84.69999694824219,55.98893356323242,37665300,0.0,0.0,0.0
2018-10-12,85.11000061035156,85.20999908447266,84.94000244140625,85.1500015258789,56.28636932373047,31877600,0.0,0.0,0.0
2018-10-15,85.08000183105469,85.19000244140625,85.04000091552734,85.08999633789062,56.2467155456543,16658500,0.0,0.0,0.0
2018-10-16,85.25,85.4000015258789,85.23999786376953,85.37999725341797,56.43840408325195,18955700,0.0,0.0,0.0
2018-10-17,85.26000213623047,85.36000061035156,85.13999938964844,85.20999908447266,56.3260383605957,18739400,0.0,0.0,0.0
2018-10-18,85.1500015258789,85.19000244140625,84.8499984741211,84.8499984741211,56.088077545166016,28653800,0.0,0.0,0.0
2018-10-19,85.05000305175781,85.06999969482422,84.8499984741211,84.9000015258789,56.121116638183594,20606400,0.0,0.0,0.0
2018-10-22,85.0999984741211,85.1500015258789,84.87000274658203,84.94000244140625,56.14756393432617,15049900,0.0,0.0,0.0
2018-10-23,84.6500015258789,84.9000015258789,84.55000305175781,84.86000061035156,56.09469223022461,20873200,0.0,0.0,0.0
2018-10-24,84.87999725341797,84.91999816894531,84.41000366210938,84.44000244140625,55.81707000732422,23827800,0.0,0.0,0.0
2018-10-25,84.61000061035156,84.66999816894531,84.43000030517578,84.61000061035156,55.929439544677734,29513700,0.0,0.0,0.0
2018-10-26,84.30999755859375,84.52999877929688,84.16999816894531,84.2300033569336,55.6782341003418,27424100,0.0,0.0,0.0
2018-10-29,84.4000015258789,84.44000244140625,84.04000091552734,84.1500015258789,55.62535858154297,23379400,0.0,0.0,0.0
2018-10-30,84.16999816894531,84.3499984741211,83.98999786376953,84.3499984741211,55.75754928588867,24105300,0.0,0.0,0.0
2018-10-31,84.44999694824219,84.58999633789062,84.3499984741211,84.3499984741211,55.75754928588867,23047900,0.0,0.0,0.0
2018-11-01,84.08999633789062,84.41000366210938,84.0,84.31999969482422,56.01334762573242,33115700,0.415,0.0,0.0
2018-11-02,84.41999816894531,84.52999877929688,84.13999938964844,84.2699966430664,55.980106353759766,19675800,0.0,0.0,0.0
2018-11-05,84.2699966430664,84.44000244140625,84.2300033569336,84.33999633789062,56.02659606933594,12299600,0.0,0.0,0.0
2018-11-06,84.41000366210938,84.55999755859375,84.37999725341797,84.55999755859375,56.17277908325195,14675500,0.0,0.0,0.0
2018-11-07,84.63999938964844,85.06999969482422,84.63999938964844,85.05000305175781,56.49823760986328,26155500,0.0,0.0,0.0
2018-11-08,84.8499984741211,85.08000183105469,84.81999969482422,84.83999633789062,56.358734130859375,20677500,0.0,0.0,0.0
2018-11-09,84.66999816894531,84.68000030517578,84.27999877929688,84.36000061035156,56.03989028930664,20869300,0.0,0.0,0.0
2018-11-12,84.33000183105469,84.41000366210938,83.80999755859375,83.83999633789062,55.69444274902344,22319600,0.0,0.0,0.0
2018-11-13,83.86000061035156,84.0199966430664,83.62999725341797,83.69999694824219,55.60145568847656,22907600,0.0,0.0,0.0
2018-11-14,83.80999755859375,83.98999786376953,83.33999633789062,83.54000091552734,55.49517822265625,44747700,0.0,0.0,0.0
2018-11-15,83.19000244140625,83.5199966430664,82.98999786376953,83.5199966430664,55.481910705566406,32332600,0.0,0.0,0.0
2018-11-16,83.16000366210938,83.30000305175781,83.0,83.2699966430664,55.31580352783203,64912800,0.0,0.0,0.0
2018-11-19,83.05000305175781,83.23999786376953,82.9000015258789,83.01000213623047,55.1430778503418,36567300,0.0,0.0,0.0
2018-11-20,82.77999877929688,82.97000122070312,82.69999694824219,82.75,54.97037887573242,21901900,0.0,0.0,0.0
2018-11-21,83.16999816894531,83.33999633789062,83.06999969482422,83.16999816894531,55.24937438964844,16560400,0.0,0.0,0.0
2018-11-23,82.83000183105469,82.9000015258789,82.70999908447266,82.70999908447266,54.94379425048828,9708100,0.0,0.0,0.0
2018-11-26,83.02999877929688,83.13999938964844,82.91000366210938,83.0999984741211,55.20287322998047,19807100,0.0,0.0,0.0
2018-11-27,82.94000244140625,83.06999969482422,82.87000274658203,83.05999755859375,55.17631912231445,14370700,0.0,0.0,0.0
2018-11-28,83.11000061035156,83.7699966430664,83.05999755859375,83.75,55.634708404541016,23513100,0.0,0.0,0.0
2018-11-29,83.58999633789062,83.88999938964844,83.54000091552734,83.7699966430664,55.6479606628418,17927900,0.0,0.0,0.0
2018-11-30,83.55999755859375,83.73999786376953,83.55000305175781,83.5999984741211,55.5350341796875,15081000,0.0,0.0,0.0
2018-12-03,83.6500015258789,83.83000183105469,83.5,83.80000305175781,55.919403076171875,27052900,0.376,0.0,0.0
2018-12-04,83.62999725341797,83.70999908447266,83.19999694824219,83.27999877929688,55.57240676879883,32066500,0.0,0.0,0.0
2018-12-06,82.8499984741211,83.08999633789062,82.72000122070312,82.98999786376953,55.37887191772461,27661900,0.0,0.0,0.0
2018-12-07,83.26000213623047,83.38999938964844,82.83000183105469,82.83000183105469,55.2720947265625,28901200,0.0,0.0,0.0
2018-12-10,82.81999969482422,82.95999908447266,82.55999755859375,82.88999938964844,55.31214141845703,23434700,0.0,0.0,0.0
2018-12-11,83.18000030517578,83.26000213623047,82.97000122070312,83.04000091552734,55.412261962890625,19243900,0.0,0.0,0.0
2018-12-12,83.31999969482422,83.58999633789062,83.29000091552734,83.30999755859375,55.5924186706543,17571500,0.0,0.0,0.0
2018-12-13,83.5,83.5999984741211,83.43000030517578,83.51000213623047,55.72587585449219,15859200,0.0,0.0,0.0
2018-12-14,83.37000274658203,83.4800033569336,83.0999984741211,83.16000366210938,55.492340087890625,16397600,0.0,0.0,0.0
2018-12-17,83.08999633789062,83.16000366210938,82.55000305175781,82.62000274658203,55.1319694519043,24124900,0.0,0.0,0.0
2018-12-18,82.36000061035156,82.43000030517578,81.9000015258789,82.08000183105469,55.032073974609375,25284300,0.391,0.0,0.0
2018-12-19,82.12000274658203,82.26000213623047,81.23999786376953,81.33999633789062,54.535953521728516,32062700,0.0,0.0,0.0
2018-12-20,81.06999969482422,81.19000244140625,80.01000213623047,80.62999725341797,54.059898376464844,68796100,0.0,0.0,0.0
2018-12-21,80.58999633789062,80.93000030517578,80.0999984741211,80.2300033569336,53.79172134399414,56295000,0.0,0.0,0.0
2018-12-24,80.2300033569336,80.3499984741211,79.62999725341797,79.62999725341797,53.389442443847656,18853600,0.0,0.0,0.0
2018-12-26,79.7300033569336,80.97000122070312,79.55000305175781,80.97000122070312,54.2878532409668,25010300,0.0,0.0,0.0
2018-12-27,80.48999786376953,80.97000122070312,80.37999725341797,80.91999816894531,54.25432205200195,31806100,0.0,0.0,0.0
2018-12-28,80.98999786376953,81.31999969482422,80.8499984741211,81.04000091552734,54.334781646728516,30106400,0.0,0.0,0.0
2018-12-31,81.19000244140625,81.33000183105469,81.08999633789062,81.0999984741211,54.375038146972656,14153600,0.0,0.0,0.0
2019-01-02,80.72000122070312,81.11000061035156,80.6500015258789,80.98999786376953,54.30127716064453,26977400,0.0,0.0,0.0
2019-01-03,80.91000366210938,81.16000366210938,80.77999877929688,81.02999877929688,54.32807540893555,32776600,0.0,0.0,0.0
2019-01-04,81.66999816894531,82.5,81.56999969482422,82.38999938964844,55.23992919921875,38754000,0.0,0.0,0.0
2019-01-07,82.58000183105469,83.19000244140625,82.56999969482422,83.19000244140625,55.77629852294922,38127600,0.0,0.0,0.0
2019-01-08,83.38999938964844,83.73999786376953,83.26000213623047,83.7300033569336,56.138362884521484,30795000,0.0,0.0,0.0
2019-01-09,83.8499984741211,84.01000213623047,83.79000091552734,83.83000183105469,56.205413818359375,40909400,0.0,0.0,0.0
2019-01-10,83.66000366210938,84.20999908447266,83.55000305175781,84.16000366210938,56.42666244506836,50520000,0.0,0.0,0.0
2019-01-11,83.81999969482422,83.9800033569336,83.77999877929688,83.88999938964844,56.24561309814453,19793300,0.0,0.0,0.0
2019-01-14,83.66999816894531,83.7699966430664,83.55000305175781,83.62000274658203,56.06462097167969,20137700,0.0,0.0,0.0
2019-01-15,83.62000274658203,83.94000244140625,83.55000305175781,83.9000015258789,56.2523193359375,24799000,0.0,0.0,0.0
2019-01-16,84.01000213623047,84.13999938964844,83.95999908447266,84.02999877929688,56.339473724365234,26508100,0.0,0.0,0.0
2019-01-17,83.94000244140625,84.29000091552734,83.88999938964844,84.26000213623047,56.49367141723633,24574400,0.0,0.0,0.0
2019-01-18,84.41999816894531,84.66999816894531,84.38999938964844,84.5,56.65462112426758,36236400,0.0,0.0,0.0
2019-01-22,84.33000183105469,84.33999633789062,83.83000183105469,83.94000244140625,56.27914810180664,25504200,0.0,0.0,0.0
2019-01-23,84.05999755859375,84.2300033569336,83.87000274658203,84.11000061035156,56.39313507080078,18529400,0.0,0.0,0.0
2019-01-24,84.08000183105469,84.22000122070312,83.94000244140625,84.19999694824219,56.45348358154297,17875500,0.0,0.0,0.0
2019-01-25,84.36000061035156,84.48999786376953,84.33999633789062,84.41000366210938,56.594261169433594,16775200,0.0,0.0,0.0
2019-01-28,84.19000244140625,84.33000183105469,84.06999969482422,84.27999877929688,56.50711441040039,14694100,0.0,0.0,0.0
2019-01-29,84.3499984741211,84.3499984741211,84.02999877929688,84.2300033569336,56.47358322143555,18717000,0.0,0.0,0.0
2019-01-30,84.33999633789062,85.02999877929688,84.33000183105469,84.9000015258789,56.92280578613281,25993500,0.0,0.0,0.0
2019-01-31,84.87999725341797,85.23999786376953,84.87999725341797,85.11000061035156,57.06359100341797,27070400,0.0,0.0,0.0
2019-02-01,84.66000366210938,84.76000213623047,84.54000091552734,84.68000030517578,57.036006927490234,24749900,0.389,0.0,0.0
2019-02-04,84.69000244140625,84.93000030517578,84.61000061035156,84.87999725341797,57.170684814453125,15968400,0.0,0.0,0.0
2019-02-05,84.94000244140625,85.2699966430664,84.93000030517578,85.18000030517578,57.37278366088867,33188300,0.0,0.0,0.0
2019-02-06,85.11000061035156,85.20999908447266,85.0199966430664,85.0999984741211,57.318885803222656,25936800,0.0,0.0,0.0
2019-02-07,84.83000183105469,84.9000015258789,84.66000366210938,84.80999755859375,57.123538970947266,27119400,0.0,0.0,0.0
2019-02-08,84.70999908447266,84.80999755859375,84.58000183105469,84.79000091552734,57.11005783081055,16728100,0.0,0.0,0.0
2019-02-11,84.7699966430664,84.87000274658203,84.69999694824219,84.83000183105469,57.137020111083984,10051800,0.0,0.0,0.0
2019-02-12,85.08000183105469,85.2699966430664,85.06999969482422,85.23999786376953,57.41316223144531,20174000,0.0,0.0,0.0
2019-02-13,85.29000091552734,85.30999755859375,85.05000305175781,85.12000274658203,57.332359313964844,25088400,0.0,0.0,0.0
2019-02-14,84.9800033569336,85.22000122070312,84.86000061035156,85.12999725341797,57.339111328125,19406700,0.0,0.0,0.0
2019-02-15,85.27999877929688,85.45999908447266,85.27999877929688,85.4000015258789,57.520912170410156,24052000,0.0,0.0,0.0
2019-02-19,85.30000305175781,85.4800033569336,85.26000213623047,85.43000030517578,57.54115295410156,11317700,0.0,0.0,0.0
2019-02-20,85.45999908447266,85.55000305175781,85.33000183105469,85.5,57.58827590942383,9925700,0.0,0.0,0.0
2019-02-21,85.44999694824219,85.52999877929688,85.3499984741211,85.41999816894531,57.53440475463867,15479800,0.0,0.0,0.0
2019-02-22,85.5199966430664,85.66999816894531,85.48999786376953,85.58999633789062,57.64892578125,12330300,0.0,0.0,0.0
2019-02-25,85.70999908447266,85.83000183105469,85.62000274658203,85.66000366210938,57.69605255126953,13698200,0.0,0.0,0.0
2019-02-26,85.72000122070312,85.87000274658203,85.66999816894531,85.7699966430664,57.77018356323242,16049300,0.0,0.0,0.0
2019-02-27,85.80000305175781,85.86000061035156,85.7300033569336,85.80000305175781,57.79037094116211,14818900,0.0,0.0,0.0
2019-02-28,85.77999877929688,85.83000183105469,85.69999694824219,85.75,57.75666427612305,21340600,0.0,0.0,0.0
2019-03-01,85.55000305175781,85.66000366210938,85.5,85.61000061035156,57.92040252685547,26455300,0.382,0.0,0.0
2019-03-04,85.70999908447266,85.75,85.33999633789062,85.4800033569336,57.832454681396484,16034400,0.0,0.0,0.0
2019-03-05,85.4800033569336,85.48999786376953,85.36000061035156,85.44000244140625,57.80537796020508,14510100,0.0,0.0,0.0
2019-03-06,85.4000015258789,85.41999816894531,85.26000213623047,85.30000305175781,57.710693359375,16806400,0.0,0.0,0.0
2019-03-07,85.33000183105469,85.33999633789062,85.08000183105469,85.23999786376953,57.67005157470703,28101100,0.0,0.0,0.0
2019-03-08,84.9800033569336,85.12000274658203,84.80999755859375,85.0999984741211,57.57535934448242,21043400,0.0,0.0,0.0
2019-03-11,85.06999969482422,85.38999938964844,85.05000305175781,85.37999725341797,57.76479721069336,17922400,0.0,0.0,0.0
2019-03-12,85.30999755859375,85.58000183105469,85.29000091552734,85.52999877929688,57.86623764038086,20180500,0.0,0.0,0.0
2019-03-13,85.58000183105469,85.7699966430664,85.55999755859375,85.76000213623047,58.02187728881836,24524800,0.0,0.0,0.0
2019-03-14,85.72000122070312,85.83000183105469,85.68000030517578,85.69999694824219,57.98128890991211,12342500,0.0,0.0,0.0
2019-03-15,85.76000213623047,85.87999725341797,85.75,85.77999877929688,58.03541946411133,21775300,0.0,0.0,0.0
2019-03-18,85.79000091552734,85.83000183105469,85.66999816894531,85.75,58.015113830566406,10498900,0.0,0.0,0.0
2019-03-19,85.80999755859375,85.95999908447266,85.75,85.80000305175781,58.04896545410156,14067200,0.0,0.0,0.0
2019-03-20,85.80999755859375,86.30000305175781,85.6500015258789,86.16999816894531,58.29927444458008,31184400,0.0,0.0,0.0
2019-03-21,86.05999755859375,86.26000213623047,86.04000091552734,86.1500015258789,58.285762786865234,16400700,0.0,0.0,0.0
2019-03-22,86.0199966430664,86.05000305175781,85.75,85.83999633789062,58.07600021362305,27030400,0.0,0.0,0.0
2019-03-25,85.77999877929688,85.91000366210938,85.6500015258789,85.80999755859375,58.05572509765625,23592100,0.0,0.0,0.0
2019-03-26,85.94999694824219,86.1500015258789,85.88999938964844,86.0199966430664,58.19778060913086,18762700,0.0,0.0,0.0
2019-03-27,86.06999969482422,86.23999786376953,85.87999725341797,86.08000183105469,58.2383918762207,16706700,0.0,0.0,0.0
2019-03-28,86.08999633789062,86.25,86.04000091552734,86.25,58.353397369384766,19706700,0.0,0.0,0.0
2019-03-29,86.31999969482422,86.52999877929688,86.30000305175781,86.47000122070312,58.50224304199219,22358900,0.0,0.0,0.0
2019-04-01,86.20999908447266,86.27999877929688,86.05000305175781,86.06999969482422,58.48798370361328,21353900,0.379,0.0,0.0
2019-04-02,86.08999633789062,86.13999938964844,85.94000244140625,86.11000061035156,58.51515579223633,15129300,0.0,0.0,0.0
2019-04-03,86.19999694824219,86.30999755859375,86.0999984741211,86.13999938964844,58.535552978515625,13746500,0.0,0.0,0.0
2019-04-04,86.1500015258789,86.27999877929688,86.12999725341797,86.2699966430664,58.623897552490234,14435700,0.0,0.0,0.0
2019-04-05,86.36000061035156,86.5,86.33999633789062,86.43000030517578,58.732627868652344,14227000,0.0,0.0,0.0
2019-04-08,86.38999938964844,86.41000366210938,86.30999755859375,86.37999725341797,58.6986083984375,11472100,0.0,0.0,0.0
2019-04-09,86.33000183105469,86.41999816894531,86.2699966430664,86.31999969482422,58.65786361694336,19118700,0.0,0.0,0.0
2019-04-10,86.43000030517578,86.69999694824219,86.43000030517578,86.69999694824219,58.91606521606445,16767000,0.0,0.0,0.0
2019-04-11,86.69000244140625,86.86000061035156,86.6500015258789,86.83000183105469,59.00442123413086,20976100,0.0,0.0,0.0
2019-04-12,86.93000030517578,87.01000213623047,86.79000091552734,86.95999908447266,59.0927848815918,17442800,0.0,0.0,0.0
2019-04-15,86.94999694824219,86.94999694824219,86.83000183105469,86.9000015258789,59.0520133972168,13940000,0.0,0.0,0.0
2019-04-16,86.95999908447266,86.97000122070312,86.81999969482422,86.8499984741211,59.01801681518555,11543800,0.0,0.0,0.0
2019-04-17,86.94000244140625,86.94000244140625,86.62999725341797,86.63999938964844,58.87532043457031,11818600,0.0,0.0,0.0
2019-04-18,86.79000091552734,86.79000091552734,86.58000183105469,86.68000030517578,58.9024772644043,15295500,0.0,0.0,0.0
2019-04-22,86.62000274658203,86.66000366210938,86.5199966430664,86.52999877929688,58.80055618286133,24591400,0.0,0.0,0.0
2019-04-23,86.63999938964844,86.87999725341797,86.58999633789062,86.83000183105469,59.00442123413086,15094100,0.0,0.0,0.0
2019-04-24,86.8499984741211,86.8499984741211,86.69999694824219,86.70999908447266,58.922882080078125,11938800,0.0,0.0,0.0
2019-04-25,86.69999694824219,86.80999755859375,86.56999969482422,86.75,58.9500617980957,14369000,0.0,0.0,0.0
2019-04-26,86.8499984741211,86.9800033569336,86.8499984741211,86.97000122070312,59.099552154541016,11937200,0.0,0.0,0.0
2019-04-29,86.94999694824219,87.0,86.93000030517578,86.93000030517578,59.07237243652344,7601200,0.0,0.0,0.0
2019-04-30,86.97000122070312,87.04000091552734,86.91999816894531,86.94000244140625,59.079166412353516,11168100,0.0,0.0,0.0
2019-05-01,86.58999633789062,86.87000274658203,86.27999877929688,86.29000091552734,58.88536834716797,24574300,0.366,0.0,0.0
2019-05-02,86.36000061035156,86.4800033569336,86.18000030517578,86.3499984741211,58.92631912231445,24936600,0.0,0.0,0.0
2019-05-03,86.5199966430664,86.5999984741211,86.47000122070312,86.56999969482422,59.076419830322266,18522700,0.0,0.0,0.0
2019-05-06,86.18000030517578,86.62000274658203,86.0,86.61000061035156,59.103736877441406,18893700,0.0,0.0,0.0
2019-05-07,86.4000015258789,86.44999694824219,85.94999694824219,86.08999633789062,58.748870849609375,30266300,0.0,0.0,0.0
2019-05-08,86.0999984741211,86.30000305175781,86.02999877929688,86.12000274658203,58.76936721801758,27527500,0.0,0.0,0.0
2019-05-09,85.98999786376953,86.05999755859375,85.68000030517578,85.98999786376953,58.68064880371094,30890400,0.0,0.0,0.0
2019-05-10,85.95999908447266,86.30999755859375,85.75,86.2300033569336,58.84441375732422,33782400,0.0,0.0,0.0
2019-05-13,85.68000030517578,85.7699966430664,85.41999816894531,85.44000244140625,58.305328369140625,34801600,0.0,0.0,0.0
2019-05-14,85.61000061035156,85.83000183105469,85.52999877929688,85.62999725341797,58.43498229980469,18128500,0.0,0.0,0.0
2019-05-15,85.48999786376953,85.76000213623047,85.44000244140625,85.70999908447266,58.489540100097656,19543700,0.0,0.0,0.0
2019-05-16,85.83000183105469,86.11000061035156,85.80000305175781,85.97000122070312,58.6669921875,29384100,0.0,0.0,0.0
2019-05-17,85.79000091552734,86.0999984741211,85.79000091552734,85.94000244140625,58.64651107788086,27089400,0.0,0.0,0.0
2019-05-20,85.91999816894531,86.08000183105469,85.77999877929688,85.86000061035156,58.59192657470703,15780000,0.0,0.0,0.0
2019-05-21,85.98999786376953,86.1500015258789,85.98999786376953,86.12999725341797,58.776180267333984,15004300,0.0,0.0,0.0
2019-05-22,86.08000183105469,86.19999694824219,85.97000122070312,86.19999694824219,58.82394027709961,14976200,0.0,0.0,0.0
2019-05-23,85.95999908447266,85.98999786376953,85.66999816894531,85.7699966430664,58.530548095703125,18333400,0.0,0.0,0.0
2019-05-24,85.87000274658203,85.97000122070312,85.63999938964844,85.6500015258789,58.44862747192383,17611600,0.0,0.0,0.0
2019-05-28,85.75,85.81999969482422,85.48999786376953,85.56999969482422,58.39400863647461,20544600,0.0,0.0,0.0
2019-05-29,85.45999908447266,85.5199966430664,85.25,85.33999633789062,58.2370719909668,25441900,0.0,0.0,0.0
2019-05-30,85.48999786376953,85.6500015258789,85.44000244140625,85.5199966430664,58.3598747253418,20311900,0.0,0.0,0.0
2019-05-31,85.23999786376953,85.33999633789062,84.87999725341797,84.9000015258789,57.93682098388672,34947400,0.0,0.0,0.0
2019-06-03,84.6500015258789,84.77999877929688,84.47000122070312,84.6500015258789,58.03005599975586,58940600,0.386,0.0,0.0
2019-06-04,84.91000366210938,85.51000213623047,84.91000366210938,85.5,58.61274337768555,34113300,0.0,0.0,0.0
2019-06-05,85.58000183105469,85.72000122070312,85.43000030517578,85.69999694824219,58.749839782714844,28368700,0.0,0.0,0.0
2019-06-06,85.68000030517578,85.95999908447266,85.56999969482422,85.87999725341797,58.87324523925781,23538600,0.0,0.0,0.0
2019-06-07,86.0,86.20999908447266,85.16000366210938,86.0999984741211,59.0240592956543,29934000,0.0,0.0,0.0
2019-06-10,86.26000213623047,86.33999633789062,86.18000030517578,86.2300033569336,59.11317825317383,17482200,0.0,0.0,0.0
2019-06-11,86.51000213623047,86.66000366210938,86.22000122070312,86.3499984741211,59.195457458496094,34293700,0.0,0.0,0.0
2019-06-12,86.33000183105469,86.3499984741211,86.12999725341797,86.1500015258789,59.05836868286133,18195500,0.0,0.0,0.0
2019-06-13,86.30000305175781,86.41000366210938,86.25,86.3499984741211,59.195457458496094,19438500,0.0,0.0,0.0
2019-06-14,86.31999969482422,86.36000061035156,86.22000122070312,86.29000091552734,59.154319763183594,8842000,0.0,0.0,0.0
2019-06-17,86.23999786376953,86.29000091552734,86.12000274658203,86.16000366210938,59.06520080566406,10554000,0.0,0.0,0.0
2019-06-18,86.56999969482422,86.7699966430664,86.54000091552734,86.76000213623047,59.47652816772461,22540400,0.0,0.0,0.0
2019-06-19,86.69999694824219,87.19000244140625,86.55000305175781,87.16999816894531,59.75759506225586,28212600,0.0,0.0,0.0
2019-06-20,87.43000030517578,87.6500015258789,87.29000091552734,87.61000061035156,60.05922317504883,48362000,0.0,0.0,0.0
2019-06-21,87.37999725341797,87.44999694824219,87.33000183105469,87.33000183105469,59.86727523803711,22467800,0.0,0.0,0.0
2019-06-24,87.33000183105469,87.37000274658203,87.27999877929688,87.31999969482422,59.86042785644531,13764100,0.0,0.0,0.0
2019-06-25,87.30999755859375,87.30999755859375,86.88999938964844,86.94999694824219,59.60676193237305,26173600,0.0,0.0,0.0
2019-06-26,87.12000274658203,87.16000366210938,86.87999725341797,86.91000366210938,59.57936096191406,19554600,0.0,0.0,0.0
2019-06-27,87.05999755859375,87.19999694824219,87.0199966430664,87.1500015258789,59.74388885498047,12995100,0.0,0.0,0.0
2019-06-28,87.19999694824219,87.25,87.1500015258789,87.18000030517578,59.76445007324219,14690800,0.0,0.0,0.0
2019-07-01,87.12999725341797,87.26000213623047,86.80000305175781,86.81999969482422,59.782325744628906,26036100,0.386,0.0,0.0
2019-07-02,86.87999725341797,87.05999755859375,86.83999633789062,87.01000213623047,59.91315460205078,20683200,0.0,0.0,0.0
2019-07-03,87.05000305175781,87.38999938964844,87.02999877929688,87.33999633789062,60.140411376953125,16237900,0.0,0.0,0.0
2019-07-05,87.08000183105469,87.08999633789062,86.8499984741211,86.98999786376953,59.89939880371094,17591400,0.0,0.0,0.0
2019-07-08,86.94999694824219,86.94999694824219,86.80999755859375,86.81999969482422,59.782325744628906,16679400,0.0,0.0,0.0
2019-07-09,86.76000213623047,86.80000305175781,86.69999694824219,86.72000122070312,59.71348571777344,19189100,0.0,0.0,0.0
2019-07-10,86.93000030517578,87.08000183105469,86.88999938964844,86.95999908447266,59.878753662109375,24497000,0.0,0.0,0.0
2019-07-11,87.01000213623047,87.01000213623047,86.66999816894531,86.79000091552734,59.76169204711914,19191200,0.0,0.0,0.0
2019-07-12,86.79000091552734,86.94000244140625,86.72000122070312,86.93000030517578,59.85810089111328,21291200,0.0,0.0,0.0
2019-07-15,86.91000366210938,87.06999969482422,86.86000061035156,86.98999786376953,59.89939880371094,10735200,0.0,0.0,0.0
2019-07-16,86.9800033569336,86.9800033569336,86.7300033569336,86.80999755859375,59.77544403076172,20147200,0.0,0.0,0.0
2019-07-17,86.87999725341797,86.87999725341797,86.69000244140625,86.69999694824219,59.699703216552734,9361300,0.0,0.0,0.0
2019-07-18,86.70999908447266,86.76000213623047,86.51000213623047,86.73999786376953,59.72725296020508,17236600,0.0,0.0,0.0
2019-07-19,86.73999786376953,86.77999877929688,86.55999755859375,86.58999633789062,59.623985290527344,14771000,0.0,0.0,0.0
2019-07-22,86.69000244140625,86.87999725341797,86.6500015258789,86.87999725341797,59.82365036010742,12852800,0.0,0.0,0.0
2019-07-23,86.94999694824219,87.05999755859375,86.8499984741211,87.02999877929688,59.926937103271484,14051800,0.0,0.0,0.0
2019-07-24,87.01000213623047,87.11000061035156,86.98999786376953,87.0999984741211,59.97514343261719,12713700,0.0,0.0,0.0
2019-07-25,87.1500015258789,87.1500015258789,86.91000366210938,86.9800033569336,59.892520904541016,14272500,0.0,0.0,0.0
2019-07-26,87.12000274658203,87.19000244140625,87.08000183105469,87.16999816894531,60.023353576660156,8512700,0.0,0.0,0.0
2019-07-29,87.1500015258789,87.16000366210938,86.95999908447266,87.04000091552734,59.93383026123047,14731800,0.0,0.0,0.0
2019-07-30,86.9000015258789,87.08999633789062,86.83999633789062,87.08000183105469,59.961387634277344,13794100,0.0,0.0,0.0
2019-07-31,87.1500015258789,87.26000213623047,86.58000183105469,86.93000030517578,59.85810089111328,23449700,0.0,0.0,0.0
2019-08-01,86.55000305175781,86.98999786376953,86.48999786376953,86.5199966430664,59.8283576965332,28839000,0.367,0.0,0.0
2019-08-02,86.48999786376953,86.48999786376953,86.18000030517578,86.38999938964844,59.73844528198242,23559600,0.0,0.0,0.0
2019-08-05,85.87000274658203,85.87000274658203,85.3499984741211,85.48999786376953,59.11609649658203,47727900,0.0,0.0,0.0
2019-08-06,85.87000274658203,86.12000274658203,85.66999816894531,86.04000091552734,59.49641799926758,28695000,0.0,0.0,0.0
2019-08-07,85.69000244140625,86.12999725341797,85.44999694824219,86.02999877929688,59.489501953125,38028500,0.0,0.0,0.0
2019-08-08,86.05000305175781,86.41999816894531,86.05000305175781,86.37000274658203,59.72465133666992,27074700,0.0,0.0,0.0
2019-08-09,86.22000122070312,86.3499984741211,86.08000183105469,86.25,59.641632080078125,19090800,0.0,0.0,0.0
2019-08-12,86.01000213623047,86.13999938964844,85.87999725341797,85.94999694824219,59.434200286865234,17466700,0.0,0.0,0.0
2019-08-13,85.94000244140625,86.41000366210938,85.87999725341797,86.33000183105469,59.69696807861328,30078600,0.0,0.0,0.0
2019-08-14,85.94000244140625,85.97000122070312,85.5,85.55999755859375,59.164512634277344,29745300,0.0,0.0,0.0
2019-08-15,85.70999908447266,85.9000015258789,85.6500015258789,85.80999755859375,59.337371826171875,27296500,0.0,0.0,0.0
2019-08-16,85.94000244140625,86.12999725341797,85.94000244140625,86.0999984741211,59.53790283203125,15780200,0.0,0.0,0.0
2019-08-19,86.26000213623047,86.36000061035156,86.22000122070312,86.3499984741211,59.710792541503906,13603000,0.0,0.0,0.0
2019-08-20,86.38999938964844,86.47000122070312,86.25,86.41999816894531,59.75921630859375,16126800,0.0,0.0,0.0
2019-08-21,86.63999938964844,86.8499984741211,86.58000183105469,86.79000091552734,60.01504135131836,18334300,0.0,0.0,0.0
2019-08-22,86.94000244140625,87.02999877929688,86.75,86.94999694824219,60.12568664550781,20677200,0.0,0.0,0.0
2019-08-23,86.79000091552734,87.13999938964844,86.4800033569336,86.55000305175781,59.84907913208008,30340300,0.0,0.0,0.0
2019-08-26,86.81999969482422,86.9800033569336,86.73999786376953,86.9800033569336,60.146453857421875,14187800,0.0,0.0,0.0
2019-08-27,87.1500015258789,87.18000030517578,86.79000091552734,86.94000244140625,60.118770599365234,14722700,0.0,0.0,0.0
2019-08-28,86.91999816894531,87.19000244140625,86.88999938964844,87.1500015258789,60.26400375366211,13576000,0.0,0.0,0.0
2019-08-29,87.33999633789062,87.41000366210938,87.19000244140625,87.23999786376953,60.326229095458984,16271400,0.0,0.0,0.0
2019-08-30,87.37999725341797,87.38999938964844,86.97000122070312,87.16000366210938,60.27091979980469,14413600,0.0,0.0,0.0
2019-09-03,86.72000122070312,86.72000122070312,86.38999938964844,86.54000091552734,60.097957611083984,20561500,0.371,0.0,0.0
2019-09-04,86.69000244140625,86.75,86.58999633789062,86.72000122070312,60.22299575805664,13526700,0.0,0.0,0.0
2019-09-05,86.80000305175781,87.12999725341797,86.77999877929688,87.05999755859375,60.45911407470703,23399100,0.0,0.0,0.0
2019-09-06,87.18000030517578,87.30000305175781,87.04000091552734,87.13999938964844,60.514678955078125,25162700,0.0,0.0,0.0
2019-09-09,87.19000244140625,87.26000213623047,87.0199966430664,87.2300033569336,60.57716751098633,17484200,0.0,0.0,0.0
2019-09-10,87.23999786376953,87.30999755859375,87.0999984741211,87.27999877929688,60.611900329589844,14055800,0.0,0.0,0.0
2019-09-11,87.2300033569336,87.30000305175781,87.16999816894531,87.2699966430664,60.604923248291016,13999200,0.0,0.0,0.0
2019-09-12,87.33999633789062,87.43000030517578,87.25,87.31999969482422,60.63966751098633,23246400,0.0,0.0,0.0
2019-09-13,87.16999816894531,87.30999755859375,87.11000061035156,87.16000366210938,60.528560638427734,34407300,0.0,0.0,0.0
2019-09-16,87.30000305175781,87.4800033569336,87.18000030517578,87.47000122070312,60.743812561035156,23020800,0.0,0.0,0.0
2019-09-17,87.5,87.52999877929688,87.33999633789062,87.5199966430664,60.778541564941406,14626400,0.0,0.0,0.0
2019-09-18,87.45999908447266,87.54000091552734,87.19000244140625,87.47000122070312,60.743812561035156,15913800,0.0,0.0,0.0
2019-09-19,87.41999816894531,87.54000091552734,87.33000183105469,87.37000274658203,60.67436981201172,13327000,0.0,0.0,0.0
2019-09-20,87.4000015258789,87.51000213623047,87.33999633789062,87.4800033569336,60.750789642333984,23298400,0.0,0.0,0.0
2019-09-23,87.41000366210938,87.51000213623047,87.38999938964844,87.44000244140625,60.72304153442383,15456800,0.0,0.0,0.0
2019-09-24,87.5199966430664,87.52999877929688,87.20999908447266,87.31999969482422,60.63966751098633,21934200,0.0,0.0,0.0
2019-09-25,87.25,87.29000091552734,87.02999877929688,87.2300033569336,60.57716751098633,15142100,0.0,0.0,0.0
2019-09-26,87.2300033569336,87.26000213623047,87.04000091552734,87.16999816894531,60.53546905517578,13873100,0.0,0.0,0.0
2019-09-27,87.16000366210938,87.2300033569336,87.0,87.06999969482422,60.4660530090332,13419200,0.0,0.0,0.0
2019-09-30,87.05999755859375,87.16999816894531,87.0199966430664,87.16999816894531,60.53546905517578,21827700,0.0,0.0,0.0
2019-10-01,86.83999633789062,86.86000061035156,86.55000305175781,86.62000274658203,60.39602279663086,27665700,0.35,0.0,0.0
2019-10-02,86.56999969482422,86.58000183105469,86.04000091552734,86.11000061035156,60.040443420410156,33789500,0.0,0.0,0.0
2019-10-03,86.12000274658203,86.23999786376953,85.75,86.16000366210938,60.07529830932617,30387800,0.0,0.0,0.0
2019-10-04,86.2699966430664,86.44000244140625,86.19999694824219,86.43000030517578,60.263587951660156,17588600,0.0,0.0,0.0
2019-10-07,86.37000274658203,86.48999786376953,86.25,86.36000061035156,60.21475601196289,14542500,0.0,0.0,0.0
2019-10-08,86.2699966430664,86.31999969482422,86.04000091552734,86.04000091552734,59.99164581298828,15471500,0.0,0.0,0.0
2019-10-09,86.2699966430664,86.37999725341797,86.25,86.30000305175781,60.172916412353516,11351300,0.0,0.0,0.0
2019-10-10,86.31999969482422,86.4800033569336,86.30000305175781,86.41000366210938,60.249637603759766,11092800,0.0,0.0,0.0
2019-10-11,86.63999938964844,86.83000183105469,86.56999969482422,86.7699966430664,60.50062942504883,18661400,0.0,0.0,0.0
2019-10-14,86.7699966430664,86.87000274658203,86.69000244140625,86.83000183105469,60.542442321777344,9842600,0.0,0.0,0.0
2019-10-15,86.83999633789062,87.06999969482422,86.80000305175781,87.0199966430664,60.674957275390625,26321500,0.0,0.0,0.0
2019-10-16,86.98999786376953,87.01000213623047,86.94000244140625,86.94999694824219,60.626155853271484,11813000,0.0,0.0,0.0
2019-10-17,87.01000213623047,87.0999984741211,87.0,87.06999969482422,60.709808349609375,14814300,0.0,0.0,0.0
2019-10-18,87.06999969482422,87.12999725341797,86.95999908447266,87.08999633789062,60.72374725341797,21363700,0.0,0.0,0.0
2019-10-21,87.16000366210938,87.16999816894531,87.11000061035156,87.12000274658203,60.74468231201172,10090400,0.0,0.0,0.0
2019-10-22,87.18000030517578,87.18000030517578,87.08000183105469,87.13999938964844,60.75863265991211,15464300,0.0,0.0,0.0
2019-10-23,87.1500015258789,87.2300033569336,87.08999633789062,87.22000122070312,60.81439208984375,9097500,0.0,0.0,0.0
2019-10-24,87.26000213623047,87.31999969482422,87.16999816894531,87.31999969482422,60.88412094116211,14832800,0.0,0.0,0.0
2019-10-25,87.30000305175781,87.41999816894531,87.30000305175781,87.38999938964844,60.93295669555664,11593600,0.0,0.0,0.0
2019-10-28,87.4000015258789,87.44000244140625,87.36000061035156,87.37999725341797,60.92597961425781,10646500,0.0,0.0,0.0
2019-10-29,87.37000274658203,87.4000015258789,87.19999694824219,87.22000122070312,60.81439208984375,10655700,0.0,0.0,0.0
2019-10-30,87.2699966430664,87.27999877929688,87.0,87.11000061035156,60.73767852783203,24566400,0.0,0.0,0.0
2019-10-31,87.08999633789062,87.0999984741211,86.79000091552734,86.80999755859375,60.52851104736328,24576400,0.0,0.0,0.0
2019-11-01,86.58999633789062,86.91000366210938,86.58000183105469,86.81999969482422,60.78828048706055,23894100,0.361,0.0,0.0
2019-11-04,86.9800033569336,87.05000305175781,86.94000244140625,87.0,60.91432189941406,14135800,0.0,0.0,0.0
2019-11-05,87.06999969482422,87.08000183105469,86.81999969482422,86.91000366210938,60.851295471191406,21946800,0.0,0.0,0.0
2019-11-06,86.91000366210938,86.91000366210938,86.77999877929688,86.80999755859375,60.781272888183594,8976900,0.0,0.0,0.0
2019-11-07,86.94000244140625,86.9800033569336,86.75,86.7699966430664,60.753292083740234,15077600,0.0,0.0,0.0
2019-11-08,86.76000213623047,86.87999725341797,86.63999938964844,86.8499984741211,60.80929946899414,11692800,0.0,0.0,0.0
2019-11-11,86.7699966430664,86.83999633789062,86.68000030517578,86.80000305175781,60.774261474609375,4933600,0.0,0.0,0.0
2019-11-12,86.75,86.88999938964844,86.7300033569336,86.81999969482422,60.78828048706055,14690200,0.0,0.0,0.0
2019-11-13,86.7300033569336,86.7699966430664,86.68000030517578,86.7300033569336,60.72526168823242,15333600,0.0,0.0,0.0
2019-11-14,86.73999786376953,86.80000305175781,86.6500015258789,86.68000030517578,60.69025421142578,14965100,0.0,0.0,0.0
2019-11-15,86.7699966430664,86.94999694824219,86.76000213623047,86.94000244140625,60.87230682373047,12996200,0.0,0.0,0.0
2019-11-18,86.87000274658203,86.9000015258789,86.79000091552734,86.83000183105469,60.7952766418457,13135800,0.0,0.0,0.0
2019-11-19,86.73999786376953,86.75,86.5199966430664,86.5199966430664,60.578224182128906,20175500,0.0,0.0,0.0
2019-11-20,86.47000122070312,86.58000183105469,86.33000183105469,86.33999633789062,60.452186584472656,22566100,0.0,0.0,0.0
2019-11-21,86.43000030517578,86.44999694824219,86.2699966430664,86.36000061035156,60.4661865234375,17853800,0.0,0.0,0.0
2019-11-22,86.48999786376953,86.69000244140625,86.4000015258789,86.69000244140625,60.69723892211914,20394800,0.0,0.0,0.0
2019-11-25,86.70999908447266,86.94000244140625,86.70999908447266,86.91999816894531,60.8582878112793,16885300,0.0,0.0,0.0
2019-11-26,86.94999694824219,87.0199966430664,86.9000015258789,87.0199966430664,60.928306579589844,11469400,0.0,0.0,0.0
2019-11-27,86.98999786376953,87.1500015258789,86.94999694824219,87.12999725341797,61.00532150268555,11814700,0.0,0.0,0.0
2019-11-29,87.11000061035156,87.11000061035156,86.93000030517578,86.94000244140625,60.87230682373047,11519500,0.0,0.0,0.0
2019-12-02,86.62999725341797,86.62999725341797,86.3499984741211,86.54000091552734,60.830814361572266,20966400,0.341,0.0,0.0
2019-12-03,86.33999633789062,86.47000122070312,86.23999786376953,86.41999816894531,60.74647521972656,29757200,0.0,0.0,0.0
2019-12-04,86.45999908447266,86.70999908447266,86.45999908447266,86.68000030517578,60.929229736328125,12406800,0.0,0.0,0.0
2019-12-05,86.73999786376953,86.80999755859375,86.58000183105469,86.80999755859375,61.020606994628906,18158900,0.0,0.0,0.0
2019-12-06,86.94999694824219,87.01000213623047,86.8499984741211,86.93000030517578,61.10498046875,16094700,0.0,0.0,0.0
2019-12-09,86.9000015258789,87.0,86.9000015258789,86.93000030517578,61.10498046875,18034300,0.0,0.0,0.0
2019-12-10,86.93000030517578,87.1500015258789,86.9000015258789,87.13999938964844,61.2525749206543,15117100,0.0,0.0,0.0
2019-12-11,87.16000366210938,87.33999633789062,87.08999633789062,87.31999969482422,61.37909698486328,14127500,0.0,0.0,0.0
2019-12-12,87.36000061035156,87.61000061035156,87.33000183105469,87.5199966430664,61.5196647644043,18958100,0.0,0.0,0.0
2019-12-13,87.55000305175781,87.6500015258789,87.5,87.61000061035156,61.58293533325195,18088100,0.0,0.0,0.0
2019-12-16,87.73999786376953,87.83000183105469,87.69999694824219,87.77999877929688,61.70247268676758,17517400,0.0,0.0,0.0
2019-12-17,87.79000091552734,88.05000305175781,87.79000091552734,88.05000305175781,61.892234802246094,18650700,0.0,0.0,0.0
2019-12-18,88.08999633789062,88.25,88.05999755859375,88.20999908447266,62.00470733642578,31575700,0.0,0.0,0.0
2019-12-19,87.91000366210938,87.93000030517578,87.72000122070312,87.8499984741211,61.972251892089844,29429300,0.314,0.0,0.0
2019-12-20,87.94999694824219,87.98999786376953,87.69999694824219,87.72000122070312,61.880550384521484,31918800,0.0,0.0,0.0
2019-12-23,87.75,87.80000305175781,87.7300033569336,87.76000213623047,61.90876770019531,9720200,0.0,0.0,0.0
2019-12-24,87.77999877929688,87.83000183105469,87.7300033569336,87.83000183105469,61.958168029785156,4854900,0.0,0.0,0.0
2019-12-26,87.94000244140625,87.98999786376953,87.88999938964844,87.95999908447266,62.04986572265625,11382700,0.0,0.0,0.0
2019-12-27,88.0199966430664,88.0199966430664,87.88999938964844,87.91999816894531,62.02163314819336,11627100,0.0,0.0,0.0
2019-12-30,88.0,88.0199966430664,87.7699966430664,87.86000061035156,61.97932815551758,12524300,0.0,0.0,0.0
2019-12-31,87.86000061035156,87.94999694824219,87.80999755859375,87.94000244140625,62.035743713378906,8310800,0.0,0.0,0.0
2020-01-02,88.0999984741211,88.31999969482422,88.05000305175781,88.30999755859375,62.29676818847656,15756600,0.0,0.0,0.0
2020-01-03,88.12000274658203,88.27999877929688,88.04000091552734,88.22000122070312,62.2332649230957,17342200,0.0,0.0,0.0
2020-01-06,88.11000061035156,88.18000030517578,88.05000305175781,88.12999725341797,62.1698112487793,17936900,0.0,0.0,0.0
2020-01-07,88.13999938964844,88.16000366210938,88.04000091552734,88.05000305175781,62.113338470458984,9640300,0.0,0.0,0.0
2020-01-08,88.06999969482422,88.2300033569336,88.0199966430664,88.12999725341797,62.1698112487793,16088100,0.0,0.0,0.0
2020-01-09,88.23999786376953,88.37000274658203,88.16999816894531,88.36000061035156,62.3320426940918,16649500,0.0,0.0,0.0
2020-01-10,88.37000274658203,88.41000366210938,88.30000305175781,88.38999938964844,62.35319900512695,16182900,0.0,0.0,0.0
2020-01-13,88.4000015258789,88.44999694824219,88.3499984741211,88.38999938964844,62.35319900512695,17762400,0.0,0.0,0.0
2020-01-14,88.37000274658203,88.48999786376953,88.27999877929688,88.37999725341797,62.34614181518555,29157100,0.0,0.0,0.0
2020-01-15,88.4000015258789,88.52999877929688,88.38999938964844,88.4000015258789,62.36024475097656,24637900,0.0,0.0,0.0
2020-01-16,88.47000122070312,88.52999877929688,88.37999725341797,88.43000030517578,62.38142395019531,22349200,0.0,0.0,0.0
2020-01-17,88.4800033569336,88.51000213623047,88.36000061035156,88.36000061035156,62.3320426940918,29626700,0.0,0.0,0.0
2020-01-21,88.33999633789062,88.43000030517578,88.16999816894531,88.16999816894531,62.19801330566406,19724900,0.0,0.0,0.0
2020-01-22,88.30999755859375,88.37000274658203,88.2300033569336,88.33000183105469,62.310916900634766,17731800,0.0,0.0,0.0
2020-01-23,88.18000030517578,88.19999694824219,88.0199966430664,88.05999755859375,62.12038803100586,28566200,0.0,0.0,0.0
2020-01-24,88.06999969482422,88.06999969482422,87.6500015258789,87.69000244140625,61.859432220458984,40838300,0.0,0.0,0.0
2020-01-27,87.23999786376953,87.37999725341797,86.95999908447266,87.0999984741211,61.44319152832031,41372700,0.0,0.0,0.0
2020-01-28,87.5,87.95999908447266,87.38999938964844,87.8499984741211,61.972251892089844,32628300,0.0,0.0,0.0
2020-01-29,87.97000122070312,88.2300033569336,87.77999877929688,87.80000305175781,61.93701171875,17308200,0.0,0.0,0.0
2020-01-30,87.51000213623047,87.91000366210938,87.5,87.88999938964844,62.00047302246094,20103300,0.0,0.0,0.0
2020-01-31,87.80000305175781,87.80000305175781,87.38999938964844,87.52999877929688,61.74652862548828,35659700,0.0,0.0,0.0
2020-02-03,87.33000183105469,87.47000122070312,87.12999725341797,87.1500015258789,61.736595153808594,25754700,0.366,0.0,0.0
2020-02-04,87.5,87.69000244140625,87.4800033569336,87.66999816894531,62.104957580566406,25063800,0.0,0.0,0.0
2020-02-05,87.87999725341797,88.05999755859375,87.83999633789062,88.02999877929688,62.360015869140625,36687700,0.0,0.0,0.0
2020-02-06,88.0,88.1500015258789,87.87000274658203,88.0999984741211,62.40960693359375,18329900,0.0,0.0,0.0
2020-02-07,87.98999786376953,88.05000305175781,87.87999725341797,87.97000122070312,62.31747055053711,12865100,0.0,0.0,0.0
2020-02-10,87.94999694824219,88.0999984741211,87.87999725341797,88.08999633789062,62.40251159667969,14220000,0.0,0.0,0.0
2020-02-11,88.2699966430664,88.27999877929688,88.1500015258789,88.1500015258789,62.44499969482422,16821500,0.0,0.0,0.0
2020-02-12,88.31999969482422,88.45999908447266,88.26000213623047,88.37999725341797,62.60793685913086,26688200,0.0,0.0,0.0
2020-02-13,88.30999755859375,88.45999908447266,88.29000091552734,88.41000366210938,62.629173278808594,13297900,0.0,0.0,0.0
2020-02-14,88.44000244140625,88.48999786376953,88.3499984741211,88.4000015258789,62.62209701538086,11398800,0.0,0.0,0.0
2020-02-18,88.3499984741211,88.4000015258789,88.1500015258789,88.22000122070312,62.49456787109375,26635300,0.0,0.0,0.0
2020-02-19,88.30999755859375,88.37000274658203,88.25,88.26000213623047,62.522926330566406,18547500,0.0,0.0,0.0
2020-02-20,88.31999969482422,88.44000244140625,88.05999755859375,88.41000366210938,62.629173278808594,31277000,0.0,0.0,0.0
2020-02-21,88.33999633789062,88.37999725341797,88.16000366210938,88.33000183105469,62.57251739501953,23027000,0.0,0.0,0.0
2020-02-24,87.5,87.5999984741211,87.19999694824219,87.37999725341797,61.8995361328125,57828300,0.0,0.0,0.0
2020-02-25,87.76000213623047,87.80999755859375,86.69000244140625,86.7699966430664,61.467430114746094,68418000,0.0,0.0,0.0
2020-02-26,86.93000030517578,87.25,86.5999984741211,86.86000061035156,61.531166076660156,69233800,0.0,0.0,0.0
2020-02-27,86.12999725341797,86.69000244140625,85.5199966430664,85.69000244140625,60.70234680175781,72596300,0.0,0.0,0.0
2020-02-28,84.69000244140625,86.1500015258789,84.69000244140625,86.04000091552734,60.950260162353516,97472600,0.0,0.0,0.0
2020-03-02,85.63999938964844,86.4000015258789,85.2300033569336,86.30999755859375,61.41278839111328,72357700,0.38,0.0,0.0
2020-03-03,86.37999725341797,87.19000244140625,85.73999786376953,85.94000244140625,61.14950942993164,58721000,0.0,0.0,0.0
2020-03-04,86.66000366210938,87.16000366210938,86.58999633789062,87.12000274658203,61.98912811279297,52664700,0.0,0.0,0.0
2020-03-05,86.36000061035156,86.51000213623047,85.8499984741211,86.0199966430664,61.206451416015625,62455700,0.0,0.0,0.0
2020-03-06,84.52999877929688,85.27999877929688,84.08999633789062,85.05000305175781,60.51624298095703,69860600,0.0,0.0,0.0
2020-03-09,79.63999938964844,83.48999786376953,79.63999938964844,81.38999938964844,57.912025451660156,73609600,0.0,0.0,0.0
2020-03-10,82.62000274658203,82.87000274658203,81.12999725341797,82.63999938964844,58.801429748535156,57598000,0.0,0.0,0.0
2020-03-11,81.25,81.69000244140625,80.19999694824219,80.83999633789062,57.52064895629883,60006600,0.0,0.0,0.0
2020-03-12,76.37999725341797,80.25,76.2300033569336,77.61000061035156,55.222415924072266,82926400,0.0,0.0,0.0
2020-03-13,80.12999725341797,80.27999877929688,78.13999938964844,80.05000305175781,56.958553314208984,69164600,0.0,0.0,0.0
2020-03-16,75.72000122070312,77.6500015258789,74.30000305175781,75.6500015258789,53.82777786254883,43080100,0.0,0.0,0.0
2020-03-17,75.55000305175781,77.69999694824219,74.62999725341797,76.36000061035156,54.333003997802734,68569400,0.0,0.0,0.0
2020-03-18,73.8499984741211,74.75,71.91000366210938,72.98999786376953,51.93510055541992,54289800,0.0,0.0,0.0
2020-03-19,71.86000061035156,72.66999816894531,70.7699966430664,71.3499984741211,50.76818084716797,45706300,0.0,0.0,0.0
2020-03-20,71.41000366210938,72.13999938964844,69.41000366210938,69.75,49.62973403930664,55796500,0.0,0.0,0.0
2020-03-23,70.05000305175781,70.12000274658203,67.5199966430664,68.62999725341797,48.83279800415039,48862100,0.0,0.0,0.0
2020-03-24,70.08999633789062,71.94999694824219,69.9000015258789,71.45999908447266,50.84646987915039,51304000,0.0,0.0,0.0
2020-03-25,72.25,75.56999969482422,72.08000183105469,73.47000122070312,52.27665328979492,45692600,0.0,0.0,0.0
2020-03-26,74.01000213623047,76.83000183105469,73.69999694824219,76.83000183105469,54.66743087768555,41965200,0.0,0.0,0.0
2020-03-27,75.44000244140625,78.37000274658203,75.36000061035156,77.02999877929688,54.80970764160156,66536800,0.0,0.0,0.0
2020-03-30,77.0999984741211,78.04000091552734,76.63999938964844,77.69000244140625,55.27932357788086,35016900,0.0,0.0,0.0
2020-03-31,77.37000274658203,77.70999908447266,76.9800033569336,77.06999969482422,54.83816909790039,31103400,0.0,0.0,0.0
2020-04-01,75.18000030517578,75.2699966430664,74.37000274658203,74.58000183105469,53.3328971862793,36859100,0.385,0.0,0.0
2020-04-02,74.37000274658203,76.30000305175781,74.2300033569336,75.16000366210938,53.74764633178711,31824800,0.0,0.0,0.0
2020-04-03,75.0,75.19999694824219,73.31999969482422,73.55000305175781,52.596309661865234,39986200,0.0,0.0,0.0
2020-04-06,75.05999755859375,75.55999755859375,74.80999755859375,75.33999633789062,53.87635803222656,32347800,0.0,0.0,0.0
2020-04-07,76.43000030517578,76.72000122070312,75.23999786376953,75.33999633789062,53.87635803222656,35120800,0.0,0.0,0.0
2020-04-08,75.95999908447266,77.62999725341797,75.69000244140625,77.30000305175781,55.277976989746094,46291400,0.0,0.0,0.0
2020-04-09,81.97000122070312,84.05000305175781,81.48999786376953,82.36000061035156,58.896419525146484,88846900,0.0,0.0,0.0
2020-04-13,81.80999755859375,81.91999816894531,80.41999816894531,81.18000030517578,58.05258560180664,40390500,0.0,0.0,0.0
2020-04-14,81.91000366210938,82.08999633789062,80.97000122070312,81.5199966430664,58.29573440551758,37632800,0.0,0.0,0.0
2020-04-15,80.25,80.91000366210938,79.95999908447266,80.76000213623047,57.752262115478516,34367500,0.0,0.0,0.0
2020-04-16,80.55999755859375,80.75,79.93000030517578,80.68000030517578,57.69501876831055,25821900,0.0,0.0,0.0
2020-04-17,81.31999969482422,81.4000015258789,80.8499984741211,81.08999633789062,57.98823165893555,38251800,0.0,0.0,0.0
2020-04-20,80.29000091552734,80.79000091552734,79.72000122070312,79.87000274658203,57.115806579589844,24676200,0.0,0.0,0.0
2020-04-21,78.95999908447266,79.05999755859375,78.25,78.41000366210938,56.07177734375,42335600,0.0,0.0,0.0
2020-04-22,79.26000213623047,79.37000274658203,78.83999633789062,79.0999984741211,56.565185546875,15720900,0.0,0.0,0.0
2020-04-23,79.25,79.66000366210938,78.7300033569336,79.05999755859375,56.536582946777344,23896700,0.0,0.0,0.0
2020-04-24,79.12000274658203,79.2300033569336,78.16000366210938,78.31999969482422,56.00739288330078,37915200,0.0,0.0,0.0
2020-04-27,78.69999694824219,78.93000030517578,78.51000213623047,78.63999938964844,56.23624801635742,20550700,0.0,0.0,0.0
2020-04-28,79.06999969482422,79.12000274658203,78.44000244140625,78.87999725341797,56.40785217285156,23927600,0.0,0.0,0.0
2020-04-29,79.43000030517578,80.36000061035156,79.2699966430664,80.2699966430664,57.40186309814453,34838300,0.0,0.0,0.0
2020-04-30,79.8499984741211,80.55999755859375,79.52999877929688,80.43000030517578,57.51626968383789,34636000,0.0,0.0,0.0
2020-05-01,79.33999633789062,79.54000091552734,78.61000061035156,78.68000030517578,56.524139404296875,31859400,0.369,0.0,0.0
2020-05-04,78.52999877929688,78.87000274658203,78.19999694824219,78.56999969482422,56.44510269165039,20400900,0.0,0.0,0.0
2020-05-05,78.81999969482422,79.25,78.81999969482422,79.25,56.933624267578125,26484200,0.0,0.0,0.0
2020-05-06,79.33000183105469,79.43000030517578,78.7699966430664,78.80000305175781,56.61034393310547,18823300,0.0,0.0,0.0
2020-05-07,79.19999694824219,79.70999908447266,78.97000122070312,79.0,56.754051208496094,19581700,0.0,0.0,0.0
2020-05-08,79.33000183105469,79.76000213623047,79.2699966430664,79.75,57.292823791503906,21770400,0.0,0.0,0.0
2020-05-11,79.58000183105469,79.72000122070312,79.33999633789062,79.38999938964844,57.03419876098633,14285100,0.0,0.0,0.0
2020-05-12,79.91000366210938,80.0,79.29000091552734,79.29000091552734,56.96238327026367,25332700,0.0,0.0,0.0
2020-05-13,79.3499984741211,79.41999816894531,78.73999786376953,78.87000274658203,56.6606559753418,29962000,0.0,0.0,0.0
2020-05-14,78.45999908447266,78.9000015258789,77.9800033569336,78.5999984741211,56.46665573120117,30429100,0.0,0.0,0.0
2020-05-15,78.37000274658203,78.83999633789062,78.16999816894531,78.70999908447266,56.54570007324219,34133400,0.0,0.0,0.0
2020-05-18,79.95999908447266,80.16000366210938,79.66000366210938,80.0999984741211,57.54428482055664,31900200,0.0,0.0,0.0
2020-05-19,80.04000091552734,80.43000030517578,79.88999938964844,80.19999694824219,57.61613464355469,18536500,0.0,0.0,0.0
2020-05-20,80.62000274658203,81.25,80.55000305175781,81.05000305175781,58.226776123046875,36053700,0.0,0.0,0.0
2020-05-21,81.02999877929688,81.2300033569336,80.80000305175781,81.02999877929688,58.21238327026367,23307300,0.0,0.0,0.0
2020-05-22,80.94999694824219,81.33000183105469,80.80999755859375,81.2300033569336,58.35608673095703,11311900,0.0,0.0,0.0
2020-05-26,81.83000183105469,82.16000366210938,81.18000030517578,81.83999633789062,58.794288635253906,27673800,0.0,0.0,0.0
2020-05-27,82.41999816894531,82.44999694824219,81.66000366210938,82.01000213623047,58.91644287109375,24905000,0.0,0.0,0.0
2020-05-28,82.12999725341797,82.55000305175781,81.94000244140625,82.08999633789062,58.97389221191406,23282500,0.0,0.0,0.0
2020-05-29,82.05000305175781,82.62000274658203,81.87999725341797,82.41999816894531,59.21098709106445,32189000,0.0,0.0,0.0
2020-06-01,81.94000244140625,82.75,81.81999969482422,82.72000122070312,59.65885925292969,46987000,0.321,0.0,0.0
2020-06-02,82.8499984741211,83.58000183105469,82.62000274658203,83.54000091552734,60.25026321411133,35930900,0.0,0.0,0.0
2020-06-03,83.87999725341797,84.37999725341797,83.77999877929688,83.93000030517578,60.53153610229492,35991000,0.0,0.0,0.0
2020-06-04,83.83999633789062,83.9800033569336,83.5199966430664,83.66999816894531,60.34401321411133,36405800,0.0,0.0,0.0
2020-06-05,84.56999969482422,85.02999877929688,84.4000015258789,84.45999908447266,60.91377639770508,35306500,0.0,0.0,0.0
2020-06-08,84.66000366210938,84.68000030517578,84.3499984741211,84.55999755859375,60.98591613769531,20493100,0.0,0.0,0.0
2020-06-09,84.11000061035156,84.1500015258789,83.58000183105469,83.9000015258789,60.50990295410156,28412400,0.0,0.0,0.0
2020-06-10,83.79000091552734,84.22000122070312,83.26000213623047,83.77999877929688,60.42333984375,36663100,0.0,0.0,0.0
2020-06-11,82.58000183105469,82.62000274658203,81.47000122070312,81.62999725341797,58.87274169921875,48794500,0.0,0.0,0.0
2020-06-12,82.73999786376953,82.87000274658203,81.8499984741211,82.44000244140625,59.45692825317383,36156800,0.0,0.0,0.0
2020-06-15,81.9000015258789,83.77999877929688,81.72000122070312,83.23999786376953,60.033905029296875,39432300,0.0,0.0,0.0
2020-06-16,84.25,84.33000183105469,83.30999755859375,83.58000183105469,60.279109954833984,40976300,0.0,0.0,0.0
2020-06-17,83.5199966430664,83.62000274658203,83.1500015258789,83.19000244140625,59.99783706665039,17066700,0.0,0.0,0.0
2020-06-18,82.95999908447266,83.20999908447266,82.83000183105469,83.16000366210938,59.9761848449707,22223600,0.0,0.0,0.0
2020-06-19,83.31999969482422,83.37000274658203,82.70999908447266,82.87999725341797,59.774261474609375,32037600,0.0,0.0,0.0
2020-06-22,82.87000274658203,83.02999877929688,82.69000244140625,82.81999969482422,59.730987548828125,21536000,0.0,0.0,0.0
2020-06-23,83.11000061035156,83.13999938964844,82.88999938964844,82.94000244140625,59.81753158569336,17438000,0.0,0.0,0.0
2020-06-24,82.68000030517578,82.77999877929688,81.54000091552734,82.08999633789062,59.204463958740234,43720600,0.0,0.0,0.0
2020-06-25,81.87000274658203,82.16999816894531,81.48999786376953,82.12000274658203,59.22616195678711,31159700,0.0,0.0,0.0
2020-06-26,82.01000213623047,82.01000213623047,81.2300033569336,81.33999633789062,58.663604736328125,33705800,0.0,0.0,0.0
2020-06-29,81.44000244140625,81.44999694824219,80.4800033569336,80.87999725341797,58.33183670043945,76540200,0.0,0.0,0.0
2020-06-30,81.1500015258789,81.80000305175781,81.08000183105469,81.62000274658203,58.86553192138672,40554300,0.0,0.0,0.0
2020-07-01,81.41000366210938,81.7699966430664,81.41000366210938,81.52999877929688,59.04876708984375,28799100,0.343,0.0,0.0
2020-07-02,82.23999786376953,82.51000213623047,81.97000122070312,82.12999725341797,59.483341217041016,30623300,0.0,0.0,0.0
2020-07-06,82.62000274658203,82.73999786376953,82.41000366210938,82.72000122070312,59.9106330871582,22888200,0.0,0.0,0.0
2020-07-07,82.62999725341797,82.83999633789062,82.12999725341797,82.16999816894531,59.512298583984375,22408000,0.0,0.0,0.0
2020-07-08,82.12999725341797,82.5,82.12000274658203,82.38999938964844,59.6716194152832,21155700,0.0,0.0,0.0
2020-07-09,82.38999938964844,82.45999908447266,81.83000183105469,82.20999908447266,59.541255950927734,21655600,0.0,0.0,0.0
2020-07-10,82.06999969482422,82.54000091552734,81.9800033569336,82.48999786376953,59.74403381347656,17903400,0.0,0.0,0.0
2020-07-13,82.80000305175781,82.91000366210938,82.02999877929688,82.04000091552734,59.418121337890625,20039400,0.0,0.0,0.0
2020-07-14,82.04000091552734,82.77999877929688,82.04000091552734,82.73999786376953,59.925106048583984,31929700,0.0,0.0,0.0
2020-07-15,83.23999786376953,83.30999755859375,82.91000366210938,83.20999908447266,60.26551818847656,21291300,0.0,0.0,0.0
2020-07-16,83.16000366210938,83.30000305175781,83.08000183105469,83.29000091552734,60.323463439941406,17570400,0.0,0.0,0.0
2020-07-17,83.4800033569336,83.55000305175781,83.20999908447266,83.5199966430664,60.49003601074219,22863700,0.0,0.0,0.0
2020-07-20,83.58999633789062,84.05999755859375,83.51000213623047,84.0199966430664,60.852169036865234,16701600,0.0,0.0,0.0
2020-07-21,84.30000305175781,84.58000183105469,84.2699966430664,84.41000366210938,61.13463592529297,22331600,0.0,0.0,0.0
2020-07-22,84.5,84.62000274658203,84.33999633789062,84.58000183105469,61.257755279541016,15251400,0.0,0.0,0.0
2020-07-23,84.56999969482422,84.62000274658203,83.97000122070312,84.5199966430664,61.21428680419922,28434900,0.0,0.0,0.0
2020-07-24,84.33999633789062,84.69999694824219,84.30000305175781,84.5999984741211,61.27222442626953,14977500,0.0,0.0,0.0
2020-07-27,84.7300033569336,84.81999969482422,84.51000213623047,84.80000305175781,61.41708755493164,12931500,0.0,0.0,0.0
2020-07-28,84.72000122070312,84.80000305175781,84.5,84.58000183105469,61.257755279541016,14862900,0.0,0.0,0.0
2020-07-29,84.83999633789062,85.11000061035156,84.69999694824219,85.05000305175781,61.59815979003906,18012800,0.0,0.0,0.0
2020-07-30,84.77999877929688,85.2699966430664,84.73999786376953,85.2300033569336,61.72853469848633,54812400,0.0,0.0,0.0
2020-07-31,85.19999694824219,85.4000015258789,84.9000015258789,85.38999938964844,61.844364166259766,28623100,0.0,0.0,0.0
2020-08-03,85.02999877929688,85.11000061035156,84.8499984741211,85.06999969482422,61.85966491699219,17480600,0.341,0.0,0.0
2020-08-04,84.97000122070312,85.06999969482422,84.80000305175781,85.04000091552734,61.83784866333008,17120700,0.0,0.0,0.0
2020-08-05,85.05999755859375,85.2300033569336,85.01000213623047,85.19000244140625,61.94691848754883,14566000,0.0,0.0,0.0
2020-08-06,85.19000244140625,85.4000015258789,85.0999984741211,85.37999725341797,62.0850944519043,13258600,0.0,0.0,0.0
2020-08-07,85.3499984741211,85.3499984741211,85.05000305175781,85.16999816894531,61.93241500854492,14289900,0.0,0.0,0.0
2020-08-10,85.26000213623047,85.30000305175781,85.01000213623047,85.20999908447266,61.961483001708984,13708700,0.0,0.0,0.0
2020-08-11,85.25,85.2699966430664,84.4000015258789,84.44000244140625,61.40158462524414,20535400,0.0,0.0,0.0
2020-08-12,84.80999755859375,85.0199966430664,84.45999908447266,84.45999908447266,61.41608428955078,18003400,0.0,0.0,0.0
2020-08-13,84.4800033569336,84.80999755859375,84.1500015258789,84.2300033569336,61.248844146728516,28444900,0.0,0.0,0.0
2020-08-14,84.20999908447266,84.30000305175781,83.91999816894531,84.08000183105469,61.13977813720703,14072300,0.0,0.0,0.0
2020-08-17,84.16000366210938,84.62000274658203,84.0999984741211,84.58000183105469,61.50334930419922,13756500,0.0,0.0,0.0
2020-08-18,84.62000274658203,84.7699966430664,84.41000366210938,84.70999908447266,61.59788131713867,24900300,0.0,0.0,0.0
2020-08-19,84.66999816894531,84.79000091552734,84.37000274658203,84.47000122070312,61.423370361328125,18738300,0.0,0.0,0.0
2020-08-20,84.33000183105469,84.75,84.31999969482422,84.75,61.62697219848633,19912800,0.0,0.0,0.0
2020-08-21,84.75,84.80999755859375,84.62999725341797,84.73999786376953,61.619693756103516,17570600,0.0,0.0,0.0
2020-08-24,84.9000015258789,85.16999816894531,84.88999938964844,85.12999725341797,61.903289794921875,16058100,0.0,0.0,0.0
2020-08-25,85.13999938964844,85.27999877929688,84.91000366210938,85.22000122070312,61.96875762939453,24018600,0.0,0.0,0.0
2020-08-26,85.2300033569336,85.37000274658203,85.16999816894531,85.20999908447266,61.961483001708984,16243100,0.0,0.0,0.0
2020-08-27,85.31999969482422,85.3499984741211,84.9000015258789,85.08000183105469,61.866947174072266,19861800,0.0,0.0,0.0
2020-08-28,85.12999725341797,85.2699966430664,85.08999633789062,85.1500015258789,61.917842864990234,14418500,0.0,0.0,0.0
2020-08-31,85.12999725341797,85.2300033569336,84.98999786376953,85.02999877929688,61.83060073852539,21473800,0.0,0.0,0.0
2020-09-01,84.70999908447266,85.2300033569336,84.63999938964844,85.1500015258789,62.16715621948242,22774200,0.341,0.0,0.0
2020-09-02,85.19999694824219,85.38999938964844,84.94999694824219,85.25,62.240142822265625,15878600,0.0,0.0,0.0
2020-09-03,85.0999984741211,85.12000274658203,84.37000274658203,84.72000122070312,61.85322570800781,34169800,0.0,0.0,0.0
2020-09-04,84.80000305175781,84.94000244140625,83.9800033569336,84.48999786376953,61.685279846191406,36087300,0.0,0.0,0.0
2020-09-08,84.13999938964844,84.41000366210938,83.91000366210938,84.0199966430664,61.34214782714844,34967600,0.0,0.0,0.0
2020-09-09,84.37999725341797,84.73999786376953,84.25,84.68000030517578,61.82405090332031,32976800,0.0,0.0,0.0
2020-09-10,84.80999755859375,84.83000183105469,84.25,84.27999877929688,61.53199005126953,32866300,0.0,0.0,0.0
2020-09-11,84.33999633789062,84.48999786376953,84.0999984741211,84.44999694824219,61.656097412109375,20807100,0.0,0.0,0.0
2020-09-14,84.62000274658203,84.69999694824219,84.2699966430664,84.36000061035156,61.590370178222656,28958000,0.0,0.0,0.0
2020-09-15,84.55000305175781,84.72000122070312,84.44000244140625,84.58999633789062,61.75830841064453,22176900,0.0,0.0,0.0
2020-09-16,84.6500015258789,84.98999786376953,84.51000213623047,84.58999633789062,61.75830841064453,26951200,0.0,0.0,0.0
2020-09-17,84.30999755859375,84.66000366210938,84.2300033569336,84.5,61.69260787963867,25752400,0.0,0.0,0.0
2020-09-18,84.66999816894531,84.69000244140625,84.25,84.29000091552734,61.53929901123047,29891800,0.0,0.0,0.0
2020-09-21,83.93000030517578,84.02999877929688,83.37999725341797,83.61000061035156,61.042808532714844,42968900,0.0,0.0,0.0
2020-09-22,83.70999908447266,83.94999694824219,83.5199966430664,83.9000015258789,61.254547119140625,41396800,0.0,0.0,0.0
2020-09-23,83.9800033569336,83.9800033569336,82.95999908447266,83.05000305175781,60.633968353271484,39577800,0.0,0.0,0.0
2020-09-24,82.87000274658203,83.33999633789062,82.55999755859375,83.0999984741211,60.67048263549805,38755800,0.0,0.0,0.0
2020-09-25,83.0,83.16000366210938,82.76000213623047,82.94999694824219,60.560916900634766,36032200,0.0,0.0,0.0
2020-09-28,83.37999725341797,83.62000274658203,83.19000244140625,83.48999786376953,60.955196380615234,20277000,0.0,0.0,0.0
2020-09-29,83.55999755859375,83.61000061035156,83.29000091552734,83.55999755859375,61.00631332397461,20243400,0.0,0.0,0.0
2020-09-30,83.55999755859375,84.02999877929688,83.55000305175781,83.9000015258789,61.254547119140625,28797600,0.0,0.0,0.0
2020-10-01,83.80999755859375,83.88999938964844,83.69000244140625,83.83000183105469,61.46500015258789,31098000,0.357,0.0,0.0
2020-10-02,83.27999877929688,83.87000274658203,83.27999877929688,83.83000183105469,61.46500015258789,26284300,0.0,0.0,0.0
2020-10-05,83.98999786376953,84.4800033569336,83.91999816894531,84.45999908447266,61.9268798828125,27394000,0.0,0.0,0.0
2020-10-06,84.4800033569336,84.75,84.22000122070312,84.2699966430664,61.7875862121582,37848500,0.0,0.0,0.0
2020-10-07,84.5199966430664,84.62999725341797,84.47000122070312,84.56999969482422,62.007530212402344,20968200,0.0,0.0,0.0
2020-10-08,84.83999633789062,84.8499984741211,84.63999938964844,84.76000213623047,62.1468505859375,18738800,0.0,0.0,0.0
2020-10-09,84.88999938964844,85.02999877929688,84.76000213623047,84.94999694824219,62.28614807128906,21287800,0.0,0.0,0.0
2020-10-12,85.22000122070312,85.47000122070312,85.12999725341797,85.37999725341797,62.6014518737793,10503400,0.0,0.0,0.0
2020-10-13,85.16000366210938,85.26000213623047,84.93000030517578,85.0,62.322818756103516,25183100,0.0,0.0,0.0
2020-10-14,84.95999908447266,85.0199966430664,84.72000122070312,84.79000091552734,62.168861389160156,31620600,0.0,0.0,0.0
2020-10-15,84.44999694824219,84.77999877929688,84.31999969482422,84.7300033569336,62.124874114990234,32232100,0.0,0.0,0.0
2020-10-16,84.86000061035156,84.94000244140625,84.5199966430664,84.62999725341797,62.05156326293945,27456900,0.0,0.0,0.0
2020-10-19,84.80000305175781,84.86000061035156,84.30000305175781,84.33000183105469,61.83157730102539,20998100,0.0,0.0,0.0
2020-10-20,84.4800033569336,84.7699966430664,84.47000122070312,84.62999725341797,62.05156326293945,27650700,0.0,0.0,0.0
2020-10-21,84.62000274658203,84.80000305175781,84.52999877929688,84.62000274658203,62.04422378540039,26901600,0.0,0.0,0.0
2020-10-22,84.61000061035156,84.83999633789062,84.44999694824219,84.7699966430664,62.15419387817383,28977800,0.0,0.0,0.0
2020-10-23,84.9000015258789,84.91999816894531,84.66999816894531,84.87000274658203,62.22751998901367,20734700,0.0,0.0,0.0
2020-10-26,84.55999755859375,84.62000274658203,84.08999633789062,84.12000274658203,61.67762756347656,50102400,0.0,0.0,0.0
2020-10-27,84.18000030517578,84.33999633789062,84.12000274658203,84.16000366210938,61.70695495605469,30880900,0.0,0.0,0.0
2020-10-28,83.61000061035156,83.72000122070312,83.30999755859375,83.45999908447266,61.193702697753906,45794300,0.0,0.0,0.0
2020-10-29,83.4000015258789,83.73999786376953,83.2699966430664,83.69999694824219,61.36968231201172,37112600,0.0,0.0,0.0
2020-10-30,83.62999725341797,83.91999816894531,83.43000030517578,83.87999725341797,61.50161361694336,36801700,0.0,0.0,0.0
2020-11-02,83.77999877929688,83.8499984741211,83.48999786376953,83.72000122070312,61.64817428588867,25665400,0.359,0.0,0.0
2020-11-03,83.88999938964844,84.44000244140625,83.88999938964844,84.44000244140625,62.17835235595703,39777600,0.0,0.0,0.0
2020-11-04,84.69000244140625,85.41000366210938,84.66000366210938,85.2300033569336,62.76008605957031,57673400,0.0,0.0,0.0
2020-11-05,85.63999938964844,85.87999725341797,85.41999816894531,85.52999877929688,62.98094177246094,55079000,0.0,0.0,0.0
2020-11-06,85.55999755859375,85.58000183105469,85.11000061035156,85.2300033569336,62.76008605957031,25953400,0.0,0.0,0.0
2020-11-09,86.87999725341797,86.9000015258789,85.83999633789062,85.87999725341797,63.23868179321289,59347100,0.0,0.0,0.0
2020-11-10,85.77999877929688,86.05999755859375,83.37999725341797,85.76000213623047,63.15036392211914,39295700,0.0,0.0,0.0
2020-11-11,85.91999816894531,85.93000030517578,85.62999725341797,85.7300033569336,63.128257751464844,14416200,0.0,0.0,0.0
2020-11-12,85.6500015258789,85.6500015258789,85.1500015258789,85.1500015258789,62.701175689697266,43300100,0.0,0.0,0.0
2020-11-13,85.25,85.52999877929688,85.23999786376953,85.44000244140625,62.91469955444336,20277100,0.0,0.0,0.0
2020-11-16,85.9000015258789,85.95999908447266,85.69000244140625,85.91999816894531,63.26816177368164,28350400,0.0,0.0,0.0
2020-11-17,85.77999877929688,86.11000061035156,85.72000122070312,85.94999694824219,63.29026412963867,23747100,0.0,0.0,0.0
2020-11-18,86.04000091552734,86.13999938964844,85.76000213623047,85.79000091552734,63.17243576049805,22098900,0.0,0.0,0.0
2020-11-19,85.70999908447266,86.13999938964844,85.6500015258789,86.08000183105469,63.385955810546875,21704200,0.0,0.0,0.0
2020-11-20,85.91999816894531,86.0199966430664,85.8499984741211,85.91999816894531,63.26816177368164,48530200,0.0,0.0,0.0
2020-11-23,86.13999938964844,86.20999908447266,85.95999908447266,86.05000305175781,63.36388397216797,23790600,0.0,0.0,0.0
2020-11-24,86.31999969482422,86.5199966430664,86.20999908447266,86.30999755859375,63.55535125732422,26080100,0.0,0.0,0.0
2020-11-25,86.30000305175781,86.41999816894531,86.19000244140625,86.2699966430664,63.52589797973633,26510900,0.0,0.0,0.0
2020-11-27,86.43000030517578,86.5,86.38999938964844,86.41000366210938,63.62897872924805,7338500,0.0,0.0,0.0
2020-11-30,86.43000030517578,86.43000030517578,86.1500015258789,86.31999969482422,63.56270217895508,24256900,0.0,0.0,0.0
2020-12-01,86.25,86.38999938964844,86.18000030517578,86.19999694824219,63.72610092163086,26256700,0.341,0.0,0.0
2020-12-02,86.22000122070312,86.55000305175781,86.1500015258789,86.44000244140625,63.90351486206055,23705000,0.0,0.0,0.0
2020-12-03,86.5199966430664,86.69999694824219,86.44000244140625,86.48999786376953,63.940494537353516,20748400,0.0,0.0,0.0
2020-12-04,86.66999816894531,86.9000015258789,86.5199966430664,86.8499984741211,64.20661163330078,19362000,0.0,0.0,0.0
2020-12-07,86.80000305175781,86.83999633789062,86.68000030517578,86.80999755859375,64.17704772949219,17811300,0.0,0.0,0.0
2020-12-08,86.7699966430664,86.8499984741211,86.69999694824219,86.73999786376953,64.12525939941406,21408300,0.0,0.0,0.0
2020-12-09,86.8499984741211,86.8499984741211,86.48999786376953,86.61000061035156,64.02919006347656,36608500,0.0,0.0,0.0
2020-12-10,86.4800033569336,86.87999725341797,86.45999908447266,86.7699966430664,64.14747619628906,24251500,0.0,0.0,0.0
2020-12-11,86.72000122070312,86.86000061035156,86.54000091552734,86.68000030517578,64.08096313476562,17699600,0.0,0.0,0.0
2020-12-14,86.83000183105469,86.87999725341797,86.5999984741211,86.69999694824219,64.09571838378906,20705200,0.0,0.0,0.0
2020-12-15,86.8499984741211,87.0,86.68000030517578,86.97000122070312,64.29531860351562,25052800,0.0,0.0,0.0
2020-12-16,86.94000244140625,86.97000122070312,86.5999984741211,86.83999633789062,64.19921875,42386700,0.0,0.0,0.0
2020-12-17,86.58999633789062,86.68000030517578,86.51000213623047,86.61000061035156,64.29497528076172,23911400,0.359,0.0,0.0
2020-12-18,86.6500015258789,86.72000122070312,86.55000305175781,86.68000030517578,64.34697723388672,26741200,0.0,0.0,0.0
2020-12-21,86.37999725341797,86.55000305175781,86.22000122070312,86.37000274658203,64.11681365966797,30308300,0.0,0.0,0.0
2020-12-22,86.43000030517578,86.54000091552734,86.3499984741211,86.4800033569336,64.19849395751953,21975100,0.0,0.0,0.0
2020-12-23,86.62000274658203,86.91000366210938,86.5999984741211,86.87000274658203,64.48802947998047,15913900,0.0,0.0,0.0
2020-12-24,86.94999694824219,87.05000305175781,86.94000244140625,87.05000305175781,64.62164306640625,7327300,0.0,0.0,0.0
2020-12-28,87.18000030517578,87.2300033569336,87.04000091552734,87.16000366210938,64.7032699584961,22575500,0.0,0.0,0.0
2020-12-29,87.30999755859375,87.30999755859375,87.04000091552734,87.05000305175781,64.62164306640625,22893000,0.0,0.0,0.0
2020-12-30,87.08000183105469,87.27999877929688,87.08000183105469,87.2300033569336,64.75523376464844,21080100,0.0,0.0,0.0
2020-12-31,87.20999908447266,87.33999633789062,87.16999816894531,87.30000305175781,64.80718994140625,12059900,0.0,0.0,0.0
2021-01-04,87.4000015258789,87.4000015258789,86.87000274658203,87.12000274658203,64.67359924316406,34528300,0.0,0.0,0.0
2021-01-05,87.0199966430664,87.25,86.9800033569336,87.1500015258789,64.69586181640625,33725500,0.0,0.0,0.0
2021-01-06,87.08999633789062,87.33999633789062,86.97000122070312,86.98999786376953,64.57707977294922,37148100,0.0,0.0,0.0
2021-01-07,87.18000030517578,87.37000274658203,87.12999725341797,87.23999786376953,64.76268005371094,25868200,0.0,0.0,0.0
2021-01-08,87.3499984741211,87.37999725341797,87.13999938964844,87.37000274658203,64.85917663574219,27403600,0.0,0.0,0.0
2021-01-11,87.0199966430664,87.16999816894531,86.88999938964844,86.9000015258789,64.51029205322266,26608000,0.0,0.0,0.0
2021-01-12,86.88999938964844,87.06999969482422,86.79000091552734,87.01000213623047,64.59192657470703,41746100,0.0,0.0,0.0
2021-01-13,86.9800033569336,87.30999755859375,86.94999694824219,87.2699966430664,64.78496551513672,47710300,0.0,0.0,0.0
2021-01-14,87.2699966430664,87.37999725341797,87.22000122070312,87.25,64.77008056640625,25484800,0.0,0.0,0.0
2021-01-15,87.13999938964844,87.2699966430664,87.05000305175781,87.11000061035156,64.66613006591797,48134800,0.0,0.0,0.0
2021-01-19,87.3499984741211,87.37999725341797,87.1500015258789,87.36000061035156,64.85173034667969,24270500,0.0,0.0,0.0
2021-01-20,87.62000274658203,87.62000274658203,87.37000274658203,87.5199966430664,64.97053527832031,24534700,0.0,0.0,0.0
2021-01-21,87.47000122070312,87.56999969482422,87.37999725341797,87.47000122070312,64.93341064453125,20451400,0.0,0.0,0.0
2021-01-22,87.27999877929688,87.38999938964844,87.18000030517578,87.30000305175781,64.80718994140625,26615900,0.0,0.0,0.0
2021-01-25,87.30000305175781,87.33999633789062,87.02999877929688,87.31999969482422,64.8220443725586,28718200,0.0,0.0,0.0
2021-01-26,87.29000091552734,87.33000183105469,87.18000030517578,87.19000244140625,64.72554779052734,39103500,0.0,0.0,0.0
2021-01-27,87.0199966430664,87.22000122070312,86.80999755859375,86.94000244140625,64.53994750976562,46378600,0.0,0.0,0.0
2021-01-28,87.16000366210938,87.48999786376953,87.13999938964844,87.19999694824219,64.73296356201172,38836200,0.0,0.0,0.0
2021-01-29,87.12999725341797,87.37000274658203,86.88999938964844,86.97000122070312,64.56224060058594,46095900,0.0,0.0,0.0
2021-02-01,86.80999755859375,86.97000122070312,86.66000366210938,86.93000030517578,64.76935577392578,35620700,0.318,0.0,0.0
2021-02-02,87.1500015258789,87.26000213623047,87.08999633789062,87.13999938964844,64.92585754394531,29522300,0.0,0.0,0.0
2021-02-03,87.19999694824219,87.36000061035156,87.16999816894531,87.20999908447266,64.97798919677734,31911000,0.0,0.0,0.0
2021-02-04,87.3499984741211,87.47000122070312,87.30999755859375,87.38999938964844,65.11207580566406,21181100,0.0,0.0,0.0
2021-02-05,87.62999725341797,87.6500015258789,87.4800033569336,87.5199966430664,65.20897674560547,21653100,0.0,0.0,0.0
2021-02-08,87.58999633789062,87.77999877929688,87.55999755859375,87.77999877929688,65.40267181396484,16590100,0.0,0.0,0.0
2021-02-09,87.6500015258789,87.7300033569336,87.56999969482422,87.62000274658203,65.28346252441406,14404300,0.0,0.0,0.0
2021-02-10,87.62000274658203,87.68000030517578,87.47000122070312,87.5999984741211,65.2685546875,20469400,0.0,0.0,0.0
2021-02-11,87.63999938964844,87.68000030517578,87.54000091552734,87.63999938964844,65.2983627319336,17047200,0.0,0.0,0.0
2021-02-12,87.55000305175781,87.79000091552734,87.55000305175781,87.77999877929688,65.40267181396484,17800100,0.0,0.0,0.0
2021-02-16,87.7300033569336,87.73999786376953,87.56999969482422,87.63999938964844,65.2983627319336,22264400,0.0,0.0,0.0
2021-02-17,87.45999908447266,87.61000061035156,87.43000030517578,87.61000061035156,65.2760009765625,20276700,0.0,0.0,0.0
2021-02-18,87.47000122070312,87.58999633789062,87.38999938964844,87.48999786376953,65.1866226196289,26366700,0.0,0.0,0.0
2021-02-19,87.62999725341797,87.62999725341797,87.4800033569336,87.5,65.1940689086914,28124800,0.0,0.0,0.0
2021-02-22,87.37000274658203,87.45999908447266,87.2300033569336,87.2300033569336,64.99288177490234,25455400,0.0,0.0,0.0
2021-02-23,87.19000244140625,87.51000213623047,87.01000213623047,87.44000244140625,65.14934539794922,29015900,0.0,0.0,0.0
2021-02-24,87.30999755859375,87.52999877929688,87.2300033569336,87.52999877929688,65.2164077758789,21791800,0.0,0.0,0.0
2021-02-25,87.33000183105469,87.41999816894531,86.5999984741211,86.69999694824219,64.59798431396484,59413400,0.0,0.0,0.0
2021-02-26,86.87999725341797,86.91999816894531,86.41000366210938,86.44000244140625,64.4042739868164,46615300,0.0,0.0,0.0
2021-03-01,86.66999816894531,87.16000366210938,86.55999755859375,87.0999984741211,65.1273193359375,48014200,0.307,0.0,0.0
2021-03-02,87.1500015258789,87.16000366210938,86.93000030517578,86.97000122070312,65.03014373779297,23988500,0.0,0.0,0.0
2021-03-03,86.83999633789062,86.91000366210938,86.66000366210938,86.69000244140625,64.82077026367188,30197000,0.0,0.0,0.0
2021-03-04,86.75,86.94999694824219,86.08000183105469,86.36000061035156,64.57401275634766,49020300,0.0,0.0,0.0
2021-03-05,86.48999786376953,86.72000122070312,86.08999633789062,86.62000274658203,64.76842498779297,46950100,0.0,0.0,0.0
2021-03-08,86.56999969482422,86.63999938964844,85.97000122070312,85.98999786376953,64.29739379882812,39868700,0.0,0.0,0.0
2021-03-09,86.22000122070312,86.44999694824219,86.08000183105469,86.11000061035156,64.38707733154297,31441100,0.0,0.0,0.0
2021-03-10,86.22000122070312,86.5,86.1500015258789,86.37999725341797,64.5889663696289,23776600,0.0,0.0,0.0
2021-03-11,86.58000183105469,86.86000061035156,86.58000183105469,86.69999694824219,64.8282241821289,27728500,0.0,0.0,0.0
2021-03-12,86.55999755859375,86.5999984741211,86.37000274658203,86.45999908447266,64.6488037109375,21842000,0.0,0.0,0.0
2021-03-15,86.4000015258789,86.55000305175781,86.30999755859375,86.47000122070312,64.6562728881836,14719400,0.0,0.0,0.0
2021-03-16,86.43000030517578,86.48999786376953,86.18000030517578,86.2699966430664,64.50670623779297,22931400,0.0,0.0,0.0
2021-03-17,86.0999984741211,86.6500015258789,86.04000091552734,86.38999938964844,64.5964584350586,28345800,0.0,0.0,0.0
2021-03-18,86.05999755859375,86.16999816894531,85.70999908447266,85.7300033569336,64.10295867919922,37150300,0.0,0.0,0.0
2021-03-19,85.86000061035156,86.1500015258789,85.6500015258789,86.05999755859375,64.3497314453125,47467800,0.0,0.0,0.0
2021-03-22,86.19999694824219,86.5199966430664,86.1500015258789,86.37000274658203,64.58148193359375,32979500,0.0,0.0,0.0
2021-03-23,86.3499984741211,86.5,86.25,86.45999908447266,64.6488037109375,24705800,0.0,0.0,0.0
2021-03-24,86.54000091552734,86.80000305175781,86.51000213623047,86.51000213623047,64.68617248535156,31374500,0.0,0.0,0.0
2021-03-25,86.44999694824219,86.66000366210938,86.36000061035156,86.66000366210938,64.7983169555664,24070300,0.0,0.0,0.0
2021-03-26,86.76000213623047,86.93000030517578,86.56999969482422,86.91999816894531,64.99274444580078,25948000,0.0,0.0,0.0
2021-03-29,86.86000061035156,87.0,86.69999694824219,86.97000122070312,65.03014373779297,17447500,0.0,0.0,0.0
2021-03-30,86.83000183105469,86.87999725341797,86.73999786376953,86.76000213623047,64.87310791015625,19622100,0.0,0.0,0.0
2021-03-31,86.86000061035156,87.20999908447266,86.8499984741211,87.18000030517578,65.18718719482422,41604700,0.0,0.0,0.0
2021-04-01,86.97000122070312,87.06999969482422,86.8499984741211,87.06999969482422,65.3252182006836,30806600,0.294,0.0,0.0
2021-04-05,87.08000183105469,87.18000030517578,87.04000091552734,87.11000061035156,65.355224609375,20758300,0.0,0.0,0.0
2021-04-06,87.12999725341797,87.30000305175781,87.12999725341797,87.26000213623047,65.4677505493164,15367900,0.0,0.0,0.0
2021-04-07,87.27999877929688,87.31999969482422,87.16999816894531,87.2300033569336,65.44523620605469,15645400,0.0,0.0,0.0
2021-04-08,87.33000183105469,87.36000061035156,87.23999786376953,87.26000213623047,65.4677505493164,11052100,0.0,0.0,0.0
2021-04-09,87.1500015258789,87.20999908447266,87.0999984741211,87.19999694824219,65.42274475097656,17413100,0.0,0.0,0.0
2021-04-12,87.0999984741211,87.13999938964844,87.0199966430664,87.11000061035156,65.355224609375,15464500,0.0,0.0,0.0
2021-04-13,87.01000213623047,87.19999694824219,86.91000366210938,87.16999816894531,65.40023803710938,20643500,0.0,0.0,0.0
2021-04-14,87.19000244140625,87.29000091552734,87.08999633789062,87.12999725341797,65.37023162841797,17992800,0.0,0.0,0.0
2021-04-15,87.33000183105469,87.4800033569336,87.2699966430664,87.4800033569336,65.6327896118164,20944400,0.0,0.0,0.0
2021-04-16,87.5,87.52999877929688,87.30000305175781,87.30000305175781,65.49778747558594,32509300,0.0,0.0,0.0
2021-04-19,87.19999694824219,87.29000091552734,87.12000274658203,87.16000366210938,65.39273071289062,23904900,0.0,0.0,0.0
2021-04-20,87.05999755859375,87.13999938964844,86.95999908447266,87.01000213623047,65.28018951416016,22901000,0.0,0.0,0.0
2021-04-21,86.97000122070312,87.30000305175781,86.95999908447266,87.30000305175781,65.49778747558594,19527000,0.0,0.0,0.0
2021-04-22,87.31999969482422,87.33000183105469,87.12000274658203,87.13999938964844,65.37771606445312,18506500,0.0,0.0,0.0
2021-04-23,87.19999694824219,87.44999694824219,87.19000244140625,87.37000274658203,65.55030059814453,14388700,0.0,0.0,0.0
2021-04-26,87.37999725341797,87.4800033569336,87.29000091552734,87.33000183105469,65.520263671875,12746100,0.0,0.0,0.0
2021-04-27,87.37999725341797,87.37999725341797,87.20999908447266,87.20999908447266,65.43025207519531,17660600,0.0,0.0,0.0
2021-04-28,87.23999786376953,87.44999694824219,87.16999816894531,87.37999725341797,65.55777740478516,14795000,0.0,0.0,0.0
2021-04-29,87.55000305175781,87.55000305175781,87.3499984741211,87.4800033569336,65.6327896118164,17152900,0.0,0.0,0.0
2021-04-30,87.37000274658203,87.48999786376953,87.3499984741211,87.44000244140625,65.60279083251953,23367500,0.0,0.0,0.0
2021-05-03,87.2300033569336,87.33000183105469,87.16999816894531,87.18000030517578,65.6283950805664,15782400,0.294,0.0,0.0
2021-05-04,87.11000061035156,87.1500015258789,86.97000122070312,87.12999725341797,65.59073638916016,23089700,0.0,0.0,0.0
2021-05-05,87.19000244140625,87.31999969482422,87.16999816894531,87.30000305175781,65.71876525878906,13676300,0.0,0.0,0.0
2021-05-06,87.29000091552734,87.33999633789062,87.1500015258789,87.2699966430664,65.69613647460938,23110100,0.0,0.0,0.0
2021-05-07,87.3499984741211,87.41000366210938,87.2300033569336,87.33000183105469,65.74132537841797,17872700,0.0,0.0,0.0
2021-05-10,87.36000061035156,87.37999725341797,87.12999725341797,87.12999725341797,65.59073638916016,16580800,0.0,0.0,0.0
2021-05-11,86.9000015258789,87.08999633789062,86.80999755859375,87.04000091552734,65.52301788330078,28683600,0.0,0.0,0.0
2021-05-12,86.91999816894531,86.9800033569336,86.62000274658203,86.62000274658203,65.20682525634766,31630100,0.0,0.0,0.0
2021-05-13,86.7699966430664,87.0,86.76000213623047,86.93000030517578,65.44019317626953,28689600,0.0,0.0,0.0
2021-05-14,87.05000305175781,87.20999908447266,87.0199966430664,87.20999908447266,65.65098571777344,22550800,0.0,0.0,0.0
2021-05-17,87.19999694824219,87.20999908447266,86.98999786376953,87.05000305175781,65.53054809570312,13545000,0.0,0.0,0.0
2021-05-18,87.16999816894531,87.16999816894531,86.83000183105469,86.83999633789062,65.3724365234375,16447500,0.0,0.0,0.0
2021-05-19,86.5999984741211,86.83999633789062,86.56999969482422,86.61000061035156,65.19929504394531,34701000,0.0,0.0,0.0
2021-05-20,86.68000030517578,87.33999633789062,86.68000030517578,86.9800033569336,65.47786712646484,28013700,0.0,0.0,0.0
2021-05-21,87.08000183105469,87.12999725341797,86.91999816894531,87.11000061035156,65.57566833496094,36466200,0.0,0.0,0.0
2021-05-24,87.18000030517578,87.30999755859375,87.0999984741211,87.20999908447266,65.65098571777344,24277800,0.0,0.0,0.0
2021-05-25,87.26000213623047,87.27999877929688,87.13999938964844,87.22000122070312,65.65851593017578,15466600,0.0,0.0,0.0
2021-05-26,87.16000366210938,87.2699966430664,87.16000366210938,87.25,65.68109893798828,14354900,0.0,0.0,0.0
2021-05-27,87.37999725341797,87.37999725341797,87.19999694824219,87.20999908447266,65.65098571777344,12682100,0.0,0.0,0.0
2021-05-28,87.30000305175781,87.3499984741211,87.18000030517578,87.18000030517578,65.6283950805664,15464100,0.0,0.0,0.0
2021-06-01,87.05999755859375,87.16000366210938,87.0,87.1500015258789,65.8255386352539,22655300,0.291,0.0,0.0
2021-06-02,87.1500015258789,87.2699966430664,87.12000274658203,87.26000213623047,65.90862274169922,13698300,0.0,0.0,0.0
2021-06-03,87.02999877929688,87.2300033569336,86.98999786376953,87.08000183105469,65.77264404296875,16701800,0.0,0.0,0.0
2021-06-04,87.2300033569336,87.30999755859375,87.16999816894531,87.2699966430664,65.9161605834961,26829200,0.0,0.0,0.0
2021-06-07,87.29000091552734,87.3499984741211,87.26000213623047,87.30000305175781,65.9388427734375,9189800,0.0,0.0,0.0
2021-06-08,87.44000244140625,87.44000244140625,87.30999755859375,87.36000061035156,65.98416137695312,10983900,0.0,0.0,0.0
2021-06-09,87.47000122070312,87.48999786376953,87.4000015258789,87.43000030517578,66.03699493408203,13232200,0.0,0.0,0.0
2021-06-10,87.5,87.66000366210938,87.45999908447266,87.58999633789062,66.15785217285156,15290000,0.0,0.0,0.0
2021-06-11,87.6500015258789,87.69000244140625,87.55000305175781,87.62000274658203,66.18053436279297,12559600,0.0,0.0,0.0
2021-06-14,87.58999633789062,87.58999633789062,87.47000122070312,87.54000091552734,66.1201400756836,19408600,0.0,0.0,0.0
2021-06-15,87.4800033569336,87.56999969482422,87.44000244140625,87.52999877929688,66.11253356933594,16037000,0.0,0.0,0.0
2021-06-16,87.52999877929688,87.56999969482422,87.26000213623047,87.41000366210938,66.02191925048828,21267200,0.0,0.0,0.0
2021-06-17,87.45999908447266,87.5,87.37999725341797,87.47000122070312,66.0672607421875,21099000,0.0,0.0,0.0
2021-06-18,87.33999633789062,87.44999694824219,87.29000091552734,87.43000030517578,66.03699493408203,35134500,0.0,0.0,0.0
2021-06-21,87.5199966430664,87.5999984741211,87.44999694824219,87.5999984741211,66.16542053222656,21265000,0.0,0.0,0.0
2021-06-22,87.56999969482422,87.66000366210938,87.5199966430664,87.66000366210938,66.21073150634766,14604400,0.0,0.0,0.0
2021-06-23,87.62999725341797,87.75,87.56999969482422,87.56999969482422,66.14274597167969,16583100,0.0,0.0,0.0
2021-06-24,87.73999786376953,87.83999633789062,87.69999694824219,87.83999633789062,66.3467025756836,12722300,0.0,0.0,0.0
2021-06-25,87.8499984741211,87.94999694824219,87.83000183105469,87.93000030517578,66.41470336914062,16175000,0.0,0.0,0.0
2021-06-28,87.97000122070312,87.97000122070312,87.86000061035156,87.91999816894531,66.40711975097656,16019300,0.0,0.0,0.0
2021-06-29,87.94000244140625,88.02999877929688,87.93000030517578,88.02999877929688,66.49021911621094,12728000,0.0,0.0,0.0
2021-06-30,87.97000122070312,88.06999969482422,87.95999908447266,88.04000091552734,66.49777221679688,26093500,0.0,0.0,0.0
2021-07-01,87.83000183105469,87.91999816894531,87.80999755859375,87.91999816894531,66.62810516357422,31932400,0.292,0.0,0.0
2021-07-02,87.95999908447266,88.06999969482422,87.91999816894531,88.05999755859375,66.73419952392578,11464800,0.0,0.0,0.0
2021-07-06,88.05999755859375,88.08000183105469,87.94000244140625,88.01000213623047,66.69630432128906,17784300,0.0,0.0,0.0
2021-07-07,88.08999633789062,88.0999984741211,87.93000030517578,88.04000091552734,66.71906280517578,11463700,0.0,0.0,0.0
2021-07-08,87.80999755859375,87.93000030517578,87.7699966430664,87.8499984741211,66.5750732421875,21936400,0.0,0.0,0.0
2021-07-09,87.87999725341797,88.0199966430664,87.87000274658203,88.0,66.68871307373047,17698100,0.0,0.0,0.0
2021-07-12,88.0,88.0199966430664,87.88999938964844,87.97000122070312,66.66597747802734,17546700,0.0,0.0,0.0
2021-07-13,87.91999816894531,87.95999908447266,87.69999694824219,87.70999908447266,66.4689712524414,26938600,0.0,0.0,0.0
2021-07-14,87.80999755859375,87.87999725341797,87.73999786376953,87.8499984741211,66.5750732421875,16100200,0.0,0.0,0.0
2021-07-15,87.7699966430664,87.81999969482422,87.72000122070312,87.79000091552734,66.52957916259766,16384800,0.0,0.0,0.0
2021-07-16,87.83999633789062,87.83999633789062,87.63999938964844,87.66999816894531,66.43863677978516,17820400,0.0,0.0,0.0
2021-07-19,87.45999908447266,87.48999786376953,86.9800033569336,87.08000183105469,65.99151611328125,54224700,0.0,0.0,0.0
2021-07-20,87.16000366210938,87.52999877929688,87.08000183105469,87.5199966430664,66.3249740600586,26941300,0.0,0.0,0.0
2021-07-21,87.58000183105469,87.76000213623047,87.55999755859375,87.7300033569336,66.48412322998047,18522600,0.0,0.0,0.0
2021-07-22,87.73999786376953,87.8499984741211,87.6500015258789,87.77999877929688,66.5219955444336,17110500,0.0,0.0,0.0
2021-07-23,87.87999725341797,87.98999786376953,87.83000183105469,87.94999694824219,66.65084075927734,19441000,0.0,0.0,0.0
2021-07-26,87.91999816894531,87.97000122070312,87.77999877929688,87.81999969482422,66.55232238769531,15282700,0.0,0.0,0.0
2021-07-27,87.69999694824219,87.7699966430664,87.55999755859375,87.69999694824219,66.46138000488281,19919000,0.0,0.0,0.0
2021-07-28,87.80000305175781,87.8499984741211,87.66999816894531,87.7699966430664,66.5144271850586,15129200,0.0,0.0,0.0
2021-07-29,87.83000183105469,88.0,87.83000183105469,87.95999908447266,66.6584243774414,18675000,0.0,0.0,0.0
2021-07-30,87.93000030517578,87.97000122070312,87.83999633789062,87.83999633789062,66.56748962402344,21062100,0.0,0.0,0.0
2021-08-02,87.66999816894531,87.69000244140625,87.33999633789062,87.33999633789062,66.40251922607422,27274400,0.283,0.0,0.0
2021-08-03,87.38999938964844,87.45999908447266,87.27999877929688,87.44000244140625,66.478515625,16058700,0.0,0.0,0.0
2021-08-04,87.37000274658203,87.41999816894531,87.27999877929688,87.27999877929688,66.35687255859375,17113300,0.0,0.0,0.0
2021-08-05,87.33000183105469,87.5199966430664,87.33000183105469,87.4800033569336,66.50894165039062,15465700,0.0,0.0,0.0
2021-08-06,87.43000030517578,87.5199966430664,87.37000274658203,87.37999725341797,66.43289184570312,12923200,0.0,0.0,0.0
2021-08-09,87.33999633789062,87.36000061035156,87.18000030517578,87.18000030517578,66.2808609008789,10788700,0.0,0.0,0.0
2021-08-10,87.19000244140625,87.19999694824219,86.97000122070312,86.9800033569336,66.12879943847656,31522900,0.0,0.0,0.0
2021-08-11,87.04000091552734,87.16000366210938,87.01000213623047,87.12000274658203,66.23524475097656,15834400,0.0,0.0,0.0
2021-08-12,87.12000274658203,87.29000091552734,87.08999633789062,87.2699966430664,66.3492660522461,14127800,0.0,0.0,0.0
2021-08-13,87.30000305175781,87.45999908447266,87.30000305175781,87.45999908447266,66.49371337890625,10016800,0.0,0.0,0.0
2021-08-16,87.44000244140625,87.48999786376953,87.3499984741211,87.48999786376953,66.51654815673828,12598100,0.0,0.0,0.0
2021-08-17,87.38999938964844,87.4000015258789,87.19999694824219,87.29000091552734,66.364501953125,18468400,0.0,0.0,0.0
2021-08-18,87.30000305175781,87.38999938964844,87.08999633789062,87.08999633789062,66.21244812011719,12147600,0.0,0.0,0.0
2021-08-19,87.0,87.19999694824219,86.94999694824219,87.08000183105469,66.2048110961914,20026700,0.0,0.0,0.0
2021-08-20,87.0999984741211,87.33000183105469,87.08999633789062,87.29000091552734,66.364501953125,16784100,0.0,0.0,0.0
2021-08-23,87.41000366210938,87.58999633789062,87.41000366210938,87.55999755859375,66.56975555419922,21933100,0.0,0.0,0.0
2021-08-24,87.58000183105469,87.69999694824219,87.55000305175781,87.68000030517578,66.66099548339844,20828100,0.0,0.0,0.0
2021-08-25,87.69999694824219,87.81999969482422,87.66000366210938,87.7699966430664,66.72940063476562,19085400,0.0,0.0,0.0
2021-08-26,87.76000213623047,87.7699966430664,87.58000183105469,87.72000122070312,66.69139862060547,17676100,0.0,0.0,0.0
2021-08-27,87.75,87.98999786376953,87.7300033569336,87.95999908447266,66.8738784790039,18519700,0.0,0.0,0.0
2021-08-30,87.9800033569336,88.0999984741211,87.95999908447266,88.06999969482422,66.95750427246094,11640000,0.0,0.0,0.0
2021-08-31,88.05999755859375,88.0999984741211,87.97000122070312,88.08999633789062,66.97273254394531,19163900,0.0,0.0,0.0
2021-09-01,87.83999633789062,87.9800033569336,87.81999969482422,87.88999938964844,67.02992248535156,22973500,0.275,0.0,0.0
2021-09-02,88.0,88.0199966430664,87.93000030517578,88.0,67.11378479003906,16521300,0.0,0.0,0.0
2021-09-03,87.95999908447266,88.04000091552734,87.88999938964844,88.01000213623047,67.12142944335938,6491000,0.0,0.0,0.0
2021-09-07,87.98999786376953,87.98999786376953,87.7699966430664,87.77999877929688,66.946044921875,11728800,0.0,0.0,0.0
2021-09-08,87.79000091552734,87.91000366210938,87.70999908447266,87.87999725341797,67.02230834960938,13020900,0.0,0.0,0.0
2021-09-09,87.87000274658203,87.9800033569336,87.86000061035156,87.95999908447266,67.08329772949219,23024700,0.0,0.0,0.0
2021-09-10,88.08000183105469,88.08999633789062,87.81999969482422,87.83000183105469,66.9841537475586,16112600,0.0,0.0,0.0
2021-09-13,87.94999694824219,88.05999755859375,87.88999938964844,88.05000305175781,67.15193939208984,17136900,0.0,0.0,0.0
2021-09-14,88.08000183105469,88.12000274658203,87.97000122070312,88.01000213623047,67.12142944335938,20108000,0.0,0.0,0.0
2021-09-15,88.0199966430664,88.13999938964844,88.01000213623047,88.13999938964844,67.22057342529297,17069500,0.0,0.0,0.0
2021-09-16,88.11000061035156,88.13999938964844,87.94999694824219,88.11000061035156,67.19766998291016,13859700,0.0,0.0,0.0
2021-09-17,88.08000183105469,88.08999633789062,87.97000122070312,88.0,67.11378479003906,38948500,0.0,0.0,0.0
2021-09-20,87.5999984741211,87.80999755859375,87.55000305175781,87.69000244140625,66.87737274169922,49641000,0.0,0.0,0.0
2021-09-21,87.83000183105469,87.87999725341797,87.68000030517578,87.83999633789062,66.99177551269531,27304200,0.0,0.0,0.0
2021-09-22,87.97000122070312,88.08000183105469,87.8499984741211,88.0,67.11378479003906,24344800,0.0,0.0,0.0
2021-09-23,88.05000305175781,88.16000366210938,87.95999908447266,88.04000091552734,67.14434051513672,27590300,0.0,0.0,0.0
2021-09-24,87.95999908447266,88.0199966430664,87.86000061035156,87.91000366210938,67.045166015625,21713200,0.0,0.0,0.0
2021-09-27,87.76000213623047,87.88999938964844,87.7300033569336,87.83000183105469,66.9841537475586,17652900,0.0,0.0,0.0
2021-09-28,87.66000366210938,87.69999694824219,87.37999725341797,87.43000030517578,66.6790771484375,35515900,0.0,0.0,0.0
2021-09-29,87.52999877929688,87.70999908447266,87.51000213623047,87.58999633789062,66.80108642578125,19783400,0.0,0.0,0.0
2021-09-30,87.63999938964844,87.68000030517578,87.37999725341797,87.48999786376953,66.72484588623047,41680700,0.0,0.0,0.0
2021-10-01,87.3499984741211,87.4800033569336,87.13999938964844,87.41000366210938,66.88478088378906,30062800,0.289,0.0,0.0
2021-10-04,87.3499984741211,87.37999725341797,87.08000183105469,87.0999984741211,66.64754486083984,24726400,0.0,0.0,0.0
2021-10-05,87.19000244140625,87.22000122070312,87.02999877929688,87.05999755859375,66.616943359375,22347700,0.0,0.0,0.0
2021-10-06,86.87000274658203,87.04000091552734,86.7699966430664,87.01000213623047,66.57869720458984,28905900,0.0,0.0,0.0
2021-10-07,87.12999725341797,87.30000305175781,86.95999908447266,87.0199966430664,66.58635711669922,29054000,0.0,0.0,0.0
2021-10-08,87.0,87.05000305175781,86.76000213623047,86.76000213623047,66.38738250732422,28064300,0.0,0.0,0.0
2021-10-11,86.76000213623047,86.80999755859375,86.48999786376953,86.48999786376953,66.18080139160156,16068400,0.0,0.0,0.0
2021-10-12,86.5999984741211,86.7699966430664,86.58000183105469,86.6500015258789,66.30325317382812,32922200,0.0,0.0,0.0
2021-10-13,86.69999694824219,86.87999725341797,86.55999755859375,86.87999725341797,66.4792251586914,29370400,0.0,0.0,0.0
2021-10-14,87.05000305175781,87.37999725341797,87.04000091552734,87.37000274658203,66.85415649414062,26937000,0.0,0.0,0.0
2021-10-15,87.38999938964844,87.38999938964844,87.16999816894531,87.22000122070312,66.73937225341797,29782900,0.0,0.0,0.0
2021-10-18,87.0199966430664,87.18000030517578,86.98999786376953,87.18000030517578,66.70877075195312,20338400,0.0,0.0,0.0
2021-10-19,87.18000030517578,87.25,87.12000274658203,87.23999786376953,66.75470733642578,26103300,0.0,0.0,0.0
2021-10-20,87.25,87.29000091552734,87.19000244140625,87.2699966430664,66.77764129638672,19720100,0.0,0.0,0.0
2021-10-21,87.25,87.29000091552734,86.98999786376953,87.05000305175781,66.60930633544922,19273600,0.0,0.0,0.0
2021-10-22,87.0199966430664,87.05999755859375,86.80000305175781,86.83999633789062,66.44860076904297,20734400,0.0,0.0,0.0
2021-10-25,86.94000244140625,87.08000183105469,86.7699966430664,86.98999786376953,66.56339263916016,20230000,0.0,0.0,0.0
2021-10-26,87.12000274658203,87.19999694824219,87.01000213623047,87.01000213623047,66.57869720458984,19617200,0.0,0.0,0.0
2021-10-27,87.0999984741211,87.12999725341797,86.93000030517578,86.94000244140625,66.52509307861328,18521300,0.0,0.0,0.0
2021-10-28,86.9800033569336,87.16000366210938,86.9800033569336,87.16000366210938,66.69345092773438,16374700,0.0,0.0,0.0
2021-10-29,87.0199966430664,87.05000305175781,86.93000030517578,86.93000030517578,66.51748657226562,26521600,0.0,0.0,0.0
2021-11-01,86.7300033569336,86.77999877929688,86.55000305175781,86.55999755859375,66.44607543945312,29987000,0.277,0.0,0.0
2021-11-02,86.55999755859375,86.83999633789062,86.55999755859375,86.7699966430664,66.6072769165039,26441600,0.0,0.0,0.0
2021-11-03,86.70999908447266,86.95999908447266,86.69000244140625,86.94000244140625,66.73778533935547,22984200,0.0,0.0,0.0
2021-11-04,87.0199966430664,87.55999755859375,87.0,87.16999816894531,66.91432189941406,28989800,0.0,0.0,0.0
2021-11-05,87.30000305175781,87.5199966430664,87.25,87.5,67.16766357421875,27595000,0.0,0.0,0.0
2021-11-08,87.58999633789062,87.61000061035156,87.33999633789062,87.38999938964844,67.08322143554688,11957900,0.0,0.0,0.0
2021-11-09,87.38999938964844,87.45999908447266,87.27999877929688,87.45999908447266,67.13695526123047,13732600,0.0,0.0,0.0
2021-11-10,87.3499984741211,87.3499984741211,86.94000244140625,86.97000122070312,66.76081085205078,30438400,0.0,0.0,0.0
2021-11-11,87.02999877929688,87.04000091552734,86.81999969482422,86.81999969482422,66.64567565917969,10086100,0.0,0.0,0.0
2021-11-12,86.91999816894531,87.05000305175781,86.83999633789062,86.8499984741211,66.6687240600586,26392400,0.0,0.0,0.0
2021-11-15,86.91000366210938,86.91999816894531,86.7300033569336,86.75,66.5919418334961,17057100,0.0,0.0,0.0
2021-11-16,86.7699966430664,86.87000274658203,86.73999786376953,86.79000091552734,66.62262725830078,14302000,0.0,0.0,0.0
2021-11-17,86.81999969482422,86.83999633789062,86.69999694824219,86.69999694824219,66.55355834960938,17919200,0.0,0.0,0.0
2021-11-18,86.80999755859375,86.80999755859375,86.62999725341797,86.62999725341797,66.49980163574219,23421300,0.0,0.0,0.0
2021-11-19,86.62999725341797,86.7699966430664,86.55999755859375,86.55999755859375,66.44607543945312,45282700,0.0,0.0,0.0
2021-11-22,86.63999938964844,86.66999816894531,86.22000122070312,86.2300033569336,66.19275665283203,26266000,0.0,0.0,0.0
2021-11-23,86.2300033569336,86.37000274658203,86.02999877929688,86.11000061035156,66.10064697265625,33967100,0.0,0.0,0.0
2021-11-24,86.0,86.11000061035156,85.76000213623047,86.08999633789062,66.08525848388672,31158800,0.0,0.0,0.0
2021-11-26,85.61000061035156,85.62000274658203,85.33999633789062,85.47000122070312,65.60936737060547,36123400,0.0,0.0,0.0
2021-11-29,85.80999755859375,86.12999725341797,85.76000213623047,86.0,66.01622009277344,31728900,0.0,0.0,0.0
2021-11-30,85.95999908447266,86.06999969482422,85.5199966430664,85.63999938964844,65.73985290527344,35465700,0.0,0.0,0.0
2021-12-01,85.7699966430664,85.94000244140625,85.31999969482422,85.37000274658203,65.74911499023438,41845200,0.282,0.0,0.0
2021-12-02,85.41999816894531,86.05999755859375,85.41000366210938,86.0,66.23431396484375,42383500,0.0,0.0,0.0
2021-12-03,86.05000305175781,86.0999984741211,85.83000183105469,86.0,66.23431396484375,47368800,0.0,0.0,0.0
2021-12-06,86.02999877929688,86.4800033569336,86.0,86.37999725341797,66.52698516845703,28211300,0.0,0.0,0.0
2021-12-07,86.70999908447266,87.06999969482422,86.63999938964844,86.83999633789062,66.8812484741211,42893500,0.0,0.0,0.0
2021-12-08,86.77999877929688,86.87000274658203,86.68000030517578,86.81999969482422,66.86585235595703,26598200,0.0,0.0,0.0
2021-12-09,86.80000305175781,86.80000305175781,86.43000030517578,86.43000030517578,66.56549072265625,24939100,0.0,0.0,0.0
2021-12-10,86.55999755859375,86.66000366210938,86.52999877929688,86.62999725341797,66.71951293945312,20247200,0.0,0.0,0.0
2021-12-13,86.62999725341797,86.70999908447266,86.55999755859375,86.62999725341797,66.71951293945312,17125800,0.0,0.0,0.0
2021-12-14,86.5,86.58999633789062,86.33000183105469,86.4800033569336,66.60401153564453,20310500,0.0,0.0,0.0
2021-12-15,86.47000122070312,86.83999633789062,86.33000183105469,86.80999755859375,66.85813903808594,31699000,0.0,0.0,0.0
2021-12-16,86.55000305175781,86.62999725341797,86.38999938964844,86.44999694824219,66.80867767333984,27374000,0.296,0.0,0.0
2021-12-17,86.36000061035156,86.51000213623047,86.20999908447266,86.37000274658203,66.74688720703125,27248200,0.0,0.0,0.0
2021-12-20,86.12999725341797,86.29000091552734,86.08999633789062,86.22000122070312,66.63092803955078,27560400,0.0,0.0,0.0
2021-12-21,86.33999633789062,86.69000244140625,86.33999633789062,86.68000030517578,66.9864273071289,24390500,0.0,0.0,0.0
2021-12-22,86.6500015258789,86.93000030517578,86.63999938964844,86.91000366210938,67.16415405273438,17433300,0.0,0.0,0.0
2021-12-23,86.95999908447266,87.20999908447266,86.94000244140625,87.16000366210938,67.35738372802734,15612100,0.0,0.0,0.0
2021-12-27,87.16999816894531,87.31999969482422,87.12999725341797,87.25,67.42691040039062,13396700,0.0,0.0,0.0
2021-12-28,87.22000122070312,87.23999786376953,87.08000183105469,87.20999908447266,67.39601135253906,17150700,0.0,0.0,0.0
2021-12-29,87.1500015258789,87.18000030517578,87.05000305175781,87.06999969482422,67.28780364990234,16760300,0.0,0.0,0.0
2021-12-30,87.0999984741211,87.0999984741211,86.98999786376953,87.02999877929688,67.25691223144531,12326100,0.0,0.0,0.0
2021-12-31,87.05999755859375,87.12000274658203,86.9800033569336,87.01000213623047,67.24146270751953,11505300,0.0,0.0,0.0
2022-01-03,86.91999816894531,86.97000122070312,86.76000213623047,86.97000122070312,67.21054077148438,35368400,0.0,0.0,0.0
2022-01-04,87.0,87.0,86.66999816894531,86.75,67.04052734375,33609900,0.0,0.0,0.0
2022-01-05,86.73999786376953,86.77999877929688,86.08000183105469,86.08000183105469,66.52278137207031,44808500,0.0,0.0,0.0
2022-01-06,86.0999984741211,86.31999969482422,86.05000305175781,86.08999633789062,66.53047180175781,42823200,0.0,0.0,0.0
2022-01-07,86.08999633789062,86.0999984741211,85.86000061035156,85.87000274658203,66.3604507446289,34630100,0.0,0.0,0.0
2022-01-10,85.76000213623047,85.95999908447266,85.37000274658203,85.94000244140625,66.41456604003906,52621800,0.0,0.0,0.0
2022-01-11,85.98999786376953,86.33999633789062,85.75,86.33999633789062,66.72367858886719,32513100,0.0,0.0,0.0
2022-01-12,86.47000122070312,86.5199966430664,86.33999633789062,86.4800033569336,66.83189392089844,24621400,0.0,0.0,0.0
2022-01-13,86.45999908447266,86.5,86.13999938964844,86.16999816894531,66.59231567382812,31699700,0.0,0.0,0.0
2022-01-14,86.11000061035156,86.2300033569336,86.0,86.08999633789062,66.53047180175781,31046200,0.0,0.0,0.0
2022-01-18,85.83999633789062,85.8499984741211,85.61000061035156,85.66999816894531,66.20590209960938,46331500,0.0,0.0,0.0
2022-01-19,85.81999969482422,85.95999908447266,85.55999755859375,85.58999633789062,66.14407348632812,31390200,0.0,0.0,0.0
2022-01-20,85.75,85.97000122070312,85.41000366210938,85.43000030517578,66.0204086303711,38217700,0.0,0.0,0.0
2022-01-21,85.43000030517578,85.5999984741211,85.33000183105469,85.44000244140625,66.02814483642578,57098000,0.0,0.0,0.0
2022-01-24,85.19000244140625,85.41000366210938,84.7699966430664,85.3499984741211,65.95862579345703,79230800,0.0,0.0,0.0
2022-01-25,85.08999633789062,85.29000091552734,84.9000015258789,85.0999984741211,65.76541900634766,43642700,0.0,0.0,0.0
2022-01-26,85.47000122070312,85.87000274658203,84.69999694824219,84.80999755859375,65.54132080078125,63574900,0.0,0.0,0.0
2022-01-27,85.0199966430664,85.12000274658203,84.25,84.44000244140625,65.2553939819336,47351000,0.0,0.0,0.0
2022-01-28,84.25,84.69000244140625,83.94999694824219,84.68000030517578,65.44083404541016,51496700,0.0,0.0,0.0
2022-01-31,84.5,84.83000183105469,84.22000122070312,84.69999694824219,65.45625305175781,78932100,0.0,0.0,0.0
2022-02-01,84.6500015258789,84.77999877929688,84.37000274658203,84.7300033569336,65.71611785888672,42377300,0.305,0.0,0.0
2022-02-02,84.9000015258789,84.95999908447266,84.61000061035156,84.86000061035156,65.81692504882812,29261500,0.0,0.0,0.0
2022-02-03,84.47000122070312,84.54000091552734,84.08999633789062,84.0999984741211,65.22746276855469,44760800,0.0,0.0,0.0
2022-02-04,83.76000213623047,83.9000015258789,83.19999694824219,83.7699966430664,64.97154998779297,65508300,0.0,0.0,0.0
2022-02-07,83.54000091552734,83.86000061035156,83.41999816894531,83.70999908447266,64.92499542236328,37620700,0.0,0.0,0.0
2022-02-08,83.77999877929688,83.8499984741211,83.58000183105469,83.62000274658203,64.8552017211914,39549000,0.0,0.0,0.0
2022-02-09,83.94000244140625,84.12000274658203,83.94000244140625,84.05999755859375,65.19644927978516,37641800,0.0,0.0,0.0
2022-02-10,83.54000091552734,83.83000183105469,82.94000244140625,82.94999694824219,64.33555603027344,57751400,0.0,0.0,0.0
2022-02-11,83.2300033569336,83.25,82.44999694824219,82.66000366210938,64.11064147949219,58997100,0.0,0.0,0.0
2022-02-14,82.6500015258789,82.83000183105469,82.22000122070312,82.5199966430664,64.00206756591797,36550200,0.0,0.0,0.0
2022-02-15,82.73999786376953,82.80999755859375,82.55999755859375,82.66000366210938,64.11064147949219,32724800,0.0,0.0,0.0
2022-02-16,82.61000061035156,83.18000030517578,82.54000091552734,83.12000274658203,64.46741485595703,38996000,0.0,0.0,0.0
2022-02-17,82.97000122070312,82.97000122070312,82.70999908447266,82.7699966430664,64.19596862792969,30755200,0.0,0.0,0.0
2022-02-18,82.69000244140625,82.98999786376953,82.62000274658203,82.88999938964844,64.28900146484375,43848800,0.0,0.0,0.0
2022-02-22,82.83999633789062,83.05000305175781,82.58999633789062,82.69999694824219,64.14164733886719,37004300,0.0,0.0,0.0
2022-02-23,82.8499984741211,82.91000366210938,82.52999877929688,82.55000305175781,64.02535247802734,36545400,0.0,0.0,0.0
2022-02-24,81.91000366210938,83.18000030517578,81.83000183105469,83.13999938964844,64.48290252685547,56132500,0.0,0.0,0.0
2022-02-25,83.22000122070312,83.62999725341797,83.22000122070312,83.61000061035156,64.84747314453125,44118800,0.0,0.0,0.0
2022-02-28,83.22000122070312,83.87999725341797,83.22000122070312,83.66999816894531,64.89398193359375,54006400,0.0,0.0,0.0
2022-03-01,83.43000030517578,83.63999938964844,82.94999694824219,83.12999725341797,64.71259307861328,43268500,0.307,0.0,0.0
2022-03-02,83.08000183105469,83.36000061035156,82.94000244140625,83.33000183105469,64.86830139160156,41489200,0.0,0.0,0.0
2022-03-03,83.4800033569336,83.5,82.20999908447266,83.08000183105469,64.6737060546875,23594200,0.0,0.0,0.0
2022-03-04,82.94000244140625,82.94000244140625,82.4800033569336,82.54000091552734,64.2533187866211,32141100,0.0,0.0,0.0
2022-03-07,82.38999938964844,82.41000366210938,81.75,81.81999969482422,63.6928596496582,43675900,0.0,0.0,0.0
2022-03-08,81.87999725341797,82.08999633789062,81.5,81.52999877929688,63.46708297729492,57474500,0.0,0.0,0.0
2022-03-09,82.01000213623047,82.31999969482422,81.8499984741211,82.20999908447266,63.99644470214844,31143000,0.0,0.0,0.0
2022-03-10,81.76000213623047,81.87000274658203,81.41999816894531,81.5199966430664,63.459293365478516,46408900,0.0,0.0,0.0
2022-03-11,81.62999725341797,81.6500015258789,80.86000061035156,80.93000030517578,63.000022888183594,40097000,0.0,0.0,0.0
2022-03-14,80.8499984741211,80.87000274658203,79.87999725341797,79.97000122070312,62.25270462036133,61536700,0.0,0.0,0.0
2022-03-15,80.12999725341797,80.76000213623047,80.0999984741211,80.56999969482422,62.719783782958984,57385300,0.0,0.0,0.0
2022-03-16,80.95999908447266,81.73999786376953,80.55000305175781,81.69999694824219,63.59942626953125,66254800,0.0,0.0,0.0
2022-03-17,81.7699966430664,82.30000305175781,81.75,82.26000213623047,64.03535461425781,48573700,0.0,0.0,0.0
2022-03-18,82.0999984741211,82.54000091552734,81.94999694824219,82.52999877929688,64.24552917480469,59780500,0.0,0.0,0.0
2022-03-21,82.38999938964844,82.44999694824219,81.41999816894531,81.58000183105469,63.50600814819336,62364300,0.0,0.0,0.0
2022-03-22,81.66000366210938,82.06999969482422,81.5,82.0,63.83295822143555,40148600,0.0,0.0,0.0
2022-03-23,81.86000061035156,82.01000213623047,81.58999633789062,81.73999786376953,63.63054275512695,36294900,0.0,0.0,0.0
2022-03-24,81.7300033569336,81.94000244140625,81.5199966430664,81.91000366210938,63.76289749145508,18435800,0.0,0.0,0.0
2022-03-25,81.91999816894531,81.91999816894531,81.26000213623047,81.31999969482422,63.303619384765625,36497500,0.0,0.0,0.0
2022-03-28,81.27999877929688,81.8499984741211,81.26000213623047,81.83000183105469,63.700599670410156,26886100,0.0,0.0,0.0
2022-03-29,82.19999694824219,82.86000061035156,82.1500015258789,82.83999633789062,64.48685455322266,49781100,0.0,0.0,0.0
2022-03-30,82.62000274658203,82.69999694824219,82.38999938964844,82.58999633789062,64.2922592163086,43905200,0.0,0.0,0.0
2022-03-31,82.69000244140625,82.7300033569336,82.2699966430664,82.29000091552734,64.05870819091797,40717600,0.0,0.0,0.0
2022-04-01,81.83000183105469,82.02999877929688,81.6500015258789,81.94999694824219,64.05401611328125,31316100,0.334,0.0,0.0
2022-04-04,82.0199966430664,82.58000183105469,82.0,82.56999969482422,64.53861999511719,32710900,0.0,0.0,0.0
2022-04-05,82.38999938964844,82.47000122070312,81.47000122070312,81.5,63.70228576660156,51886400,0.0,0.0,0.0
2022-04-06,80.94000244140625,81.4000015258789,80.69000244140625,80.86000061035156,63.20206069946289,67118000,0.0,0.0,0.0
2022-04-07,80.94000244140625,81.04000091552734,80.72000122070312,80.7300033569336,63.100433349609375,42831400,0.0,0.0,0.0
2022-04-08,80.4800033569336,80.7300033569336,80.2300033569336,80.23999786376953,62.71742248535156,42177200,0.0,0.0,0.0
2022-04-11,79.9800033569336,80.06999969482422,79.58000183105469,79.69000244140625,62.287567138671875,42293400,0.0,0.0,0.0
2022-04-12,80.23999786376953,80.62000274658203,80.06999969482422,80.30000305175781,62.76435089111328,38031000,0.0,0.0,0.0
2022-04-13,80.44000244140625,80.87999725341797,80.37999725341797,80.77999877929688,63.1395263671875,31635500,0.0,0.0,0.0
2022-04-14,80.77999877929688,80.88999938964844,80.02999877929688,80.23999786376953,62.71742248535156,45130400,0.0,0.0,0.0
2022-04-18,80.16000366210938,80.36000061035156,80.0,80.11000061035156,62.615814208984375,20864100,0.0,0.0,0.0
2022-04-19,79.95999908447266,80.19000244140625,79.86000061035156,80.04000091552734,62.561126708984375,29920800,0.0,0.0,0.0
2022-04-20,80.27999877929688,80.44000244140625,80.16000366210938,80.29000091552734,62.75654602050781,25769700,0.0,0.0,0.0
2022-04-21,80.48999786376953,80.54000091552734,79.66999816894531,79.73999786376953,62.32661437988281,38695100,0.0,0.0,0.0
2022-04-22,79.63999938964844,79.66000366210938,79.16999816894531,79.26000213623047,61.95145034790039,28243000,0.0,0.0,0.0
2022-04-25,79.4000015258789,80.0,79.2699966430664,79.93000030517578,62.47512435913086,35914500,0.0,0.0,0.0
2022-04-26,79.9000015258789,79.9000015258789,79.44999694824219,79.45999908447266,62.107791900634766,31171600,0.0,0.0,0.0
2022-04-27,79.47000122070312,79.66999816894531,78.98999786376953,79.06999969482422,61.802940368652344,37598600,0.0,0.0,0.0
2022-04-28,79.23999786376953,79.62999725341797,78.94000244140625,79.51000213623047,62.146854400634766,30808800,0.0,0.0,0.0
2022-04-29,79.13999938964844,79.25,78.4800033569336,78.52999877929688,61.38084030151367,35697100,0.0,0.0,0.0
2022-05-02,78.16000366210938,78.30000305175781,77.83000183105469,78.2300033569336,61.384788513183594,38674400,0.305,0.0,0.0
2022-05-03,78.4000015258789,78.76000213623047,78.3499984741211,78.63999938964844,61.70648956298828,42665700,0.0,0.0,0.0
2022-05-04,78.6500015258789,79.6500015258789,78.08000183105469,79.44000244140625,62.334228515625,55154900,0.0,0.0,0.0
2022-05-05,78.97000122070312,79.0199966430664,77.80999755859375,78.02999877929688,61.22786331176758,53807900,0.0,0.0,0.0
2022-05-06,77.62999725341797,78.0,77.41000366210938,77.58999633789062,60.882598876953125,39256900,0.0,0.0,0.0
2022-05-09,77.12999725341797,77.30999755859375,76.72000122070312,76.7699966430664,60.23918533325195,38442700,0.0,0.0,0.0
2022-05-10,77.38999938964844,77.52999877929688,76.83999633789062,77.20999908447266,60.584407806396484,48419700,0.0,0.0,0.0
2022-05-11,77.0,77.48999786376953,76.73999786376953,76.75,60.22349548339844,42473500,0.0,0.0,0.0
2022-05-12,76.66000366210938,76.9800033569336,76.4000015258789,76.72000122070312,60.19994354248047,49069700,0.0,0.0,0.0
2022-05-13,76.9800033569336,77.05999755859375,76.43000030517578,76.80999755859375,60.270572662353516,49084400,0.0,0.0,0.0
2022-05-16,76.83999633789062,76.95999908447266,76.56999969482422,76.69999694824219,60.18424987792969,33300100,0.0,0.0,0.0
2022-05-17,76.86000061035156,76.87000274658203,76.44000244140625,76.62999725341797,60.12932586669922,41666500,0.0,0.0,0.0
2022-05-18,76.20999908447266,76.25,75.91000366210938,76.0,59.63497543334961,47647800,0.0,0.0,0.0
2022-05-19,75.94999694824219,76.66999816894531,75.87000274658203,76.51000213623047,60.03517150878906,53929100,0.0,0.0,0.0
2022-05-20,76.77999877929688,76.80000305175781,76.2300033569336,76.45999908447266,59.995914459228516,56691000,0.0,0.0,0.0
2022-05-23,76.63999938964844,76.86000061035156,76.58000183105469,76.76000213623047,60.2313346862793,29917100,0.0,0.0,0.0
2022-05-24,76.58000183105469,77.26000213623047,76.55000305175781,77.22000122070312,60.592247009277344,42246500,0.0,0.0,0.0
2022-05-25,77.30999755859375,78.44000244140625,77.2699966430664,78.38999938964844,61.51032638549805,56661500,0.0,0.0,0.0
2022-05-26,78.68000030517578,79.5199966430664,78.47000122070312,79.4800033569336,62.36564254760742,64773400,0.0,0.0,0.0
2022-05-27,79.80000305175781,80.19000244140625,79.61000061035156,80.19000244140625,62.922733306884766,52813100,0.0,0.0,0.0
2022-05-31,79.73999786376953,79.86000061035156,79.31999969482422,79.5,62.38132858276367,68424700,0.0,0.0,0.0
2022-06-01,79.2300033569336,79.44999694824219,78.75,78.9000015258789,62.150535583496094,87646100,0.307,0.0,0.0
2022-06-02,78.91999816894531,79.23999786376953,78.69000244140625,79.2300033569336,62.41047668457031,34752500,0.0,0.0,0.0
2022-06-03,78.87000274658203,78.87000274658203,78.5199966430664,78.63999938964844,61.94572067260742,36008000,0.0,0.0,0.0
2022-06-06,78.77999877929688,78.80000305175781,77.95999908447266,78.05000305175781,61.480953216552734,35756100,0.0,0.0,0.0
2022-06-07,77.79000091552734,78.31999969482422,77.7300033569336,78.2300033569336,61.62277603149414,31499900,0.0,0.0,0.0
2022-06-08,78.04000091552734,78.06999969482422,77.45999908447266,77.55999755859375,61.09497833251953,25361600,0.0,0.0,0.0
2022-06-09,77.26000213623047,77.51000213623047,76.79000091552734,76.94000244140625,60.606605529785156,49468700,0.0,0.0,0.0
2022-06-10,76.19999694824219,76.22000122070312,75.27999877929688,75.62999725341797,59.57469940185547,59907000,0.0,0.0,0.0
2022-06-13,74.25,74.30999755859375,72.88999938964844,73.0999984741211,57.581783294677734,122714600,0.0,0.0,0.0
2022-06-14,73.44999694824219,74.2300033569336,73.05000305175781,73.58000183105469,57.95991134643555,62818600,0.0,0.0,0.0
2022-06-15,74.19999694824219,75.38999938964844,74.04000091552734,75.01000213623047,59.0863151550293,70628200,0.0,0.0,0.0
2022-06-16,73.9000015258789,74.1500015258789,73.22000122070312,73.81999969482422,58.148948669433594,61583400,0.0,0.0,0.0
2022-06-17,73.98999786376953,74.56999969482422,73.80999755859375,74.05000305175781,58.330108642578125,49281000,0.0,0.0,0.0
2022-06-21,74.5,74.66999816894531,73.93000030517578,74.0,58.29072952270508,45924600,0.0,0.0,0.0
2022-06-22,73.87000274658203,74.25,73.80999755859375,73.9800033569336,58.27495574951172,38204800,0.0,0.0,0.0
2022-06-23,74.19000244140625,74.58000183105469,74.08000183105469,74.51000213623047,58.69245147705078,30961800,0.0,0.0,0.0
2022-06-24,74.75,75.36000061035156,74.58999633789062,75.04000091552734,59.10994338989258,38198600,0.0,0.0,0.0
2022-06-27,75.0999984741211,75.0999984741211,74.58000183105469,74.58000183105469,58.74760055541992,25658200,0.0,0.0,0.0
2022-06-28,74.69000244140625,74.79000091552734,73.75,73.76000213623047,58.101688385009766,39303800,0.0,0.0,0.0
2022-06-29,73.72000122070312,73.79000091552734,73.43000030517578,73.6500015258789,58.015037536621094,36806800,0.0,0.0,0.0
2022-06-30,73.33000183105469,73.83000183105469,73.05999755859375,73.61000061035156,57.9835205078125,45139900,0.0,0.0,0.0
2022-07-01,73.5,74.2300033569336,73.44999694824219,73.9800033569336,58.53660583496094,38849300,0.329,0.0,0.0
2022-07-05,73.51000213623047,73.9800033569336,73.02999877929688,73.91000366210938,58.48119354248047,38316200,0.0,0.0,0.0
2022-07-06,73.79000091552734,74.0,73.5199966430664,73.62999725341797,58.2596435546875,44706000,0.0,0.0,0.0
2022-07-07,74.08999633789062,74.87999725341797,74.02999877929688,74.83000183105469,59.209144592285156,44430400,0.0,0.0,0.0
2022-07-08,74.55999755859375,74.95999908447266,74.36000061035156,74.88999938964844,59.25661087036133,31230300,0.0,0.0,0.0
2022-07-11,74.80000305175781,74.91999816894531,74.44999694824219,74.47000122070312,58.924320220947266,28213700,0.0,0.0,0.0
2022-07-12,74.55999755859375,74.9000015258789,74.5,74.7699966430664,59.16169357299805,24036500,0.0,0.0,0.0
2022-07-13,74.0,74.91999816894531,73.91999816894531,74.69000244140625,59.098384857177734,46874900,0.0,0.0,0.0
2022-07-14,74.08000183105469,74.62999725341797,73.61000061035156,74.55000305175781,58.98761749267578,53953100,0.0,0.0,0.0
2022-07-15,74.7699966430664,75.5,74.76000213623047,75.5,59.739288330078125,48360800,0.0,0.0,0.0
2022-07-18,75.69000244140625,75.72000122070312,74.69000244140625,74.7699966430664,59.16169357299805,33302800,0.0,0.0,0.0
2022-07-19,75.04000091552734,75.94000244140625,75.04000091552734,75.76000213623047,59.94504928588867,31028200,0.0,0.0,0.0
2022-07-20,76.05999755859375,76.62000274658203,75.87999725341797,76.08999633789062,60.206119537353516,82881900,0.0,0.0,0.0
2022-07-21,76.0199966430664,77.05999755859375,75.93000030517578,76.98999786376953,60.91826629638672,52282000,0.0,0.0,0.0
2022-07-22,77.11000061035156,77.54000091552734,76.6500015258789,76.88999938964844,60.83913040161133,51055800,0.0,0.0,0.0
2022-07-25,76.94999694824219,77.08999633789062,76.6500015258789,76.87000274658203,60.82331848144531,26032000,0.0,0.0,0.0
2022-07-26,76.62000274658203,76.70999908447266,76.27999877929688,76.33000183105469,60.39603805541992,24151200,0.0,0.0,0.0
2022-07-27,76.66999816894531,77.47000122070312,76.66999816894531,77.16999816894531,61.0606575012207,35075700,0.0,0.0,0.0
2022-07-28,77.54000091552734,78.0199966430664,77.2300033569336,77.95999908447266,61.68577575683594,42335900,0.0,0.0,0.0
2022-07-29,77.95999908447266,78.3499984741211,77.75,78.19000244140625,61.86775588989258,33606800,0.0,0.0,0.0
2022-08-01,77.63999938964844,78.08000183105469,77.51000213623047,77.91000366210938,61.88683319091797,31595600,0.304,0.0,0.0
2022-08-02,77.7699966430664,77.86000061035156,77.5,77.55000305175781,61.60087585449219,40604400,0.0,0.0,0.0
2022-08-03,77.77999877929688,78.25,77.56999969482422,78.2300033569336,62.14102554321289,35660900,0.0,0.0,0.0
2022-08-04,78.33999633789062,78.44999694824219,78.11000061035156,78.44000244140625,62.307804107666016,24386400,0.0,0.0,0.0
2022-08-05,77.5,78.11000061035156,77.38999938964844,78.04000091552734,61.99009704589844,31006700,0.0,0.0,0.0
2022-08-08,78.33999633789062,78.6500015258789,78.05000305175781,78.11000061035156,62.04568099975586,19465600,0.0,0.0,0.0
2022-08-09,77.93000030517578,77.95999908447266,77.5,77.52999877929688,61.5849723815918,24675700,0.0,0.0,0.0
2022-08-10,78.5199966430664,78.7699966430664,78.38999938964844,78.69000244140625,62.50640869140625,38121800,0.0,0.0,0.0
2022-08-11,79.19999694824219,79.31999969482422,78.12999725341797,78.23999786376953,62.148956298828125,37778700,0.0,0.0,0.0
2022-08-12,78.5199966430664,78.97000122070312,78.29000091552734,78.94000244140625,62.70499801635742,16912300,0.0,0.0,0.0
2022-08-15,78.81999969482422,79.0,78.6500015258789,78.80000305175781,62.59380340576172,18441100,0.0,0.0,0.0
2022-08-16,78.7300033569336,78.7300033569336,78.26000213623047,78.43000030517578,62.29987716674805,22963200,0.0,0.0,0.0
2022-08-17,77.87999725341797,78.04000091552734,77.58999633789062,77.62000274658203,61.65647506713867,28774600,0.0,0.0,0.0
2022-08-18,77.80999755859375,77.87999725341797,77.66000366210938,77.73999786376953,61.75177764892578,19089300,0.0,0.0,0.0
2022-08-19,77.33000183105469,77.37000274658203,76.77999877929688,76.94999694824219,61.1242561340332,45428900,0.0,0.0,0.0
2022-08-22,76.36000061035156,76.4000015258789,76.01000213623047,76.08000183105469,60.43318557739258,42014200,0.0,0.0,0.0
2022-08-23,76.0999984741211,76.4000015258789,75.83000183105469,76.2699966430664,60.58411407470703,33240000,0.0,0.0,0.0
2022-08-24,76.23999786376953,76.5,76.16000366210938,76.36000061035156,60.65560531616211,16917400,0.0,0.0,0.0
2022-08-25,76.58000183105469,77.13999938964844,76.44999694824219,77.08000183105469,61.2275390625,20080000,0.0,0.0,0.0
2022-08-26,77.12000274658203,77.12000274658203,75.73999786376953,75.80999755859375,60.21872329711914,34460600,0.0,0.0,0.0
2022-08-29,75.3499984741211,75.7699966430664,75.26000213623047,75.5199966430664,59.98836135864258,28020200,0.0,0.0,0.0
2022-08-30,75.5999984741211,75.66000366210938,74.69999694824219,74.94000244140625,59.52764129638672,66233900,0.0,0.0,0.0
2022-08-31,74.97000122070312,75.12000274658203,74.51000213623047,74.52999877929688,59.20197677612305,39161800,0.0,0.0,0.0
2022-09-01,73.94999694824219,74.41000366210938,73.61000061035156,74.36000061035156,59.358428955078125,38499700,0.366,0.0,0.0
2022-09-02,75.0,75.06999969482422,74.2300033569336,74.30999755859375,59.31852340698242,22364500,0.0,0.0,0.0
2022-09-06,74.30999755859375,74.38999938964844,73.8499984741211,74.11000061035156,59.15885543823242,28820900,0.0,0.0,0.0
2022-09-07,74.20999908447266,75.19000244140625,74.19000244140625,75.18000030517578,60.013004302978516,26853200,0.0,0.0,0.0
2022-09-08,74.9000015258789,75.55000305175781,74.77999877929688,75.51000213623047,60.276432037353516,26928000,0.0,0.0,0.0
2022-09-09,75.87999725341797,76.16999816894531,75.62999725341797,75.80999755859375,60.51589584350586,29526800,0.0,0.0,0.0
2022-09-12,76.08000183105469,76.2300033569336,75.7699966430664,76.04000091552734,60.69950485229492,30276100,0.0,0.0,0.0
2022-09-13,74.9800033569336,75.16999816894531,74.27999877929688,74.30999755859375,59.31852340698242,47111300,0.0,0.0,0.0
2022-09-14,74.36000061035156,74.91000366210938,74.30999755859375,74.41999816894531,59.406314849853516,29672400,0.0,0.0,0.0
2022-09-15,74.29000091552734,74.44000244140625,73.91000366210938,73.94999694824219,59.03111267089844,46282300,0.0,0.0,0.0
2022-09-16,73.5,74.19999694824219,73.37000274658203,74.19999694824219,59.23070526123047,56479900,0.0,0.0,0.0
2022-09-19,73.91000366210938,74.48999786376953,73.83999633789062,74.4800033569336,59.454219818115234,26891900,0.0,0.0,0.0
2022-09-20,74.0199966430664,74.06999969482422,73.66999816894531,73.72000122070312,58.847537994384766,32769500,0.0,0.0,0.0
2022-09-21,73.9000015258789,74.23999786376953,73.16000366210938,73.5,58.67192840576172,37851300,0.0,0.0,0.0
2022-09-22,73.25,73.38999938964844,72.80000305175781,73.05999755859375,58.32070541381836,48278100,0.0,0.0,0.0
2022-09-23,72.55999755859375,72.7300033569336,71.87999725341797,72.12999725341797,57.57831573486328,53312000,0.0,0.0,0.0
2022-09-26,71.91999816894531,72.18000030517578,71.26000213623047,71.27999877929688,56.899776458740234,42287400,0.0,0.0,0.0
2022-09-27,71.88999938964844,71.91999816894531,70.9000015258789,71.12999725341797,56.780052185058594,45295500,0.0,0.0,0.0
2022-09-28,71.66999816894531,72.48999786376953,71.44000244140625,72.4000015258789,57.793846130371094,48935800,0.0,0.0,0.0
2022-09-29,71.93000030517578,71.97000122070312,71.31999969482422,71.72000122070312,57.251014709472656,38068800,0.0,0.0,0.0
2022-09-30,71.7300033569336,72.27999877929688,71.37999725341797,71.38999938964844,56.98760986328125,42928700,0.0,0.0,0.0
2022-10-03,71.5999984741211,72.12999725341797,71.45999908447266,71.97000122070312,57.734458923339844,48967900,0.351,0.0,0.0
2022-10-04,72.9000015258789,73.52999877929688,72.7699966430664,73.5199966430664,58.977848052978516,45901300,0.0,0.0,0.0
2022-10-05,72.91999816894531,73.4000015258789,72.61000061035156,73.2300033569336,58.745216369628906,47833500,0.0,0.0,0.0
2022-10-06,73.1500015258789,73.45999908447266,72.9000015258789,73.01000213623047,58.56874465942383,37196000,0.0,0.0,0.0
2022-10-07,72.56999969482422,72.7699966430664,72.0999984741211,72.12000274658203,57.85478591918945,33983000,0.0,0.0,0.0
2022-10-10,72.06999969482422,72.11000061035156,70.91999816894531,71.23999786376953,57.14885711669922,37759700,0.0,0.0,0.0
2022-10-11,71.37999725341797,72.0199966430664,71.29000091552734,71.45999908447266,57.32534408569336,46344600,0.0,0.0,0.0
2022-10-12,71.41000366210938,71.8499984741211,71.41000366210938,71.58000183105469,57.42161178588867,32784800,0.0,0.0,0.0
2022-10-13,70.47000122070312,71.91000366210938,70.4000015258789,71.73999786376953,57.549949645996094,48832500,0.0,0.0,0.0
2022-10-14,72.19000244140625,72.37000274658203,71.33000183105469,71.51000213623047,57.36543655395508,37152100,0.0,0.0,0.0
2022-10-17,72.1500015258789,72.5999984741211,72.13999938964844,72.38999938964844,58.071346282958984,33820000,0.0,0.0,0.0
2022-10-18,73.12999725341797,73.30999755859375,72.58000183105469,72.9000015258789,58.48050308227539,37648400,0.0,0.0,0.0
2022-10-19,72.4000015258789,72.63999938964844,71.9800033569336,72.19999694824219,57.91895294189453,33194000,0.0,0.0,0.0
2022-10-20,72.20999908447266,72.75,71.7300033569336,71.80000305175781,57.598079681396484,47281100,0.0,0.0,0.0
2022-10-21,71.58999633789062,72.58000183105469,71.55999755859375,72.48999786376953,58.1515998840332,60211200,0.0,0.0,0.0
2022-10-24,72.55999755859375,72.7300033569336,72.16000366210938,72.54000091552734,58.19168472290039,29551200,0.0,0.0,0.0
2022-10-25,72.72000122070312,73.25,72.69999694824219,73.23999786376953,58.75325012207031,37459200,0.0,0.0,0.0
2022-10-26,73.05999755859375,73.70999908447266,72.94999694824219,73.44000244140625,58.91366958618164,50552100,0.0,0.0,0.0
2022-10-27,73.62000274658203,74.13999938964844,73.36000061035156,73.9800033569336,59.34688186645508,49481500,0.0,0.0,0.0
2022-10-28,74.25,74.69000244140625,74.12000274658203,74.55000305175781,59.804141998291016,123446800,0.0,0.0,0.0
2022-10-31,74.16999816894531,74.18000030517578,73.41999816894531,73.43000030517578,58.90566635131836,60269700,0.0,0.0,0.0
2022-11-01,73.94000244140625,73.94999694824219,73.20999908447266,73.58999633789062,59.25997543334961,39586700,0.28,0.0,0.0
2022-11-02,73.55999755859375,74.29000091552734,72.87999725341797,72.91999816894531,58.720455169677734,50659500,0.0,0.0,0.0
2022-11-03,72.16999816894531,72.63999938964844,71.88999938964844,72.4000015258789,58.30171585083008,37507100,0.0,0.0,0.0
2022-11-04,72.87000274658203,73.20999908447266,72.4000015258789,72.9000015258789,58.70435333251953,39849100,0.0,0.0,0.0
2022-11-07,73.05000305175781,73.11000061035156,72.68000030517578,72.88999938964844,58.6962890625,24913000,0.0,0.0,0.0
2022-11-08,72.94999694824219,73.06999969482422,72.58999633789062,72.81999969482422,58.63993835449219,39489200,0.0,0.0,0.0
2022-11-09,72.5999984741211,72.73999786376953,71.81999969482422,71.94999694824219,57.93935012817383,45728900,0.0,0.0,0.0
2022-11-10,73.9800033569336,74.2699966430664,73.45999908447266,74.19000244140625,59.7431526184082,67165700,0.0,0.0,0.0
2022-11-11,74.22000122070312,74.69000244140625,73.93000030517578,74.44999694824219,59.9525260925293,20934800,0.0,0.0,0.0
2022-11-14,74.25,74.29000091552734,73.87000274658203,73.9000015258789,59.509639739990234,37932800,0.0,0.0,0.0
2022-11-15,74.63999938964844,74.69999694824219,74.06999969482422,74.55000305175781,60.03305435180664,50673700,0.0,0.0,0.0
2022-11-16,74.48999786376953,74.56999969482422,74.30999755859375,74.38999938964844,59.904205322265625,31124900,0.0,0.0,0.0
2022-11-17,73.80999755859375,74.16999816894531,73.7300033569336,74.06999969482422,59.64649963378906,34338000,0.0,0.0,0.0
2022-11-18,74.45999908447266,74.45999908447266,74.0199966430664,74.2300033569336,59.7753791809082,31663800,0.0,0.0,0.0
2022-11-21,74.1500015258789,74.3499984741211,74.0199966430664,74.19999694824219,59.75120162963867,19070500,0.0,0.0,0.0
2022-11-22,74.33999633789062,74.79000091552734,74.26000213623047,74.73999786376953,60.18606185913086,24572500,0.0,0.0,0.0
2022-11-23,74.68000030517578,75.30000305175781,74.66000366210938,75.16000366210938,60.524261474609375,30316300,0.0,0.0,0.0
2022-11-25,75.1500015258789,75.18000030517578,74.9000015258789,75.01000213623047,60.403480529785156,9465900,0.0,0.0,0.0
2022-11-28,74.80000305175781,74.93000030517578,74.19000244140625,74.22000122070312,59.7673225402832,31668900,0.0,0.0,0.0
2022-11-29,74.22000122070312,74.5999984741211,74.08000183105469,74.54000091552734,60.02498245239258,27162300,0.0,0.0,0.0
2022-11-30,74.5999984741211,75.69000244140625,74.38999938964844,75.66000366210938,60.92689514160156,41702100,0.0,0.0,0.0
2022-12-01,75.56999969482422,75.66000366210938,75.18000030517578,75.62000274658203,61.15251159667969,42134200,0.319,0.0,0.0
2022-12-02,74.98999786376953,75.58999633789062,74.98999786376953,75.55999755859375,61.10399627685547,27535800,0.0,0.0,0.0
2022-12-05,75.27999877929688,75.30000305175781,74.69000244140625,74.83999633789062,60.52174758911133,29736500,0.0,0.0,0.0
2022-12-06,74.87000274658203,75.0,74.43000030517578,74.56999969482422,60.30339431762695,24976800,0.0,0.0,0.0
2022-12-07,74.55000305175781,75.06999969482422,74.55000305175781,74.9800033569336,60.634952545166016,24614200,0.0,0.0,0.0
2022-12-08,75.06999969482422,75.13999938964844,74.80000305175781,75.04000091552734,60.68349838256836,23839500,0.0,0.0,0.0
2022-12-09,74.81999969482422,75.31999969482422,74.81999969482422,75.04000091552734,60.68349838256836,20687300,0.0,0.0,0.0
2022-12-12,75.22000122070312,75.4000015258789,75.0999984741211,75.33000183105469,60.917999267578125,22415700,0.0,0.0,0.0
2022-12-13,76.61000061035156,76.69999694824219,75.69000244140625,76.11000061035156,61.54877853393555,45923300,0.0,0.0,0.0
2022-12-14,76.01000213623047,76.20999908447266,75.22000122070312,75.68000030517578,61.20103073120117,57177300,0.0,0.0,0.0
2022-12-15,74.91000366210938,75.11000061035156,74.62999725341797,75.0,60.97018051147461,41666500,0.396,0.0,0.0
2022-12-16,74.56999969482422,74.80999755859375,74.41000366210938,74.5999984741211,60.64499282836914,38197100,0.0,0.0,0.0
2022-12-19,74.30999755859375,74.45999908447266,74.05999755859375,74.22000122070312,60.33607482910156,24135100,0.0,0.0,0.0
2022-12-20,73.8499984741211,74.19000244140625,73.69000244140625,74.02999877929688,60.18161392211914,32917800,0.0,0.0,0.0
2022-12-21,74.4000015258789,74.80000305175781,74.33999633789062,74.66000366210938,60.69379425048828,23211500,0.0,0.0,0.0
2022-12-22,74.37000274658203,74.48999786376953,73.91999816894531,74.19999694824219,60.31980895996094,26893700,0.0,0.0,0.0
2022-12-23,74.08000183105469,74.44999694824219,73.94999694824219,74.38999938964844,60.47427749633789,13196500,0.0,0.0,0.0
2022-12-27,74.31999969482422,74.37000274658203,73.58000183105469,73.62000274658203,59.848304748535156,22108000,0.0,0.0,0.0
2022-12-28,73.73999786376953,73.83000183105469,72.58999633789062,72.62999725341797,59.04351806640625,41064800,0.0,0.0,0.0
2022-12-29,72.91999816894531,73.62000274658203,72.75,73.56999969482422,59.80766677856445,33378900,0.0,0.0,0.0
2022-12-30,73.31999969482422,73.66999816894531,73.27999877929688,73.62999725341797,59.856449127197266,15170300,0.0,0.0,0.0
2023-01-03,74.11000061035156,74.19000244140625,73.66000366210938,73.7699966430664,59.97026062011719,28787700,0.0,0.0,0.0
2023-01-04,74.26000213623047,74.66000366210938,73.98999786376953,74.62000274658203,60.6612663269043,37120100,0.0,0.0,0.0
2023-01-05,74.36000061035156,74.54000091552734,74.18000030517578,74.47000122070312,60.539302825927734,35142000,0.0,0.0,0.0
2023-01-06,74.87000274658203,75.77999877929688,74.69999694824219,75.52999877929688,61.401039123535156,60041200,0.0,0.0,0.0
2023-01-09,75.75,75.95999908447266,75.63999938964844,75.80000305175781,61.620521545410156,35806900,0.0,0.0,0.0
2023-01-10,75.76000213623047,75.87000274658203,75.52999877929688,75.70999908447266,61.54735565185547,35695500,0.0,0.0,0.0
2023-01-11,76.0,76.25,75.8499984741211,76.20999908447266,61.95380783081055,31826700,0.0,0.0,0.0
2023-01-12,76.4000015258789,76.69999694824219,76.05000305175781,76.63999938964844,62.303382873535156,29404900,0.0,0.0,0.0
2023-01-13,76.26000213623047,76.7699966430664,76.22000122070312,76.63999938964844,62.303382873535156,26301500,0.0,0.0,0.0
2023-01-17,76.5199966430664,76.55000305175781,76.29000091552734,76.37999725341797,62.092018127441406,30961200,0.0,0.0,0.0
2023-01-18,76.8499984741211,77.08000183105469,76.44999694824219,76.47000122070312,62.16516876220703,52989700,0.0,0.0,0.0
2023-01-19,76.20999908447266,76.33000183105469,75.94999694824219,76.0199966430664,61.799373626708984,50070900,0.0,0.0,0.0
2023-01-20,76.0,76.16999816894531,75.7300033569336,76.16999816894531,61.921302795410156,36625400,0.0,0.0,0.0
2023-01-23,76.0999984741211,76.37000274658203,75.97000122070312,76.16000366210938,61.913177490234375,26764800,0.0,0.0,0.0
2023-01-24,76.01000213623047,76.25,75.87999725341797,76.20999908447266,61.95380783081055,27774500,0.0,0.0,0.0
2023-01-25,75.95999908447266,76.27999877929688,75.87999725341797,76.19999694824219,61.9456787109375,25857700,0.0,0.0,0.0
2023-01-26,76.36000061035156,76.47000122070312,76.08999633789062,76.38999938964844,62.10016632080078,25512400,0.0,0.0,0.0
2023-01-27,76.2699966430664,76.37000274658203,76.05000305175781,76.16000366210938,61.913177490234375,35813400,0.0,0.0,0.0
2023-01-30,75.87999725341797,76.02999877929688,75.72000122070312,75.73999786376953,61.57173538208008,32002000,0.0,0.0,0.0
2023-01-31,75.94000244140625,76.36000061035156,75.91999816894531,76.33000183105469,62.051361083984375,41006600,0.0,0.0,0.0
2023-02-01,75.9800033569336,76.9800033569336,75.77999877929688,76.76000213623047,62.7032470703125,46900900,0.368,0.0,0.0
2023-02-02,77.31999969482422,77.33999633789062,77.06999969482422,77.19999694824219,63.06266784667969,56399900,0.0,0.0,0.0
2023-02-03,76.5999984741211,76.86000061035156,76.33000183105469,76.38999938964844,62.401004791259766,39682300,0.0,0.0,0.0
2023-02-06,76.05999755859375,76.0999984741211,75.79000091552734,75.9000015258789,62.0007209777832,40944200,0.0,0.0,0.0
2023-02-07,75.83000183105469,76.36000061035156,75.77999877929688,76.16999816894531,62.221282958984375,37101300,0.0,0.0,0.0
2023-02-08,76.05999755859375,76.16000366210938,75.69000244140625,75.8499984741211,61.95988845825195,34066600,0.0,0.0,0.0
2023-02-09,76.11000061035156,76.11000061035156,75.29000091552734,75.36000061035156,61.55961608886719,42581900,0.0,0.0,0.0
2023-02-10,75.02999877929688,75.25,74.69000244140625,74.77999877929688,61.085838317871094,65905000,0.0,0.0,0.0
2023-02-13,74.83000183105469,75.22000122070312,74.75,74.97000122070312,61.241050720214844,38741300,0.0,0.0,0.0
2023-02-14,74.83000183105469,75.19000244140625,74.51000213623047,74.98999786376953,61.25737762451172,54193600,0.0,0.0,0.0
2023-02-15,74.72000122070312,74.87999725341797,74.58000183105469,74.87000274658203,61.15935516357422,44897600,0.0,0.0,0.0
2023-02-16,74.54000091552734,74.58999633789062,74.2300033569336,74.2699966430664,60.66922378540039,89945400,0.0,0.0,0.0
2023-02-17,74.1500015258789,74.68000030517578,73.87000274658203,74.55999755859375,60.906131744384766,75910300,0.0,0.0,0.0
2023-02-21,73.8499984741211,74.02999877929688,73.11000061035156,73.41000366210938,59.96671676635742,98782400,0.0,0.0,0.0
2023-02-22,73.5999984741211,74.19000244140625,73.5999984741211,73.88999938964844,60.35881042480469,70093300,0.0,0.0,0.0
2023-02-23,74.2300033569336,74.7300033569336,74.12999725341797,74.62000274658203,60.955142974853516,47908100,0.0,0.0,0.0
2023-02-24,74.0,74.31999969482422,73.91999816894531,74.16999816894531,60.587520599365234,47576500,0.0,0.0,0.0
2023-02-27,74.5199966430664,74.7699966430664,74.37999725341797,74.66999816894531,60.99595260620117,40292000,0.0,0.0,0.0
2023-02-28,74.63999938964844,74.63999938964844,74.41999816894531,74.52999877929688,60.88162612915039,32999000,0.0,0.0,0.0
2023-03-01,74.08000183105469,74.0999984741211,73.69000244140625,73.87000274658203,60.70902633666992,45341400,0.45,0.0,0.0
2023-03-02,73.4800033569336,74.05000305175781,73.4800033569336,73.95999908447266,60.78300857543945,37886100,0.0,0.0,0.0
2023-03-03,74.29000091552734,74.80999755859375,74.16999816894531,74.72000122070312,61.40760040283203,50123300,0.0,0.0,0.0
2023-03-06,74.88999938964844,74.98999786376953,74.66000366210938,74.72000122070312,61.40760040283203,33430800,0.0,0.0,0.0
2023-03-07,74.7300033569336,74.7699966430664,74.18000030517578,74.19000244140625,60.97200393676758,40222100,0.0,0.0,0.0
2023-03-08,74.23999786376953,74.36000061035156,73.69000244140625,73.83999633789062,60.68436050415039,54303900,0.0,0.0,0.0
2023-03-09,73.91000366210938,74.22000122070312,73.3499984741211,73.43000030517578,60.34741973876953,52669500,0.0,0.0,0.0
2023-03-10,73.4800033569336,73.94999694824219,73.16999816894531,73.44000244140625,60.355621337890625,81516000,0.0,0.0,0.0
2023-03-13,73.19000244140625,73.9800033569336,72.83000183105469,73.04000091552734,60.02690124511719,78478100,0.0,0.0,0.0
2023-03-14,73.69000244140625,73.91000366210938,73.2699966430664,73.56999969482422,60.46244812011719,66395600,0.0,0.0,0.0
2023-03-15,72.80999755859375,73.4000015258789,72.61000061035156,73.33000183105469,60.2652473449707,81454700,0.0,0.0,0.0
2023-03-16,73.12999725341797,73.94999694824219,73.0199966430664,73.80999755859375,60.65971374511719,63386700,0.0,0.0,0.0
2023-03-17,73.44000244140625,73.77999877929688,73.23999786376953,73.37000274658203,60.2981071472168,55132200,0.0,0.0,0.0
2023-03-20,73.2300033569336,73.55999755859375,73.06999969482422,73.16999816894531,60.13373947143555,38540800,0.0,0.0,0.0
2023-03-21,73.6500015258789,74.08000183105469,73.5,73.97000122070312,60.79118728637695,38203400,0.0,0.0,0.0
2023-03-22,73.9800033569336,74.79000091552734,73.70999908447266,74.04000091552734,60.84873962402344,55263500,0.0,0.0,0.0
2023-03-23,74.02999877929688,74.37000274658203,73.5199966430664,73.75,60.61040496826172,54660900,0.0,0.0,0.0
2023-03-24,73.44999694824219,73.69000244140625,73.38999938964844,73.5999984741211,60.487125396728516,44225600,0.0,0.0,0.0
2023-03-27,73.75,73.86000061035156,73.41999816894531,73.41999816894531,60.33919143676758,30905100,0.0,0.0,0.0
2023-03-28,73.27999877929688,73.47000122070312,73.13999938964844,73.37999725341797,60.306339263916016,38277200,0.0,0.0,0.0
2023-03-29,73.6500015258789,74.30999755859375,73.6500015258789,74.30000305175781,61.06241989135742,44457300,0.0,0.0,0.0
2023-03-30,74.47000122070312,74.75,74.2699966430664,74.73999786376953,61.42403030395508,37130200,0.0,0.0,0.0
2023-03-31,74.97000122070312,75.6500015258789,74.94999694824219,75.55000305175781,62.08972930908203,54218900,0.0,0.0,0.0
2023-04-03,75.13999938964844,75.30000305175781,74.97000122070312,75.1500015258789,62.041831970214844,43302900,0.342,0.0,0.0
2023-04-04,75.1500015258789,75.26000213623047,74.8499984741211,74.93000030517578,61.860206604003906,46144300,0.0,0.0,0.0
2023-04-05,74.87999725341797,74.94999694824219,74.41999816894531,74.51000213623047,61.51346206665039,37633900,0.0,0.0,0.0
2023-04-06,74.38999938964844,74.95999908447266,74.29000091552734,74.83999633789062,61.785892486572266,35719600,0.0,0.0,0.0
2023-04-10,74.58000183105469,74.80999755859375,74.41000366210938,74.7699966430664,61.72809600830078,29083900,0.0,0.0,0.0
2023-04-11,74.7699966430664,75.0999984741211,74.70999908447266,74.93000030517578,61.860206604003906,28875100,0.0,0.0,0.0
2023-04-12,75.30999755859375,75.37999725341797,74.8499984741211,74.91000366210938,61.843685150146484,41457600,0.0,0.0,0.0
2023-04-13,75.04000091552734,75.62000274658203,75.04000091552734,75.41999816894531,62.26472473144531,95864000,0.0,0.0,0.0
2023-04-14,75.4000015258789,75.55000305175781,75.08000183105469,75.27999877929688,62.14915466308594,43767600,0.0,0.0,0.0
2023-04-17,75.06999969482422,75.16000366210938,74.80999755859375,75.08000183105469,61.98402786254883,26391100,0.0,0.0,0.0
2023-04-18,75.26000213623047,75.36000061035156,74.9800033569336,75.12999725341797,62.02531433105469,28030700,0.0,0.0,0.0
2023-04-19,74.83000183105469,74.98999786376953,74.77999877929688,74.83000183105469,61.777645111083984,26979400,0.0,0.0,0.0
2023-04-20,74.6500015258789,74.87999725341797,74.55000305175781,74.76000213623047,61.71986770629883,30203900,0.0,0.0,0.0
2023-04-21,74.87999725341797,75.02999877929688,74.69000244140625,74.98999786376953,61.90973663330078,33061800,0.0,0.0,0.0
2023-04-24,75.02999877929688,75.26000213623047,74.94999694824219,75.19999694824219,62.083099365234375,24661600,0.0,0.0,0.0
2023-04-25,75.16000366210938,75.30000305175781,75.01000213623047,75.08000183105469,61.98402786254883,34575300,0.0,0.0,0.0
2023-04-26,75.05999755859375,75.11000061035156,74.68000030517578,74.79000091552734,61.7446174621582,33762700,0.0,0.0,0.0
2023-04-27,74.93000030517578,75.25,74.80000305175781,75.04000091552734,61.951019287109375,39687600,0.0,0.0,0.0
2023-04-28,75.05999755859375,75.4800033569336,75.05999755859375,75.36000061035156,62.215179443359375,33821100,0.0,0.0,0.0
2023-05-01,74.93000030517578,75.0,74.52999877929688,74.69000244140625,61.92997360229492,37748300,0.326,0.0,0.0
2023-05-02,74.69000244140625,74.73999786376953,74.37000274658203,74.62000274658203,61.87193298339844,39045300,0.0,0.0,0.0
2023-05-03,74.69999694824219,75.04000091552734,74.55999755859375,74.58000183105469,61.838768005371094,33178300,0.0,0.0,0.0
2023-05-04,74.37999725341797,74.41000366210938,74.08999633789062,74.36000061035156,61.65633010864258,45207600,0.0,0.0,0.0
2023-05-05,74.58000183105469,74.86000061035156,74.4800033569336,74.76000213623047,61.98802185058594,31591500,0.0,0.0,0.0
2023-05-08,74.69999694824219,74.69999694824219,74.37999725341797,74.55000305175781,61.81388473510742,18367400,0.0,0.0,0.0
2023-05-09,74.3499984741211,74.4800033569336,74.2699966430664,74.36000061035156,61.65633010864258,21732900,0.0,0.0,0.0
2023-05-10,74.7699966430664,74.91999816894531,74.52999877929688,74.80999755859375,62.029449462890625,35392700,0.0,0.0,0.0
2023-05-11,74.73999786376953,74.7699966430664,74.61000061035156,74.69000244140625,61.92997360229492,25265500,0.0,0.0,0.0
2023-05-12,74.68000030517578,74.79000091552734,74.27999877929688,74.41999816894531,61.706092834472656,27553200,0.0,0.0,0.0
2023-05-15,74.43000030517578,74.48999786376953,74.30000305175781,74.4000015258789,61.689510345458984,19764500,0.0,0.0,0.0
2023-05-16,74.26000213623047,74.27999877929688,73.80999755859375,73.87999725341797,61.25833511352539,40998700,0.0,0.0,0.0
2023-05-17,73.95999908447266,74.33999633789062,73.93000030517578,74.08000183105469,61.424190521240234,38534100,0.0,0.0,0.0
2023-05-18,73.86000061035156,74.19000244140625,73.80999755859375,74.12000274658203,61.45735168457031,29129200,0.0,0.0,0.0
2023-05-19,74.19000244140625,74.36000061035156,74.06999969482422,74.19999694824219,61.523677825927734,36044900,0.0,0.0,0.0
2023-05-22,74.22000122070312,74.66999816894531,74.22000122070312,74.52999877929688,61.797306060791016,34897700,0.0,0.0,0.0
2023-05-23,74.38999938964844,74.4800033569336,74.06999969482422,74.13999938964844,61.47392654418945,32415500,0.0,0.0,0.0
2023-05-24,73.93000030517578,74.0199966430664,73.47000122070312,73.62000274658203,61.04275894165039,38083200,0.0,0.0,0.0
2023-05-25,73.88999938964844,73.91000366210938,73.55000305175781,73.56999969482422,61.00130844116211,21457900,0.0,0.0,0.0
2023-05-26,73.6500015258789,74.11000061035156,73.62000274658203,74.0199966430664,61.374420166015625,23547600,0.0,0.0,0.0
2023-05-30,74.3499984741211,74.3499984741211,74.08999633789062,74.33999633789062,61.639766693115234,27482600,0.0,0.0,0.0
2023-05-31,74.13999938964844,74.25,73.94999694824219,74.11000061035156,61.44905090332031,43393600,0.0,0.0,0.0
2023-06-01,73.80000305175781,74.30999755859375,73.77999877929688,74.19999694824219,61.81812286376953,42425700,0.353,0.0,0.0
2023-06-02,74.45999908447266,74.7699966430664,74.30000305175781,74.58000183105469,62.134727478027344,49950900,0.0,0.0,0.0
2023-06-05,74.5199966430664,74.55000305175781,74.33999633789062,74.5199966430664,62.084712982177734,24080200,0.0,0.0,0.0
2023-06-06,74.44999694824219,74.66000366210938,74.31999969482422,74.63999938964844,62.1847038269043,23006600,0.0,0.0,0.0
2023-06-07,74.69999694824219,74.79000091552734,74.13999938964844,74.2300033569336,61.843116760253906,32340900,0.0,0.0,0.0
2023-06-08,74.2300033569336,74.73999786376953,74.2300033569336,74.69999694824219,62.23469543457031,33987800,0.0,0.0,0.0
2023-06-09,74.76000213623047,74.86000061035156,74.69000244140625,74.72000122070312,62.25136184692383,27016700,0.0,0.0,0.0
2023-06-12,74.79000091552734,74.80000305175781,74.4800033569336,74.63999938964844,62.1847038269043,30629500,0.0,0.0,0.0
2023-06-13,74.83000183105469,74.94000244140625,74.62000274658203,74.7300033569336,62.259708404541016,39425900,0.0,0.0,0.0
2023-06-14,74.80000305175781,74.98999786376953,74.41000366210938,74.76000213623047,62.284690856933594,32864600,0.0,0.0,0.0
2023-06-15,74.86000061035156,75.1500015258789,74.81999969482422,75.12000274658203,62.5845947265625,42412300,0.0,0.0,0.0
2023-06-16,75.08999633789062,75.11000061035156,74.9000015258789,74.93000030517578,62.426300048828125,47560800,0.0,0.0,0.0
2023-06-20,74.80999755859375,74.93000030517578,74.7300033569336,74.7300033569336,62.259708404541016,31930500,0.0,0.0,0.0
2023-06-21,74.58000183105469,74.69999694824219,74.38999938964844,74.54000091552734,62.10139083862305,39751900,0.0,0.0,0.0
2023-06-22,74.37000274658203,74.4800033569336,74.30000305175781,74.31999969482422,61.9181022644043,31504700,0.0,0.0,0.0
2023-06-23,74.20999908447266,74.26000213623047,74.0,74.19000244140625,61.80980682373047,33811100,0.0,0.0,0.0
2023-06-26,74.19999694824219,74.33000183105469,74.08999633789062,74.2300033569336,61.843116760253906,36111900,0.0,0.0,0.0
2023-06-27,74.30999755859375,74.55000305175781,74.29000091552734,74.4800033569336,62.05141830444336,31707600,0.0,0.0,0.0
2023-06-28,74.47000122070312,74.91000366210938,74.41999816894531,74.91000366210938,62.40964889526367,35679600,0.0,0.0,0.0
2023-06-29,74.63999938964844,74.72000122070312,74.43000030517578,74.70999908447266,62.243011474609375,41712000,0.0,0.0,0.0
2023-06-30,74.95999908447266,75.23999786376953,74.88999938964844,75.06999969482422,62.542945861816406,35842000,0.0,0.0,0.0
2023-07-03,74.68000030517578,74.69000244140625,74.5199966430664,74.55000305175781,62.444950103759766,13046500,0.403,0.0,0.0
2023-07-05,74.5199966430664,74.54000091552734,74.19999694824219,74.31999969482422,62.252281188964844,37947100,0.0,0.0,0.0
2023-07-06,73.77999877929688,73.86000061035156,73.58000183105469,73.77999877929688,61.799983978271484,52251100,0.0,0.0,0.0
2023-07-07,73.76000213623047,74.33000183105469,73.7300033569336,73.8499984741211,61.85860824584961,42269100,0.0,0.0,0.0
2023-07-10,73.91999816894531,74.30000305175781,73.91000366210938,74.22000122070312,62.16852569580078,45752200,0.0,0.0,0.0
2023-07-11,74.41000366210938,74.62000274658203,74.29000091552734,74.62000274658203,62.50358581542969,32000700,0.0,0.0,0.0
2023-07-12,75.08999633789062,75.30999755859375,75.0199966430664,75.19999694824219,62.98939514160156,42820700,0.0,0.0,0.0
2023-07-13,75.5,75.7300033569336,75.41000366210938,75.6500015258789,63.3663330078125,33954200,0.0,0.0,0.0
2023-07-14,75.56999969482422,75.62999725341797,75.05000305175781,75.0999984741211,62.9056282043457,36081800,0.0,0.0,0.0
2023-07-17,75.05999755859375,75.36000061035156,75.0,75.23999786376953,63.022926330566406,28836600,0.0,0.0,0.0
2023-07-18,75.30000305175781,75.55000305175781,75.2699966430664,75.44999694824219,63.198829650878906,25990800,0.0,0.0,0.0
2023-07-19,75.58999633789062,75.6500015258789,75.45999908447266,75.51000213623047,63.24906921386719,26794800,0.0,0.0,0.0
2023-07-20,75.20999908447266,75.30000305175781,74.9800033569336,75.18000030517578,62.972660064697266,27028500,0.0,0.0,0.0
2023-07-21,75.19999694824219,75.48999786376953,75.19999694824219,75.37000274658203,63.131813049316406,37447800,0.0,0.0,0.0
2023-07-24,75.43000030517578,75.54000091552734,75.22000122070312,75.23999786376953,63.022926330566406,20925500,0.0,0.0,0.0
2023-07-25,75.16000366210938,75.2699966430664,75.05999755859375,75.19000244140625,62.981040954589844,30067600,0.0,0.0,0.0
2023-07-26,75.16000366210938,75.55999755859375,75.12000274658203,75.48999786376953,63.23231887817383,33068400,0.0,0.0,0.0
2023-07-27,75.62999725341797,75.69000244140625,74.7300033569336,74.88999938964844,62.7297477722168,48675800,0.0,0.0,0.0
2023-07-28,75.20999908447266,75.37999725341797,75.1500015258789,75.31999969482422,63.08993148803711,27588400,0.0,0.0,0.0
2023-07-31,75.41999816894531,75.5999984741211,75.37999725341797,75.5,63.240699768066406,30744800,0.0,0.0,0.0
2023-08-01,74.95999908447266,74.95999908447266,74.68000030517578,74.7699966430664,62.927616119384766,34529700,0.358,0.0,0.0
2023-08-02,74.44999694824219,74.5199966430664,74.26000213623047,74.44999694824219,62.658294677734375,37500500,0.0,0.0,0.0
2023-08-03,74.20999908447266,74.36000061035156,74.08999633789062,74.20999908447266,62.4563102722168,30348000,0.0,0.0,0.0
2023-08-04,74.6500015258789,74.94000244140625,74.56999969482422,74.6500015258789,62.82660675048828,37411900,0.0,0.0,0.0
2023-08-07,74.79000091552734,74.83000183105469,74.5999984741211,74.79000091552734,62.944454193115234,19412600,0.0,0.0,0.0
2023-08-08,74.73999786376953,75.0,74.66000366210938,74.94999694824219,63.07908248901367,32545600,0.0,0.0,0.0
2023-08-09,74.95999908447266,75.05000305175781,74.80000305175781,74.95999908447266,63.08751678466797,27569200,0.0,0.0,0.0
2023-08-10,75.01000213623047,75.3499984741211,74.73999786376953,74.94000244140625,63.0706901550293,43697200,0.0,0.0,0.0
2023-08-11,74.68000030517578,74.86000061035156,74.58000183105469,74.83000183105469,62.97811508178711,23329000,0.0,0.0,0.0
2023-08-14,74.69999694824219,74.93000030517578,74.56999969482422,74.81999969482422,62.96968460083008,28545100,0.0,0.0,0.0
2023-08-15,74.62000274658203,74.79000091552734,74.55000305175781,74.58000183105469,62.76771545410156,32968600,0.0,0.0,0.0
2023-08-16,74.55000305175781,74.75,74.3499984741211,74.3499984741211,62.57411193847656,31759400,0.0,0.0,0.0
2023-08-17,74.38999938964844,74.41999816894531,73.86000061035156,74.04000091552734,62.313236236572266,38546600,0.0,0.0,0.0
2023-08-18,73.88999938964844,74.31999969482422,73.86000061035156,74.08999633789062,62.35529327392578,44130500,0.0,0.0,0.0
2023-08-21,74.08000183105469,74.13999938964844,73.83999633789062,74.06999969482422,62.33848571777344,30768700,0.0,0.0,0.0
2023-08-22,74.2300033569336,74.26000213623047,74.05000305175781,74.11000061035156,62.37216567993164,18135400,0.0,0.0,0.0
2023-08-23,74.4000015258789,74.81999969482422,74.4000015258789,74.70999908447266,62.87710952758789,33378000,0.0,0.0,0.0
2023-08-24,74.72000122070312,74.72000122070312,74.22000122070312,74.30000305175781,62.53204345703125,34336100,0.0,0.0,0.0
2023-08-25,74.31999969482422,74.69999694824219,74.26000213623047,74.61000061035156,62.79296875,31149300,0.0,0.0,0.0
2023-08-28,74.9000015258789,74.93000030517578,74.69000244140625,74.88999938964844,63.02861404418945,21461600,0.0,0.0,0.0
2023-08-29,74.80999755859375,75.36000061035156,74.77999877929688,75.36000061035156,63.42415237426758,42178200,0.0,0.0,0.0
2023-08-30,75.36000061035156,75.4800033569336,75.26000213623047,75.33000183105469,63.39891815185547,29458200,0.0,0.0,0.0
2023-08-31,75.2699966430664,75.37999725341797,75.16000366210938,75.27999877929688,63.35683059692383,30824500,0.0,0.0,0.0
2023-09-01,75.19000244140625,75.23999786376953,74.8499984741211,75.06999969482422,63.476051330566406,33213100,0.351,0.0,0.0
2023-09-05,74.95999908447266,74.95999908447266,74.5199966430664,74.58000183105469,63.061744689941406,29500600,0.0,0.0,0.0
2023-09-06,74.51000213623047,74.55000305175781,74.25,74.4000015258789,62.909515380859375,30797500,0.0,0.0,0.0
2023-09-07,74.27999877929688,74.69000244140625,74.27999877929688,74.6500015258789,63.12092590332031,28757400,0.0,0.0,0.0
2023-09-08,74.80000305175781,74.87999725341797,74.55999755859375,74.62000274658203,63.09556198120117,26389100,0.0,0.0,0.0
2023-09-11,74.72000122070312,74.75,74.56999969482422,74.75,63.205467224121094,29159400,0.0,0.0,0.0
2023-09-12,74.55999755859375,74.76000213623047,74.55999755859375,74.62999725341797,63.10401916503906,21668500,0.0,0.0,0.0
2023-09-13,74.5999984741211,74.91000366210938,74.5999984741211,74.83000183105469,63.27311706542969,27498900,0.0,0.0,0.0
2023-09-14,74.91000366210938,75.0,74.83000183105469,74.91999816894531,63.34919357299805,29575900,0.0,0.0,0.0
2023-09-15,74.69999694824219,74.8499984741211,74.63999938964844,74.63999938964844,63.11244583129883,41636900,0.0,0.0,0.0
2023-09-18,74.55000305175781,74.7699966430664,74.55000305175781,74.69000244140625,63.15473175048828,19549700,0.0,0.0,0.0
2023-09-19,74.52999877929688,74.63999938964844,74.41000366210938,74.45999908447266,62.960289001464844,33937200,0.0,0.0,0.0
2023-09-20,74.62999725341797,74.76000213623047,74.38999938964844,74.4000015258789,62.909515380859375,26715100,0.0,0.0,0.0
2023-09-21,74.0999984741211,74.16000366210938,73.87000274658203,73.87000274658203,62.46140670776367,43327300,0.0,0.0,0.0
2023-09-22,74.0199966430664,74.2699966430664,73.98999786376953,74.0,62.571292877197266,36657300,0.0,0.0,0.0
2023-09-25,73.80999755859375,74.02999877929688,73.7300033569336,73.9000015258789,62.48676300048828,30197500,0.0,0.0,0.0
2023-09-26,73.83999633789062,73.88999938964844,73.52999877929688,73.58000183105469,62.21615982055664,39193000,0.0,0.0,0.0
2023-09-27,73.79000091552734,73.8499984741211,73.3499984741211,73.4800033569336,62.13162612915039,45532200,0.0,0.0,0.0
2023-09-28,73.3499984741211,73.86000061035156,73.30999755859375,73.83000183105469,62.42757034301758,45776600,0.0,0.0,0.0
2023-09-29,74.13999938964844,74.20999908447266,73.70999908447266,73.72000122070312,62.33456802368164,51698300,0.0,0.0,0.0
2023-10-02,73.0999984741211,73.23999786376953,72.80000305175781,72.88999938964844,61.956295013427734,69255900,0.385,0.0,0.0
2023-10-03,72.5999984741211,72.80000305175781,72.12000274658203,72.1500015258789,61.32730484008789,77754200,0.0,0.0,0.0
2023-10-04,72.31999969482422,72.62999725341797,72.12000274658203,72.5199966430664,61.64180374145508,138971500,0.0,0.0,0.0
2023-10-05,72.47000122070312,72.68000030517578,72.4000015258789,72.58999633789062,61.7012939453125,56138500,0.0,0.0,0.0
2023-10-06,72.30000305175781,72.81999969482422,72.0999984741211,72.69000244140625,61.786293029785156,52741500,0.0,0.0,0.0
2023-10-09,72.69999694824219,73.23999786376953,72.69999694824219,73.2300033569336,62.24531555175781,27277200,0.0,0.0,0.0
2023-10-10,73.04000091552734,73.44000244140625,72.94999694824219,73.20999908447266,62.22829055786133,50761600,0.0,0.0,0.0
2023-10-11,73.3499984741211,73.44000244140625,72.87999725341797,73.19999694824219,62.21979904174805,53330500,0.0,0.0,0.0
2023-10-12,73.16999816894531,73.16999816894531,72.58999633789062,72.80999755859375,61.88829803466797,60368000,0.0,0.0,0.0
2023-10-13,73.01000213623047,73.23999786376953,72.68000030517578,72.75,61.83729553222656,54191200,0.0,0.0,0.0
2023-10-16,72.72000122070312,72.91000366210938,72.66999816894531,72.7300033569336,61.82030487060547,39352900,0.0,0.0,0.0
2023-10-17,72.41999816894531,72.61000061035156,72.29000091552734,72.38999938964844,61.53129959106445,50948700,0.0,0.0,0.0
2023-10-18,72.30999755859375,72.45999908447266,71.98999786376953,72.04000091552734,61.23381423950195,58306500,0.0,0.0,0.0
2023-10-19,72.04000091552734,72.4000015258789,71.77999877929688,71.77999877929688,61.012813568115234,70971900,0.0,0.0,0.0
2023-10-20,71.86000061035156,72.08999633789062,71.81999969482422,71.93000030517578,61.14030075073242,64845500,0.0,0.0,0.0
2023-10-23,71.7699966430664,72.41999816894531,71.68000030517578,72.22000122070312,61.386810302734375,47508700,0.0,0.0,0.0
2023-10-24,72.41000366210938,72.62000274658203,72.33000183105469,72.58999633789062,61.7012939453125,46427900,0.0,0.0,0.0
2023-10-25,72.41000366210938,72.47000122070312,72.12000274658203,72.19999694824219,61.36979675292969,42518300,0.0,0.0,0.0
2023-10-26,72.20999908447266,72.58000183105469,72.0999984741211,72.44999694824219,61.58230209350586,45233400,0.0,0.0,0.0
2023-10-27,72.5199966430664,72.61000061035156,72.2300033569336,72.36000061035156,61.50579071044922,35621800,0.0,0.0,0.0
2023-10-30,72.3499984741211,72.5,72.2699966430664,72.37999725341797,61.522796630859375,29094000,0.0,0.0,0.0
2023-10-31,72.41000366210938,72.80000305175781,72.37999725341797,72.56999969482422,61.68431091308594,42185900,0.0,0.0,0.0
2023-11-01,72.27999877929688,72.87000274658203,72.27999877929688,72.87000274658203,62.27225112915039,59313100,0.388,0.0,0.0
2023-11-02,73.33000183105469,73.79000091552734,73.31999969482422,73.69000244140625,62.97298812866211,68930600,0.0,0.0,0.0
2023-11-03,74.1500015258789,74.45999908447266,74.0,74.41000366210938,63.5882682800293,88763600,0.0,0.0,0.0
2023-11-06,74.23999786376953,74.38999938964844,74.04000091552734,74.11000061035156,63.33190155029297,93899100,0.0,0.0,0.0
2023-11-07,74.05999755859375,74.20999908447266,73.9000015258789,74.12000274658203,63.34046936035156,50458200,0.0,0.0,0.0
2023-11-08,74.0999984741211,74.2300033569336,74.05999755859375,74.16000366210938,63.3746337890625,41143500,0.0,0.0,0.0
2023-11-09,74.05000305175781,74.19000244140625,73.68000030517578,73.69999694824219,62.981544494628906,62856100,0.0,0.0,0.0
2023-11-10,73.91000366210938,74.0999984741211,73.87000274658203,74.05999755859375,63.2891845703125,35563300,0.0,0.0,0.0
2023-11-13,73.79000091552734,74.05999755859375,73.79000091552734,73.98999786376953,63.229366302490234,37530100,0.0,0.0,0.0
2023-11-14,74.62000274658203,74.93000030517578,74.62000274658203,74.73999786376953,63.87025833129883,68210800,0.0,0.0,0.0
2023-11-15,74.61000061035156,74.70999908447266,74.43000030517578,74.5,63.665184020996094,44022800,0.0,0.0,0.0
2023-11-16,74.52999877929688,74.66999816894531,74.44999694824219,74.5999984741211,63.750640869140625,52928200,0.0,0.0,0.0
2023-11-17,74.61000061035156,74.7699966430664,74.4800033569336,74.7699966430664,63.89591598510742,44272100,0.0,0.0,0.0
2023-11-20,74.6500015258789,74.94999694824219,74.6500015258789,74.8499984741211,63.964290618896484,30846200,0.0,0.0,0.0
2023-11-21,74.80000305175781,74.97000122070312,74.80000305175781,74.94999694824219,64.04973602294922,29493900,0.0,0.0,0.0
2023-11-22,75.05000305175781,75.16000366210938,74.87999725341797,75.08000183105469,64.16082000732422,40866800,0.0,0.0,0.0
2023-11-24,75.0199966430664,75.02999877929688,74.94999694824219,75.0,64.09248352050781,8536200,0.0,0.0,0.0
2023-11-27,75.0,75.19999694824219,74.93000030517578,75.11000061035156,64.18645477294922,31007400,0.0,0.0,0.0
2023-11-28,75.0999984741211,75.47000122070312,75.05000305175781,75.44000244140625,64.4684829711914,44031100,0.0,0.0,0.0
2023-11-29,75.73999786376953,76.04000091552734,75.70999908447266,75.8499984741211,64.81884765625,48815500,0.0,0.0,0.0
2023-11-30,75.81999969482422,75.86000061035156,75.4800033569336,75.70999908447266,64.69922637939453,55047100,0.0,0.0,0.0
2023-12-01,75.29000091552734,76.01000213623047,75.19999694824219,75.98999786376953,65.2348861694336,60321100,0.344,0.0,0.0
2023-12-04,75.55000305175781,75.8499984741211,75.55000305175781,75.80000305175781,65.0718002319336,33105700,0.0,0.0,0.0
2023-12-05,75.66999816894531,75.95999908447266,75.66999816894531,75.87000274658203,65.13186645507812,32466500,0.0,0.0,0.0
2023-12-06,75.95999908447266,76.02999877929688,75.83000183105469,75.87999725341797,65.14048767089844,21297200,0.0,0.0,0.0
2023-12-07,75.98999786376953,76.13999938964844,75.91999816894531,76.01000213623047,65.2520751953125,27779300,0.0,0.0,0.0
2023-12-08,75.80999755859375,75.91000366210938,75.66999816894531,75.86000061035156,65.1233139038086,30123200,0.0,0.0,0.0
2023-12-11,75.80000305175781,75.81999969482422,75.56999969482422,75.80999755859375,65.08037567138672,30141700,0.0,0.0,0.0
2023-12-12,75.7699966430664,76.01000213623047,75.5999984741211,75.9800033569336,65.2262954711914,29203400,0.0,0.0,0.0
2023-12-13,76.0999984741211,77.1500015258789,76.05999755859375,77.13999938964844,66.22212219238281,64201300,0.0,0.0,0.0
2023-12-14,77.12999725341797,77.37999725341797,76.94999694824219,77.0999984741211,66.51459503173828,67220400,0.379,0.0,0.0
2023-12-15,77.02999877929688,77.3499984741211,76.75,76.93000030517578,66.36793518066406,36336400,0.0,0.0,0.0
2023-12-18,77.08000183105469,77.08000183105469,76.7300033569336,76.9800033569336,66.41107177734375,34793600,0.0,0.0,0.0
2023-12-19,77.06999969482422,77.29000091552734,77.04000091552734,77.19999694824219,66.6008529663086,25269400,0.0,0.0,0.0
2023-12-20,77.29000091552734,77.54000091552734,77.16999816894531,77.20999908447266,66.60948181152344,38376400,0.0,0.0,0.0
2023-12-21,77.51000213623047,77.62999725341797,77.31999969482422,77.55999755859375,66.91143035888672,22861400,0.0,0.0,0.0
2023-12-22,77.69000244140625,77.75,77.41999816894531,77.47000122070312,66.83379364013672,18048400,0.0,0.0,0.0
2023-12-26,77.5,77.62999725341797,77.4800033569336,77.62000274658203,66.96319580078125,12374700,0.0,0.0,0.0
2023-12-27,77.66999816894531,78.08000183105469,77.61000061035156,77.94000244140625,67.23926544189453,22835300,0.0,0.0,0.0
2023-12-28,77.9000015258789,77.91000366210938,77.54000091552734,77.69000244140625,67.02359008789062,22648100,0.0,0.0,0.0
2023-12-29,77.66999816894531,77.86000061035156,77.38999938964844,77.38999938964844,66.76478576660156,36993900,0.0,0.0,0.0
2024-01-02,77.12999725341797,77.23999786376953,77.04000091552734,77.12999725341797,66.54047393798828,41547100,0.0,0.0,0.0
2024-01-03,76.72000122070312,77.08000183105469,76.55000305175781,76.91999816894531,66.35929870605469,39495500,0.0,0.0,0.0
2024-01-04,76.80999755859375,76.9000015258789,76.5999984741211,76.62000274658203,66.10049438476562,32856100,0.0,0.0,0.0
2024-01-05,76.5999984741211,77.0,76.55000305175781,76.68000030517578,66.15225219726562,31158500,0.0,0.0,0.0
2024-01-08,76.69999694824219,77.16999816894531,76.69999694824219,77.11000061035156,66.5232162475586,33479100,0.0,0.0,0.0
2024-01-09,77.01000213623047,77.31999969482422,76.95999908447266,77.2300033569336,66.62673950195312,25593500,0.0,0.0,0.0
2024-01-10,77.41000366210938,77.48999786376953,77.27999877929688,77.37000274658203,66.74751281738281,35702800,0.0,0.0,0.0
2024-01-11,77.3499984741211,77.62999725341797,77.16999816894531,77.62000274658203,66.96319580078125,35947100,0.0,0.0,0.0
2024-01-12,77.68000030517578,77.91999816894531,77.62999725341797,77.69999694824219,67.0322265625,31155500,0.0,0.0,0.0
2024-01-16,77.55000305175781,77.55000305175781,77.12999725341797,77.20999908447266,66.60948181152344,43669900,0.0,0.0,0.0
2024-01-17,77.08000183105469,77.08000183105469,76.7300033569336,76.87999725341797,66.32479858398438,54160800,0.0,0.0,0.0
2024-01-18,76.98999786376953,77.05000305175781,76.8499984741211,77.04000091552734,66.46282958984375,34837600,0.0,0.0,0.0
2024-01-19,77.06999969482422,77.16999816894531,76.77999877929688,77.16999816894531,66.5749740600586,44359700,0.0,0.0,0.0
2024-01-22,77.18000030517578,77.43000030517578,77.18000030517578,77.2300033569336,66.62673950195312,36758900,0.0,0.0,0.0
2024-01-23,77.19000244140625,77.25,77.02999877929688,77.13999938964844,66.54911041259766,24561500,0.0,0.0,0.0
2024-01-24,77.4000015258789,77.43000030517578,77.02999877929688,77.0999984741211,66.51459503173828,27623300,0.0,0.0,0.0
2024-01-25,77.37000274658203,77.69000244140625,77.30000305175781,77.69000244140625,67.02359008789062,48268800,0.0,0.0,0.0
2024-01-26,77.6500015258789,77.7699966430664,77.58999633789062,77.62999725341797,66.97183227539062,26232800,0.0,0.0,0.0
2024-01-29,77.66000366210938,77.83000183105469,77.56999969482422,77.80000305175781,67.1185073852539,25924900,0.0,0.0,0.0
2024-01-30,77.80000305175781,77.83000183105469,77.52999877929688,77.69999694824219,67.0322265625,32486600,0.0,0.0,0.0
2024-01-31,77.69999694824219,77.9000015258789,77.43000030517578,77.4800033569336,66.84241485595703,55548900,0.0,0.0,0.0
2024-02-01,77.33000183105469,77.61000061035156,77.11000061035156,77.54000091552734,67.22736358642578,48019300,0.384,0.0,0.0
2024-02-02,77.05000305175781,77.29000091552734,77.04000091552734,77.19000244140625,66.92391967773438,42727400,0.0,0.0,0.0
2024-02-05,76.94999694824219,77.01000213623047,76.66000366210938,76.83000183105469,66.61181640625,51908600,0.0,0.0,0.0
2024-02-06,76.87000274658203,77.22000122070312,76.87000274658203,77.11000061035156,66.85455322265625,32948200,0.0,0.0,0.0
2024-02-07,77.2699966430664,77.30000305175781,77.0199966430664,77.23999786376953,66.96728515625,42954100,0.0,0.0,0.0
2024-02-08,77.18000030517578,77.30000305175781,77.12000274658203,77.19999694824219,66.93257904052734,25548400,0.0,0.0,0.0
2024-02-09,77.25,77.41000366210938,77.13999938964844,77.36000061035156,67.07131958007812,33951400,0.0,0.0,0.0
2024-02-12,77.33000183105469,77.45999908447266,77.16999816894531,77.19000244140625,66.92391967773438,36249100,0.0,0.0,0.0
2024-02-13,76.66999816894531,76.80000305175781,76.44000244140625,76.56999969482422,66.38639831542969,69904200,0.0,0.0,0.0
2024-02-14,76.79000091552734,76.98999786376953,76.7300033569336,76.87000274658203,66.64649200439453,38603100,0.0,0.0,0.0
2024-02-15,77.0,77.2300033569336,76.94000244140625,77.13999938964844,66.88056945800781,44319900,0.0,0.0,0.0
2024-02-16,76.93000030517578,77.01000213623047,76.81999969482422,76.91000366210938,66.68114471435547,50322900,0.0,0.0,0.0
2024-02-20,76.88999938964844,77.12999725341797,76.81999969482422,77.06999969482422,66.81987762451172,31994100,0.0,0.0,0.0
2024-02-21,77.05999755859375,77.12000274658203,76.81999969482422,76.93000030517578,66.69849395751953,38674100,0.0,0.0,0.0
2024-02-22,77.1500015258789,77.30999755859375,77.0999984741211,77.30000305175781,67.019287109375,45450200,0.0,0.0,0.0
2024-02-23,77.37000274658203,77.45999908447266,77.29000091552734,77.3499984741211,67.0626449584961,24686900,0.0,0.0,0.0
2024-02-26,77.31999969482422,77.3499984741211,77.08000183105469,77.0999984741211,66.84587860107422,32795300,0.0,0.0,0.0
2024-02-27,77.1500015258789,77.19999694824219,77.05000305175781,77.19999694824219,66.93257904052734,30926600,0.0,0.0,0.0
2024-02-28,77.1500015258789,77.27999877929688,77.0999984741211,77.19000244140625,66.92391967773438,24667600,0.0,0.0,0.0
2024-02-29,77.30000305175781,77.47000122070312,77.23999786376953,77.33000183105469,67.04528045654297,43322400,0.0,0.0,0.0
2024-03-01,76.93000030517578,77.20999908447266,76.77999877929688,77.18000030517578,67.29641723632812,39342900,0.438,0.0,0.0
2024-03-04,77.12000274658203,77.2300033569336,77.02999877929688,77.16000366210938,67.27896881103516,21607300,0.0,0.0,0.0
2024-03-05,77.16000366210938,77.3499984741211,77.05999755859375,77.0999984741211,67.22664642333984,38076900,0.0,0.0,0.0
2024-03-06,77.30000305175781,77.41000366210938,77.18000030517578,77.29000091552734,67.39232635498047,34335200,0.0,0.0,0.0
2024-03-07,77.48999786376953,77.51000213623047,77.31999969482422,77.37999725341797,67.47078704833984,30393000,0.0,0.0,0.0
2024-03-08,77.48999786376953,77.7300033569336,77.38999938964844,77.4000015258789,67.48825073242188,38317900,0.0,0.0,0.0
2024-03-11,77.33999633789062,77.43000030517578,77.30000305175781,77.38999938964844,67.47952270507812,27177600,0.0,0.0,0.0
2024-03-12,77.51000213623047,77.51000213623047,77.26000213623047,77.45999908447266,67.54056549072266,33351700,0.0,0.0,0.0
2024-03-13,77.4000015258789,77.68000030517578,77.4000015258789,77.48999786376953,67.56671905517578,28482200,0.0,0.0,0.0
2024-03-14,77.47000122070312,77.51000213623047,77.02999877929688,77.12000274658203,67.24411010742188,46677200,0.0,0.0,0.0
2024-03-15,77.08000183105469,77.23999786376953,76.95999908447266,77.06999969482422,67.20050811767578,53985300,0.0,0.0,0.0
2024-03-18,77.2699966430664,77.31999969482422,77.18000030517578,77.25,67.35746002197266,34649300,0.0,0.0,0.0
2024-03-19,77.2300033569336,77.58000183105469,77.22000122070312,77.55999755859375,67.62774658203125,41841500,0.0,0.0,0.0
2024-03-20,77.54000091552734,77.8499984741211,77.47000122070312,77.81999969482422,67.85446166992188,36886700,0.0,0.0,0.0
2024-03-21,77.94999694824219,77.95999908447266,77.68000030517578,77.77999877929688,67.81958770751953,34693300,0.0,0.0,0.0
2024-03-22,77.80999755859375,77.88999938964844,77.66000366210938,77.69999694824219,67.74983215332031,26955700,0.0,0.0,0.0
2024-03-25,77.55999755859375,77.66999816894531,77.54000091552734,77.58000183105469,67.64520263671875,29373100,0.0,0.0,0.0
2024-03-26,77.66999816894531,77.68000030517578,77.47000122070312,77.48999786376953,67.56671905517578,28522200,0.0,0.0,0.0
2024-03-27,77.68000030517578,77.9000015258789,77.5999984741211,77.9000015258789,67.92422485351562,28891100,0.0,0.0,0.0
2024-03-28,77.80000305175781,77.91999816894531,77.72000122070312,77.7300033569336,67.77598571777344,31546700,0.0,0.0,0.0
2024-04-01,77.3499984741211,77.3499984741211,76.98999786376953,77.0199966430664,67.49991607666016,47857400,0.395,0.0,0.0
2024-04-02,76.76000213623047,76.91000366210938,76.72000122070312,76.88999938964844,67.38599395751953,45551200,0.0,0.0,0.0
2024-04-03,76.77999877929688,76.98999786376953,76.70999908447266,76.94999694824219,67.43858337402344,29542300,0.0,0.0,0.0
2024-04-04,77.11000061035156,77.22000122070312,76.77999877929688,76.88999938964844,67.38599395751953,36056400,0.0,0.0,0.0
2024-04-05,76.83000183105469,76.93000030517578,76.79000091552734,76.81999969482422,67.32467651367188,30857300,0.0,0.0,0.0
2024-04-08,76.83000183105469,77.04000091552734,76.77999877929688,77.0,67.48239135742188,31067800,0.0,0.0,0.0
2024-04-09,77.12000274658203,77.2300033569336,77.0199966430664,77.16000366210938,67.62262725830078,32219100,0.0,0.0,0.0
2024-04-10,76.6500015258789,76.76000213623047,76.30000305175781,76.4800033569336,67.02668762207031,76623900,0.0,0.0,0.0
2024-04-11,76.51000213623047,76.55999755859375,76.20999908447266,76.41000366210938,66.96532440185547,50836000,0.0,0.0,0.0
2024-04-12,76.37999725341797,76.41999816894531,76.25,76.37000274658203,66.93028259277344,41441700,0.0,0.0,0.0
2024-04-15,76.44999694824219,76.44999694824219,75.83999633789062,75.93000030517578,66.5446548461914,55560400,0.0,0.0,0.0
2024-04-16,75.91000366210938,75.91000366210938,75.58999633789062,75.68000030517578,66.32556915283203,55746100,0.0,0.0,0.0
2024-04-17,75.88999938964844,76.04000091552734,75.70999908447266,75.77999877929688,66.4131851196289,48158800,0.0,0.0,0.0
2024-04-18,75.77999877929688,75.88999938964844,75.63999938964844,75.83999633789062,66.46578216552734,40291400,0.0,0.0,0.0
2024-04-19,75.91000366210938,76.08000183105469,75.9000015258789,75.9800033569336,66.58847045898438,54739500,0.0,0.0,0.0
2024-04-22,76.13999938964844,76.43000030517578,76.11000061035156,76.4000015258789,66.95655822753906,40772500,0.0,0.0,0.0
2024-04-23,76.47000122070312,76.76000213623047,76.37999725341797,76.70999908447266,67.22825622558594,43554400,0.0,0.0,0.0
2024-04-24,76.66999816894531,76.69999694824219,76.37000274658203,76.54000091552734,67.07926940917969,40496500,0.0,0.0,0.0
2024-04-25,76.08000183105469,76.4000015258789,75.91000366210938,76.37999725341797,66.93903350830078,46371600,0.0,0.0,0.0
2024-04-26,76.37000274658203,76.66000366210938,76.37000274658203,76.62000274658203,67.14936065673828,34500800,0.0,0.0,0.0
2024-04-29,76.72000122070312,76.8499984741211,76.66999816894531,76.8499984741211,67.35091400146484,33157800,0.0,0.0,0.0
2024-04-30,76.5999984741211,76.76000213623047,76.29000091552734,76.29000091552734,66.86014556884766,49937500,0.0,0.0,0.0
2024-05-01,75.94999694824219,76.62999725341797,75.93000030517578,76.29000091552734,67.21256256103516,71484700,0.4,0.0,0.0
2024-05-02,76.4800033569336,76.77999877929688,76.33000183105469,76.76000213623047,67.62664794921875,41497900,0.0,0.0,0.0
2024-05-03,77.1500015258789,77.38999938964844,76.94000244140625,77.08000183105469,67.9085693359375,44204400,0.0,0.0,0.0
2024-05-06,77.16999816894531,77.2300033569336,77.12000274658203,77.16999816894531,67.98785400390625,29547100,0.0,0.0,0.0
2024-05-07,77.26000213623047,77.27999877929688,77.02999877929688,77.18000030517578,67.99667358398438,34064000,0.0,0.0,0.0
2024-05-08,76.98999786376953,77.05999755859375,76.94999694824219,77.0,67.83808135986328,22959500,0.0,0.0,0.0
2024-05-09,76.95999908447266,77.05999755859375,76.86000061035156,77.0199966430664,67.85569763183594,24590900,0.0,0.0,0.0
2024-05-10,77.01000213623047,77.02999877929688,76.80999755859375,76.9000015258789,67.75,24633800,0.0,0.0,0.0
2024-05-13,77.05999755859375,77.05999755859375,76.8499984741211,76.87999725341797,67.73236083984375,22109800,0.0,0.0,0.0
2024-05-14,76.91999816894531,77.02999877929688,76.9000015258789,77.0,67.83808135986328,27298700,0.0,0.0,0.0
2024-05-15,77.25,77.45999908447266,77.19000244140625,77.44999694824219,68.23453521728516,56544400,0.0,0.0,0.0
2024-05-16,77.45999908447266,77.45999908447266,77.26000213623047,77.2699966430664,68.07594299316406,31749800,0.0,0.0,0.0
2024-05-17,77.22000122070312,77.30999755859375,77.16000366210938,77.27999877929688,68.08475494384766,31550300,0.0,0.0,0.0
2024-05-20,77.2300033569336,77.31999969482422,77.19999694824219,77.31999969482422,68.1199951171875,18665000,0.0,0.0,0.0
2024-05-21,77.2699966430664,77.4000015258789,77.25,77.26000213623047,68.06715393066406,20295900,0.0,0.0,0.0
2024-05-22,77.1500015258789,77.19000244140625,77.0199966430664,77.08999633789062,67.9173812866211,31110700,0.0,0.0,0.0
2024-05-23,77.16999816894531,77.22000122070312,76.79000091552734,76.81999969482422,67.67951965332031,36464700,0.0,0.0,0.0
2024-05-24,76.94000244140625,77.11000061035156,76.83999633789062,77.08999633789062,67.9173812866211,20488500,0.0,0.0,0.0
2024-05-28,77.16999816894531,77.19000244140625,76.76000213623047,76.77999877929688,67.64424133300781,27771700,0.0,0.0,0.0
2024-05-29,76.54000091552734,76.6500015258789,76.5199966430664,76.55000305175781,67.44161224365234,38800000,0.0,0.0,0.0
2024-05-30,76.62999725341797,76.87999725341797,76.62999725341797,76.86000061035156,67.71472930908203,44210200,0.0,0.0,0.0
2024-05-31,76.91999816894531,77.1500015258789,76.91999816894531,77.12999725341797,67.95260620117188,45381900,0.0,0.0,0.0
2024-06-03,76.87000274658203,77.01000213623047,76.83999633789062,77.01000213623047,68.16326904296875,36791300,0.358,0.0,0.0
2024-06-04,76.91999816894531,77.0999984741211,76.91000366210938,76.97000122070312,68.12786865234375,39230600,0.0,0.0,0.0
2024-06-05,77.12000274658203,77.22000122070312,76.95999908447266,77.22000122070312,68.34915161132812,29793700,0.0,0.0,0.0
2024-06-06,77.18000030517578,77.18000030517578,77.04000091552734,77.08999633789062,68.23407745361328,24398300,0.0,0.0,0.0
2024-06-07,76.79000091552734,76.94000244140625,76.75,76.88999938964844,68.05704498291016,32498800,0.0,0.0,0.0
2024-06-10,76.80999755859375,76.97000122070312,76.76000213623047,76.95999908447266,68.1190185546875,24875700,0.0,0.0,0.0
2024-06-11,76.91999816894531,77.06999969482422,76.8499984741211,77.05999755859375,68.20751953125,25339600,0.0,0.0,0.0
2024-06-12,77.58999633789062,77.63999938964844,77.3499984741211,77.37000274658203,68.48191833496094,51775700,0.0,0.0,0.0
2024-06-13,77.55000305175781,77.55000305175781,77.26000213623047,77.36000061035156,68.47307586669922,38532000,0.0,0.0,0.0
2024-06-14,77.11000061035156,77.18000030517578,76.94999694824219,77.05999755859375,68.20751953125,52953300,0.0,0.0,0.0
2024-06-17,76.94000244140625,77.19000244140625,76.83999633789062,77.11000061035156,68.25177764892578,33165000,0.0,0.0,0.0
2024-06-18,77.19999694824219,77.41000366210938,77.18000030517578,77.3499984741211,68.46421813964844,46845500,0.0,0.0,0.0
2024-06-20,77.31999969482422,77.33999633789062,77.13999938964844,77.30000305175781,68.41997528076172,26989000,0.0,0.0,0.0
2024-06-21,77.29000091552734,77.41000366210938,77.20999908447266,77.38999938964844,68.4996109008789,26857600,0.0,0.0,0.0
2024-06-24,77.36000061035156,77.51000213623047,77.30999755859375,77.30999755859375,68.42880249023438,28766200,0.0,0.0,0.0
2024-06-25,77.36000061035156,77.41999816894531,77.27999877929688,77.41000366210938,68.5173110961914,26111600,0.0,0.0,0.0
2024-06-26,77.26000213623047,77.2699966430664,77.16999816894531,77.23999786376953,68.36683654785156,29282000,0.0,0.0,0.0
2024-06-27,77.19999694824219,77.33000183105469,77.18000030517578,77.33000183105469,68.4465103149414,29404500,0.0,0.0,0.0
2024-06-28,77.37999725341797,77.5199966430664,77.13999938964844,77.13999938964844,68.2783432006836,34952000,0.0,0.0,0.0
2024-07-01,76.87000274658203,76.91999816894531,76.69000244140625,76.72000122070312,68.2649917602539,31113100,0.405,0.0,0.0
2024-07-02,76.7300033569336,76.94999694824219,76.69000244140625,76.93000030517578,68.45185089111328,30418400,0.0,0.0,0.0
2024-07-03,76.91999816894531,77.19999694824219,76.91999816894531,77.19999694824219,68.69209289550781,22067300,0.0,0.0,0.0
2024-07-05,77.27999877929688,77.44999694824219,77.23999786376953,77.43000030517578,68.8967514038086,25941500,0.0,0.0,0.0
2024-07-08,77.41000366210938,77.4800033569336,77.30999755859375,77.41000366210938,68.87895965576172,26962000,0.0,0.0,0.0
2024-07-09,77.41000366210938,77.41000366210938,77.2300033569336,77.31999969482422,68.79887390136719,19108500,0.0,0.0,0.0
2024-07-10,77.41000366210938,77.5199966430664,77.37000274658203,77.5,68.95902252197266,25361900,0.0,0.0,0.0
2024-07-11,77.76000213623047,77.83999633789062,77.70999908447266,77.77999877929688,69.20817565917969,44932500,0.0,0.0,0.0
2024-07-12,77.79000091552734,78.0199966430664,77.79000091552734,77.9800033569336,69.3861312866211,31688100,0.0,0.0,0.0
2024-07-15,78.04000091552734,78.06999969482422,77.9000015258789,77.98999786376953,69.39501953125,23235600,0.0,0.0,0.0
2024-07-16,78.06999969482422,78.33000183105469,78.0,78.29000091552734,69.66197967529297,41375400,0.0,0.0,0.0
2024-07-17,78.05999755859375,78.25,78.02999877929688,78.19999694824219,69.5818862915039,32750400,0.0,0.0,0.0
2024-07-18,78.23999786376953,78.2699966430664,77.97000122070312,78.04000091552734,69.43950653076172,42513000,0.0,0.0,0.0
2024-07-19,78.12000274658203,78.12999725341797,77.87999725341797,77.9800033569336,69.3861312866211,36125700,0.0,0.0,0.0
2024-07-22,78.16999816894531,78.27999877929688,78.11000061035156,78.2699966430664,69.6441650390625,32378800,0.0,0.0,0.0
2024-07-23,78.26000213623047,78.41999816894531,78.2300033569336,78.27999877929688,69.65306091308594,28826900,0.0,0.0,0.0
2024-07-24,78.19999694824219,78.30999755859375,78.01000213623047,78.02999877929688,69.43061828613281,37612800,0.0,0.0,0.0
2024-07-25,78.08000183105469,78.33000183105469,78.04000091552734,78.04000091552734,69.43950653076172,35409000,0.0,0.0,0.0
2024-07-26,78.37000274658203,78.37000274658203,78.20999908447266,78.29000091552734,69.66197967529297,23683700,0.0,0.0,0.0
2024-07-29,78.4000015258789,78.44000244140625,78.13999938964844,78.22000122070312,69.59969329833984,28468400,0.0,0.0,0.0
2024-07-30,78.33000183105469,78.3499984741211,78.12000274658203,78.26000213623047,69.6352767944336,33652100,0.0,0.0,0.0
2024-07-31,78.47000122070312,78.5999984741211,78.36000061035156,78.54000091552734,69.8844223022461,50714800,0.0,0.0,0.0
2024-08-01,78.19000244140625,78.30000305175781,77.94000244140625,77.95999908447266,69.73145294189453,51319800,0.409,0.0,0.0
2024-08-02,77.80999755859375,77.97000122070312,77.61000061035156,77.69999694824219,69.49891662597656,71578700,0.0,0.0,0.0
2024-08-05,76.63999938964844,77.37999725341797,76.58000183105469,77.22000122070312,69.0695571899414,104456100,0.0,0.0,0.0
2024-08-06,77.4800033569336,77.80999755859375,77.16999816894531,77.51000213623047,69.32896423339844,60113400,0.0,0.0,0.0
2024-08-07,77.9800033569336,78.01000213623047,77.61000061035156,77.66000366210938,69.46311950683594,56107800,0.0,0.0,0.0
2024-08-08,77.9000015258789,78.0199966430664,77.79000091552734,77.9800033569336,69.74935913085938,31528100,0.0,0.0,0.0
2024-08-09,78.0199966430664,78.08999633789062,77.83000183105469,77.97000122070312,69.74041748046875,29759900,0.0,0.0,0.0
2024-08-12,78.04000091552734,78.04000091552734,77.87000274658203,78.0199966430664,69.7851333618164,33878400,0.0,0.0,0.0
2024-08-13,78.11000061035156,78.38999938964844,78.08999633789062,78.37999725341797,70.10712432861328,37310200,0.0,0.0,0.0
2024-08-14,78.36000061035156,78.55000305175781,78.30000305175781,78.5199966430664,70.23236846923828,36086900,0.0,0.0,0.0
2024-08-15,78.55999755859375,78.62000274658203,78.44999694824219,78.58999633789062,70.29498291015625,39411300,0.0,0.0,0.0
2024-08-16,78.55000305175781,78.87999725341797,78.54000091552734,78.83999633789062,70.51858520507812,33682600,0.0,0.0,0.0
2024-08-19,78.80999755859375,79.0,78.75,78.97000122070312,70.63484191894531,29604300,0.0,0.0,0.0
2024-08-20,79.01000213623047,79.02999877929688,78.7699966430664,78.9000015258789,70.57225036621094,33189300,0.0,0.0,0.0
2024-08-21,78.9800033569336,79.11000061035156,78.91000366210938,79.08000183105469,70.7332534790039,34266700,0.0,0.0,0.0
2024-08-22,79.08000183105469,79.08999633789062,78.88999938964844,78.9800033569336,70.64380645751953,29292100,0.0,0.0,0.0
2024-08-23,79.18000030517578,79.4000015258789,79.08000183105469,79.4000015258789,71.01947021484375,32590900,0.0,0.0,0.0
2024-08-26,79.38999938964844,79.43000030517578,79.2300033569336,79.23999786376953,70.8763656616211,20460100,0.0,0.0,0.0
2024-08-27,79.1500015258789,79.37000274658203,79.11000061035156,79.29000091552734,70.92108154296875,22784300,0.0,0.0,0.0
2024-08-28,79.30999755859375,79.31999969482422,79.18000030517578,79.25,70.88530731201172,22351600,0.0,0.0,0.0
2024-08-29,79.33000183105469,79.36000061035156,79.2300033569336,79.33000183105469,70.95687866210938,18353000,0.0,0.0,0.0
2024-08-30,79.41999816894531,79.41999816894531,79.23999786376953,79.33999633789062,70.9657974243164,27633300,0.0,0.0,0.0
2024-09-03,78.87999725341797,78.95999908447266,78.6500015258789,78.68000030517578,70.71415710449219,31596800,0.38,0.0,0.0
2024-09-04,78.66000366210938,79.05000305175781,78.66000366210938,78.97000122070312,70.97477722167969,32371800,0.0,0.0,0.0
2024-09-05,79.11000061035156,79.27999877929688,79.05000305175781,79.23999786376953,71.21747589111328,44675300,0.0,0.0,0.0
2024-09-06,79.2699966430664,79.37999725341797,78.98999786376953,79.13999938964844,71.1275863647461,49888900,0.0,0.0,0.0
2024-09-09,79.2699966430664,79.37999725341797,79.16000366210938,79.33000183105469,71.29835510253906,24823800,0.0,0.0,0.0
2024-09-10,79.33999633789062,79.37000274658203,79.0999984741211,79.18000030517578,71.16354370117188,38347600,0.0,0.0,0.0
2024-09-11,79.08999633789062,79.30999755859375,78.97000122070312,79.30000305175781,71.2713851928711,42342700,0.0,0.0,0.0
2024-09-12,79.25,79.48999786376953,79.20999908447266,79.41000366210938,71.3702621459961,28515000,0.0,0.0,0.0
2024-09-13,79.5199966430664,79.68000030517578,79.5,79.62999725341797,71.56797790527344,31806800,0.0,0.0,0.0
2024-09-16,79.66000366210938,79.9000015258789,79.63999938964844,79.83000183105469,71.74772644042969,31402400,0.0,0.0,0.0
2024-09-17,79.9000015258789,79.94000244140625,79.80000305175781,79.8499984741211,71.76569366455078,27423900,0.0,0.0,0.0
2024-09-18,79.87999725341797,80.27999877929688,79.79000091552734,79.91999816894531,71.82862854003906,39546900,0.0,0.0,0.0
2024-09-19,80.29000091552734,80.33000183105469,80.08999633789062,80.16000366210938,72.04431915283203,48785900,0.0,0.0,0.0
2024-09-20,80.16000366210938,80.26000213623047,80.0,80.26000213623047,72.13420104980469,43626300,0.0,0.0,0.0
2024-09-23,80.19000244140625,80.20999908447266,80.08000183105469,80.11000061035156,71.9993667602539,29049400,0.0,0.0,0.0
2024-09-24,80.12000274658203,80.18000030517578,80.0,80.12000274658203,72.00837707519531,28674500,0.0,0.0,0.0
2024-09-25,80.08000183105469,80.11000061035156,80.0199966430664,80.02999877929688,71.92749786376953,28899100,0.0,0.0,0.0
2024-09-26,80.19000244140625,80.19000244140625,80.0199966430664,80.16000366210938,72.04431915283203,32732300,0.0,0.0,0.0
2024-09-27,80.22000122070312,80.37000274658203,80.19999694824219,80.36000061035156,72.22406768798828,36712700,0.0,0.0,0.0
2024-09-30,80.33000183105469,80.37000274658203,80.19000244140625,80.30000305175781,72.17013549804688,31551500,0.0,0.0,0.0
2024-10-01,79.98999786376953,80.0,79.80000305175781,79.87000274658203,72.13401794433594,45992200,0.39,0.0,0.0
2024-10-02,79.77999877929688,79.87999725341797,79.69000244140625,79.87999725341797,72.1430435180664,41214300,0.0,0.0,0.0
2024-10-03,79.77999877929688,79.80999755859375,79.62999725341797,79.69000244140625,71.97145080566406,31147700,0.0,0.0,0.0
2024-10-04,79.68000030517578,79.70999908447266,79.54000091552734,79.5999984741211,71.89015197753906,40122800,0.0,0.0,0.0
2024-10-07,79.54000091552734,79.54000091552734,79.25,79.26000213623047,71.58309936523438,69202500,0.0,0.0,0.0
2024-10-08,79.37000274658203,79.45999908447266,79.30000305175781,79.44999694824219,71.75469970703125,40947200,0.0,0.0,0.0
2024-10-09,79.44000244140625,79.4800033569336,79.33999633789062,79.4000015258789,71.70955657958984,42426500,0.0,0.0,0.0
2024-10-10,79.4000015258789,79.41000366210938,79.25,79.36000061035156,71.67341613769531,30091700,0.0,0.0,0.0
2024-10-11,79.33999633789062,79.58999633789062,79.33999633789062,79.56999969482422,71.86308288574219,26970800,0.0,0.0,0.0
2024-10-14,79.62000274658203,79.62999725341797,79.4000015258789,79.61000061035156,71.89920043945312,12065800,0.0,0.0,0.0
2024-10-15,79.5999984741211,79.72000122070312,79.58000183105469,79.58999633789062,71.88114166259766,31134400,0.0,0.0,0.0
2024-10-16,79.69999694824219,79.80999755859375,79.66000366210938,79.7300033569336,72.00756072998047,31626300,0.0,0.0,0.0
2024-10-17,79.7699966430664,79.80000305175781,79.4800033569336,79.61000061035156,71.89920043945312,46599300,0.0,0.0,0.0
2024-10-18,79.69999694824219,79.80000305175781,79.6500015258789,79.80000305175781,72.07079315185547,28905600,0.0,0.0,0.0
2024-10-21,79.66000366210938,79.70999908447266,79.4000015258789,79.4800033569336,71.78180694580078,36341500,0.0,0.0,0.0
2024-10-22,79.43000030517578,79.45999908447266,79.27999877929688,79.37000274658203,71.68244934082031,35466600,0.0,0.0,0.0
2024-10-23,79.26000213623047,79.30000305175781,79.06999969482422,79.12999725341797,71.4656982421875,39761500,0.0,0.0,0.0
2024-10-24,79.30000305175781,79.41999816894531,79.22000122070312,79.36000061035156,71.67341613769531,30163900,0.0,0.0,0.0
2024-10-25,79.45999908447266,79.55000305175781,79.25,79.27999877929688,71.6011734008789,35590200,0.0,0.0,0.0
2024-10-28,79.41999816894531,79.5199966430664,79.37999725341797,79.4800033569336,71.78180694580078,31854500,0.0,0.0,0.0
2024-10-29,79.25,79.5199966430664,79.2300033569336,79.5,71.79984283447266,42992200,0.0,0.0,0.0
2024-10-30,79.48999786376953,79.6500015258789,79.33000183105469,79.36000061035156,71.67341613769531,28728700,0.0,0.0,0.0
2024-10-31,79.37999725341797,79.37999725341797,79.13999938964844,79.13999938964844,71.47471618652344,43194600,0.0,0.0,0.0
2024-11-01,79.02999877929688,79.08000183105469,78.7300033569336,78.75,71.47926330566406,44045700,0.395,0.0,0.0
2024-11-04,79.05000305175781,79.0999984741211,78.88999938964844,78.97000122070312,71.67894744873047,27291200,0.0,0.0,0.0
2024-11-05,78.94000244140625,79.19999694824219,78.94000244140625,79.19000244140625,71.87864685058594,31611900,0.0,0.0,0.0
2024-11-06,79.22000122070312,79.36000061035156,79.08000183105469,79.33000183105469,72.00572204589844,43173100,0.0,0.0,0.0
2024-11-07,79.30000305175781,79.69999694824219,79.25,79.66999816894531,72.3143081665039,51325800,0.0,0.0,0.0
2024-11-08,79.77999877929688,79.83000183105469,79.66999816894531,79.80000305175781,72.43231964111328,30543400,0.0,0.0,0.0
2024-11-11,79.79000091552734,79.81999969482422,79.70999908447266,79.70999908447266,72.35063171386719,11008700,0.0,0.0,0.0
2024-11-12,79.61000061035156,79.69999694824219,79.33000183105469,79.38999938964844,72.06017303466797,44594900,0.0,0.0,0.0
2024-11-13,79.58999633789062,79.5999984741211,79.37999725341797,79.41000366210938,72.07833099365234,33873600,0.0,0.0,0.0
2024-11-14,79.45999908447266,79.52999877929688,79.23999786376953,79.23999786376953,71.92402648925781,32749300,0.0,0.0,0.0
2024-11-15,79.19000244140625,79.27999877929688,79.05000305175781,79.2300033569336,71.91495513916016,33709500,0.0,0.0,0.0
2024-11-18,79.2699966430664,79.38999938964844,79.19000244140625,79.37999725341797,72.05110168457031,27780900,0.0,0.0,0.0
2024-11-19,79.31999969482422,79.56999969482422,79.30000305175781,79.5,72.16000366210938,34523200,0.0,0.0,0.0
2024-11-20,79.48999786376953,79.5,79.38999938964844,79.4800033569336,72.14188385009766,19934000,0.0,0.0,0.0
2024-11-21,79.54000091552734,79.63999938964844,79.47000122070312,79.51000213623047,72.16908264160156,28040000,0.0,0.0,0.0
2024-11-22,79.5,79.58999633789062,79.44999694824219,79.48999786376953,72.15093994140625,29564900,0.0,0.0,0.0
2024-11-25,79.72000122070312,79.8499984741211,79.72000122070312,79.79000091552734,72.4232406616211,35003000,0.0,0.0,0.0
2024-11-26,79.80000305175781,79.80000305175781,79.58000183105469,79.63999938964844,72.28707885742188,41103500,0.0,0.0,0.0
2024-11-27,79.70999908447266,79.87999725341797,79.69000244140625,79.87999725341797,72.50492858886719,30239600,0.0,0.0,0.0
2024-11-29,80.01000213623047,80.06999969482422,79.88999938964844,80.04000091552734,72.6501693725586,25037800,0.0,0.0,0.0
2024-12-02,79.93000030517578,79.93000030517578,79.52999877929688,79.6500015258789,72.62371826171875,32387400,0.361,0.0,0.0
2024-12-03,79.72000122070312,79.73999786376953,79.61000061035156,79.6500015258789,72.62371826171875,24868500,0.0,0.0,0.0
2024-12-04,79.70999908447266,79.83999633789062,79.63999938964844,79.83999633789062,72.79694366455078,22733500,0.0,0.0,0.0
2024-12-05,79.79000091552734,79.81999969482422,79.70999908447266,79.7699966430664,72.7331314086914,23106300,0.0,0.0,0.0
2024-12-06,79.88999938964844,80.0,79.8499984741211,79.9000015258789,72.85166931152344,29931300,0.0,0.0,0.0
2024-12-09,79.9000015258789,79.94000244140625,79.77999877929688,79.80000305175781,72.76049041748047,22095100,0.0,0.0,0.0
2024-12-10,79.94000244140625,79.94000244140625,79.73999786376953,79.83999633789062,72.79694366455078,27195200,0.0,0.0,0.0
2024-12-11,79.94000244140625,79.94999694824219,79.83000183105469,79.86000061035156,72.81517791748047,24730000,0.0,0.0,0.0
2024-12-12,79.80999755859375,79.98999786376953,79.62999725341797,79.63999938964844,72.61459350585938,29081600,0.0,0.0,0.0
2024-12-13,79.70999908447266,79.70999908447266,79.37999725341797,79.41000366210938,72.40489196777344,34201100,0.0,0.0,0.0
2024-12-16,79.55000305175781,79.62000274658203,79.4800033569336,79.55999755859375,72.54164123535156,22269000,0.0,0.0,0.0
2024-12-17,79.41000366210938,79.5,79.38999938964844,79.38999938964844,72.38665771484375,29039500,0.0,0.0,0.0
2024-12-18,79.13999938964844,79.13999938964844,78.1500015258789,78.16999816894531,71.64336395263672,80034500,0.409,0.0,0.0
2024-12-19,78.44999694824219,78.51000213623047,78.08999633789062,78.08999633789062,71.57005310058594,69005700,0.0,0.0,0.0
2024-12-20,78.0,78.66999816894531,78.0,78.58000183105469,72.01912689208984,63276200,0.0,0.0,0.0
2024-12-23,78.6500015258789,78.69000244140625,78.37000274658203,78.37000274658203,71.82666778564453,29239400,0.0,0.0,0.0
2024-12-24,78.4000015258789,78.63999938964844,78.3499984741211,78.62000274658203,72.05579376220703,11926100,0.0,0.0,0.0
2024-12-26,78.51000213623047,78.81999969482422,78.47000122070312,78.81999969482422,72.2391128540039,18384900,0.0,0.0,0.0
2024-12-27,78.73999786376953,78.76000213623047,78.52999877929688,78.55000305175781,71.99164581298828,20631800,0.0,0.0,0.0
2024-12-30,78.58000183105469,78.73999786376953,78.5,78.66000366210938,72.09243774414062,20659200,0.0,0.0,0.0
2024-12-31,78.77999877929688,78.83999633789062,78.55000305175781,78.6500015258789,72.08329772949219,18664900,0.0,0.0,0.0
2025-01-02,78.87999725341797,78.94999694824219,78.72000122070312,78.83999633789062,72.25741577148438,30415400,0.0,0.0,0.0
2025-01-03,78.98999786376953,79.02999877929688,78.93000030517578,78.95999908447266,72.3674087524414,32611000,0.0,0.0,0.0
2025-01-06,79.1500015258789,79.19000244140625,79.0199966430664,79.0999984741211,72.49571990966797,32110000,0.0,0.0,0.0
2025-01-07,79.13999938964844,79.22000122070312,78.81999969482422,78.83999633789062,72.25741577148438,43790200,0.0,0.0,0.0
2025-01-08,78.8499984741211,78.98999786376953,78.76000213623047,78.94000244140625,72.34908294677734,35304900,0.0,0.0,0.0
2025-01-10,78.80000305175781,78.80000305175781,78.5,78.52999877929688,71.97330474853516,37417300,0.0,0.0,0.0
2025-01-13,78.48999786376953,78.55999755859375,78.37000274658203,78.51000213623047,71.95497131347656,39180700,0.0,0.0,0.0
2025-01-14,78.69000244140625,78.7300033569336,78.55000305175781,78.61000061035156,72.04664611816406,29581100,0.0,0.0,0.0
2025-01-15,79.16000366210938,79.30999755859375,79.05999755859375,79.30000305175781,72.67901611328125,53574900,0.0,0.0,0.0
2025-01-16,79.20999908447266,79.41000366210938,79.12000274658203,79.38999938964844,72.76151275634766,32363000,0.0,0.0,0.0
2025-01-17,79.48999786376953,79.5199966430664,79.38999938964844,79.45999908447266,72.82566833496094,29546400,0.0,0.0,0.0
2025-01-21,79.61000061035156,79.69999694824219,79.5999984741211,79.66999816894531,73.01811218261719,32962700,0.0,0.0,0.0
2025-01-22,79.69999694824219,79.72000122070312,79.5199966430664,79.55999755859375,72.91729736328125,25028500,0.0,0.0,0.0
2025-01-23,79.5199966430664,79.66999816894531,79.44000244140625,79.66000366210938,73.00896453857422,27434800,0.0,0.0,0.0
2025-01-24,79.69999694824219,79.83000183105469,79.66000366210938,79.75,73.09143829345703,23648600,0.0,0.0,0.0
2025-01-27,79.66999816894531,79.86000061035156,79.61000061035156,79.80999755859375,73.14643096923828,28540600,0.0,0.0,0.0
2025-01-28,79.7699966430664,79.80999755859375,79.66999816894531,79.77999877929688,73.11893463134766,30439900,0.0,0.0,0.0
2025-01-29,79.76000213623047,79.83000183105469,79.62000274658203,79.7300033569336,73.07312774658203,20072100,0.0,0.0,0.0
2025-01-30,79.94000244140625,79.94000244140625,79.79000091552734,79.87999725341797,73.2105941772461,34495300,0.0,0.0,0.0
2025-01-31,79.9000015258789,79.97000122070312,79.66999816894531,79.72000122070312,73.06394958496094,37101100,0.0,0.0,0.0
2025-02-03,79.16999816894531,79.37000274658203,79.04000091552734,79.26000213623047,72.97189331054688,29965100,0.36,0.0,0.0
2025-02-04,79.30000305175781,79.51000213623047,79.2300033569336,79.51000213623047,73.20207977294922,28938600,0.0,0.0,0.0
2025-02-05,79.54000091552734,79.7699966430664,79.54000091552734,79.72000122070312,73.39537811279297,31834000,0.0,0.0,0.0
2025-02-06,79.72000122070312,79.79000091552734,79.58000183105469,79.5999984741211,73.28491973876953,24224100,0.0,0.0,0.0
2025-02-07,79.55999755859375,79.58000183105469,79.33999633789062,79.3499984741211,73.05474853515625,28778200,0.0,0.0,0.0
2025-02-10,79.54000091552734,79.58999633789062,79.47000122070312,79.51000213623047,73.20207977294922,23382600,0.0,0.0,0.0
2025-02-11,79.52999877929688,79.52999877929688,79.4000015258789,79.4800033569336,73.1744384765625,24410000,0.0,0.0,0.0
2025-02-12,79.20999908447266,79.43000030517578,79.1500015258789,79.30999755859375,73.01791381835938,34362700,0.0,0.0,0.0
2025-02-13,79.43000030517578,79.69999694824219,79.37999725341797,79.66999816894531,73.34934997558594,36149900,0.0,0.0,0.0
2025-02-14,79.79000091552734,79.88999938964844,79.72000122070312,79.76000213623047,73.43222045898438,26668300,0.0,0.0,0.0
2025-02-18,79.75,79.80999755859375,79.63999938964844,79.69000244140625,73.3677749633789,23274200,0.0,0.0,0.0
2025-02-19,79.63999938964844,79.76000213623047,79.55999755859375,79.75,73.42301177978516,38958600,0.0,0.0,0.0
2025-02-20,79.73999786376953,79.81999969482422,79.68000030517578,79.80000305175781,73.46903991699219,25789000,0.0,0.0,0.0
2025-02-21,79.7699966430664,79.86000061035156,79.6500015258789,79.6500015258789,73.33094787597656,32016500,0.0,0.0,0.0
2025-02-24,79.66999816894531,79.83999633789062,79.63999938964844,79.75,73.42301177978516,21029200,0.0,0.0,0.0
2025-02-25,79.94999694824219,79.9800033569336,79.83999633789062,79.94999694824219,73.60714721679688,30604400,0.0,0.0,0.0
2025-02-26,80.0,80.08000183105469,79.97000122070312,80.05999755859375,73.70843505859375,21777500,0.0,0.0,0.0
2025-02-27,80.05000305175781,80.08000183105469,79.87000274658203,79.91000366210938,73.57032012939453,40521800,0.0,0.0,0.0
2025-02-28,79.98999786376953,80.12999725341797,79.93000030517578,80.12999725341797,73.77285766601562,44321200,0.0,0.0,0.0
2025-03-03,79.69000244140625,79.75,79.51000213623047,79.58999633789062,73.61932373046875,40729100,0.374,0.0,0.0
2025-03-04,79.51000213623047,79.63999938964844,79.30999755859375,79.58000183105469,73.61006927490234,66274600,0.0,0.0,0.0
2025-03-05,79.44999694824219,79.68000030517578,79.44000244140625,79.62000274658203,73.64708709716797,32302200,0.0,0.0,0.0
2025-03-06,79.43000030517578,79.5,79.27999877929688,79.31999969482422,73.36958312988281,50431500,0.0,0.0,0.0
2025-03-07,79.3499984741211,79.51000213623047,79.33000183105469,79.44999694824219,73.48982238769531,52828900,0.0,0.0,0.0
2025-03-10,79.30000305175781,79.37999725341797,79.13999938964844,79.1500015258789,73.21234130859375,57602100,0.0,0.0,0.0
2025-03-11,79.20999908447266,79.26000213623047,78.80000305175781,78.87000274658203,72.95333099365234,75826700,0.0,0.0,0.0
2025-03-12,79.05999755859375,79.11000061035156,78.87999725341797,78.95999908447266,73.03659057617188,53763000,0.0,0.0,0.0
2025-03-13,78.86000061035156,78.87000274658203,78.48999786376953,78.5199966430664,72.62959289550781,81223200,0.0,0.0,0.0
2025-03-14,78.83000183105469,78.97000122070312,78.70999908447266,78.87999725341797,72.96257019042969,51469800,0.0,0.0,0.0
2025-03-17,78.88999938964844,79.0999984741211,78.87000274658203,79.06999969482422,73.1383285522461,33954200,0.0,0.0,0.0
2025-03-18,79.01000213623047,79.06999969482422,78.93000030517578,78.93000030517578,73.00882720947266,40195900,0.0,0.0,0.0
2025-03-19,78.95999908447266,79.54000091552734,78.95999908447266,79.44999694824219,73.48982238769531,45212700,0.0,0.0,0.0
2025-03-20,79.38999938964844,79.5,79.26000213623047,79.33999633789062,73.38806915283203,42977600,0.0,0.0,0.0
2025-03-21,79.2699966430664,79.30999755859375,79.06999969482422,79.22000122070312,73.27706909179688,35124000,0.0,0.0,0.0
2025-03-24,79.41999816894531,79.5,79.3499984741211,79.44999694824219,73.48982238769531,36393500,0.0,0.0,0.0
2025-03-25,79.5,79.58000183105469,79.37999725341797,79.41000366210938,73.45282745361328,29075500,0.0,0.0,0.0
2025-03-26,79.4000015258789,79.41999816894531,78.97000122070312,79.08999633789062,73.15682220458984,51236100,0.0,0.0,0.0
2025-03-27,79.05000305175781,79.13999938964844,78.93000030517578,78.94000244140625,73.01809692382812,38493100,0.0,0.0,0.0
2025-03-28,78.98999786376953,79.0,78.66000366210938,78.80000305175781,72.88860321044922,58896900,0.0,0.0,0.0
2025-03-31,78.5199966430664,78.91999816894531,78.5199966430664,78.88999938964844,72.97181701660156,47853500,0.0,0.0,0.0
2025-04-01,78.68000030517578,78.72000122070312,78.43000030517578,78.69000244140625,73.1410140991211,54256000,0.382,0.0,0.0
2025-04-02,78.54000091552734,78.86000061035156,78.54000091552734,78.8499984741211,73.28971862792969,49072400,0.0,0.0,0.0
2025-04-03,78.0999984741211,78.27999877929688,77.73999786376953,77.87000274658203,72.37882995605469,116401400,0.0,0.0,0.0
2025-04-04,76.80000305175781,77.33000183105469,76.54000091552734,76.76000213623047,71.34709930419922,181273300,0.0,0.0,0.0
2025-04-07,75.87000274658203,77.5999984741211,75.62999725341797,76.0999984741211,70.73362731933594,193374800,0.0,0.0,0.0
2025-04-08,77.0199966430664,77.12999725341797,75.41999816894531,75.75,70.40831756591797,106007700,0.0,0.0,0.0
2025-04-09,75.0999984741211,77.83999633789062,75.08000183105469,77.77999877929688,72.295166015625,152382200,0.0,0.0,0.0
2025-04-10,77.06999969482422,77.18000030517578,76.13999938964844,76.51000213623047,71.1147232055664,93884100,0.0,0.0,0.0
2025-04-11,76.2699966430664,77.16999816894531,76.0,76.73999786376953,71.32852172851562,71884000,0.0,0.0,0.0
2025-04-14,77.27999877929688,77.45999908447266,76.94000244140625,77.12000274658203,71.68170928955078,50011400,0.0,0.0,0.0
2025-04-15,77.23999786376953,77.5,77.18000030517578,77.33000183105469,71.87689208984375,39790500,0.0,0.0,0.0
2025-04-16,77.3499984741211,77.5199966430664,77.11000061035156,77.31999969482422,71.86760711669922,52028800,0.0,0.0,0.0
2025-04-17,77.62000274658203,77.79000091552734,77.52999877929688,77.7699966430664,72.28585815429688,37355500,0.0,0.0,0.0
2025-04-21,77.48999786376953,77.51000213623047,77.1500015258789,77.30999755859375,71.85830688476562,36078000,0.0,0.0,0.0
2025-04-22,77.58000183105469,77.80999755859375,77.51000213623047,77.61000061035156,72.13713836669922,33941100,0.0,0.0,0.0
2025-04-23,78.5999984741211,78.73999786376953,77.97000122070312,78.0,72.49966430664062,63723400,0.0,0.0,0.0
2025-04-24,78.27999877929688,78.73999786376953,78.18000030517578,78.69999694824219,73.15028381347656,49007800,0.0,0.0,0.0
2025-04-25,78.58999633789062,78.94000244140625,78.54000091552734,78.7699966430664,73.2153549194336,47981700,0.0,0.0,0.0
2025-04-28,78.77999877929688,78.87000274658203,78.55000305175781,78.80999755859375,73.25252532958984,42220700,0.0,0.0,0.0
2025-04-29,78.6500015258789,79.05000305175781,78.6500015258789,79.0199966430664,73.44773864746094,51198600,0.0,0.0,0.0
2025-04-30,78.62999725341797,78.70999908447266,78.45999908447266,78.5999984741211,73.0573501586914,69994200,0.0,0.0,0.0
2025-05-01,78.4000015258789,78.48999786376953,78.22000122070312,78.30000305175781,73.15170288085938,50848600,0.401,0.0,0.0
2025-05-02,78.5,78.61000061035156,78.36000061035156,78.54000091552734,73.37592315673828,41354100,0.0,0.0,0.0
2025-05-05,78.47000122070312,78.63999938964844,78.4000015258789,78.51000213623047,73.347900390625,39815300,0.0,0.0,0.0
2025-05-06,78.41000366210938,78.5199966430664,78.33000183105469,78.44999694824219,73.29182434082031,36292600,0.0,0.0,0.0
2025-05-07,78.55999755859375,78.62000274658203,78.36000061035156,78.5199966430664,73.35723876953125,32676200,0.0,0.0,0.0
2025-05-08,78.66999816894531,78.7699966430664,78.44999694824219,78.5,73.33854675292969,32684900,0.0,0.0,0.0
2025-05-09,78.58999633789062,78.69999694824219,78.54000091552734,78.55000305175781,73.38525390625,23971200,0.0,0.0,0.0
2025-05-12,79.23999786376953,79.38999938964844,79.02999877929688,79.33000183105469,74.11397552490234,70558600,0.0,0.0,0.0
2025-05-13,79.37999725341797,79.58000183105469,79.31999969482422,79.47000122070312,74.24478149414062,52141900,0.0,0.0,0.0
2025-05-14,79.4000015258789,79.43000030517578,79.13999938964844,79.18000030517578,73.97383880615234,45406500,0.0,0.0,0.0
2025-05-15,79.05999755859375,79.33000183105469,79.05999755859375,79.33000183105469,74.11397552490234,49301300,0.0,0.0,0.0
2025-05-16,79.37999725341797,79.43000030517578,79.2699966430664,79.41999816894531,74.19805908203125,30657200,0.0,0.0,0.0
2025-05-19,79.05999755859375,79.38999938964844,79.05000305175781,79.37999725341797,74.16069030761719,26228800,0.0,0.0,0.0
2025-05-20,79.2699966430664,79.37999725341797,79.20999908447266,79.33999633789062,74.12330627441406,25933700,0.0,0.0,0.0
2025-05-21,79.08000183105469,79.22000122070312,78.80000305175781,78.80999755859375,73.62816619873047,54737300,0.0,0.0,0.0
2025-05-22,78.80999755859375,79.05000305175781,78.75,78.97000122070312,73.77765655517578,43242700,0.0,0.0,0.0
2025-05-23,78.76000213623047,78.9800033569336,78.73999786376953,78.94999694824219,73.75897216796875,29598900,0.0,0.0,0.0
2025-05-27,79.27999877929688,79.44000244140625,79.16999816894531,79.43000030517578,74.2073974609375,33524700,0.0,0.0,0.0
2025-05-28,79.41999816894531,79.44000244140625,79.25,79.37999725341797,74.16069030761719,27012900,0.0,0.0,0.0
2025-05-29,79.55999755859375,79.56999969482422,79.41000366210938,79.5,74.2728042602539,28616300,0.0,0.0,0.0
2025-05-30,79.44999694824219,79.58000183105469,79.4000015258789,79.56999969482422,74.33820343017578,28930300,0.0,0.0,0.0
2025-06-02,79.12999725341797,79.19000244140625,78.9800033569336,79.18000030517578,74.32505798339844,45527200,0.376,0.0,0.0
2025-06-03,79.23999786376953,79.3499984741211,79.16999816894531,79.33000183105469,74.46585845947266,28458700,0.0,0.0,0.0
2025-06-04,79.33999633789062,79.51000213623047,79.33999633789062,79.4800033569336,74.60665893554688,41403600,0.0,0.0,0.0
2025-06-05,79.47000122070312,79.48999786376953,79.2699966430664,79.30999755859375,74.44709014892578,44563900,0.0,0.0,0.0
2025-06-06,79.37999725341797,79.38999938964844,79.25,79.30000305175781,74.43770599365234,41300100,0.0,0.0,0.0
2025-06-09,79.27999877929688,79.43000030517578,79.27999877929688,79.33999633789062,74.47523498535156,30169000,0.0,0.0,0.0
2025-06-10,79.41000366210938,79.55000305175781,79.33000183105469,79.52999877929688,74.65359497070312,24234400,0.0,0.0,0.0
2025-06-11,79.58999633789062,79.63999938964844,79.48999786376953,79.51000213623047,74.63481903076172,30114400,0.0,0.0,0.0
2025-06-12,79.51000213623047,79.5999984741211,79.47000122070312,79.5999984741211,74.71930694580078,28373200,0.0,0.0,0.0
2025-06-13,79.41999816894531,79.5,79.30000305175781,79.36000061035156,74.4940185546875,35271000,0.0,0.0,0.0
2025-06-16,79.5199966430664,79.5999984741211,79.48999786376953,79.5199966430664,74.64419555664062,26225100,0.0,0.0,0.0
2025-06-17,79.5199966430664,79.63999938964844,79.37000274658203,79.43000030517578,74.55972290039062,27747200,0.0,0.0,0.0
2025-06-18,79.48999786376953,79.70999908447266,79.43000030517578,79.55000305175781,74.67236328125,32833500,0.0,0.0,0.0
2025-06-20,79.62000274658203,79.80999755859375,79.58999633789062,79.80000305175781,74.90705108642578,45845800,0.0,0.0,0.0
2025-06-23,79.7699966430664,79.94999694824219,79.70999908447266,79.94999694824219,75.0478515625,32361400,0.0,0.0,0.0
2025-06-24,80.05000305175781,80.20999908447266,80.0,80.16999816894531,75.25436401367188,50893200,0.0,0.0,0.0
2025-06-25,80.18000030517578,80.22000122070312,80.08000183105469,80.1500015258789,75.23558044433594,24156100,0.0,0.0,0.0
2025-06-26,80.2699966430664,80.38999938964844,80.19999694824219,80.37999725341797,75.45149230957031,28889100,0.0,0.0,0.0
2025-06-27,80.4000015258789,80.47000122070312,80.30000305175781,80.33999633789062,75.4139404296875,47849500,0.0,0.0,0.0
2025-06-30,80.52999877929688,80.66999816894531,80.44999694824219,80.6500015258789,75.70492553710938,52885900,0.0,0.0,0.0
2025-07-01,80.19999694824219,80.2699966430664,80.0999984741211,80.16999816894531,75.60967254638672,45411000,0.379,0.0,0.0
2025-07-02,80.16999816894531,80.31999969482422,80.08000183105469,80.31999969482422,75.75112915039062,32359500,0.0,0.0,0.0
2025-07-03,80.30000305175781,80.38999938964844,80.26000213623047,80.37000274658203,75.79829406738281,19750000,0.0,0.0,0.0
2025-07-07,80.33000183105469,80.33999633789062,80.05999755859375,80.0999984741211,75.54365539550781,37027200,0.0,0.0,0.0
2025-07-08,80.08999633789062,80.12000274658203,79.94000244140625,79.98999786376953,75.43991088867188,31358900,0.0,0.0,0.0
2025-07-09,80.13999938964844,80.22000122070312,80.08000183105469,80.20999908447266,75.64739227294922,30277500,0.0,0.0,0.0
2025-07-10,80.20999908447266,80.22000122070312,80.12999725341797,80.12999725341797,75.57194519042969,28776200,0.0,0.0,0.0
2025-07-11,80.04000091552734,80.05000305175781,79.93000030517578,80.02999877929688,75.4776382446289,30482200,0.0,0.0,0.0
2025-07-14,80.01000213623047,80.0999984741211,79.97000122070312,80.08999633789062,75.53421020507812,23716200,0.0,0.0,0.0
2025-07-15,80.16000366210938,80.16999816894531,79.8499984741211,79.8499984741211,75.30785369873047,37039500,0.0,0.0,0.0
2025-07-16,79.94999694824219,80.08000183105469,79.75,80.05999755859375,75.50591278076172,39780100,0.0,0.0,0.0
2025-07-17,80.04000091552734,80.18000030517578,80.0,80.13999938964844,75.58137512207031,25703200,0.0,0.0,0.0
2025-07-18,80.26000213623047,80.31999969482422,80.18000030517578,80.25,75.68511962890625,27686400,0.0,0.0,0.0
2025-07-21,80.31999969482422,80.44999694824219,80.31999969482422,80.36000061035156,75.78886413574219,28483300,0.0,0.0,0.0
2025-07-22,80.44000244140625,80.5199966430664,80.33999633789062,80.5,75.9208984375,26017700,0.0,0.0,0.0
2025-07-23,80.5199966430664,80.55000305175781,80.44000244140625,80.54000091552734,75.95862579345703,26025000,0.0,0.0,0.0
2025-07-24,80.44000244140625,80.51000213623047,80.41000366210938,80.44000244140625,75.86430358886719,27013700,0.0,0.0,0.0
2025-07-25,80.5,80.58000183105469,80.41000366210938,80.48999786376953,75.91146087646484,30123100,0.0,0.0,0.0
2025-07-28,80.5199966430664,80.5199966430664,80.44000244140625,80.44999694824219,75.87374877929688,22093800,0.0,0.0,0.0
2025-07-29,80.48999786376953,80.55000305175781,80.44999694824219,80.5,75.9208984375,21371800,0.0,0.0,0.0
2025-07-30,80.44999694824219,80.5199966430664,80.25,80.33000183105469,75.76055908203125,38392400,0.0,0.0,0.0
2025-07-31,80.4000015258789,80.4800033569336,80.33000183105469,80.37999725341797,75.80774688720703,41501300,0.0,0.0,0.0
2025-08-01,80.04000091552734,80.08999633789062,79.80000305175781,79.9800033569336,75.8115234375,68963100,0.404,0.0,0.0
2025-08-04,80.08999633789062,80.25,80.05999755859375,80.25,76.06743621826172,37539200,0.0,0.0,0.0
2025-08-05,80.20999908447266,80.23999786376953,80.0999984741211,80.20999908447266,76.029541015625,29656300,0.0,0.0,0.0
2025-08-06,80.20999908447266,80.30000305175781,80.13999938964844,80.29000091552734,76.10535430908203,30512900,0.0,0.0,0.0
2025-08-07,80.30999755859375,80.36000061035156,80.16000366210938,80.20999908447266,76.029541015625,29405000,0.0,0.0,0.0
2025-08-08,80.19999694824219,80.25,80.16000366210938,80.22000122070312,76.03899383544922,24679000,0.0,0.0,0.0
2025-08-11,80.22000122070312,80.29000091552734,80.16999816894531,80.22000122070312,76.03899383544922,30159800,0.0,0.0,0.0
2025-08-12,80.2699966430664,80.4000015258789,80.20999908447266,80.4000015258789,76.2096176147461,40846200,0.0,0.0,0.0
2025-08-13,80.45999908447266,80.61000061035156,80.45999908447266,80.61000061035156,76.4086685180664,35039600,0.0,0.0,0.0
2025-08-14,80.48999786376953,80.48999786376953,80.3499984741211,80.4000015258789,76.2096176147461,36559900,0.0,0.0,0.0
2025-08-15,80.47000122070312,80.47000122070312,80.37000274658203,80.45999908447266,76.2664794921875,22754000,0.0,0.0,0.0
2025-08-18,80.44000244140625,80.48999786376953,80.37999725341797,80.4000015258789,76.2096176147461,25400800,0.0,0.0,0.0
2025-08-19,80.44999694824219,80.4800033569336,80.36000061035156,80.37999725341797,76.190673828125,21700500,0.0,0.0,0.0
2025-08-20,80.41000366210938,80.43000030517578,80.30999755859375,80.3499984741211,76.16221618652344,29704900,0.0,0.0,0.0
2025-08-21,80.26000213623047,80.30000305175781,80.19000244140625,80.19999694824219,76.02005004882812,35825900,0.0,0.0,0.0
2025-08-22,80.31999969482422,80.86000061035156,80.30000305175781,80.8499984741211,76.63616180419922,59541500,0.0,0.0,0.0
2025-08-25,80.77999877929688,80.80999755859375,80.69000244140625,80.69000244140625,76.48451232910156,32714800,0.0,0.0,0.0
2025-08-26,80.79000091552734,80.9000015258789,80.73999786376953,80.87000274658203,76.65513610839844,33659900,0.0,0.0,0.0
2025-08-27,80.81999969482422,80.98999786376953,80.81999969482422,80.97000122070312,76.74990844726562,24335000,0.0,0.0,0.0
2025-08-28,80.97000122070312,81.01000213623047,80.9000015258789,81.01000213623047,76.78782653808594,24203800,0.0,0.0,0.0
2025-08-29,80.98999786376953,80.98999786376953,80.86000061035156,80.86000061035156,76.6456527709961,35070300,0.0,0.0,0.0
2025-09-02,80.2699966430664,80.43000030517578,80.19999694824219,80.38999938964844,76.56279754638672,51804000,0.383,0.0,0.0
2025-09-03,80.41000366210938,80.61000061035156,80.41000366210938,80.61000061035156,76.7723159790039,34283100,0.0,0.0,0.0
2025-09-04,80.66000366210938,80.83999633789062,80.62999725341797,80.83000183105469,76.98184967041016,37999700,0.0,0.0,0.0
2025-09-05,80.9800033569336,81.0999984741211,80.83999633789062,80.87000274658203,77.01995086669922,39147800,0.0,0.0,0.0
2025-09-08,80.94999694824219,80.97000122070312,80.8499984741211,80.87000274658203,77.01995086669922,27003400,0.0,0.0,0.0
2025-09-09,80.8499984741211,80.87999725341797,80.66999816894531,80.77999877929688,76.9342269897461,36704500,0.0,0.0,0.0
2025-09-10,80.83999633789062,80.94000244140625,80.79000091552734,80.83999633789062,76.9913558959961,38106100,0.0,0.0,0.0
2025-09-11,80.91000366210938,81.0999984741211,80.91000366210938,81.04000091552734,77.18183898925781,34221500,0.0,0.0,0.0
2025-09-12,81.02999877929688,81.02999877929688,80.94000244140625,80.95999908447266,77.10564422607422,25702800,0.0,0.0,0.0
2025-09-15,81.08000183105469,81.19999694824219,81.06999969482422,81.19000244140625,77.32470703125,27248800,0.0,0.0,0.0
2025-09-16,81.20999908447266,81.2300033569336,81.0999984741211,81.12999725341797,77.26756286621094,33075600,0.0,0.0,0.0
2025-09-17,81.19000244140625,81.23999786376953,80.91000366210938,81.05000305175781,77.19136810302734,35955700,0.0,0.0,0.0
2025-09-18,81.13999938964844,81.2699966430664,81.06999969482422,81.2300033569336,77.36280059814453,43250000,0.0,0.0,0.0
2025-09-19,81.25,81.29000091552734,81.1500015258789,81.26000213623047,77.3913803100586,32042900,0.0,0.0,0.0
2025-09-22,81.19000244140625,81.33000183105469,81.18000030517578,81.31999969482422,77.44851684570312,26670200,0.0,0.0,0.0
2025-09-23,81.33999633789062,81.36000061035156,81.19999694824219,81.26000213623047,77.3913803100586,37088500,0.0,0.0,0.0
2025-09-24,81.25,81.25,81.12000274658203,81.1500015258789,77.28660583496094,28124300,0.0,0.0,0.0
2025-09-25,81.0,81.01000213623047,80.88999938964844,80.91999816894531,77.06756591796875,33509900,0.0,0.0,0.0
2025-09-26,81.04000091552734,81.11000061035156,80.95999908447266,81.08000183105469,77.21993255615234,31046800,0.0,0.0,0.0
2025-09-29,81.16000366210938,81.23999786376953,81.12999725341797,81.22000122070312,77.35328674316406,28558500,0.0,0.0,0.0
2025-09-30,81.16999816894531,81.20999908447266,81.0999984741211,81.19000244140625,77.32470703125,54970300,0.0,0.0,0.0
2025-10-01,80.80999755859375,81.0,80.77999877929688,80.95999908447266,77.46918487548828,58042600,0.381,0.0,0.0
2025-10-02,80.94000244140625,80.97000122070312,80.83999633789062,80.93000030517578,77.44049072265625,33348900,0.0,0.0,0.0
2025-10-03,80.91999816894531,80.94000244140625,80.81999969482422,80.83999633789062,77.35436248779297,35109200,0.0,0.0,0.0
2025-10-06,80.88999938964844,80.91000366210938,80.83000183105469,80.86000061035156,77.37349700927734,29485100,0.0,0.0,0.0
2025-10-07,80.88999938964844,80.88999938964844,80.76000213623047,80.7699966430664,77.28738403320312,27672300,0.0,0.0,0.0
2025-10-08,80.81999969482422,80.83999633789062,80.63999938964844,80.6500015258789,77.17256164550781,34932200,0.0,0.0,0.0
2025-10-09,80.63999938964844,80.6500015258789,80.30999755859375,80.41999816894531,76.95248413085938,65586700,0.0,0.0,0.0
2025-10-10,80.47000122070312,80.48999786376953,79.94999694824219,79.94999694824219,76.50273895263672,83840400,0.0,0.0,0.0
2025-10-13,80.2300033569336,80.44999694824219,80.16999816894531,80.44999694824219,76.98118591308594,31926800,0.0,0.0,0.0
2025-10-14,80.18000030517578,80.63999938964844,80.11000061035156,80.54000091552734,77.06729888916016,63860100,0.0,0.0,0.0
2025-10-15,80.72000122070312,80.83000183105469,80.5999984741211,80.80000305175781,77.31609344482422,59802200,0.0,0.0,0.0
2025-10-16,80.80000305175781,80.81999969482422,80.45999908447266,80.51000213623047,77.03858184814453,75725200,0.0,0.0,0.0
2025-10-17,80.44000244140625,80.7300033569336,80.43000030517578,80.72000122070312,77.23954010009766,70044200,0.0,0.0,0.0
2025-10-20,80.7699966430664,80.91000366210938,80.7699966430664,80.87999725341797,77.39263916015625,43762300,0.0,0.0,0.0
2025-10-21,80.87999725341797,80.94000244140625,80.76000213623047,80.76000213623047,77.27781677246094,45418100,0.0,0.0,0.0
2025-10-22,80.76000213623047,80.80999755859375,80.5999984741211,80.68000030517578,77.2012710571289,50698600,0.0,0.0,0.0
2025-10-23,80.69999694824219,80.86000061035156,80.69999694824219,80.86000061035156,77.37349700927734,37962400,0.0,0.0,0.0
2025-10-24,81.02999877929688,81.08999633789062,80.97000122070312,81.08000183105469,77.58401489257812,39905600,0.0,0.0,0.0
2025-10-27,81.16999816894531,81.33000183105469,81.12999725341797,81.27999877929688,77.775390625,36495000,0.0,0.0,0.0
2025-10-28,81.27999877929688,81.27999877929688,81.16999816894531,81.19999694824219,77.69883728027344,31591400,0.0,0.0,0.0
2025-10-29,81.19999694824219,81.2300033569336,80.9000015258789,80.94999694824219,77.4596176147461,51827100,0.0,0.0,0.0
2025-10-30,80.79000091552734,80.94000244140625,80.76000213623047,80.80000305175781,77.31609344482422,39967300,0.0,0.0,0.0
2025-10-31,80.88999938964844,80.95999908447266,80.75,80.80000305175781,77.31609344482422,45044600,0.0,0.0,0.0
2025-11-03,80.38999938964844,80.4000015258789,80.12999725341797,80.13999938964844,77.07564544677734,54615100,0.41,0.0,0.0
2025-11-04,79.9800033569336,80.22000122070312,79.95999908447266,80.1500015258789,77.08526611328125,49705000,0.0,0.0,0.0
2025-11-05,80.19000244140625,80.27999877929688,80.16999816894531,80.2300033569336,77.16221618652344,42273700,0.0,0.0,0.0
2025-11-06,80.30999755859375,80.33000183105469,80.12999725341797,80.26000213623047,77.1910629272461,46629200,0.0,0.0,0.0
2025-11-07,80.25,80.3499984741211,80.08999633789062,80.33000183105469,77.25839233398438,47233800,0.0,0.0,0.0
2025-11-10,80.44999694824219,80.6500015258789,80.43000030517578,80.5999984741211,77.51805114746094,51875200,0.0,0.0,0.0
2025-11-11,80.61000061035156,80.7300033569336,80.61000061035156,80.69000244140625,77.60462188720703,17001100,0.0,0.0,0.0
2025-11-12,80.69000244140625,80.69999694824219,80.48999786376953,80.52999877929688,77.45072937011719,43962900,0.0,0.0,0.0
2025-11-13,80.41999816894531,80.41999816894531,80.1500015258789,80.19999694824219,77.13335418701172,53631300,0.0,0.0,0.0
2025-11-14,80.08000183105469,80.4000015258789,80.08000183105469,80.22000122070312,77.152587890625,40853500,0.0,0.0,0.0
2025-11-17,80.19000244140625,80.2699966430664,80.04000091552734,80.08999633789062,77.02755737304688,42954200,0.0,0.0,0.0
2025-11-18,80.0199966430664,80.19000244140625,79.98999786376953,80.11000061035156,77.04679870605469,44098700,0.0,0.0,0.0
2025-11-19,80.13999938964844,80.30000305175781,80.08999633789062,80.1500015258789,77.08526611328125,33510100,0.0,0.0,0.0
2025-11-20,80.41000366210938,80.48999786376953,80.0999984741211,80.0999984741211,77.03717041015625,65471200,0.0,0.0,0.0
2025-11-21,80.26000213623047,80.41000366210938,80.12999725341797,80.37000274658203,77.29685974121094,62331700,0.0,0.0,0.0
2025-11-24,80.41999816894531,80.5999984741211,80.4000015258789,80.58999633789062,77.50843811035156,38964900,0.0,0.0,0.0
2025-11-25,80.56999969482422,80.9000015258789,80.54000091552734,80.87000274658203,77.77774047851562,56524800,0.0,0.0,0.0
2025-11-26,80.83000183105469,80.9800033569336,80.79000091552734,80.94999694824219,77.85467529296875,27454800,0.0,0.0,0.0
2025-11-28,81.0,81.06999969482422,80.94000244140625,80.98999786376953,77.89315795898438,29430800,0.0,0.0,0.0
2025-12-01,80.4000015258789,80.54000091552734,80.37999725341797,80.47000122070312,77.7530517578125,45274800,0.375,0.0,0.0
2025-12-02,80.54000091552734,80.63999938964844,80.4800033569336,80.62000274658203,77.89797973632812,38842600,0.0,0.0,0.0
2025-12-03,80.61000061035156,80.79000091552734,80.56999969482422,80.69000244140625,77.96561431884766,35019100,0.0,0.0,0.0
2025-12-04,80.69999694824219,80.7699966430664,80.56999969482422,80.75,78.02359771728516,34777400,0.0,0.0,0.0
2025-12-05,80.7300033569336,80.80999755859375,80.66999816894531,80.75,78.02359771728516,30486800,0.0,0.0,0.0
2025-12-08,80.72000122070312,80.73999786376953,80.48999786376953,80.55000305175781,77.8303451538086,43160800,0.0,0.0,0.0
2025-12-09,80.55000305175781,80.61000061035156,80.44000244140625,80.45999908447266,77.74337768554688,30558800,0.0,0.0,0.0
2025-12-10,80.43000030517578,80.79000091552734,80.41999816894531,80.7300033569336,78.00426483154297,53052100,0.0,0.0,0.0
2025-12-11,80.73999786376953,80.76000213623047,80.66000366210938,80.72000122070312,77.99461364746094,44546400,0.0,0.0,0.0
2025-12-12,80.69000244140625,80.70999908447266,80.52999877929688,80.56999969482422,77.84966278076172,45566100,0.0,0.0,0.0
2025-12-15,80.66999816894531,80.69999694824219,80.56999969482422,80.61000061035156,77.88832092285156,28983600,0.0,0.0,0.0
2025-12-16,80.61000061035156,80.66999816894531,80.55999755859375,80.66000366210938,77.93663024902344,27908000,0.0,0.0,0.0
2025-12-17,80.6500015258789,80.66999816894531,80.51000213623047,80.55999755859375,77.84000396728516,36999700,0.0,0.0,0.0
2025-12-18,80.77999877929688,80.80000305175781,80.66999816894531,80.77999877929688,78.05258178710938,52680500,0.0,0.0,0.0
2025-12-19,80.43000030517578,80.47000122070312,80.33000183105469,80.36000061035156,78.01473236083984,34413300,0.381,0.0,0.0
2025-12-22,80.45999908447266,80.45999908447266,80.29000091552734,80.43000030517578,78.08267974853516,37203900,0.0,0.0,0.0
2025-12-23,80.37000274658203,80.48999786376953,80.3499984741211,80.48999786376953,78.14092254638672,24341800,0.0,0.0,0.0
2025-12-24,80.51000213623047,80.63999938964844,80.47000122070312,80.63999938964844,78.28655242919922,10533500,0.0,0.0,0.0
2025-12-26,80.63999938964844,80.69999694824219,80.58999633789062,80.5999984741211,78.24771118164062,10922900,0.0,0.0,0.0
2025-12-29,80.55999755859375,80.66000366210938,80.55000305175781,80.62999725341797,78.2768325805664,22012700,0.0,0.0,0.0
2025-12-30,80.63999938964844,80.75,80.61000061035156,80.70999908447266,78.35449981689453,20146700,0.0,0.0,0.0
2025-12-31,80.72000122070312,80.75,80.62999725341797,80.62999725341797,78.2768325805664,17457100,0.0,0.0,0.0
2026-01-02,80.72000122070312,80.72000122070312,80.58999633789062,80.66999816894531,78.315673828125,28403300,0.0,0.0,0.0
2026-01-05,80.73999786376953,80.91000366210938,80.69999694824219,80.87999725341797,78.51953887939453,38563200,0.0,0.0,0.0
2026-01-06,80.9000015258789,80.94000244140625,80.81999969482422,80.9000015258789,78.5389633178711,31721500,0.0,0.0,0.0
2026-01-07,80.95999908447266,81.0,80.83999633789062,80.87999725341797,78.51953887939453,27022700,0.0,0.0,0.0
2026-01-08,80.83999633789062,80.94999694824219,80.80000305175781,80.94000244140625,78.57779693603516,33516900,0.0,0.0,0.0
2026-01-09,80.94999694824219,81.02999877929688,80.94999694824219,81.0,78.63603210449219,31849200,0.0,0.0,0.0
2026-01-12,80.91000366210938,81.05000305175781,80.9000015258789,81.04000091552734,78.67487335205078,23983600,0.0,0.0,0.0
2026-01-13,81.06999969482422,81.08000183105469,80.97000122070312,81.04000091552734,78.67487335205078,27607400,0.0,0.0,0.0
2026-01-14,81.0,81.05000305175781,80.93000030517578,81.04000091552734,78.67487335205078,42994000,0.0,0.0,0.0
2026-01-15,81.0999984741211,81.11000061035156,81.0,81.04000091552734,78.67487335205078,30412400,0.0,0.0,0.0
2026-01-16,81.08000183105469,81.0999984741211,80.98999786376953,81.08999633789062,78.7234115600586,52466300,0.0,0.0,0.0
2026-01-20,80.75,80.94999694824219,80.66999816894531,80.87999725341797,78.51953887939453,38653400,0.0,0.0,0.0
2026-01-21,80.9800033569336,81.16000366210938,80.95999908447266,81.12000274658203,78.7525405883789,42023500,0.0,0.0,0.0
2026-01-22,81.19000244140625,81.23999786376953,81.12999725341797,81.18000030517578,78.81078338623047,35231900,0.0,0.0,0.0
2026-01-23,81.18000030517578,81.19999694824219,81.04000091552734,81.13999938964844,78.77195739746094,38360500,0.0,0.0,0.0
2026-01-26,81.19000244140625,81.22000122070312,81.12000274658203,81.18000030517578,78.81078338623047,27027500,0.0,0.0,0.0
2026-01-27,81.18000030517578,81.22000122070312,81.13999938964844,81.16999816894531,78.80107116699219,22961500,0.0,0.0,0.0
2026-01-28,81.16999816894531,81.18000030517578,81.02999877929688,81.04000091552734,78.67487335205078,35559200,0.0,0.0,0.0
2026-01-29,81.05000305175781,81.06999969482422,80.9000015258789,81.02999877929688,78.6651611328125,38201600,0.0,0.0,0.0
2026-01-30,80.91999816894531,81.12999725341797,80.91999816894531,81.12000274658203,78.7525405883789,59848000,0.0,0.0,0.0
2026-02-02,80.66999816894531,80.80999755859375,80.63999938964844,80.7699966430664,78.80034637451172,42890700,0.399,0.0,0.0
2026-02-03,80.76000213623047,80.80999755859375,80.52999877929688,80.72000122070312,78.7515640258789,49372700,0.0,0.0,0.0
2026-02-04,80.69999694824219,80.72000122070312,80.54000091552734,80.62000274658203,78.65399932861328,42829400,0.0,0.0,0.0
2026-02-05,80.55999755859375,80.62000274658203,80.44999694824219,80.52999877929688,78.56619262695312,75554200,0.0,0.0,0.0
2026-02-06,80.66999816894531,80.80999755859375,80.62000274658203,80.80999755859375,78.83935546875,40915900,0.0,0.0,0.0
2026-02-09,80.76000213623047,80.91999816894531,80.76000213623047,80.91999816894531,78.9466781616211,33716900,0.0,0.0,0.0
2026-02-10,80.94999694824219,81.01000213623047,80.83999633789062,80.83999633789062,78.8686294555664,37886100,0.0,0.0,0.0
2026-02-11,80.9000015258789,80.93000030517578,80.72000122070312,80.83000183105469,78.85887908935547,27272300,0.0,0.0,0.0
2026-02-12,80.91000366210938,80.97000122070312,80.75,80.79000091552734,78.8198471069336,48457000,0.0,0.0,0.0
2026-02-13,80.83000183105469,80.94000244140625,80.81999969482422,80.8499984741211,78.87838745117188,36612400,0.0,0.0,0.0
2026-02-17,80.81999969482422,80.86000061035156,80.73999786376953,80.80999755859375,78.83935546875,35682000,0.0,0.0,0.0
2026-02-18,80.83999633789062,80.9800033569336,80.80999755859375,80.91000366210938,78.93692779541016,33943100,0.0,0.0,0.0
2026-02-19,80.87999725341797,80.94000244140625,80.83000183105469,80.94000244140625,78.96620178222656,29531000,0.0,0.0,0.0
2026-02-20,80.93000030517578,81.0,80.87000274658203,81.0,79.02472686767578,37959800,0.0,0.0,0.0
2026-02-23,80.95999908447266,81.01000213623047,80.83999633789062,80.87000274658203,78.89790344238281,33666000,0.0,0.0,0.0
2026-02-24,80.8499984741211,80.87000274658203,80.6500015258789,80.80999755859375,78.83935546875,54979900,0.0,0.0,0.0
2026-02-25,80.81999969482422,80.93000030517578,80.81999969482422,80.91999816894531,78.9466781616211,29428200,0.0,0.0,0.0
2026-02-26,80.88999938964844,80.94000244140625,80.76000213623047,80.8499984741211,78.87838745117188,54533600,0.0,0.0,0.0
2026-02-27,80.75,80.80000305175781,80.6500015258789,80.72000122070312,78.7515640258789,62450000,0.0,0.0,0.0
2026-03-02,80.05999755859375,80.41000366210938,80.02999877929688,80.27999877929688,78.70646667480469,74327000,0.394,0.0,0.0
2026-03-03,79.94000244140625,80.30999755859375,79.83999633789062,80.12000274658203,78.54959869384766,118126800,0.0,0.0,0.0
2026-03-04,80.2300033569336,80.44999694824219,80.19999694824219,80.4000015258789,78.82411193847656,58694100,0.0,0.0,0.0
2026-03-05,80.2699966430664,80.30999755859375,80.0199966430664,80.08000183105469,78.51038360595703,79841000,0.0,0.0,0.0
2026-03-06,79.75,80.0,79.6500015258789,79.69000244140625,78.12803649902344,82125600,0.0,0.0,0.0
2026-03-09,79.58999633789062,80.18000030517578,79.54000091552734,80.16999816894531,78.5986099243164,88695000,0.0,0.0,0.0
2026-03-10,80.05000305175781,80.37999725341797,80.02999877929688,80.04000091552734,78.47116088867188,67499600,0.0,0.0,0.0
2026-03-11,79.98999786376953,80.04000091552734,79.80999755859375,79.86000061035156,78.29469299316406,59983500,0.0,0.0,0.0
2026-03-12,79.75,79.75,79.31999969482422,79.3499984741211,77.79469299316406,68674300,0.0,0.0,0.0
2026-03-13,79.52999877929688,79.68000030517578,79.12000274658203,79.19999694824219,77.64762878417969,68652900,0.0,0.0,0.0
2026-03-16,79.51000213623047,79.66999816894531,79.44999694824219,79.44999694824219,77.89273071289062,57535600,0.0,0.0,0.0
2026-03-17,79.61000061035156,79.81999969482422,79.56999969482422,79.80999755859375,78.24566650390625,47967800,0.0,0.0,0.0
2026-03-18,79.69000244140625,79.75,79.38999938964844,79.4000015258789,77.84370422363281,50281900,0.0,0.0,0.0
2026-03-19,79.02999877929688,79.69999694824219,78.98999786376953,79.66000366210938,78.09862518310547,103981600,0.0,0.0,0.0
2026-03-20,79.5,79.52999877929688,78.8499984741211,78.91999816894531,77.37311553955078,109084800,0.0,0.0,0.0
2026-03-23,79.30000305175781,79.69999694824219,79.16999816894531,79.44000244140625,77.88292694091797,79015800,0.0,0.0,0.0
2026-03-24,79.23999786376953,79.41000366210938,79.05999755859375,79.16999816894531,77.61821746826172,71941600,0.0,0.0,0.0
2026-03-25,79.44999694824219,79.58000183105469,79.3499984741211,79.41999816894531,77.86331939697266,49917700,0.0,0.0,0.0
2026-03-26,79.25,79.33000183105469,78.80000305175781,78.91999816894531,77.37311553955078,74979300,0.0,0.0,0.0
2026-03-27,78.83999633789062,78.83999633789062,78.56999969482422,78.72000122070312,77.17704010009766,68174300,0.0,0.0,0.0
2026-03-30,79.0199966430664,79.0999984741211,78.76000213623047,78.80999755859375,77.26527404785156,55210700,0.0,0.0,0.0
2026-03-31,79.16000366210938,79.61000061035156,79.12000274658203,79.55999755859375,78.00057220458984,101521300,0.0,0.0,0.0
2026-04-01,79.3499984741211,79.45999908447266,79.23999786376953,79.37000274658203,78.19169616699219,69789200,0.384,0.0,0.0
2026-04-02,79.08000183105469,79.62999725341797,79.08000183105469,79.55999755859375,78.37887573242188,53828200,0.0,0.0,0.0
2026-04-06,79.51000213623047,79.70999908447266,79.5,79.69999694824219,78.51679229736328,37098300,0.0,0.0,0.0
2026-04-07,79.66999816894531,79.73999786376953,79.31999969482422,79.72000122070312,78.5364990234375,47264100,0.0,0.0,0.0
2026-04-08,80.47000122070312,80.5199966430664,80.02999877929688,80.19000244140625,78.99951934814453,58556400,0.0,0.0,0.0
2026-04-09,80.1500015258789,80.38999938964844,80.0,80.27999877929688,79.08818054199219,45207500,0.0,0.0,0.0
2026-04-10,80.33999633789062,80.33999633789062,79.94999694824219,79.95999908447266,78.77293395996094,33005600,0.0,0.0,0.0
2026-04-13,79.87999725341797,80.2699966430664,79.87999725341797,80.26000213623047,79.0684814453125,38561400,0.0,0.0,0.0
2026-04-14,80.33999633789062,80.55999755859375,80.29000091552734,80.5,79.30492401123047,42038000,0.0,0.0,0.0
2026-04-15,80.44999694824219,80.48999786376953,80.3499984741211,80.45999908447266,79.26551818847656,47834900,0.0,0.0,0.0
2026-04-16,80.52999877929688,80.52999877929688,80.26000213623047,80.3499984741211,79.15715026855469,37743400,0.0,0.0,0.0
2026-04-17,80.5999984741211,80.76000213623047,80.55999755859375,80.6500015258789,79.45269012451172,61651600,0.0,0.0,0.0
2026-04-20,80.62999725341797,80.66999816894531,80.5,80.58000183105469,79.38372802734375,21104400,0.0,0.0,0.0
2026-04-21,80.55000305175781,80.58000183105469,80.30999755859375,80.37000274658203,79.17684936523438,58623500,0.0,0.0,0.0
2026-04-22,80.5,80.56999969482422,80.41999816894531,80.5,79.30492401123047,28004500,0.0,0.0,0.0
2026-04-23,80.45999908447266,80.55000305175781,80.16000366210938,80.37000274658203,79.17684936523438,49921700,0.0,0.0,0.0
2026-04-24,80.44000244140625,80.52999877929688,80.30000305175781,80.4800033569336,79.28521728515625,33626300,0.0,0.0,0.0
2026-04-27,80.44000244140625,80.54000091552734,80.41999816894531,80.51000213623047,79.31477355957031,24643700,0.0,0.0,0.0
2026-04-28,80.3499984741211,80.43000030517578,80.33000183105469,80.4000015258789,79.2063980102539,36382400,0.0,0.0,0.0
2026-04-29,80.31999969482422,80.33999633789062,79.9800033569336,80.12999725341797,78.94041442871094,56809400,0.0,0.0,0.0
2026-04-30,80.18000030517578,80.41999816894531,80.16999816894531,80.37999725341797,79.18669891357422,51626100,0.0,0.0,0.0
2026-05-01,80.05999755859375,80.2300033569336,80.02999877929688,80.05999755859375,79.28473663330078,43740400,0.419,0.0,0.0
2026-05-04,80.0199966430664,80.0199966430664,79.69000244140625,79.80000305175781,79.02725982666016,35069300,0.0,0.0,0.0
2026-05-05,79.88999938964844,80.0199966430664,79.88999938964844,79.91999816894531,79.1460952758789,26357900,0.0,0.0,0.0
2026-05-06,80.08999633789062,80.23999786376953,80.08000183105469,80.16000366210938,79.38377380371094,38323100,0.0,0.0,0.0
2026-05-07,80.22000122070312,80.23999786376953,79.86000061035156,79.86000061035156,79.08667755126953,44772900,0.0,0.0,0.0
2026-05-08,80.01000213623047,80.1500015258789,80.0,80.13999938964844,79.36396789550781,29715200,0.0,0.0,0.0
2026-05-11,80.08000183105469,80.1500015258789,79.9800033569336,79.9800033569336,79.20551300048828,34366600,0.0,0.0,0.0
2026-05-12,79.81999969482422,79.88999938964844,79.69999694824219,79.87000274658203,79.09658813476562,37418900,0.0,0.0,0.0
2026-05-13,79.83999633789062,79.94999694824219,79.79000091552734,79.91000366210938,79.13619995117188,33257100,0.0,0.0,0.0
2026-05-14,79.97000122070312,80.05000305175781,79.8499984741211,79.8499984741211,79.07677459716797,27235600,0.0,0.0,0.0
2026-05-15,79.63999938964844,79.69000244140625,79.45999908447266,79.45999908447266,78.6905517578125,54466000,0.0,0.0,0.0
2026-05-18,79.62999725341797,79.69999694824219,79.44000244140625,79.54000091552734,78.769775390625,38596100,0.0,0.0,0.0
2026-05-19,79.41000366210938,79.44999694824219,79.2300033569336,79.3499984741211,78.58161163330078,42904700,0.0,0.0,0.0
2026-05-20,79.5,79.87000274658203,79.4000015258789,79.86000061035156,79.08667755126953,58906300,0.0,0.0,0.0
2026-05-21,79.75,79.98999786376953,79.6500015258789,79.9000015258789,79.12629699707031,37584600,0.0,0.0,0.0
2026-05-22,80.01000213623047,80.0199966430664,79.83999633789062,79.91000366210938,79.13619995117188,22429400,0.0,0.0,0.0
2026-05-26,80.13999938964844,80.19000244140625,80.04000091552734,80.18000030517578,79.40357971191406,30406100,0.0,0.0,0.0
2026-05-27,80.16999816894531,80.20999908447266,80.08000183105469,80.12999725341797,79.35406494140625,22523800,0.0,0.0,0.0
2026-05-28,80.08000183105469,80.2699966430664,80.04000091552734,80.2300033569336,79.45309448242188,32001600,0.0,0.0,0.0
2026-05-29,80.26000213623047,80.36000061035156,80.20999908447266,80.30999755859375,79.53231811523438,39142200,0.0,0.0,0.0
2026-06-01,79.79000091552734,79.87999725341797,79.63999938964844,79.83999633789062,79.47159576416016,32671000,0.409,0.0,0.0
2026-06-02,79.83999633789062,79.9000015258789,79.79000091552734,79.9000015258789,79.53132629394531,25237500,0.0,0.0,0.0
2026-06-03,79.75,79.77999877929688,79.62999725341797,79.68000030517578,79.31233978271484,28203400,0.0,0.0,0.0
2026-06-04,79.75,79.8499984741211,79.75,79.83000183105469,79.4616470336914,22697900,0.0,0.0,0.0
2026-06-05,79.69999694824219,79.72000122070312,79.3499984741211,79.43000030517578,79.06349182128906,46035600,0.0,0.0,0.0
2026-06-08,79.5999984741211,79.6500015258789,79.4800033569336,79.54000091552734,79.17298126220703,25217800,0.0,0.0,0.0
2026-06-09,79.62000274658203,79.79000091552734,79.41999816894531,79.62000274658203,79.25261688232422,34705500,0.0,0.0,0.0
2026-06-10,79.55999755859375,79.63999938964844,79.44999694824219,79.47000122070312,79.10330963134766,30345200,0.0,0.0,0.0
2026-06-11,79.56999969482422,79.97000122070312,79.5199966430664,79.94000244140625,79.5711441040039,55089500,0.0,0.0,0.0
2026-06-12,79.94000244140625,80.0,79.80000305175781,79.94000244140625,79.5711441040039,29873300,0.0,0.0,0.0
2026-06-15,80.13999938964844,80.16999816894531,80.02999877929688,80.04000091552734,79.6706771850586,32019600,0.0,0.0,0.0
2026-06-16,80.02999877929688,80.11000061035156,79.95999908447266,80.02999877929688,79.66072082519531,24471900,0.0,0.0,0.0
2026-06-17,79.98999786376953,80.06999969482422,79.70999908447266,79.7300033569336,79.36211395263672,47184800,0.0,0.0,0.0
2026-06-18,80.02999877929688,80.06999969482422,79.91999816894531,80.01000213623047,79.64081573486328,41111700,0.0,0.0,0.0
2026-06-22,79.94000244140625,79.9800033569336,79.87000274658203,79.94000244140625,79.5711441040039,26479500,0.0,0.0,0.0
2026-06-23,79.83000183105469,79.97000122070312,79.81999969482422,79.87000274658203,79.50146484375,29811300,0.0,0.0,0.0
2026-06-24,79.94000244140625,79.98999786376953,79.83999633789062,79.8499984741211,79.48155212402344,38841000,0.0,0.0,0.0
2026-06-25,79.91999816894531,79.9800033569336,79.81999969482422,79.87999725341797,79.51141357421875,29322400,0.0,0.0,0.0
2026-06-26,79.81999969482422,79.94999694824219,79.80999755859375,79.83000183105469,79.4616470336914,27647500,0.0,0.0,0.0
2026-06-29,79.94999694824219,80.02999877929688,79.8499984741211,80.01000213623047,79.64081573486328,37325700,0.0,0.0,0.0
2026-06-30,80.0,80.05000305175781,79.91999816894531,79.97000122070312,79.60099792480469,38103900,0.0,0.0,0.0
2026-07-01,79.55999755859375,79.66000366210938,79.51000213623047,79.58999633789062,79.58999633789062,38152300,0.369,0.0,0.0
2026-07-02,79.7300033569336,79.79000091552734,79.66999816894531,79.70999908447266,79.70999908447266,26111800,0.0,0.0,0.0
2026-07-06,79.7300033569336,79.91000366210938,79.7300033569336,79.87000274658203,79.87000274658203,25159400,0.0,0.0,0.0
2026-07-07,79.8499984741211,79.87999725341797,79.72000122070312,79.76000213623047,79.76000213623047,28558300,0.0,0.0,0.0
2026-07-08,79.61000061035156,79.68000030517578,79.54000091552734,79.66000366210938,79.66000366210938,30771300,0.0,0.0,0.0
2026-07-09,79.7300033569336,79.86000061035156,79.66999816894531,79.75,79.75,21882200,0.0,0.0,0.0
2026-07-10,79.77999877929688,79.83000183105469,79.62000274658203,79.70999908447266,79.70999908447266,24550300,0.0,0.0,0.0
2026-07-13,79.66999816894531,79.69000244140625,79.45999908447266,79.5199966430664,79.5199966430664,32133300,0.0,0.0,0.0
2026-07-14,79.68000030517578,79.69000244140625,79.56999969482422,79.68000030517578,79.68000030517578,28248700,0.0,0.0,0.0
2026-07-15,79.70999908447266,79.83999633789062,79.70999908447266,79.80999755859375,79.80999755859375,26948800,0.0,0.0,0.0
2026-07-16,79.76000213623047,79.83999633789062,79.7300033569336,79.80000305175781,79.80000305175781,22780300,0.0,0.0,0.0
2026-07-17,79.75,79.83999633789062,79.62999725341797,79.6500015258789,79.6500015258789,42020100,0.0,0.0,0.0
2026-07-20,79.73999786376953,79.7699966430664,79.66999816894531,79.68000030517578,79.68000030517578,19767900,0.0,0.0,0.0
2026-07-21,79.72000122070312,79.73999786376953,79.5999984741211,79.6500015258789,79.6500015258789,27198800,0.0,0.0,0.0
2026-07-22,79.61000061035156,79.6500015258789,79.4800033569336,79.5199966430664,79.5199966430664,24851700,0.0,0.0,0.0
2026-07-23,79.27999877929688,79.37000274658203,79.1500015258789,79.2300033569336,79.2300033569336,52554200,0.0,0.0,0.0
2026-07-24,79.25,79.30999755859375,79.16000366210938,79.2300033569336,79.2300033569336,41964600,0.0,0.0,0.0
2026-07-27,79.33999633789062,79.4000015258789,79.23999786376953,79.2699966430664,79.2699966430664,28939800,0.0,0.0,0.0
2026-07-28,79.31999969482422,79.41999816894531,79.25,79.41999816894531,79.41999816894531,33698300,0.0,0.0,0.0
2026-07-29,79.37000274658203,79.4800033569336,79.13999938964844,79.23999786376953,79.23999786376953,53074500,0.0,0.0,0.0
2026-07-30,79.37999725341797,79.5,79.33000183105469,79.47000122070312,79.47000122070312,30570700,0.0,0.0,0.0
2026-07-31,79.45999908447266,79.54000091552734,79.23999786376953,79.4800033569336,79.4800033569336,38581900,0.0,0.0,0.0
