Date,Open,High,Low,Close,Adj Close,Volume,Dividends,Stock Splits,Capital Gains
2002-07-30,101.30000305175781,102.0,101.25,101.37000274658203,36.6902961730957,21200,0.0,0.0,0.0
2002-07-31,101.80000305175781,102.25,101.55000305175781,101.98999786376953,36.91470718383789,272000,0.0,0.0,0.0
2002-08-01,102.4000015258789,103.0999984741211,102.30000305175781,102.98999786376953,37.27663803100586,111700,0.0,0.0,0.0
2002-08-02,102.9000015258789,103.30000305175781,102.44999694824219,103.19999694824219,37.352638244628906,29200,0.0,0.0,0.0
2002-08-05,103.6500015258789,103.6500015258789,102.51000213623047,102.94999694824219,37.26216506958008,166500,0.0,0.0,0.0
2002-08-06,102.5,102.6500015258789,102.0999984741211,102.5999984741211,37.13547897338867,430100,0.0,0.0,0.0
2002-08-07,102.69999694824219,103.0999984741211,102.19999694824219,102.88999938964844,37.24043655395508,33100,0.0,0.0,0.0
2002-08-08,103.0,103.0,102.33000183105469,102.58999633789062,37.131858825683594,83600,0.0,0.0,0.0
2002-08-09,102.80000305175781,103.18000030517578,102.61000061035156,103.0,37.280269622802734,273800,0.0,0.0,0.0
2002-08-12,103.0999984741211,103.30999755859375,102.94999694824219,103.13999938964844,37.3309326171875,69100,0.0,0.0,0.0
2002-08-13,103.4800033569336,103.98999786376953,103.1500015258789,103.98999786376953,37.638587951660156,36400,0.0,0.0,0.0
2002-08-14,104.0199966430664,104.69999694824219,104.0,104.02999877929688,37.65305709838867,76400,0.0,0.0,0.0
2002-08-15,104.25,104.25,103.5,103.72000122070312,37.540855407714844,132000,0.0,0.0,0.0
2002-08-16,104.4000015258789,104.4000015258789,103.19999694824219,103.22000122070312,37.35987854003906,57400,0.0,0.0,0.0
2002-08-19,103.6500015258789,104.04000091552734,103.5999984741211,103.80000305175781,37.5698127746582,18700,0.0,0.0,0.0
2002-08-20,104.80000305175781,104.94999694824219,104.44000244140625,104.91000366210938,37.97157669067383,262800,0.0,0.0,0.0
2002-08-21,105.0,105.1500015258789,104.69999694824219,105.05000305175781,38.022239685058594,22300,0.0,0.0,0.0
2002-08-22,105.25,105.25,104.7699966430664,104.9000015258789,37.96793746948242,161800,0.0,0.0,0.0
2002-08-23,105.19999694824219,105.30000305175781,104.8499984741211,105.19999694824219,38.076507568359375,47500,0.0,0.0,0.0
2002-08-26,105.0,105.4000015258789,105.0,105.30999755859375,38.11634826660156,28900,0.0,0.0,0.0
2002-08-27,105.19999694824219,105.25,104.75,105.05000305175781,38.022239685058594,202400,0.0,0.0,0.0
2002-08-28,105.4000015258789,105.69000244140625,105.1500015258789,105.25,38.094627380371094,307900,0.0,0.0,0.0
2002-08-29,105.80000305175781,105.9000015258789,105.30000305175781,105.63999938964844,38.23580551147461,42900,0.0,0.0,0.0
2002-08-30,106.0,106.0,105.30000305175781,105.69999694824219,38.25755310058594,36500,0.0,0.0,0.0
2002-09-03,105.9000015258789,106.05000305175781,105.6500015258789,105.6500015258789,38.439064025878906,49300,0.549,0.0,0.0
2002-09-04,106.0999984741211,106.1500015258789,105.75,106.04000091552734,38.58094024658203,1690000,0.0,0.0,0.0
2002-09-05,106.5999984741211,106.69999694824219,105.81999969482422,106.33999633789062,38.690101623535156,138300,0.0,0.0,0.0
2002-09-06,106.33000183105469,106.33000183105469,105.19999694824219,105.62000274658203,38.42817306518555,224800,0.0,0.0,0.0
2002-09-09,105.25,106.0,105.25,105.69000244140625,38.45362091064453,53600,0.0,0.0,0.0
2002-09-10,105.26000213623047,106.3499984741211,105.25,106.13999938964844,38.6173210144043,176800,0.0,0.0,0.0
2002-09-11,105.5,106.0,105.22000122070312,106.0,38.5664176940918,125500,0.0,0.0,0.0
2002-09-12,106.19999694824219,106.73999786376953,105.9000015258789,106.55000305175781,38.76652145385742,523900,0.0,0.0,0.0
2002-09-13,106.80000305175781,106.91999816894531,106.25,106.7300033569336,38.832000732421875,93400,0.0,0.0,0.0
2002-09-16,107.58999633789062,107.58999633789062,106.91999816894531,107.1500015258789,38.98481750488281,32200,0.0,0.0,0.0
2002-09-17,107.25,108.2300033569336,106.75,107.2300033569336,39.013893127441406,135500,0.0,0.0,0.0
2002-09-18,107.4000015258789,107.4000015258789,106.83999633789062,107.0999984741211,38.966609954833984,214400,0.0,0.0,0.0
2002-09-19,107.4000015258789,107.45999908447266,106.8499984741211,107.0999984741211,38.966609954833984,143000,0.0,0.0,0.0
2002-09-20,107.0999984741211,107.1500015258789,106.69999694824219,107.1500015258789,38.98481750488281,46900,0.0,0.0,0.0
2002-09-23,107.5,107.5,106.80000305175781,106.81999969482422,38.864749908447266,75100,0.0,0.0,0.0
2002-09-24,106.9000015258789,107.69999694824219,106.4000015258789,106.80000305175781,38.85749435424805,229100,0.0,0.0,0.0
2002-09-25,106.69999694824219,106.94999694824219,106.12000274658203,106.58000183105469,38.77743911743164,97000,0.0,0.0,0.0
2002-09-26,106.01000213623047,106.76000213623047,105.80000305175781,106.69999694824219,38.821075439453125,280200,0.0,0.0,0.0
2002-09-27,106.9000015258789,107.55000305175781,106.55999755859375,107.55000305175781,39.13036346435547,301400,0.0,0.0,0.0
2002-09-30,107.5999984741211,107.8499984741211,107.1500015258789,107.3499984741211,39.057579040527344,105200,0.0,0.0,0.0
2002-10-01,106.9000015258789,107.0,106.5,106.83000183105469,39.030914306640625,333500,0.447,0.0,0.0
2002-10-02,107.0,107.0,106.4800033569336,106.80000305175781,39.01994323730469,314000,0.0,0.0,0.0
2002-10-03,107.05000305175781,107.05000305175781,106.5,106.75,39.00167465209961,160500,0.0,0.0,0.0
2002-10-04,105.6500015258789,106.6500015258789,105.6500015258789,106.5,38.91037368774414,123300,0.0,0.0,0.0
2002-10-07,106.4000015258789,106.4000015258789,106.0,106.0,38.7276725769043,61300,0.0,0.0,0.0
2002-10-08,105.0,105.80000305175781,105.0,105.01000213623047,38.36598587036133,281800,0.0,0.0,0.0
2002-10-09,105.0,105.0,104.1500015258789,104.62000274658203,38.22348403930664,300600,0.0,0.0,0.0
2002-10-10,104.0999984741211,104.5999984741211,103.69999694824219,104.5999984741211,38.21617126464844,116600,0.0,0.0,0.0
2002-10-11,105.3499984741211,105.3499984741211,104.4800033569336,104.9000015258789,38.32577896118164,86100,0.0,0.0,0.0
2002-10-14,104.9000015258789,105.2699966430664,104.7699966430664,105.08999633789062,38.39518356323242,47600,0.0,0.0,0.0
2002-10-15,103.80000305175781,104.6500015258789,103.80000305175781,103.8499984741211,37.94215774536133,47600,0.0,0.0,0.0
2002-10-16,103.75,104.69999694824219,103.4000015258789,103.5999984741211,37.850799560546875,1124900,0.0,0.0,0.0
2002-10-17,103.25,103.25,102.4000015258789,102.81999969482422,37.56580352783203,638900,0.0,0.0,0.0
2002-10-18,102.75,103.0999984741211,101.9000015258789,103.08999633789062,37.66445541381836,599800,0.0,0.0,0.0
2002-10-21,103.4000015258789,103.4000015258789,102.30999755859375,102.4800033569336,37.44164276123047,183400,0.0,0.0,0.0
2002-10-22,102.44999694824219,103.08999633789062,102.44999694824219,102.9000015258789,37.595062255859375,464900,0.0,0.0,0.0
2002-10-23,102.80999755859375,103.5,102.5999984741211,103.0999984741211,37.66816329956055,128500,0.0,0.0,0.0
2002-10-24,103.0,103.5,102.69999694824219,103.48999786376953,37.810611724853516,30600,0.0,0.0,0.0
2002-10-25,104.06999969482422,104.19999694824219,103.44000244140625,104.19999694824219,38.07002639770508,58500,0.0,0.0,0.0
2002-10-28,104.48999786376953,104.5,104.19999694824219,104.48999786376953,38.17599105834961,771200,0.0,0.0,0.0
2002-10-29,104.9000015258789,105.4800033569336,104.5,105.0999984741211,38.39888381958008,29200,0.0,0.0,0.0
2002-10-30,105.0,105.4800033569336,104.75,105.12000274658203,38.406150817871094,828500,0.0,0.0,0.0
2002-10-31,105.43000030517578,106.25,105.43000030517578,106.25,38.81900405883789,111000,0.0,0.0,0.0
2002-11-01,105.7300033569336,105.7300033569336,104.69999694824219,104.9800033569336,38.54254150390625,13100,0.517,0.0,0.0
2002-11-04,105.0,105.19999694824219,104.3499984741211,105.19999694824219,38.623313903808594,155200,0.0,0.0,0.0
2002-11-05,105.69999694824219,105.69999694824219,104.6500015258789,105.08999633789062,38.582942962646484,53100,0.0,0.0,0.0
2002-11-06,105.6500015258789,106.27999877929688,105.0199966430664,105.41000366210938,38.700408935546875,598300,0.0,0.0,0.0
2002-11-07,106.44000244140625,106.9000015258789,106.22000122070312,106.9000015258789,39.24747085571289,247800,0.0,0.0,0.0
2002-11-08,107.1500015258789,107.1500015258789,102.56999969482422,107.04000091552734,39.29884719848633,847700,0.0,0.0,0.0
2002-11-11,107.5,107.5,107.16000366210938,107.33000183105469,39.40532684326172,18100,0.0,0.0,0.0
2002-11-12,107.30000305175781,107.30000305175781,106.44000244140625,106.44000244140625,39.078590393066406,26300,0.0,0.0,0.0
2002-11-13,106.97000122070312,106.97000122070312,106.43000030517578,106.8499984741211,39.22911071777344,339400,0.0,0.0,0.0
2002-11-14,106.19999694824219,106.80999755859375,106.01000213623047,106.13999938964844,38.96841049194336,120300,0.0,0.0,0.0
2002-11-15,106.30000305175781,106.80000305175781,106.1500015258789,106.75,39.19239807128906,112900,0.0,0.0,0.0
2002-11-18,106.86000061035156,107.55000305175781,106.61000061035156,107.48999786376953,39.46409225463867,50400,0.0,0.0,0.0
2002-11-19,107.63999938964844,107.63999938964844,107.02999877929688,107.29000091552734,39.39063262939453,22600,0.0,0.0,0.0
2002-11-20,107.93000030517578,107.93000030517578,106.94000244140625,106.94000244140625,39.26210403442383,81200,0.0,0.0,0.0
2002-11-21,106.9000015258789,106.98999786376953,106.33999633789062,106.94000244140625,39.26210403442383,239200,0.0,0.0,0.0
2002-11-22,106.75,106.88999938964844,106.5,106.5,39.10062026977539,1099900,0.0,0.0,0.0
2002-11-25,106.80999755859375,106.83999633789062,106.41000366210938,106.48999786376953,39.096961975097656,28100,0.0,0.0,0.0
2002-11-26,106.6500015258789,107.08999633789062,106.5999984741211,107.08999633789062,39.31721115112305,75800,0.0,0.0,0.0
2002-11-27,106.9000015258789,106.98999786376953,106.19999694824219,106.48999786376953,39.096961975097656,123000,0.0,0.0,0.0
2002-11-29,106.69999694824219,106.80000305175781,106.0199966430664,106.48999786376953,39.096961975097656,17200,0.0,0.0,0.0
2002-12-02,105.77999877929688,106.38999938964844,105.30000305175781,106.20999908447266,39.16144943237305,63300,0.455,0.0,0.0
2002-12-03,106.19999694824219,106.58999633789062,106.16000366210938,106.4000015258789,39.23151779174805,2064200,0.0,0.0,0.0
2002-12-04,106.4000015258789,106.54000091552734,106.0999984741211,106.4000015258789,39.23151779174805,248700,0.0,0.0,0.0
2002-12-05,106.12000274658203,106.83999633789062,106.0999984741211,106.63999938964844,39.320003509521484,123500,0.0,0.0,0.0
2002-12-06,107.19999694824219,107.33999633789062,106.11000061035156,106.69999694824219,39.34210968017578,297400,0.0,0.0,0.0
2002-12-09,106.8499984741211,107.0999984741211,106.5,106.69999694824219,39.34210968017578,63500,0.0,0.0,0.0
2002-12-10,106.51000213623047,106.98999786376953,106.51000213623047,106.9000015258789,39.4158935546875,115600,0.0,0.0,0.0
2002-12-11,107.30000305175781,107.44999694824219,106.80999755859375,107.3499984741211,39.581787109375,217600,0.0,0.0,0.0
2002-12-12,107.25,107.58999633789062,106.93000030517578,107.3499984741211,39.581787109375,26800,0.0,0.0,0.0
2002-12-13,106.9000015258789,107.38999938964844,106.76000213623047,106.80000305175781,39.3790283203125,44900,0.0,0.0,0.0
2002-12-16,107.3499984741211,107.3499984741211,106.75,106.75,39.36057662963867,317400,0.0,0.0,0.0
2002-12-17,107.5999984741211,107.5999984741211,106.80999755859375,107.1500015258789,39.508056640625,294400,0.0,0.0,0.0
2002-12-18,107.5,107.72000122070312,107.25,107.69000244140625,39.7071647644043,46800,0.0,0.0,0.0
2002-12-19,108.05000305175781,108.37999725341797,107.55000305175781,108.37999725341797,39.961585998535156,50600,0.0,0.0,0.0
2002-12-20,108.44999694824219,108.44999694824219,108.01000213623047,108.41000366210938,39.97264862060547,39800,0.0,0.0,0.0
2002-12-23,108.30000305175781,108.5,108.04000091552734,108.43000030517578,39.98000717163086,23900,0.0,0.0,0.0
2002-12-24,108.5,109.0,108.4000015258789,108.66000366210938,40.06483459472656,14500,0.0,0.0,0.0
2002-12-26,108.33000183105469,109.0199966430664,108.33000183105469,109.0199966430664,40.197532653808594,14100,0.0,0.0,0.0
2002-12-27,109.25,109.66999816894531,109.0,109.6500015258789,40.42987060546875,16500,0.0,0.0,0.0
2002-12-30,109.8499984741211,110.0999984741211,109.5,109.9800033569336,40.55152893066406,30200,0.0,0.0,0.0
2002-12-31,109.69999694824219,109.91000366210938,109.3499984741211,109.69000244140625,40.63265609741211,96100,0.509,0.0,0.0
2003-01-02,108.97000122070312,108.97000122070312,107.01000213623047,107.33000183105469,39.7584228515625,66700,0.0,0.0,0.0
2003-01-03,107.5999984741211,107.94000244140625,107.26000213623047,107.94000244140625,39.98439407348633,23800,0.0,0.0,0.0
2003-01-06,107.75,107.88999938964844,107.1500015258789,107.88999938964844,39.96586227416992,623000,0.0,0.0,0.0
2003-01-07,107.8499984741211,108.41999816894531,107.41000366210938,108.30000305175781,40.11772155761719,45100,0.0,0.0,0.0
2003-01-08,108.5999984741211,108.75,108.19999694824219,108.41000366210938,40.158504486083984,107600,0.0,0.0,0.0
2003-01-09,108.0,108.0,107.02999877929688,107.54000091552734,39.83619689941406,55600,0.0,0.0,0.0
2003-01-10,108.19999694824219,108.19999694824219,107.31999969482422,107.81999969482422,39.939918518066406,82100,0.0,0.0,0.0
2003-01-13,108.0,108.25,107.54000091552734,107.69999694824219,39.89552307128906,53300,0.0,0.0,0.0
2003-01-14,108.69999694824219,108.69999694824219,107.81999969482422,108.0,40.00661087036133,239200,0.0,0.0,0.0
2003-01-15,108.19999694824219,108.25,107.72000122070312,108.0,40.00661087036133,111500,0.0,0.0,0.0
2003-01-16,108.0,108.04000091552734,107.25,107.75,39.913997650146484,185900,0.0,0.0,0.0
2003-01-17,108.25,108.30000305175781,107.76000213623047,108.25,40.09920120239258,1489000,0.0,0.0,0.0
2003-01-21,108.0,108.37999725341797,107.75,108.31999969482422,40.12514877319336,37600,0.0,0.0,0.0
2003-01-22,108.25,108.6500015258789,108.0999984741211,108.54000091552734,40.2066535949707,39300,0.0,0.0,0.0
2003-01-23,108.30000305175781,108.75,108.2699966430664,108.58999633789062,40.22517013549805,200300,0.0,0.0,0.0
2003-01-24,108.94000244140625,109.36000061035156,108.66000366210938,109.08000183105469,40.406654357910156,1025300,0.0,0.0,0.0
2003-01-27,109.05000305175781,109.05000305175781,108.13999938964844,108.44000244140625,40.16962814331055,819100,0.0,0.0,0.0
2003-01-28,108.30000305175781,108.77999877929688,108.16999816894531,108.7699966430664,40.29182434082031,691100,0.0,0.0,0.0
2003-01-29,108.9000015258789,108.9000015258789,108.05000305175781,108.12999725341797,40.054779052734375,38100,0.0,0.0,0.0
2003-01-30,108.30000305175781,108.68000030517578,108.01000213623047,108.5,40.191856384277344,812000,0.0,0.0,0.0
2003-01-31,108.75,108.8499984741211,108.19999694824219,108.80000305175781,40.30296325683594,128300,0.0,0.0,0.0
2003-02-03,107.75,108.5199966430664,107.75,108.44999694824219,40.34202194213867,25300,0.455,0.0,0.0
2003-02-04,108.19999694824219,108.80000305175781,108.12999725341797,108.66000366210938,40.420166015625,557200,0.0,0.0,0.0
2003-02-05,108.62000274658203,108.79000091552734,108.01000213623047,108.5,40.36062240600586,118900,0.0,0.0,0.0
2003-02-06,108.69999694824219,108.77999877929688,108.26000213623047,108.69000244140625,40.4312858581543,29600,0.0,0.0,0.0
2003-02-07,108.5999984741211,109.01000213623047,108.25,108.93000030517578,40.52054214477539,266500,0.0,0.0,0.0
2003-02-10,108.8499984741211,108.9000015258789,108.05999755859375,108.26000213623047,40.271339416503906,425700,0.0,0.0,0.0
2003-02-11,108.20999908447266,108.66000366210938,108.20999908447266,108.66000366210938,40.420166015625,133300,0.0,0.0,0.0
2003-02-12,108.94000244140625,108.94000244140625,108.5,108.51000213623047,40.36433410644531,35300,0.0,0.0,0.0
2003-02-13,108.73999786376953,109.25,108.51000213623047,108.51000213623047,40.36433410644531,79200,0.0,0.0,0.0
2003-02-14,108.94999694824219,108.94999694824219,108.25,108.45999908447266,40.345741271972656,75900,0.0,0.0,0.0
2003-02-18,108.5,108.83999633789062,108.25,108.80000305175781,40.47221374511719,930400,0.0,0.0,0.0
2003-02-19,108.94000244140625,109.30999755859375,108.69999694824219,109.1500015258789,40.602378845214844,27200,0.0,0.0,0.0
2003-02-20,109.16000366210938,109.68000030517578,109.0,109.43000030517578,40.706573486328125,164900,0.0,0.0,0.0
2003-02-21,109.75,109.75,109.0,109.12999725341797,40.59496307373047,81200,0.0,0.0,0.0
2003-02-24,109.5999984741211,109.72000122070312,109.30999755859375,109.48999786376953,40.728904724121094,125200,0.0,0.0,0.0
2003-02-25,109.98999786376953,109.98999786376953,109.45999908447266,109.69000244140625,40.80329513549805,163800,0.0,0.0,0.0
2003-02-26,109.98999786376953,110.0,109.55000305175781,109.98999786376953,40.9149169921875,32300,0.0,0.0,0.0
2003-02-27,110.0,110.48999786376953,109.72000122070312,110.44999694824219,41.08599090576172,89700,0.0,0.0,0.0
2003-02-28,110.45999908447266,110.77999877929688,109.9800033569336,110.48999786376953,41.10089874267578,81000,0.0,0.0,0.0
2003-03-03,110.5999984741211,110.87000274658203,110.11000061035156,110.69999694824219,41.337249755859375,196700,0.423,0.0,0.0
2003-03-04,110.41000366210938,110.83999633789062,110.25,110.76000213623047,41.35964584350586,96400,0.0,0.0,0.0
2003-03-05,110.9000015258789,110.9000015258789,110.25,110.69999694824219,41.337249755859375,23900,0.0,0.0,0.0
2003-03-06,110.9000015258789,110.9000015258789,110.25,110.51000213623047,41.26631164550781,48000,0.0,0.0,0.0
2003-03-07,110.76000213623047,110.95999908447266,110.23999786376953,110.54000091552734,41.27749252319336,28400,0.0,0.0,0.0
2003-03-10,110.54000091552734,111.05999755859375,110.52999877929688,110.8499984741211,41.39326095581055,48600,0.0,0.0,0.0
2003-03-11,110.9800033569336,110.9800033569336,110.3499984741211,110.5999984741211,41.299888610839844,49700,0.0,0.0,0.0
2003-03-12,110.5,110.8499984741211,110.19999694824219,110.4000015258789,41.22521209716797,139500,0.0,0.0,0.0
2003-03-13,109.5199966430664,109.9800033569336,109.2699966430664,109.69999694824219,40.963809967041016,190500,0.0,0.0,0.0
2003-03-14,109.55000305175781,109.94000244140625,109.3499984741211,109.56999969482422,40.9152717590332,212800,0.0,0.0,0.0
2003-03-17,109.80000305175781,110.08999633789062,108.8499984741211,109.0,40.70240783691406,502800,0.0,0.0,0.0
2003-03-18,109.0199966430664,109.62000274658203,108.27999877929688,108.56999969482422,40.541866302490234,1098700,0.0,0.0,0.0
2003-03-19,108.69999694824219,108.7300033569336,107.83000183105469,108.0,40.32902145385742,869800,0.0,0.0,0.0
2003-03-20,108.63999938964844,108.79000091552734,107.75,108.19000244140625,40.39997482299805,44700,0.0,0.0,0.0
2003-03-21,108.30000305175781,108.3499984741211,107.56999969482422,107.63999938964844,40.19462585449219,142200,0.0,0.0,0.0
2003-03-24,108.0,108.69000244140625,107.9800033569336,108.5,40.51572036743164,123000,0.0,0.0,0.0
2003-03-25,108.55000305175781,108.80000305175781,108.3499984741211,108.62000274658203,40.5605354309082,30700,0.0,0.0,0.0
2003-03-26,108.6500015258789,109.19000244140625,108.6500015258789,109.0999984741211,40.7397575378418,129600,0.0,0.0,0.0
2003-03-27,109.44000244140625,109.44000244140625,109.01000213623047,109.25,40.795772552490234,54600,0.0,0.0,0.0
2003-03-28,109.44999694824219,109.98999786376953,109.4000015258789,109.69000244140625,40.9600830078125,650500,0.0,0.0,0.0
2003-03-31,109.69999694824219,110.25,109.69999694824219,110.19999694824219,41.15055465698242,59000,0.0,0.0,0.0
2003-04-01,109.80000305175781,110.13999938964844,109.30000305175781,110.05999755859375,41.37273406982422,94500,0.731,0.0,0.0
2003-04-02,109.4000015258789,109.80999755859375,109.20999908447266,109.73999786376953,41.25242233276367,155700,0.0,0.0,0.0
2003-04-03,109.73999786376953,110.08999633789062,109.5,109.75,41.25617218017578,31200,0.0,0.0,0.0
2003-04-04,109.73999786376953,109.83000183105469,109.30999755859375,109.4800033569336,41.1546745300293,680000,0.0,0.0,0.0
2003-04-07,109.0199966430664,109.5199966430664,108.56999969482422,109.27999877929688,41.07951354980469,61800,0.0,0.0,0.0
2003-04-08,109.5,109.73999786376953,109.13999938964844,109.68000030517578,41.22984313964844,377400,0.0,0.0,0.0
2003-04-09,109.80000305175781,110.08999633789062,109.41000366210938,110.04000091552734,41.365211486816406,31500,0.0,0.0,0.0
2003-04-10,110.0,110.0,109.5,109.63999938964844,41.21482849121094,795300,0.0,0.0,0.0
2003-04-11,109.30000305175781,109.58000183105469,109.05999755859375,109.25,41.0682487487793,106100,0.0,0.0,0.0
2003-04-14,109.31999969482422,109.48999786376953,108.69999694824219,109.30999755859375,41.090789794921875,145200,0.0,0.0,0.0
2003-04-15,109.81999969482422,110.0,109.31999969482422,109.51000213623047,41.16596221923828,824100,0.0,0.0,0.0
2003-04-16,110.0999984741211,110.30000305175781,109.75,110.25,41.44411849975586,196400,0.0,0.0,0.0
2003-04-17,110.5999984741211,110.61000061035156,110.01000213623047,110.0199966430664,41.35765075683594,54800,0.0,0.0,0.0
2003-04-21,110.0999984741211,110.37999725341797,109.87999725341797,110.25,41.44411849975586,89000,0.0,0.0,0.0
2003-04-22,110.58999633789062,110.8499984741211,110.19999694824219,110.30000305175781,41.46295166015625,35500,0.0,0.0,0.0
2003-04-23,110.3499984741211,111.05000305175781,110.3499984741211,110.94000244140625,41.703495025634766,51700,0.0,0.0,0.0
2003-04-24,111.13999938964844,111.80000305175781,111.13999938964844,111.58999633789062,41.94783020019531,344000,0.0,0.0,0.0
2003-04-25,111.80000305175781,111.88999938964844,111.30000305175781,111.5999984741211,41.95161437988281,128400,0.0,0.0,0.0
2003-04-28,111.63999938964844,111.7300033569336,111.20999908447266,111.66000366210938,41.974151611328125,50300,0.0,0.0,0.0
2003-04-29,111.4000015258789,111.66999816894531,111.0199966430664,111.26000213623047,41.82379150390625,275900,0.0,0.0,0.0
2003-04-30,111.30000305175781,112.27999877929688,111.20999908447266,112.05000305175781,42.12078094482422,345500,0.0,0.0,0.0
2003-05-01,112.0999984741211,112.37999725341797,111.47000122070312,111.83000183105469,42.35675811767578,47700,0.843,0.0,0.0
2003-05-02,111.61000061035156,112.08999633789062,111.23999786376953,111.44999694824219,42.21278381347656,49200,0.0,0.0,0.0
2003-05-05,111.69999694824219,111.94999694824219,111.22000122070312,111.94999694824219,42.40216827392578,32100,0.0,0.0,0.0
2003-05-06,112.1500015258789,112.8499984741211,111.66000366210938,112.54000091552734,42.62567138671875,139900,0.0,0.0,0.0
2003-05-07,113.25,113.3499984741211,112.80999755859375,113.29000091552734,42.90970993041992,102300,0.0,0.0,0.0
2003-05-08,113.80000305175781,113.88999938964844,113.16000366210938,113.30000305175781,42.913516998291016,1671300,0.0,0.0,0.0
2003-05-09,113.44999694824219,113.44999694824219,112.76000213623047,113.0999984741211,42.83775329589844,36100,0.0,0.0,0.0
2003-05-12,113.98999786376953,113.98999786376953,113.16000366210938,113.48999786376953,42.9854621887207,59500,0.0,0.0,0.0
2003-05-13,113.2699966430664,113.52999877929688,113.0199966430664,113.5,42.989253997802734,73100,0.0,0.0,0.0
2003-05-14,113.8499984741211,114.18000030517578,113.5,114.0,43.17865753173828,36500,0.0,0.0,0.0
2003-05-15,113.5999984741211,114.25,113.51000213623047,113.95999908447266,43.16348648071289,55200,0.0,0.0,0.0
2003-05-16,114.0,114.7300033569336,113.5999984741211,114.72000122070312,43.451332092285156,84400,0.0,0.0,0.0
2003-05-19,114.45999908447266,114.9000015258789,113.9800033569336,114.25,43.27330017089844,751100,0.0,0.0,0.0
2003-05-20,114.4000015258789,114.9000015258789,113.8499984741211,114.5999984741211,43.40590286254883,559100,0.0,0.0,0.0
2003-05-21,114.5999984741211,114.98999786376953,114.12000274658203,114.5999984741211,43.40590286254883,52700,0.0,0.0,0.0
2003-05-22,114.5999984741211,115.37000274658203,114.5999984741211,115.37000274658203,43.69752502441406,39200,0.0,0.0,0.0
2003-05-23,115.69999694824219,115.80000305175781,115.12999725341797,115.52999877929688,43.75813293457031,2946200,0.0,0.0,0.0
2003-05-27,115.62999725341797,115.63999938964844,114.63999938964844,115.12999725341797,43.606651306152344,63800,0.0,0.0,0.0
2003-05-28,115.0,115.16999816894531,114.30000305175781,114.66999816894531,43.43240737915039,711900,0.0,0.0,0.0
2003-05-29,115.3499984741211,115.7300033569336,115.0199966430664,115.5,43.74676513671875,134300,0.0,0.0,0.0
2003-05-30,115.5,115.58000183105469,114.86000061035156,115.55000305175781,43.765724182128906,32900,0.0,0.0,0.0
2003-06-02,114.75,114.83000183105469,114.0199966430664,114.3499984741211,43.58009719848633,73100,0.713,0.0,0.0
2003-06-03,114.94000244140625,115.47000122070312,114.52999877929688,115.4000015258789,43.98030471801758,43600,0.0,0.0,0.0
2003-06-04,115.48999786376953,115.73999786376953,114.91000366210938,115.55000305175781,44.03745651245117,344300,0.0,0.0,0.0
2003-06-05,115.5999984741211,116.0,115.01000213623047,115.36000061035156,43.96503448486328,124600,0.0,0.0,0.0
2003-06-06,115.31999969482422,115.61000061035156,115.0,115.55000305175781,44.03745651245117,81600,0.0,0.0,0.0
2003-06-09,115.98999786376953,116.16000366210938,115.48999786376953,115.80000305175781,44.132713317871094,38600,0.0,0.0,0.0
2003-06-10,116.3499984741211,116.69999694824219,116.12000274658203,116.69999694824219,44.47570037841797,32100,0.0,0.0,0.0
2003-06-11,116.51000213623047,116.94999694824219,116.30999755859375,116.56999969482422,44.426204681396484,191600,0.0,0.0,0.0
2003-06-12,116.4800033569336,117.1500015258789,116.4800033569336,116.98999786376953,44.586265563964844,70200,0.0,0.0,0.0
2003-06-13,117.25,117.69999694824219,116.98999786376953,117.4800033569336,44.77301788330078,26800,0.0,0.0,0.0
2003-06-16,117.9000015258789,117.95999908447266,116.75,117.05000305175781,44.60911178588867,173500,0.0,0.0,0.0
2003-06-17,117.04000091552734,117.04000091552734,116.19999694824219,116.68000030517578,44.46807861328125,43000,0.0,0.0,0.0
2003-06-18,116.05000305175781,116.44000244140625,115.5999984741211,115.5999984741211,44.05653381347656,75200,0.0,0.0,0.0
2003-06-19,115.5,116.12999725341797,115.3499984741211,115.80000305175781,44.132713317871094,107700,0.0,0.0,0.0
2003-06-20,115.80000305175781,115.80000305175781,115.1500015258789,115.25,43.92311477661133,57900,0.0,0.0,0.0
2003-06-23,115.30000305175781,115.97000122070312,115.26000213623047,115.83000183105469,44.14415740966797,233500,0.0,0.0,0.0
2003-06-24,115.9000015258789,116.25,115.61000061035156,116.0,44.20895004272461,365000,0.0,0.0,0.0
2003-06-25,116.75,116.83000183105469,115.2300033569336,115.41000366210938,43.98407745361328,76700,0.0,0.0,0.0
2003-06-26,115.22000122070312,115.22000122070312,114.1500015258789,114.4000015258789,43.59919357299805,98400,0.0,0.0,0.0
2003-06-27,114.8499984741211,114.87000274658203,113.80999755859375,114.0999984741211,43.484859466552734,47700,0.0,0.0,0.0
2003-06-30,114.5,114.62999725341797,114.01000213623047,114.62999725341797,43.68683624267578,279500,0.0,0.0,0.0
2003-07-01,114.19999694824219,114.3499984741211,113.27999877929688,113.3499984741211,43.45029830932617,1089100,0.663,0.0,0.0
2003-07-02,113.31999969482422,114.0999984741211,112.87000274658203,113.75,43.60364532470703,1120200,0.0,0.0,0.0
2003-07-03,114.0,114.08999633789062,113.0,113.05000305175781,43.335323333740234,118500,0.0,0.0,0.0
2003-07-07,112.9000015258789,112.98999786376953,112.33000183105469,112.5,43.124473571777344,211300,0.0,0.0,0.0
2003-07-08,112.69999694824219,113.0,112.0999984741211,112.5999984741211,43.162845611572266,191600,0.0,0.0,0.0
2003-07-09,112.9000015258789,113.30999755859375,112.6500015258789,113.0,43.316158294677734,131800,0.0,0.0,0.0
2003-07-10,113.5999984741211,113.5999984741211,113.0,113.2300033569336,43.40428161621094,68000,0.0,0.0,0.0
2003-07-11,113.44999694824219,113.48999786376953,113.19999694824219,113.37000274658203,43.45798110961914,43700,0.0,0.0,0.0
2003-07-14,113.25,113.94999694824219,113.06999969482422,113.06999969482422,43.34296798706055,47400,0.0,0.0,0.0
2003-07-15,113.25,113.25,111.43000030517578,111.77999877929688,42.84845733642578,64700,0.0,0.0,0.0
2003-07-16,111.0,111.94000244140625,111.0,111.73999786376953,42.8331413269043,191200,0.0,0.0,0.0
2003-07-17,111.6500015258789,111.76000213623047,111.0,111.22000122070312,42.633811950683594,80600,0.0,0.0,0.0
2003-07-18,111.75,111.83999633789062,111.20999908447266,111.69000244140625,42.81401062011719,74100,0.0,0.0,0.0
2003-07-21,111.5999984741211,111.5999984741211,110.01000213623047,110.33999633789062,42.29650115966797,40900,0.0,0.0,0.0
2003-07-22,110.1500015258789,110.72000122070312,109.83000183105469,110.25,42.261962890625,116500,0.0,0.0,0.0
2003-07-23,111.0999984741211,111.31999969482422,110.69999694824219,110.9800033569336,42.54182052612305,172300,0.0,0.0,0.0
2003-07-24,110.73999786376953,110.73999786376953,110.12999725341797,110.5,42.3577995300293,73000,0.0,0.0,0.0
2003-07-25,110.69999694824219,111.16999816894531,109.94999694824219,110.25,42.261962890625,95300,0.0,0.0,0.0
2003-07-28,109.75,110.12000274658203,109.1500015258789,109.1500015258789,41.8403434753418,142100,0.0,0.0,0.0
2003-07-29,109.0,110.0,108.12000274658203,108.1500015258789,41.456966400146484,355200,0.0,0.0,0.0
2003-07-30,108.4800033569336,109.25,108.37000274658203,108.69999694824219,41.66782760620117,565300,0.0,0.0,0.0
2003-07-31,108.3499984741211,108.43000030517578,107.0,107.3499984741211,41.15034866333008,165400,0.0,0.0,0.0
2003-08-01,106.69999694824219,107.31999969482422,106.19999694824219,106.94999694824219,41.27265167236328,179400,0.717,0.0,0.0
2003-08-04,106.72000122070312,107.75,106.72000122070312,107.58000183105469,41.51579284667969,74200,0.0,0.0,0.0
2003-08-05,107.30000305175781,107.8499984741211,106.7300033569336,107.08999633789062,41.326683044433594,82500,0.0,0.0,0.0
2003-08-06,107.30000305175781,107.94000244140625,106.80000305175781,107.5,41.48490524291992,103500,0.0,0.0,0.0
2003-08-07,108.25,108.27999877929688,107.4000015258789,108.08999633789062,41.71260070800781,62800,0.0,0.0,0.0
2003-08-08,108.0999984741211,108.73999786376953,107.80000305175781,108.1500015258789,41.73572540283203,40500,0.0,0.0,0.0
2003-08-11,108.0999984741211,108.16999816894531,107.41000366210938,107.7300033569336,41.57364273071289,76500,0.0,0.0,0.0
2003-08-12,107.55000305175781,108.20999908447266,107.4000015258789,107.61000061035156,41.52735900878906,55600,0.0,0.0,0.0
2003-08-13,107.4000015258789,107.4000015258789,106.29000091552734,106.4000015258789,41.060420989990234,88100,0.0,0.0,0.0
2003-08-14,106.05999755859375,106.97000122070312,105.7699966430664,106.54000091552734,41.11445236206055,456200,0.0,0.0,0.0
2003-08-15,106.4000015258789,107.75,106.4000015258789,106.75,41.19548034667969,8000,0.0,0.0,0.0
2003-08-18,107.05000305175781,107.36000061035156,106.5999984741211,107.0999984741211,41.33053970336914,40800,0.0,0.0,0.0
2003-08-19,107.4000015258789,108.05999755859375,106.91999816894531,108.05000305175781,41.69719696044922,101100,0.0,0.0,0.0
2003-08-20,108.01000213623047,108.38999938964844,107.41999816894531,107.72000122070312,41.56981658935547,32100,0.0,0.0,0.0
2003-08-21,107.94999694824219,108.0,107.0999984741211,107.19999694824219,41.3691520690918,88100,0.0,0.0,0.0
2003-08-22,107.69999694824219,107.91000366210938,107.22000122070312,107.72000122070312,41.56981658935547,66500,0.0,0.0,0.0
2003-08-25,107.4000015258789,107.88999938964844,107.01000213623047,107.23999786376953,41.38457107543945,55400,0.0,0.0,0.0
2003-08-26,107.19999694824219,107.62999725341797,106.7699966430664,107.44999694824219,41.46559524536133,47200,0.0,0.0,0.0
2003-08-27,107.91999816894531,107.91999816894531,107.05999755859375,107.43000030517578,41.457889556884766,23700,0.0,0.0,0.0
2003-08-28,107.72000122070312,108.4000015258789,107.51000213623047,108.22000122070312,41.76278305053711,105300,0.0,0.0,0.0
2003-08-29,108.68000030517578,108.68000030517578,107.80000305175781,108.18000030517578,41.747337341308594,42600,0.0,0.0,0.0
2003-09-02,106.88999938964844,107.62999725341797,106.88999938964844,107.16000366210938,41.64785385131836,135100,0.764,0.0,0.0
2003-09-03,107.05999755859375,107.5199966430664,106.80999755859375,107.47000122070312,41.76833724975586,69500,0.0,0.0,0.0
2003-09-04,107.47000122070312,107.97000122070312,107.05999755859375,107.83999633789062,41.912147521972656,364600,0.0,0.0,0.0
2003-09-05,108.05000305175781,109.0,107.93000030517578,108.66000366210938,42.230804443359375,738700,0.0,0.0,0.0
2003-09-08,108.79000091552734,109.3499984741211,108.25,108.26000213623047,42.07533264160156,264900,0.0,0.0,0.0
2003-09-09,108.81999969482422,108.81999969482422,107.86000061035156,108.5999984741211,42.207515716552734,193200,0.0,0.0,0.0
2003-09-10,108.8499984741211,109.47000122070312,108.6500015258789,109.47000122070312,42.545650482177734,50600,0.0,0.0,0.0
2003-09-11,109.19999694824219,109.33000183105469,108.69999694824219,108.9000015258789,42.3240966796875,137900,0.0,0.0,0.0
2003-09-12,109.52999877929688,110.13999938964844,109.36000061035156,109.69999694824219,42.63499069213867,33300,0.0,0.0,0.0
2003-09-15,109.69999694824219,109.8499984741211,109.08000183105469,109.73999786376953,42.65053939819336,345300,0.0,0.0,0.0
2003-09-16,109.80000305175781,109.98999786376953,109.26000213623047,109.9800033569336,42.74384307861328,44300,0.0,0.0,0.0
2003-09-17,110.31999969482422,110.7699966430664,109.69999694824219,110.6500015258789,43.00422668457031,87700,0.0,0.0,0.0
2003-09-18,110.5,110.80000305175781,110.01000213623047,110.5,42.945899963378906,83300,0.0,0.0,0.0
2003-09-19,110.5999984741211,110.77999877929688,110.27999877929688,110.61000061035156,42.98871994018555,33700,0.0,0.0,0.0
2003-09-22,110.16999816894531,110.27999877929688,109.5199966430664,110.19999694824219,42.829345703125,161300,0.0,0.0,0.0
2003-09-23,110.19999694824219,110.37999725341797,109.51000213623047,110.36000061035156,42.89152908325195,551000,0.0,0.0,0.0
2003-09-24,110.11000061035156,110.94000244140625,110.11000061035156,110.77999877929688,43.05476760864258,58900,0.0,0.0,0.0
2003-09-25,110.94000244140625,111.16000366210938,110.56999969482422,111.16000366210938,43.20244216918945,50600,0.0,0.0,0.0
2003-09-26,111.3499984741211,111.8499984741211,111.11000061035156,111.8499984741211,43.470619201660156,36700,0.0,0.0,0.0
2003-09-29,111.6500015258789,111.73999786376953,111.19999694824219,111.55000305175781,43.354007720947266,79800,0.0,0.0,0.0
2003-09-30,111.69999694824219,112.33000183105469,111.43000030517578,112.29000091552734,43.64158248901367,57500,0.0,0.0,0.0
2003-10-01,111.80000305175781,112.0,111.38999938964844,111.87999725341797,43.76718521118164,420900,0.731,0.0,0.0
2003-10-02,110.80000305175781,111.75,110.80000305175781,111.44999694824219,43.59899139404297,105300,0.0,0.0,0.0
2003-10-03,110.25,110.70999908447266,109.72000122070312,109.9000015258789,42.99263000488281,584500,0.0,0.0,0.0
2003-10-06,109.55999755859375,110.19999694824219,109.55999755859375,110.01000213623047,43.03564453125,111800,0.0,0.0,0.0
2003-10-07,110.05999755859375,110.43000030517578,109.62000274658203,109.63999938964844,42.89088821411133,33200,0.0,0.0,0.0
2003-10-08,109.55000305175781,110.33999633789062,109.55000305175781,110.04000091552734,43.04738998413086,524800,0.0,0.0,0.0
2003-10-09,109.44000244140625,109.77999877929688,109.05000305175781,109.66000366210938,42.89875030517578,71700,0.0,0.0,0.0
2003-10-10,109.5999984741211,110.41000366210938,109.5999984741211,110.19999694824219,43.109981536865234,286000,0.0,0.0,0.0
2003-10-13,109.6500015258789,110.1500015258789,109.6500015258789,110.12999725341797,43.08260726928711,26800,0.0,0.0,0.0
2003-10-14,109.8499984741211,110.13999938964844,109.51000213623047,109.68000030517578,42.90658187866211,47700,0.0,0.0,0.0
2003-10-15,109.6500015258789,109.73999786376953,109.23999786376953,109.69000244140625,42.91046905517578,53600,0.0,0.0,0.0
2003-10-16,109.83999633789062,109.83999633789062,109.06999969482422,109.33999633789062,42.77353286743164,752200,0.0,0.0,0.0
2003-10-17,109.06999969482422,109.9800033569336,109.06999969482422,109.94000244140625,43.008262634277344,35600,0.0,0.0,0.0
2003-10-20,109.93000030517578,110.27999877929688,109.54000091552734,110.04000091552734,43.04738998413086,26500,0.0,0.0,0.0
2003-10-21,110.4000015258789,110.44000244140625,109.58000183105469,110.08000183105469,43.06304168701172,233000,0.0,0.0,0.0
2003-10-22,110.4000015258789,110.5,110.0999984741211,110.4000015258789,43.188236236572266,57900,0.0,0.0,0.0
2003-10-23,110.5,110.5,109.44000244140625,109.80000305175781,42.95350646972656,54000,0.0,0.0,0.0
2003-10-24,110.5999984741211,110.5999984741211,110.12999725341797,110.5999984741211,43.26647186279297,190300,0.0,0.0,0.0
2003-10-27,110.5999984741211,110.6500015258789,110.05000305175781,110.3499984741211,43.168678283691406,35000,0.0,0.0,0.0
2003-10-28,110.43000030517578,111.08999633789062,109.9000015258789,111.08000183105469,43.45425033569336,68100,0.0,0.0,0.0
2003-10-29,110.76000213623047,111.08000183105469,110.22000122070312,110.30000305175781,43.14907455444336,72500,0.0,0.0,0.0
2003-10-30,109.75,110.1500015258789,109.5,110.1500015258789,43.09043884277344,64700,0.0,0.0,0.0
2003-10-31,109.94999694824219,110.43000030517578,109.91000366210938,110.1500015258789,43.09043884277344,45100,0.0,0.0,0.0
2003-11-03,110.30000305175781,110.30000305175781,109.16999816894531,109.77999877929688,43.11283874511719,150800,0.427,0.0,0.0
2003-11-04,109.73999786376953,109.97000122070312,109.5,109.94999694824219,43.17955780029297,89800,0.0,0.0,0.0
2003-11-05,109.94999694824219,109.94999694824219,109.18000030517578,109.18000030517578,42.877166748046875,50900,0.0,0.0,0.0
2003-11-06,109.1500015258789,109.19000244140625,108.56999969482422,108.58000183105469,42.641544342041016,50200,0.0,0.0,0.0
2003-11-07,108.56999969482422,108.86000061035156,108.12000274658203,108.79000091552734,42.72404098510742,71500,0.0,0.0,0.0
2003-11-10,108.94999694824219,109.02999877929688,108.30000305175781,108.47000122070312,42.59833526611328,78200,0.0,0.0,0.0
2003-11-11,108.12000274658203,108.98999786376953,108.11000061035156,108.94000244140625,42.782958984375,32200,0.0,0.0,0.0
2003-11-12,109.0999984741211,109.19999694824219,108.86000061035156,109.0,42.80647277832031,76100,0.0,0.0,0.0
2003-11-13,109.4000015258789,110.3499984741211,109.4000015258789,110.02999877929688,43.21101379394531,62000,0.0,0.0,0.0
2003-11-14,110.0,110.69000244140625,110.0,110.62999725341797,43.4466438293457,322000,0.0,0.0,0.0
2003-11-17,111.25,111.27999877929688,110.79000091552734,110.83999633789062,43.529090881347656,165700,0.0,0.0,0.0
2003-11-18,110.80000305175781,111.33000183105469,110.4800033569336,111.33000183105469,43.72153091430664,30500,0.0,0.0,0.0
2003-11-19,111.0999984741211,111.55999755859375,110.3499984741211,110.3499984741211,43.33666229248047,436800,0.0,0.0,0.0
2003-11-20,111.0,111.2300033569336,110.30000305175781,110.87999725341797,43.544776916503906,40500,0.0,0.0,0.0
2003-11-21,111.25,111.43000030517578,110.8499984741211,111.25,43.69010543823242,33200,0.0,0.0,0.0
2003-11-24,110.4000015258789,110.97000122070312,110.27999877929688,110.5,43.395545959472656,29500,0.0,0.0,0.0
2003-11-25,110.51000213623047,111.08000183105469,110.5,110.8499984741211,43.53303909301758,32600,0.0,0.0,0.0
2003-11-26,111.05000305175781,111.18000030517578,110.5199966430664,110.61000061035156,43.43877029418945,18900,0.0,0.0,0.0
2003-11-28,110.6500015258789,110.6500015258789,110.0,110.05999755859375,43.222774505615234,32900,0.0,0.0,0.0
2003-12-01,109.0,109.44000244140625,108.75,109.38999938964844,43.13286209106445,183000,0.442,0.0,0.0
2003-12-02,109.47000122070312,109.80999755859375,108.69999694824219,109.69000244140625,43.25114059448242,227300,0.0,0.0,0.0
2003-12-03,110.0,110.0,109.12999725341797,109.5,43.17623519897461,181500,0.0,0.0,0.0
2003-12-04,109.8499984741211,109.8499984741211,109.08000183105469,109.58999633789062,43.211700439453125,672300,0.0,0.0,0.0
2003-12-05,110.38999938964844,110.93000030517578,109.97000122070312,110.7300033569336,43.66124725341797,81900,0.0,0.0,0.0
2003-12-08,110.79000091552734,110.79000091552734,109.72000122070312,109.9000015258789,43.33396530151367,275000,0.0,0.0,0.0
2003-12-09,110.0,110.48999786376953,109.0999984741211,109.55000305175781,43.19597625732422,38100,0.0,0.0,0.0
2003-12-10,110.3499984741211,110.3499984741211,109.30000305175781,109.80000305175781,43.29458236694336,34200,0.0,0.0,0.0
2003-12-11,109.0999984741211,110.31999969482422,109.0999984741211,110.30000305175781,43.491676330566406,65000,0.0,0.0,0.0
2003-12-12,110.62999725341797,110.7300033569336,110.25,110.5999984741211,43.609981536865234,78200,0.0,0.0,0.0
2003-12-15,110.0999984741211,110.69999694824219,110.0199966430664,110.3499984741211,43.51139450073242,275500,0.0,0.0,0.0
2003-12-16,110.75,110.75,110.05999755859375,110.5999984741211,44.164276123046875,40600,1.385,0.0,0.0
2003-12-17,110.5999984741211,111.23999786376953,110.55000305175781,110.8499984741211,44.264102935791016,41900,0.0,0.0,0.0
2003-12-18,111.05999755859375,111.48999786376953,110.86000061035156,111.48999786376953,44.51968765258789,45700,0.0,0.0,0.0
2003-12-19,111.48999786376953,111.56999969482422,111.0,111.55999755859375,44.5476188659668,152700,0.0,0.0,0.0
2003-12-22,111.9000015258789,112.0,111.01000213623047,111.3499984741211,44.46375274658203,299400,0.0,0.0,0.0
2003-12-23,111.4000015258789,111.4000015258789,110.63999938964844,110.70999908447266,44.20822525024414,39900,0.0,0.0,0.0
2003-12-24,111.19999694824219,111.37000274658203,110.76000213623047,111.37000274658203,44.47175216674805,29700,0.0,0.0,0.0
2003-12-26,111.77999877929688,111.77999877929688,111.19999694824219,111.4000015258789,44.483734130859375,17600,0.0,0.0,0.0
2003-12-29,111.6500015258789,111.6500015258789,110.75,111.18000030517578,44.39591979980469,82400,0.0,0.0,0.0
2003-12-30,110.88999938964844,111.13999938964844,110.52999877929688,110.75,44.22417449951172,55700,0.0,0.0,0.0
2003-12-31,110.8499984741211,110.8499984741211,110.19999694824219,110.56999969482422,44.334442138671875,53600,0.455,0.0,0.0
2004-01-02,110.56999969482422,110.56999969482422,109.6500015258789,109.77999877929688,44.01765060424805,209600,0.0,0.0,0.0
2004-01-05,110.05000305175781,110.1500015258789,109.6500015258789,109.9000015258789,44.06581497192383,69900,0.0,0.0,0.0
2004-01-06,110.4000015258789,110.94999694824219,110.0,110.88999938964844,44.4627799987793,304400,0.0,0.0,0.0
2004-01-07,110.8499984741211,111.29000091552734,110.69999694824219,110.9800033569336,44.49882125854492,60600,0.0,0.0,0.0
2004-01-08,111.1500015258789,111.30000305175781,110.80000305175781,111.16000366210938,44.571006774902344,63400,0.0,0.0,0.0
2004-01-09,111.9000015258789,112.19999694824219,111.58999633789062,112.05999755859375,44.93189239501953,86600,0.0,0.0,0.0
2004-01-12,112.0,112.72000122070312,112.0,112.25,45.008052825927734,114500,0.0,0.0,0.0
2004-01-13,111.8499984741211,112.87999725341797,111.8499984741211,112.55000305175781,45.128334045410156,72500,0.0,0.0,0.0
2004-01-14,112.8499984741211,113.11000061035156,112.30000305175781,112.79000091552734,45.22455596923828,272300,0.0,0.0,0.0
2004-01-15,113.0999984741211,113.30000305175781,112.69999694824219,113.30000305175781,45.429073333740234,165700,0.0,0.0,0.0
2004-01-16,113.01000213623047,113.44000244140625,112.77999877929688,112.80000305175781,45.228607177734375,45600,0.0,0.0,0.0
2004-01-20,112.69999694824219,113.18000030517578,112.43000030517578,112.56999969482422,45.13636016845703,76100,0.0,0.0,0.0
2004-01-21,112.81999969482422,112.98999786376953,112.30000305175781,112.83000183105469,45.240604400634766,43800,0.0,0.0,0.0
2004-01-22,113.0,113.62000274658203,112.63999938964844,113.4000015258789,45.469173431396484,77800,0.0,0.0,0.0
2004-01-23,113.75,113.87000274658203,112.4800033569336,112.5,45.10831069946289,112900,0.0,0.0,0.0
2004-01-26,112.75,112.75,111.87999725341797,111.87999725341797,44.85969543457031,239100,0.0,0.0,0.0
2004-01-27,112.4000015258789,112.77999877929688,112.19999694824219,112.55999755859375,45.1323127746582,571700,0.0,0.0,0.0
2004-01-28,112.80000305175781,113.12000274658203,111.5,111.66999816894531,44.7755012512207,70100,0.0,0.0,0.0
2004-01-29,111.69999694824219,111.95999908447266,111.30000305175781,111.6500015258789,44.76744842529297,133100,0.0,0.0,0.0
2004-01-30,112.25,112.36000061035156,111.5199966430664,111.91999816894531,44.875736236572266,80000,0.0,0.0,0.0
2004-02-02,111.80000305175781,111.87999725341797,111.4000015258789,111.44999694824219,44.86368942260742,320600,0.44,0.0,0.0
2004-02-03,111.94999694824219,111.94999694824219,111.33999633789062,111.68000030517578,44.95626449584961,152200,0.0,0.0,0.0
2004-02-04,111.66999816894531,111.8499984741211,111.30000305175781,111.58999633789062,44.9200325012207,55000,0.0,0.0,0.0
2004-02-05,111.58000183105469,111.9000015258789,111.13999938964844,111.4000015258789,44.84352111816406,47100,0.0,0.0,0.0
2004-02-06,111.94999694824219,112.0999984741211,111.5,111.7300033569336,44.97638702392578,122500,0.0,0.0,0.0
2004-02-09,111.77999877929688,112.30000305175781,111.66999816894531,112.19999694824219,45.16553497314453,130400,0.0,0.0,0.0
2004-02-10,112.25,112.25,111.72000122070312,111.87000274658203,45.03271484375,52400,0.0,0.0,0.0
2004-02-11,111.51000213623047,112.86000061035156,111.51000213623047,112.55000305175781,45.30645751953125,41700,0.0,0.0,0.0
2004-02-12,112.83000183105469,112.83000183105469,112.08000183105469,112.3499984741211,45.22597122192383,106100,0.0,0.0,0.0
2004-02-13,113.0,113.01000213623047,112.47000122070312,112.98999786376953,45.48358917236328,92300,0.0,0.0,0.0
2004-02-17,113.02999877929688,113.02999877929688,112.5999984741211,112.66000366210938,45.35076141357422,64800,0.0,0.0,0.0
2004-02-18,113.08999633789062,113.0999984741211,112.2300033569336,112.4000015258789,45.24606704711914,52400,0.0,0.0,0.0
2004-02-19,112.68000030517578,113.51000213623047,112.36000061035156,112.80000305175781,45.4071044921875,51900,0.0,0.0,0.0
2004-02-20,112.95999908447266,112.95999908447266,112.22000122070312,112.25,45.18570327758789,119300,0.0,0.0,0.0
2004-02-23,112.5,112.83999633789062,112.30000305175781,112.55999755859375,45.31047439575195,33600,0.0,0.0,0.0
2004-02-24,112.36000061035156,113.08000183105469,112.36000061035156,112.66999816894531,45.35476303100586,63100,0.0,0.0,0.0
2004-02-25,113.05000305175781,113.23999786376953,112.44999694824219,112.75,45.38697052001953,49500,0.0,0.0,0.0
2004-02-26,112.83999633789062,112.94999694824219,112.52999877929688,112.83000183105469,45.4192008972168,37700,0.0,0.0,0.0
2004-02-27,112.86000061035156,113.30999755859375,112.81999969482422,113.16000366210938,45.552001953125,39700,0.0,0.0,0.0
2004-03-01,112.93000030517578,113.05000305175781,112.43000030517578,112.69000244140625,45.53789520263672,291000,0.435,0.0,0.0
2004-03-02,112.79000091552734,112.83999633789062,112.01000213623047,112.47000122070312,45.448970794677734,51800,0.0,0.0,0.0
2004-03-03,112.47000122070312,112.5,111.79000091552734,112.41999816894531,45.42875289916992,58800,0.0,0.0,0.0
2004-03-04,111.9000015258789,112.6500015258789,111.9000015258789,112.5999984741211,45.50149917602539,128000,0.0,0.0,0.0
2004-03-05,114.30000305175781,114.3499984741211,113.5199966430664,113.80000305175781,45.9864387512207,158600,0.0,0.0,0.0
2004-03-08,114.4000015258789,114.4800033569336,113.91999816894531,114.12000274658203,46.115745544433594,61000,0.0,0.0,0.0
2004-03-09,114.5,114.76000213623047,114.06999969482422,114.3499984741211,46.20868682861328,71000,0.0,0.0,0.0
2004-03-10,114.4000015258789,114.75,114.30000305175781,114.72000122070312,46.35816955566406,60300,0.0,0.0,0.0
2004-03-11,114.69000244140625,114.79000091552734,113.81999969482422,114.2300033569336,46.16018295288086,145800,0.0,0.0,0.0
2004-03-12,114.69999694824219,114.69999694824219,113.88999938964844,114.0999984741211,46.107666015625,69700,0.0,0.0,0.0
2004-03-15,113.91000366210938,114.43000030517578,113.86000061035156,114.2300033569336,46.16018295288086,67900,0.0,0.0,0.0
2004-03-16,114.01000213623047,114.8499984741211,113.77999877929688,114.75,46.37035369873047,98400,0.0,0.0,0.0
2004-03-17,114.98999786376953,115.0,114.5999984741211,114.80999755859375,46.39456558227539,34700,0.0,0.0,0.0
2004-03-18,114.80000305175781,114.9800033569336,114.19999694824219,114.33000183105469,46.20061111450195,173700,0.0,0.0,0.0
2004-03-19,114.56999969482422,114.56999969482422,113.91999816894531,114.1500015258789,46.12786865234375,139700,0.0,0.0,0.0
2004-03-22,114.48999786376953,114.83000183105469,114.18000030517578,114.58999633789062,46.30563735961914,48400,0.0,0.0,0.0
2004-03-23,114.66999816894531,114.80000305175781,114.26000213623047,114.80000305175781,46.39052963256836,65600,0.0,0.0,0.0
2004-03-24,114.91000366210938,114.91000366210938,114.5,114.69000244140625,46.346073150634766,38200,0.0,0.0,0.0
2004-03-25,114.66000366210938,114.69999694824219,114.27999877929688,114.37999725341797,46.22077941894531,50500,0.0,0.0,0.0
2004-03-26,114.44000244140625,114.4800033569336,113.5199966430664,113.52999877929688,45.877349853515625,139200,0.0,0.0,0.0
2004-03-29,113.6500015258789,113.70999908447266,113.12999725341797,113.70999908447266,45.95006561279297,153900,0.0,0.0,0.0
2004-03-30,113.8499984741211,113.91000366210938,113.41000366210938,113.43000030517578,45.8369140625,60900,0.0,0.0,0.0
2004-03-31,113.7300033569336,114.19999694824219,113.33000183105469,113.83999633789062,46.002593994140625,246500,0.0,0.0,0.0
2004-04-01,113.9000015258789,113.9000015258789,113.0999984741211,113.36000061035156,45.98273468017578,393100,0.431,0.0,0.0
2004-04-02,111.8499984741211,111.98999786376953,111.37999725341797,111.58999633789062,45.26476287841797,226800,0.0,0.0,0.0
2004-04-05,110.9000015258789,111.33999633789062,110.75,111.02999877929688,45.037593841552734,127600,0.0,0.0,0.0
2004-04-06,111.3499984741211,111.69000244140625,111.20999908447266,111.55000305175781,45.24851608276367,48800,0.0,0.0,0.0
2004-04-07,111.5999984741211,112.0999984741211,111.31999969482422,111.58000183105469,45.260738372802734,29900,0.0,0.0,0.0
2004-04-08,111.5999984741211,111.80000305175781,111.1500015258789,111.69000244140625,45.3053092956543,36000,0.0,0.0,0.0
2004-04-12,111.41999816894531,111.41999816894531,110.80999755859375,111.01000213623047,45.02948760986328,79900,0.0,0.0,0.0
2004-04-13,110.19999694824219,110.83999633789062,110.19999694824219,110.30999755859375,44.74549102783203,91300,0.0,0.0,0.0
2004-04-14,109.98999786376953,110.31999969482422,109.7300033569336,110.16000366210938,44.68468475341797,134200,0.0,0.0,0.0
2004-04-15,110.0,110.4000015258789,109.63999938964844,109.69999694824219,44.49808883666992,144000,0.0,0.0,0.0
2004-04-16,110.0199966430664,110.48999786376953,110.01000213623047,110.33000183105469,44.753631591796875,32200,0.0,0.0,0.0
2004-04-19,110.48999786376953,110.5,109.8499984741211,110.12999725341797,44.67252731323242,47300,0.0,0.0,0.0
2004-04-20,109.5,110.1500015258789,109.37999725341797,109.41000366210938,44.380470275878906,35000,0.0,0.0,0.0
2004-04-21,109.30000305175781,109.80000305175781,109.18000030517578,109.5,44.41694641113281,245500,0.0,0.0,0.0
2004-04-22,109.62999725341797,110.22000122070312,109.55999755859375,110.0999984741211,44.66035079956055,37000,0.0,0.0,0.0
2004-04-23,109.43000030517578,109.83999633789062,109.30000305175781,109.62999725341797,44.4697151184082,67100,0.0,0.0,0.0
2004-04-26,109.80000305175781,109.94999694824219,109.44000244140625,109.63999938964844,44.4737548828125,61000,0.0,0.0,0.0
2004-04-27,109.44999694824219,110.16000366210938,109.44999694824219,110.16000366210938,44.68468475341797,105000,0.0,0.0,0.0
2004-04-28,109.5,110.05999755859375,109.2699966430664,109.48999786376953,44.41287612915039,132200,0.0,0.0,0.0
2004-04-29,109.0999984741211,109.73999786376953,108.62000274658203,109.0,44.214168548583984,235200,0.0,0.0,0.0
2004-04-30,109.1500015258789,109.5,108.70999908447266,109.0,44.214168548583984,74100,0.0,0.0,0.0
2004-05-03,108.8499984741211,108.88999938964844,108.41000366210938,108.70999908447266,44.27196502685547,210800,0.432,0.0,0.0
2004-05-04,109.0,109.1500015258789,108.33999633789062,108.3499984741211,44.12533950805664,78200,0.0,0.0,0.0
2004-05-05,108.41999816894531,108.72000122070312,107.80999755859375,108.19000244140625,44.060237884521484,262200,0.0,0.0,0.0
2004-05-06,107.94000244140625,107.9800033569336,107.58000183105469,107.69999694824219,43.860679626464844,53700,0.0,0.0,0.0
2004-05-07,106.9000015258789,106.9000015258789,106.1500015258789,106.30000305175781,43.290523529052734,136200,0.0,0.0,0.0
2004-05-10,106.05999755859375,106.19999694824219,105.5,105.51000213623047,42.96880340576172,338300,0.0,0.0,0.0
2004-05-11,105.61000061035156,105.94000244140625,105.56999969482422,105.72000122070312,43.0543212890625,224200,0.0,0.0,0.0
2004-05-12,106.19999694824219,106.23999786376953,105.5,105.76000213623047,43.07056427001953,98200,0.0,0.0,0.0
2004-05-13,105.38999938964844,105.5,105.12999725341797,105.19999694824219,42.84255599975586,106400,0.0,0.0,0.0
2004-05-14,105.91000366210938,106.27999877929688,105.36000061035156,105.83999633789062,43.10316848754883,60300,0.0,0.0,0.0
2004-05-17,106.45999908447266,106.5,106.1500015258789,106.3499984741211,43.31086730957031,162000,0.0,0.0,0.0
2004-05-18,106.7300033569336,106.7300033569336,106.01000213623047,106.5,43.371971130371094,47400,0.0,0.0,0.0
2004-05-19,106.5,106.5,105.97000122070312,106.1500015258789,43.22941207885742,36500,0.0,0.0,0.0
2004-05-20,106.33000183105469,106.75,106.26000213623047,106.73999786376953,43.46964645385742,47800,0.0,0.0,0.0
2004-05-21,106.9000015258789,106.9000015258789,106.41999816894531,106.6500015258789,43.43305206298828,282900,0.0,0.0,0.0
2004-05-24,107.0,107.11000061035156,106.70999908447266,107.08000183105469,43.60817337036133,187500,0.0,0.0,0.0
2004-05-25,107.3499984741211,107.37000274658203,106.77999877929688,107.19000244140625,43.65296173095703,219100,0.0,0.0,0.0
2004-05-26,107.5999984741211,107.66999816894531,106.98999786376953,107.66999816894531,43.84842300415039,159300,0.0,0.0,0.0
2004-05-27,108.06999969482422,108.18000030517578,107.48999786376953,108.16000366210938,44.048011779785156,179700,0.0,0.0,0.0
2004-05-28,108.0,108.2300033569336,107.77999877929688,108.0,43.982845306396484,80900,0.0,0.0,0.0
2004-06-01,107.29000091552734,107.29000091552734,106.69999694824219,106.98999786376953,43.74811553955078,114000,0.436,0.0,0.0
2004-06-02,106.97000122070312,107.01000213623047,106.5999984741211,106.70999908447266,43.63363265991211,73800,0.0,0.0,0.0
2004-06-03,106.66999816894531,107.05999755859375,106.55000305175781,106.98999786376953,43.74811553955078,91600,0.0,0.0,0.0
2004-06-04,107.0,107.0,106.41999816894531,106.61000061035156,43.59273910522461,94300,0.0,0.0,0.0
2004-06-07,106.5999984741211,106.7699966430664,106.38999938964844,106.75,43.650001525878906,52500,0.0,0.0,0.0
2004-06-08,106.20999908447266,106.80999755859375,106.20999908447266,106.76000213623047,43.6540641784668,83200,0.0,0.0,0.0
2004-06-09,106.8499984741211,106.86000061035156,106.16000366210938,106.29000091552734,43.46192169189453,91300,0.0,0.0,0.0
2004-06-10,106.06999969482422,106.5,105.94999694824219,106.3499984741211,43.4864387512207,162400,0.0,0.0,0.0
2004-06-14,106.45999908447266,106.45999908447266,105.80000305175781,105.80999755859375,43.26561737060547,68400,0.0,0.0,0.0
2004-06-15,106.30000305175781,107.25,106.12999725341797,107.01000213623047,43.75626754760742,116100,0.0,0.0,0.0
2004-06-16,107.0999984741211,107.13999938964844,106.5,107.0199966430664,43.760372161865234,87200,0.0,0.0,0.0
2004-06-17,107.04000091552734,107.33000183105469,106.6500015258789,107.2300033569336,43.84625244140625,63300,0.0,0.0,0.0
2004-06-18,107.05999755859375,107.48999786376953,106.86000061035156,107.0999984741211,43.79311752319336,52500,0.0,0.0,0.0
2004-06-21,107.3499984741211,107.5,107.11000061035156,107.29000091552734,43.87080383300781,66800,0.0,0.0,0.0
2004-06-22,107.55000305175781,107.55000305175781,106.66999816894531,107.13999938964844,43.809478759765625,268800,0.0,0.0,0.0
2004-06-23,107.33999633789062,107.5999984741211,106.86000061035156,107.06999969482422,43.78086853027344,163900,0.0,0.0,0.0
2004-06-24,107.91000366210938,107.91999816894531,107.41999816894531,107.41999816894531,43.923954010009766,93500,0.0,0.0,0.0
2004-06-25,107.19999694824219,107.7300033569336,107.19999694824219,107.5,43.9566535949707,211700,0.0,0.0,0.0
2004-06-28,107.54000091552734,107.54000091552734,106.72000122070312,106.75,43.650001525878906,53900,0.0,0.0,0.0
2004-06-29,107.20999908447266,107.5,106.56999969482422,107.5,43.9566535949707,110700,0.0,0.0,0.0
2004-06-30,107.58999633789062,107.9800033569336,107.20999908447266,107.69999694824219,44.0384521484375,52400,0.0,0.0,0.0
2004-07-01,107.22000122070312,107.83999633789062,107.0999984741211,107.80000305175781,44.25849533081055,422400,0.436,0.0,0.0
2004-07-02,108.30999755859375,108.6500015258789,108.25,108.55000305175781,44.56642532348633,40900,0.0,0.0,0.0
2004-07-06,108.66999816894531,108.66999816894531,108.0,108.30000305175781,44.463775634765625,49900,0.0,0.0,0.0
2004-07-07,108.30000305175781,108.52999877929688,108.30000305175781,108.38999938964844,44.500728607177734,27800,0.0,0.0,0.0
2004-07-08,108.51000213623047,108.6500015258789,108.3499984741211,108.44999694824219,44.525367736816406,46600,0.0,0.0,0.0
2004-07-09,108.5,108.55000305175781,108.0999984741211,108.48999786376953,44.54179763793945,32600,0.0,0.0,0.0
2004-07-12,108.7699966430664,108.81999969482422,108.52999877929688,108.70999908447266,44.63213348388672,70300,0.0,0.0,0.0
2004-07-13,108.5999984741211,108.5999984741211,108.25,108.5,44.54591751098633,64500,0.0,0.0,0.0
2004-07-14,108.6500015258789,108.69000244140625,108.3499984741211,108.55000305175781,44.56642532348633,22600,0.0,0.0,0.0
2004-07-15,108.68000030517578,108.7300033569336,108.25,108.33000183105469,44.476112365722656,233500,0.0,0.0,0.0
2004-07-16,108.95999908447266,109.37999725341797,108.5,109.37999725341797,44.90723419189453,191200,0.0,0.0,0.0
2004-07-19,109.4000015258789,109.5,109.16000366210938,109.44999694824219,44.935943603515625,38700,0.0,0.0,0.0
2004-07-20,109.20999908447266,109.4000015258789,108.66999816894531,108.69999694824219,44.62797546386719,37800,0.0,0.0,0.0
2004-07-21,108.72000122070312,108.72000122070312,108.16999816894531,108.68000030517578,44.61978530883789,49700,0.0,0.0,0.0
2004-07-22,108.68000030517578,108.93000030517578,108.43000030517578,108.43000030517578,44.517173767089844,38900,0.0,0.0,0.0
2004-07-23,108.91000366210938,109.0,108.56999969482422,108.9000015258789,44.710105895996094,34600,0.0,0.0,0.0
2004-07-26,108.88999938964844,108.9000015258789,108.5,108.83999633789062,44.68549346923828,44000,0.0,0.0,0.0
2004-07-27,108.41000366210938,108.69999694824219,107.83000183105469,108.08000183105469,44.373477935791016,379000,0.0,0.0,0.0
2004-07-28,107.94999694824219,108.05000305175781,107.55999755859375,107.76000213623047,44.242069244384766,67900,0.0,0.0,0.0
2004-07-29,107.55000305175781,108.25,107.55000305175781,108.16999816894531,44.410400390625,45100,0.0,0.0,0.0
2004-07-30,108.9000015258789,108.94000244140625,108.43000030517578,108.94000244140625,44.72652053833008,135800,0.0,0.0,0.0
2004-08-02,108.73999786376953,108.83999633789062,108.44999694824219,108.7300033569336,44.818477630615234,77500,0.433,0.0,0.0
2004-08-03,108.94999694824219,108.9800033569336,108.13999938964844,108.61000061035156,44.769004821777344,147900,0.0,0.0,0.0
2004-08-04,108.80000305175781,109.08999633789062,108.55999755859375,108.9000015258789,44.888511657714844,34300,0.0,0.0,0.0
2004-08-05,109.30000305175781,109.30000305175781,108.80000305175781,109.0999984741211,44.970970153808594,77300,0.0,0.0,0.0
2004-08-06,110.30999755859375,110.41999816894531,109.95999908447266,110.08000183105469,45.37494659423828,102700,0.0,0.0,0.0
2004-08-09,110.4000015258789,110.4000015258789,109.98999786376953,110.0999984741211,45.3831787109375,46800,0.0,0.0,0.0
2004-08-10,110.19000244140625,110.19000244140625,109.44999694824219,109.73999786376953,45.234771728515625,38600,0.0,0.0,0.0
2004-08-11,109.9000015258789,109.97000122070312,109.37000274658203,109.66000366210938,45.20181655883789,25500,0.0,0.0,0.0
2004-08-12,109.5,110.19999694824219,109.4000015258789,109.80999755859375,45.263633728027344,84400,0.0,0.0,0.0
2004-08-13,109.94999694824219,110.5999984741211,109.94999694824219,110.25,45.44500732421875,61400,0.0,0.0,0.0
2004-08-16,110.16999816894531,110.23999786376953,109.7300033569336,110.13999938964844,45.39966583251953,131200,0.0,0.0,0.0
2004-08-17,110.11000061035156,110.73999786376953,110.0999984741211,110.73999786376953,45.646968841552734,39000,0.0,0.0,0.0
2004-08-18,111.04000091552734,111.04000091552734,110.22000122070312,110.41999816894531,45.515079498291016,82900,0.0,0.0,0.0
2004-08-19,110.4000015258789,110.93000030517578,110.33000183105469,110.80999755859375,45.67582321166992,51300,0.0,0.0,0.0
2004-08-20,110.80999755859375,110.87999725341797,110.4000015258789,110.41000366210938,45.51096725463867,48300,0.0,0.0,0.0
2004-08-23,110.31999969482422,110.3499984741211,109.95999908447266,110.19999694824219,45.424407958984375,33400,0.0,0.0,0.0
2004-08-24,109.75,110.2300033569336,109.75,110.0999984741211,45.3831787109375,385100,0.0,0.0,0.0
2004-08-25,110.56999969482422,110.76000213623047,110.30000305175781,110.62000274658203,45.59752655029297,233400,0.0,0.0,0.0
2004-08-26,110.81999969482422,110.9000015258789,110.37999725341797,110.69000244140625,45.62635803222656,42300,0.0,0.0,0.0
2004-08-27,110.69000244140625,111.0,110.63999938964844,110.94999694824219,45.733543395996094,142800,0.0,0.0,0.0
2004-08-30,111.19999694824219,111.37999725341797,110.70999908447266,111.37999725341797,45.91078186035156,67400,0.0,0.0,0.0
2004-08-31,111.4800033569336,112.0,111.25,111.8499984741211,46.10449981689453,68100,0.0,0.0,0.0
2004-09-01,111.55999755859375,111.63999938964844,111.02999877929688,111.19999694824219,46.016357421875,128200,0.437,0.0,0.0
2004-09-02,111.01000213623047,111.3499984741211,110.55000305175781,110.7300033569336,45.82188415527344,70200,0.0,0.0,0.0
2004-09-03,110.22000122070312,110.55000305175781,109.83999633789062,109.86000061035156,45.461891174316406,92800,0.0,0.0,0.0
2004-09-07,110.05000305175781,110.4800033569336,110.0,110.4800033569336,45.71842575073242,70800,0.0,0.0,0.0
2004-09-08,110.37999725341797,111.18000030517578,110.29000091552734,110.94999694824219,45.91294860839844,63700,0.0,0.0,0.0
2004-09-09,111.0199966430664,111.48999786376953,110.9000015258789,111.18000030517578,46.008148193359375,50100,0.0,0.0,0.0
2004-09-10,111.47000122070312,111.47000122070312,111.0,111.12000274658203,45.983280181884766,47000,0.0,0.0,0.0
2004-09-13,111.29000091552734,111.54000091552734,110.95999908447266,111.5,46.14051055908203,148600,0.0,0.0,0.0
2004-09-14,111.48999786376953,111.69000244140625,111.30999755859375,111.52999877929688,46.15291976928711,47600,0.0,0.0,0.0
2004-09-15,111.66000366210938,111.66000366210938,111.31999969482422,111.52999877929688,46.15291976928711,25400,0.0,0.0,0.0
2004-09-16,111.66000366210938,112.30000305175781,111.54000091552734,112.16999816894531,46.41779327392578,64600,0.0,0.0,0.0
2004-09-17,112.16000366210938,112.19000244140625,111.70999908447266,111.75,46.24397659301758,56500,0.0,0.0,0.0
2004-09-20,112.11000061035156,112.37999725341797,111.87999725341797,112.36000061035156,46.49640655517578,106000,0.0,0.0,0.0
2004-09-21,112.19999694824219,112.52999877929688,111.91999816894531,112.4000015258789,46.512977600097656,54600,0.0,0.0,0.0
2004-09-22,112.37999725341797,112.94999694824219,112.13999938964844,112.80000305175781,46.67845153808594,1033000,0.0,0.0,0.0
2004-09-23,112.68000030517578,112.94999694824219,112.33999633789062,112.3499984741211,46.492279052734375,98000,0.0,0.0,0.0
2004-09-24,112.05999755859375,112.43000030517578,112.01000213623047,112.30999755859375,46.47569274902344,83600,0.0,0.0,0.0
2004-09-27,112.41000366210938,112.7699966430664,112.3499984741211,112.69999694824219,46.63710403442383,45500,0.0,0.0,0.0
2004-09-28,112.80000305175781,112.81999969482422,112.31999969482422,112.62000274658203,46.604000091552734,52000,0.0,0.0,0.0
2004-09-29,112.2300033569336,112.2300033569336,111.66999816894531,112.08999633789062,46.384639739990234,43300,0.0,0.0,0.0
2004-09-30,111.38999938964844,111.91999816894531,111.38999938964844,111.76000213623047,46.248111724853516,50400,0.0,0.0,0.0
2004-10-01,111.22000122070312,111.47000122070312,110.66999816894531,110.83999633789062,46.043338775634766,442000,0.427,0.0,0.0
2004-10-04,110.51000213623047,111.19000244140625,110.5,110.7699966430664,46.01424789428711,244800,0.0,0.0,0.0
2004-10-05,110.9000015258789,111.23999786376953,110.75,111.2300033569336,46.20532989501953,61800,0.0,0.0,0.0
2004-10-06,111.16000366210938,111.19999694824219,110.9000015258789,110.91000366210938,46.072410583496094,47200,0.0,0.0,0.0
2004-10-07,110.87999725341797,110.94999694824219,110.55999755859375,110.66999816894531,45.972686767578125,64600,0.0,0.0,0.0
2004-10-08,111.4000015258789,111.9000015258789,111.26000213623047,111.75,46.421321868896484,48100,0.0,0.0,0.0
2004-10-11,111.80000305175781,111.8499984741211,111.47000122070312,111.8499984741211,46.462890625,34400,0.0,0.0,0.0
2004-10-12,112.05000305175781,112.12000274658203,111.69999694824219,111.91000366210938,46.48780059814453,68000,0.0,0.0,0.0
2004-10-13,111.83999633789062,112.61000061035156,111.76000213623047,112.33999633789062,46.66640853881836,526400,0.0,0.0,0.0
2004-10-14,112.33000183105469,112.80000305175781,112.01000213623047,112.80000305175781,46.85753631591797,46700,0.0,0.0,0.0
2004-10-15,112.47000122070312,112.79000091552734,111.8499984741211,112.30000305175781,46.649803161621094,85400,0.0,0.0,0.0
2004-10-18,112.20999908447266,112.5199966430664,112.11000061035156,112.48999786376953,46.728729248046875,35600,0.0,0.0,0.0
2004-10-19,112.1500015258789,112.5999984741211,112.0,112.47000122070312,46.72041320800781,42300,0.0,0.0,0.0
2004-10-20,112.58999633789062,112.83999633789062,112.54000091552734,112.83999633789062,46.874122619628906,108300,0.0,0.0,0.0
2004-10-21,112.80000305175781,112.88999938964844,112.58000183105469,112.73999786376953,46.83259201049805,51200,0.0,0.0,0.0
2004-10-22,112.58000183105469,112.8499984741211,112.37000274658203,112.6500015258789,46.79520034790039,166500,0.0,0.0,0.0
2004-10-25,112.80999755859375,113.13999938964844,112.70999908447266,112.9000015258789,46.899085998535156,50600,0.0,0.0,0.0
2004-10-26,112.98999786376953,113.0,112.69999694824219,112.77999877929688,46.84919738769531,37000,0.0,0.0,0.0
2004-10-27,112.9800033569336,113.16000366210938,112.0,112.0999984741211,46.56675338745117,108400,0.0,0.0,0.0
2004-10-28,112.4000015258789,112.55000305175781,111.91000366210938,112.29000091552734,46.645660400390625,81000,0.0,0.0,0.0
2004-10-29,112.5,112.8499984741211,112.30000305175781,112.6500015258789,46.79520034790039,55400,0.0,0.0,0.0
2004-11-01,112.29000091552734,112.29000091552734,111.75,111.75,46.599609375,73900,0.431,0.0,0.0
2004-11-02,111.8499984741211,112.12000274658203,111.75,111.91999816894531,46.67052459716797,97800,0.0,0.0,0.0
2004-11-03,111.69999694824219,112.58999633789062,111.54000091552734,111.69999694824219,46.57878112792969,315700,0.0,0.0,0.0
2004-11-04,112.63999938964844,112.70999908447266,112.13999938964844,112.18000030517578,46.77891540527344,53100,0.0,0.0,0.0
2004-11-05,111.69999694824219,111.7699966430664,111.13999938964844,111.69999694824219,46.57878112792969,99500,0.0,0.0,0.0
2004-11-08,111.2300033569336,111.5999984741211,110.80999755859375,111.2300033569336,46.3828125,123000,0.0,0.0,0.0
2004-11-09,111.29000091552734,111.6500015258789,111.11000061035156,111.25,46.39112091064453,172200,0.0,0.0,0.0
2004-11-10,111.44000244140625,111.44999694824219,111.01000213623047,111.1500015258789,46.34941482543945,34000,0.0,0.0,0.0
2004-11-11,111.48999786376953,111.5,111.0,111.16000366210938,46.353607177734375,52100,0.0,0.0,0.0
2004-11-12,111.63999938964844,111.94999694824219,111.1500015258789,111.72000122070312,46.58714294433594,355400,0.0,0.0,0.0
2004-11-15,111.69000244140625,111.94999694824219,111.3499984741211,111.76000213623047,46.603797912597656,61500,0.0,0.0,0.0
2004-11-16,111.80999755859375,111.80999755859375,110.95999908447266,111.69999694824219,46.57878112792969,932500,0.0,0.0,0.0
2004-11-17,111.87999725341797,112.41000366210938,111.69999694824219,112.31999969482422,46.83732604980469,79300,0.0,0.0,0.0
2004-11-18,112.3499984741211,112.61000061035156,111.8499984741211,112.5,46.91236114501953,274900,0.0,0.0,0.0
2004-11-19,112.44000244140625,112.44000244140625,111.30999755859375,111.91000366210938,46.666343688964844,105700,0.0,0.0,0.0
2004-11-22,111.98999786376953,112.13999938964844,111.69999694824219,111.86000061035156,46.64548110961914,171300,0.0,0.0,0.0
2004-11-23,111.8499984741211,112.12999725341797,111.62999725341797,112.0,46.703887939453125,53800,0.0,0.0,0.0
2004-11-24,112.19999694824219,112.23999786376953,111.86000061035156,111.98999786376953,46.69972229003906,42900,0.0,0.0,0.0
2004-11-26,111.56999969482422,111.86000061035156,111.56999969482422,111.58999633789062,46.53293228149414,18300,0.0,0.0,0.0
2004-11-29,111.30000305175781,111.30000305175781,110.69000244140625,110.70999908447266,46.16594314575195,259300,0.0,0.0,0.0
2004-11-30,110.83999633789062,111.0999984741211,110.55999755859375,110.8499984741211,46.22433853149414,163200,0.0,0.0,0.0
2004-12-01,110.5199966430664,110.80999755859375,110.05000305175781,110.36000061035156,46.19668960571289,159900,0.424,0.0,0.0
2004-12-02,110.30000305175781,110.30000305175781,109.81999969482422,110.01000213623047,46.050201416015625,129300,0.0,0.0,0.0
2004-12-03,110.75,111.45999908447266,110.62999725341797,110.62999725341797,46.30974578857422,180100,0.0,0.0,0.0
2004-12-06,111.19000244140625,111.19999694824219,110.70999908447266,110.94000244140625,46.43947219848633,140200,0.0,0.0,0.0
2004-12-07,111.12999725341797,111.3499984741211,110.80000305175781,111.19999694824219,46.54835891723633,665400,0.0,0.0,0.0
2004-12-08,111.73999786376953,111.94000244140625,111.38999938964844,111.58000183105469,46.707401275634766,558700,0.0,0.0,0.0
2004-12-09,111.73999786376953,112.0,111.5,111.83999633789062,46.81623458862305,91100,0.0,0.0,0.0
2004-12-10,111.97000122070312,112.22000122070312,111.51000213623047,111.88999938964844,46.837162017822266,98600,0.0,0.0,0.0
2004-12-13,112.1500015258789,112.16000366210938,111.81999969482422,112.11000061035156,46.92924499511719,90200,0.0,0.0,0.0
2004-12-14,112.0,112.16000366210938,111.5999984741211,112.16000366210938,46.9501838684082,77600,0.0,0.0,0.0
2004-12-15,112.19999694824219,112.76000213623047,112.19999694824219,112.76000213623047,47.20136260986328,64400,0.0,0.0,0.0
2004-12-16,112.5999984741211,112.5999984741211,111.61000061035156,111.79000091552734,46.79529571533203,45400,0.0,0.0,0.0
2004-12-17,111.6500015258789,111.91000366210938,111.5199966430664,111.91000366210938,46.845523834228516,36000,0.0,0.0,0.0
2004-12-20,111.7699966430664,112.05999755859375,111.5199966430664,111.83000183105469,46.81205749511719,80000,0.0,0.0,0.0
2004-12-21,111.8499984741211,112.29000091552734,111.3499984741211,111.87999725341797,46.832977294921875,240000,0.0,0.0,0.0
2004-12-22,112.05000305175781,112.11000061035156,111.70999908447266,112.0,46.88322448730469,54300,0.0,0.0,0.0
2004-12-23,112.12999725341797,112.20999908447266,111.87999725341797,112.19999694824219,46.9669075012207,49300,0.0,0.0,0.0
2004-12-27,111.83000183105469,111.93000030517578,111.30999755859375,111.5999984741211,46.715755462646484,71400,0.0,0.0,0.0
2004-12-28,111.61000061035156,111.73999786376953,111.22000122070312,111.72000122070312,46.76601028442383,75500,0.0,0.0,0.0
2004-12-29,111.83000183105469,111.83000183105469,111.4000015258789,111.55000305175781,46.69487380981445,72300,0.0,0.0,0.0
2004-12-30,111.73999786376953,111.95999908447266,111.4800033569336,111.94999694824219,46.86226272583008,122700,0.0,0.0,0.0
2004-12-31,111.8499984741211,111.9800033569336,111.52999877929688,111.52999877929688,46.8672981262207,100600,0.432,0.0,0.0
2005-01-03,111.70999908447266,112.25,111.5,112.25,47.1699104309082,1497800,0.0,0.0,0.0
2005-01-04,112.2699966430664,112.29000091552734,111.5,111.62000274658203,46.90510559082031,90200,0.0,0.0,0.0
2005-01-05,111.6500015258789,111.91000366210938,111.45999908447266,111.70999908447266,46.942970275878906,120700,0.0,0.0,0.0
2005-01-06,111.55000305175781,111.94999694824219,111.55000305175781,111.79000091552734,46.976585388183594,43900,0.0,0.0,0.0
2005-01-07,111.91000366210938,111.91999816894531,111.43000030517578,111.73999786376953,46.95556640625,68300,0.0,0.0,0.0
2005-01-10,111.76000213623047,111.76000213623047,111.4000015258789,111.55000305175781,46.875755310058594,73200,0.0,0.0,0.0
2005-01-11,111.79000091552734,112.12999725341797,111.37999725341797,111.80999755859375,46.984989166259766,265900,0.0,0.0,0.0
2005-01-12,111.3499984741211,112.05000305175781,111.3499984741211,111.91999816894531,47.03118896484375,46100,0.0,0.0,0.0
2005-01-13,111.98999786376953,112.41000366210938,111.9000015258789,112.22000122070312,47.157249450683594,61100,0.0,0.0,0.0
2005-01-14,112.1500015258789,112.54000091552734,111.87000274658203,112.3499984741211,47.21190643310547,61300,0.0,0.0,0.0
2005-01-18,111.9800033569336,112.43000030517578,111.91000366210938,112.41000366210938,47.23713684082031,145600,0.0,0.0,0.0
2005-01-19,112.4800033569336,112.5999984741211,112.11000061035156,112.58000183105469,47.308536529541016,78900,0.0,0.0,0.0
2005-01-20,112.27999877929688,112.69000244140625,112.26000213623047,112.37999725341797,47.224510192871094,62200,0.0,0.0,0.0
2005-01-21,112.45999908447266,112.7300033569336,112.1500015258789,112.62999725341797,47.32955551147461,111900,0.0,0.0,0.0
2005-01-24,112.8499984741211,112.87999725341797,112.5199966430664,112.83000183105469,47.4135856628418,100500,0.0,0.0,0.0
2005-01-25,112.91999816894531,112.91999816894531,112.36000061035156,112.44999694824219,47.253944396972656,72900,0.0,0.0,0.0
2005-01-26,112.5999984741211,112.70999908447266,112.44999694824219,112.48999786376953,47.270755767822266,47000,0.0,0.0,0.0
2005-01-27,112.37999725341797,112.58999633789062,111.66999816894531,112.25,47.1699104309082,1000300,0.0,0.0,0.0
2005-01-28,112.6500015258789,113.0199966430664,112.61000061035156,112.9000015258789,47.44302749633789,64500,0.0,0.0,0.0
2005-01-31,112.52999877929688,112.98999786376953,112.52999877929688,112.9000015258789,47.44302749633789,83100,0.0,0.0,0.0
2005-02-01,112.62999725341797,112.69999694824219,112.3499984741211,112.44999694824219,47.43333435058594,57000,0.427,0.0,0.0
2005-02-02,112.36000061035156,112.62999725341797,112.20999908447266,112.3499984741211,47.391151428222656,118600,0.0,0.0,0.0
2005-02-03,112.30000305175781,112.48999786376953,112.0199966430664,112.48999786376953,47.45018768310547,46800,0.0,0.0,0.0
2005-02-04,113.16000366210938,113.19999694824219,112.33999633789062,112.8499984741211,47.602020263671875,749000,0.0,0.0,0.0
2005-02-07,112.98999786376953,113.16000366210938,112.83999633789062,112.88999938964844,47.618896484375,218400,0.0,0.0,0.0
2005-02-08,113.29000091552734,113.30999755859375,112.91000366210938,113.30000305175781,47.79188919067383,101800,0.0,0.0,0.0
2005-02-09,113.37000274658203,113.80000305175781,113.23999786376953,113.69999694824219,47.96062088012695,78800,0.0,0.0,0.0
2005-02-10,113.56999969482422,113.56999969482422,113.01000213623047,113.30000305175781,47.79188919067383,56600,0.0,0.0,0.0
2005-02-11,113.11000061035156,113.19000244140625,112.73999786376953,112.97000122070312,47.652645111083984,65000,0.0,0.0,0.0
2005-02-14,113.19000244140625,113.29000091552734,112.80000305175781,113.16000366210938,47.7327880859375,69600,0.0,0.0,0.0
2005-02-15,112.94999694824219,113.19000244140625,112.76000213623047,112.98999786376953,47.66106033325195,52800,0.0,0.0,0.0
2005-02-16,113.0999984741211,113.0999984741211,112.30000305175781,112.44999694824219,47.43333435058594,194700,0.0,0.0,0.0
2005-02-17,112.0999984741211,112.5999984741211,111.87000274658203,112.19999694824219,47.32783889770508,73800,0.0,0.0,0.0
2005-02-18,112.0,112.08999633789062,111.81999969482422,112.01000213623047,47.24772262573242,55400,0.0,0.0,0.0
2005-02-22,111.73999786376953,112.05000305175781,111.69999694824219,111.91000366210938,47.20554733276367,56400,0.0,0.0,0.0
2005-02-23,112.0999984741211,112.44999694824219,111.91999816894531,112.06999969482422,47.27302169799805,66900,0.0,0.0,0.0
2005-02-24,112.19999694824219,112.4000015258789,111.8499984741211,111.8499984741211,47.18021774291992,86400,0.0,0.0,0.0
2005-02-25,112.1500015258789,112.22000122070312,111.87000274658203,112.05000305175781,47.26460647583008,66600,0.0,0.0,0.0
2005-02-28,111.5,112.0,111.30000305175781,111.41999816894531,46.99884033203125,192300,0.0,0.0,0.0
2005-03-01,111.0199966430664,111.18000030517578,110.75,110.97000122070312,46.98997116088867,92400,0.429,0.0,0.0
2005-03-02,110.95999908447266,111.19999694824219,110.87999725341797,111.01000213623047,47.006900787353516,60300,0.0,0.0,0.0
2005-03-03,111.0999984741211,111.2699966430664,110.8499984741211,111.0,47.00264358520508,109400,0.0,0.0,0.0
2005-03-04,111.43000030517578,111.62999725341797,111.25,111.36000061035156,47.15510940551758,64100,0.0,0.0,0.0
2005-03-07,111.36000061035156,111.80000305175781,111.30000305175781,111.68000030517578,47.290611267089844,53100,0.0,0.0,0.0
2005-03-08,111.37999725341797,111.37999725341797,111.01000213623047,111.18000030517578,47.07889938354492,65600,0.0,0.0,0.0
2005-03-09,110.75,110.83999633789062,110.12000274658203,110.12000274658203,46.63001251220703,69800,0.0,0.0,0.0
2005-03-10,110.5999984741211,110.5999984741211,110.05999755859375,110.2699966430664,46.69352722167969,93500,0.0,0.0,0.0
2005-03-11,110.01000213623047,110.30000305175781,109.83999633789062,110.08000183105469,46.61308288574219,71100,0.0,0.0,0.0
2005-03-14,110.0,110.19999694824219,109.72000122070312,110.06999969482422,46.60883712768555,55200,0.0,0.0,0.0
2005-03-15,110.02999877929688,110.30000305175781,109.61000061035156,109.62000274658203,46.41830825805664,73700,0.0,0.0,0.0
2005-03-16,109.80000305175781,110.41000366210938,109.75,110.0,46.57923126220703,60200,0.0,0.0,0.0
2005-03-17,110.12999725341797,110.16999816894531,109.4000015258789,109.75,46.47333526611328,252800,0.0,0.0,0.0
2005-03-18,109.83999633789062,109.8499984741211,109.20999908447266,109.41999816894531,46.33363342285156,62000,0.0,0.0,0.0
2005-03-21,109.30000305175781,109.68000030517578,109.20999908447266,109.29000091552734,46.278560638427734,95900,0.0,0.0,0.0
2005-03-22,109.30000305175781,109.75,108.3499984741211,108.3499984741211,45.88051223754883,97500,0.0,0.0,0.0
2005-03-23,108.06999969482422,108.81999969482422,108.05000305175781,108.66999816894531,46.01604080200195,124800,0.0,0.0,0.0
2005-03-24,109.04000091552734,109.04000091552734,108.7300033569336,108.9000015258789,46.11344528198242,48500,0.0,0.0,0.0
2005-03-28,108.9000015258789,108.9000015258789,108.5999984741211,108.73999786376953,46.04564666748047,53000,0.0,0.0,0.0
2005-03-29,108.68000030517578,109.22000122070312,108.5999984741211,108.93000030517578,46.126136779785156,83700,0.0,0.0,0.0
2005-03-30,108.5999984741211,109.30000305175781,108.5999984741211,109.20999908447266,46.244712829589844,91400,0.0,0.0,0.0
2005-03-31,109.30999755859375,109.61000061035156,109.2699966430664,109.58999633789062,46.40561294555664,69100,0.0,0.0,0.0
2005-04-01,109.54000091552734,109.55999755859375,108.91000366210938,109.25,46.4481201171875,104000,0.44,0.0,0.0
2005-04-04,109.11000061035156,109.48999786376953,108.51000213623047,108.58000183105469,46.16325378417969,379500,0.0,0.0,0.0
2005-04-05,108.80000305175781,108.9800033569336,108.30000305175781,108.91000366210938,46.3035888671875,141300,0.0,0.0,0.0
2005-04-06,109.0999984741211,109.2300033569336,108.68000030517578,108.8499984741211,46.27806854248047,259800,0.0,0.0,0.0
2005-04-07,108.80000305175781,109.41000366210938,108.30000305175781,108.30000305175781,46.04420471191406,156800,0.0,0.0,0.0
2005-04-08,108.69000244140625,108.69000244140625,108.12000274658203,108.6500015258789,46.19304275512695,115700,0.0,0.0,0.0
2005-04-11,108.63999938964844,109.08999633789062,108.62000274658203,108.94999694824219,46.3205451965332,71600,0.0,0.0,0.0
2005-04-12,108.56999969482422,109.58000183105469,108.56999969482422,109.38999938964844,46.50762176513672,57100,0.0,0.0,0.0
2005-04-13,109.4000015258789,109.7300033569336,109.38999938964844,109.6500015258789,46.618221282958984,58400,0.0,0.0,0.0
2005-04-14,109.58999633789062,109.5999984741211,109.19999694824219,109.25,46.4481201171875,67400,0.0,0.0,0.0
2005-04-15,109.9000015258789,109.9000015258789,109.30000305175781,109.75,46.660682678222656,93900,0.0,0.0,0.0
2005-04-18,109.83999633789062,110.0,109.70999908447266,109.7699966430664,46.6692008972168,116400,0.0,0.0,0.0
2005-04-19,110.02999877929688,110.25,109.70999908447266,110.2300033569336,46.86477279663086,60500,0.0,0.0,0.0
2005-04-20,109.80000305175781,110.31999969482422,109.80000305175781,110.29000091552734,46.89025115966797,324400,0.0,0.0,0.0
2005-04-21,110.25,110.30999755859375,109.70999908447266,109.70999908447266,46.64370346069336,81200,0.0,0.0,0.0
2005-04-22,110.37999725341797,110.51000213623047,110.0199966430664,110.2300033569336,46.86477279663086,149000,0.0,0.0,0.0
2005-04-25,110.30000305175781,110.5,110.13999938964844,110.5,46.979576110839844,45200,0.0,0.0,0.0
2005-04-26,110.05000305175781,110.55999755859375,109.94999694824219,110.31999969482422,46.903045654296875,49400,0.0,0.0,0.0
2005-04-27,110.69999694824219,110.97000122070312,110.4000015258789,110.86000061035156,47.13261795043945,350000,0.0,0.0,0.0
2005-04-28,110.88999938964844,111.33999633789062,110.87999725341797,111.31999969482422,47.328208923339844,315000,0.0,0.0,0.0
2005-04-29,111.1500015258789,111.41999816894531,110.83000183105469,110.91999816894531,47.15812683105469,92200,0.0,0.0,0.0
2005-05-02,110.56999969482422,110.66999816894531,110.20999908447266,110.52999877929688,47.17434310913086,52400,0.428,0.0,0.0
2005-05-03,110.51000213623047,110.5999984741211,110.18000030517578,110.58999633789062,47.19994354248047,52400,0.0,0.0,0.0
2005-05-04,109.5999984741211,110.55999755859375,109.5999984741211,110.33999633789062,47.09328842163086,58900,0.0,0.0,0.0
2005-05-05,110.4800033569336,110.72000122070312,110.12999725341797,110.5,47.1615104675293,80700,0.0,0.0,0.0
2005-05-06,109.88999938964844,110.05000305175781,109.62999725341797,109.9000015258789,46.90550231933594,60700,0.0,0.0,0.0
2005-05-09,109.6500015258789,109.7300033569336,109.26000213623047,109.5199966430664,46.74323272705078,473600,0.0,0.0,0.0
2005-05-10,109.48999786376953,110.0199966430664,109.41000366210938,109.5,46.73476791381836,134800,0.0,0.0,0.0
2005-05-11,109.69000244140625,109.9800033569336,109.55000305175781,109.5999984741211,46.77742004394531,157600,0.0,0.0,0.0
2005-05-12,109.47000122070312,109.62000274658203,108.6500015258789,109.25,46.62807083129883,803900,0.0,0.0,0.0
2005-05-13,109.27999877929688,109.9800033569336,109.27999877929688,109.86000061035156,46.888362884521484,57300,0.0,0.0,0.0
2005-05-16,110.0,110.05999755859375,109.44000244140625,109.69000244140625,46.81583023071289,133500,0.0,0.0,0.0
2005-05-17,109.83999633789062,109.9000015258789,108.94999694824219,109.75,46.8414306640625,584300,0.0,0.0,0.0
2005-05-18,110.0,110.19000244140625,109.76000213623047,110.13999938964844,47.00788497924805,54800,0.0,0.0,0.0
2005-05-19,110.0999984741211,110.19999694824219,109.7300033569336,109.9800033569336,46.93959426879883,55500,0.0,0.0,0.0
2005-05-20,109.6500015258789,110.0999984741211,109.6500015258789,109.94999694824219,46.92677307128906,143100,0.0,0.0,0.0
2005-05-23,110.41999816894531,110.41999816894531,109.75,110.41000366210938,47.12312698364258,339700,0.0,0.0,0.0
2005-05-24,110.72000122070312,110.80000305175781,110.5199966430664,110.6500015258789,47.225547790527344,161300,0.0,0.0,0.0
2005-05-25,110.6500015258789,110.76000213623047,110.33999633789062,110.63999938964844,47.221275329589844,48500,0.0,0.0,0.0
2005-05-26,110.5,110.76000213623047,110.44999694824219,110.70999908447266,47.25116729736328,76200,0.0,0.0,0.0
2005-05-27,110.79000091552734,110.80000305175781,110.51000213623047,110.69999694824219,47.24691390991211,62400,0.0,0.0,0.0
2005-05-31,111.16000366210938,111.27999877929688,110.97000122070312,111.18000030517578,47.45176315307617,172900,0.0,0.0,0.0
2005-06-01,110.98999786376953,111.6500015258789,110.98999786376953,111.51000213623047,47.77783203125,195600,0.431,0.0,0.0
2005-06-02,111.41000366210938,111.94999694824219,111.3499984741211,111.94000244140625,47.96207809448242,1231800,0.0,0.0,0.0
2005-06-03,112.44000244140625,112.44000244140625,111.25,111.3499984741211,47.70927047729492,70400,0.0,0.0,0.0
2005-06-06,111.58999633789062,111.69000244140625,111.36000061035156,111.66000366210938,47.84210968017578,195200,0.0,0.0,0.0
2005-06-07,112.04000091552734,112.55000305175781,111.75,111.88999938964844,47.940635681152344,796500,0.0,0.0,0.0
2005-06-08,111.94000244140625,111.94000244140625,111.61000061035156,111.66000366210938,47.84210968017578,37200,0.0,0.0,0.0
2005-06-09,111.63999938964844,111.63999938964844,110.41000366210938,111.44999694824219,47.75210189819336,171000,0.0,0.0,0.0
2005-06-10,111.44000244140625,111.44000244140625,110.8499984741211,110.94999694824219,47.53785705566406,64200,0.0,0.0,0.0
2005-06-13,110.83999633789062,111.04000091552734,110.58999633789062,110.69000244140625,47.42648696899414,138400,0.0,0.0,0.0
2005-06-14,110.69000244140625,110.70999908447266,110.3499984741211,110.56999969482422,47.375064849853516,107300,0.0,0.0,0.0
2005-06-15,110.45999908447266,110.58999633789062,110.18000030517578,110.36000061035156,47.28510284423828,106400,0.0,0.0,0.0
2005-06-16,110.58999633789062,110.58999633789062,110.19999694824219,110.47000122070312,47.33222961425781,175800,0.0,0.0,0.0
2005-06-17,110.55999755859375,110.69999694824219,110.31999969482422,110.44999694824219,47.32366180419922,209500,0.0,0.0,0.0
2005-06-20,110.41999816894531,110.41999816894531,110.13999938964844,110.31999969482422,47.267948150634766,194600,0.0,0.0,0.0
2005-06-21,110.58999633789062,110.73999786376953,110.41999816894531,110.69000244140625,47.42648696899414,73200,0.0,0.0,0.0
2005-06-22,111.31999969482422,111.66000366210938,111.01000213623047,111.4800033569336,47.764976501464844,229700,0.0,0.0,0.0
2005-06-23,111.4800033569336,111.5999984741211,111.30999755859375,111.55000305175781,47.79493713378906,119600,0.0,0.0,0.0
2005-06-24,111.83999633789062,111.83999633789062,111.6500015258789,111.83000183105469,47.9149284362793,57000,0.0,0.0,0.0
2005-06-27,111.8499984741211,112.0,111.75,111.98999786376953,47.9835090637207,55300,0.0,0.0,0.0
2005-06-28,111.83999633789062,111.93000030517578,111.5,111.63999938964844,47.833518981933594,42600,0.0,0.0,0.0
2005-06-29,111.93000030517578,111.98999786376953,111.5999984741211,111.69999694824219,47.85926055908203,57600,0.0,0.0,0.0
2005-06-30,112.05999755859375,112.2699966430664,111.69000244140625,112.0999984741211,48.03060531616211,94300,0.0,0.0,0.0
2005-07-01,111.83999633789062,111.9000015258789,111.13999938964844,111.16000366210938,47.80996322631836,77500,0.427,0.0,0.0
2005-07-05,110.83000183105469,110.91000366210938,110.63999938964844,110.80000305175781,47.65514373779297,47500,0.0,0.0,0.0
2005-07-06,110.94999694824219,111.12000274658203,110.80999755859375,111.04000091552734,47.75837326049805,70100,0.0,0.0,0.0
2005-07-07,111.05000305175781,111.4800033569336,111.05000305175781,111.33000183105469,47.88309860229492,45700,0.0,0.0,0.0
2005-07-08,111.45999908447266,111.45999908447266,111.0,111.11000061035156,47.78848648071289,62300,0.0,0.0,0.0
2005-07-11,110.83999633789062,110.9000015258789,110.5,110.5,47.52614974975586,220300,0.0,0.0,0.0
2005-07-12,110.69999694824219,110.69999694824219,110.1500015258789,110.25,47.418601989746094,242100,0.0,0.0,0.0
2005-07-13,110.4800033569336,110.66000366210938,110.30000305175781,110.5,47.52614974975586,102400,0.0,0.0,0.0
2005-07-14,110.72000122070312,110.73999786376953,110.5,110.5999984741211,47.56914138793945,132000,0.0,0.0,0.0
2005-07-15,110.58999633789062,110.75,110.5,110.6500015258789,47.590606689453125,178000,0.0,0.0,0.0
2005-07-18,110.83999633789062,110.83999633789062,110.36000061035156,110.55999755859375,47.55186462402344,85900,0.0,0.0,0.0
2005-07-19,110.48999786376953,110.80000305175781,110.31999969482422,110.6500015258789,47.590606689453125,102300,0.0,0.0,0.0
2005-07-20,110.7300033569336,111.0199966430664,110.3499984741211,110.7699966430664,47.64224624633789,132000,0.0,0.0,0.0
2005-07-21,110.5999984741211,110.75,110.16999816894531,110.19999694824219,47.39707946777344,187300,0.0,0.0,0.0
2005-07-22,110.20999908447266,110.80000305175781,110.19999694824219,110.70999908447266,47.61643600463867,58100,0.0,0.0,0.0
2005-07-25,110.69999694824219,110.91000366210938,110.6500015258789,110.69999694824219,47.61211013793945,59100,0.0,0.0,0.0
2005-07-26,110.80000305175781,110.98999786376953,110.63999938964844,110.72000122070312,47.62073516845703,1058300,0.0,0.0,0.0
2005-07-27,110.72000122070312,110.72000122070312,110.31999969482422,110.58000183105469,47.560516357421875,66500,0.0,0.0,0.0
2005-07-28,110.81999969482422,111.16999816894531,110.58999633789062,111.0,47.741146087646484,105500,0.0,0.0,0.0
2005-07-29,111.04000091552734,111.0999984741211,110.58999633789062,110.75,47.633609771728516,76500,0.0,0.0,0.0
2005-08-01,110.05999755859375,110.30000305175781,109.61000061035156,110.04000091552734,47.52048873901367,139000,0.448,0.0,0.0
2005-08-02,109.98999786376953,110.19000244140625,109.68000030517578,109.83999633789062,47.43411636352539,88900,0.0,0.0,0.0
2005-08-03,110.04000091552734,110.33000183105469,109.87000274658203,110.0999984741211,47.54643249511719,74200,0.0,0.0,0.0
2005-08-04,110.0199966430664,110.3499984741211,110.0,110.0999984741211,47.54643249511719,112700,0.0,0.0,0.0
2005-08-05,110.05000305175781,110.05000305175781,109.5999984741211,109.91000366210938,47.46436309814453,57900,0.0,0.0,0.0
2005-08-08,109.70999908447266,109.76000213623047,109.31999969482422,109.41000366210938,47.248451232910156,102900,0.0,0.0,0.0
2005-08-09,109.68000030517578,109.70999908447266,109.31999969482422,109.58999633789062,47.32612228393555,56400,0.0,0.0,0.0
2005-08-10,109.87000274658203,109.91999816894531,109.54000091552734,109.68000030517578,47.365013122558594,72700,0.0,0.0,0.0
2005-08-11,109.62999725341797,110.06999969482422,108.8499984741211,110.0199966430664,47.51186752319336,69400,0.0,0.0,0.0
2005-08-12,110.16000366210938,110.55000305175781,110.12000274658203,110.55000305175781,47.740753173828125,46000,0.0,0.0,0.0
2005-08-15,110.58999633789062,110.62000274658203,110.1500015258789,110.38999938964844,47.67164611816406,77000,0.0,0.0,0.0
2005-08-16,110.69999694824219,111.0,110.47000122070312,110.68000030517578,47.79688262939453,2083500,0.0,0.0,0.0
2005-08-17,110.51000213623047,110.83999633789062,110.30999755859375,110.38999938964844,47.67164611816406,69800,0.0,0.0,0.0
2005-08-18,110.55999755859375,110.86000061035156,110.52999877929688,110.69999694824219,47.80550765991211,139900,0.0,0.0,0.0
2005-08-19,110.66000366210938,110.69000244140625,110.47000122070312,110.5999984741211,47.7623176574707,101600,0.0,0.0,0.0
2005-08-22,110.73999786376953,110.73999786376953,110.1500015258789,110.55000305175781,47.740753173828125,206500,0.0,0.0,0.0
2005-08-23,110.4000015258789,110.75,110.36000061035156,110.63999938964844,47.77959060668945,265800,0.0,0.0,0.0
2005-08-24,110.72000122070312,110.83999633789062,110.5199966430664,110.5999984741211,47.7623176574707,77600,0.0,0.0,0.0
2005-08-25,110.80000305175781,111.23999786376953,110.61000061035156,110.80999755859375,47.852996826171875,54000,0.0,0.0,0.0
2005-08-26,110.81999969482422,110.98999786376953,110.6500015258789,110.98999786376953,47.930728912353516,82200,0.0,0.0,0.0
2005-08-29,111.0,111.12999725341797,110.7699966430664,111.0,47.935062408447266,105800,0.0,0.0,0.0
2005-08-30,111.4000015258789,111.5199966430664,111.05000305175781,111.18000030517578,48.012786865234375,187900,0.0,0.0,0.0
2005-08-31,111.54000091552734,111.9800033569336,111.54000091552734,111.95999908447266,48.34960174560547,47700,0.0,0.0,0.0
2005-09-01,111.58000183105469,111.7300033569336,110.51000213623047,111.19000244140625,48.21305465698242,803700,0.455,0.0,0.0
2005-09-02,110.94999694824219,111.38999938964844,110.93000030517578,111.22000122070312,48.22603988647461,54800,0.0,0.0,0.0
2005-09-06,110.80000305175781,111.27999877929688,110.80000305175781,110.98999786376953,48.12629699707031,72700,0.0,0.0,0.0
2005-09-07,110.87999725341797,110.9000015258789,110.33999633789062,110.58999633789062,47.95287322998047,105300,0.0,0.0,0.0
2005-09-08,110.87999725341797,110.87999725341797,110.51000213623047,110.62000274658203,47.96589279174805,201400,0.0,0.0,0.0
2005-09-09,110.62999725341797,110.87000274658203,110.4800033569336,110.66999816894531,47.98758316040039,119700,0.0,0.0,0.0
2005-09-12,110.63999938964844,110.63999938964844,110.18000030517578,110.38999938964844,47.86616134643555,90800,0.0,0.0,0.0
2005-09-13,110.66999816894531,110.75,110.43000030517578,110.58000183105469,47.94853973388672,120300,0.0,0.0,0.0
2005-09-14,110.56999969482422,110.69000244140625,110.30000305175781,110.30999755859375,47.83149337768555,72100,0.0,0.0,0.0
2005-09-15,110.30999755859375,110.38999938964844,109.7699966430664,109.91999816894531,47.662353515625,92900,0.0,0.0,0.0
2005-09-16,109.91999816894531,109.94999694824219,109.52999877929688,109.62000274658203,47.53225326538086,83900,0.0,0.0,0.0
2005-09-19,109.69999694824219,109.95999908447266,109.56999969482422,109.91999816894531,47.662353515625,88100,0.0,0.0,0.0
2005-09-20,109.87000274658203,109.97000122070312,109.13999938964844,109.75,47.58861541748047,108500,0.0,0.0,0.0
2005-09-21,110.0,110.37000274658203,109.45999908447266,110.23999786376953,47.801143646240234,102500,0.0,0.0,0.0
2005-09-22,110.38999938964844,110.41000366210938,109.95999908447266,110.18000030517578,47.77508544921875,113400,0.0,0.0,0.0
2005-09-23,110.05000305175781,110.05000305175781,109.75,109.86000061035156,47.636322021484375,46500,0.0,0.0,0.0
2005-09-26,109.5,109.70999908447266,109.4000015258789,109.51000213623047,47.48455810546875,95800,0.0,0.0,0.0
2005-09-27,109.52999877929688,109.87999725341797,109.30000305175781,109.61000061035156,47.5279541015625,137600,0.0,0.0,0.0
2005-09-28,109.56999969482422,109.94999694824219,109.5199966430664,109.83999633789062,47.62767791748047,85400,0.0,0.0,0.0
2005-09-29,109.81999969482422,109.9000015258789,109.66000366210938,109.80000305175781,47.610347747802734,105100,0.0,0.0,0.0
2005-09-30,109.58000183105469,109.8499984741211,109.37000274658203,109.43000030517578,47.449913024902344,145600,0.0,0.0,0.0
2005-10-03,109.19999694824219,109.19999694824219,108.55999755859375,108.66000366210938,47.30449295043945,146000,0.436,0.0,0.0
2005-10-04,108.91000366210938,109.0199966430664,108.5999984741211,108.80000305175781,47.36543655395508,87200,0.0,0.0,0.0
2005-10-05,108.76000213623047,109.02999877929688,108.72000122070312,108.94999694824219,47.430721282958984,50700,0.0,0.0,0.0
2005-10-06,108.93000030517578,109.05000305175781,108.62999725341797,108.70999908447266,47.326271057128906,75500,0.0,0.0,0.0
2005-10-07,108.56999969482422,108.98999786376953,108.5,108.88999938964844,47.40461730957031,51100,0.0,0.0,0.0
2005-10-10,108.88999938964844,109.06999969482422,108.4800033569336,108.81999969482422,47.374114990234375,51600,0.0,0.0,0.0
2005-10-11,108.88999938964844,108.88999938964844,108.56999969482422,108.63999938964844,47.295772552490234,73500,0.0,0.0,0.0
2005-10-12,108.55999755859375,108.55999755859375,108.04000091552734,108.18000030517578,47.09553527832031,204100,0.0,0.0,0.0
2005-10-13,108.0199966430664,108.13999938964844,107.70999908447266,108.0,47.017181396484375,71100,0.0,0.0,0.0
2005-10-14,108.16000366210938,108.16000366210938,107.56999969482422,107.77999877929688,46.9213752746582,76200,0.0,0.0,0.0
2005-10-17,107.5,108.12999725341797,107.5,107.93000030517578,46.98664855957031,69600,0.0,0.0,0.0
2005-10-18,107.91000366210938,108.0999984741211,107.9000015258789,108.06999969482422,47.04764175415039,66500,0.0,0.0,0.0
2005-10-19,108.11000061035156,108.31999969482422,108.05999755859375,108.18000030517578,47.09553527832031,84000,0.0,0.0,0.0
2005-10-20,107.86000061035156,108.05999755859375,107.75,107.91000366210938,46.97797393798828,58200,0.0,0.0,0.0
2005-10-21,108.3499984741211,108.6500015258789,108.0999984741211,108.4800033569336,47.226139068603516,56600,0.0,0.0,0.0
2005-10-24,108.62000274658203,108.66000366210938,108.01000213623047,108.06999969482422,47.04764175415039,137000,0.0,0.0,0.0
2005-10-25,107.5999984741211,108.30000305175781,107.4000015258789,107.54000091552734,46.816917419433594,110800,0.0,0.0,0.0
2005-10-26,107.1500015258789,107.36000061035156,107.02999877929688,107.22000122070312,46.67756652832031,119600,0.0,0.0,0.0
2005-10-27,107.22000122070312,107.47000122070312,107.04000091552734,107.30000305175781,46.71241760253906,56700,0.0,0.0,0.0
2005-10-28,107.55000305175781,107.55000305175781,106.95999908447266,107.30000305175781,46.71241760253906,84800,0.0,0.0,0.0
2005-10-31,107.33999633789062,107.48999786376953,107.1500015258789,107.2699966430664,46.6993522644043,87300,0.0,0.0,0.0
2005-11-01,107.0,107.0999984741211,106.6500015258789,106.81999969482422,46.68274688720703,66500,0.412,0.0,0.0
2005-11-02,106.81999969482422,107.0199966430664,106.61000061035156,106.61000061035156,46.590980529785156,104100,0.0,0.0,0.0
2005-11-03,106.7300033569336,106.7699966430664,106.20999908447266,106.23999786376953,46.42927932739258,125000,0.0,0.0,0.0
2005-11-04,106.26000213623047,106.51000213623047,106.08000183105469,106.31999969482422,46.464263916015625,76900,0.0,0.0,0.0
2005-11-07,106.55999755859375,106.62000274658203,106.36000061035156,106.43000030517578,46.51231384277344,77200,0.0,0.0,0.0
2005-11-08,106.70999908447266,107.13999938964844,106.69999694824219,107.06999969482422,46.7920036315918,148600,0.0,0.0,0.0
2005-11-09,106.94000244140625,106.94000244140625,106.06999969482422,106.5,46.54288864135742,164900,0.0,0.0,0.0
2005-11-10,106.68000030517578,107.06999969482422,106.56999969482422,107.05999755859375,46.787628173828125,71900,0.0,0.0,0.0
2005-11-11,106.6500015258789,107.19000244140625,106.6500015258789,107.1500015258789,46.82697677612305,92500,0.0,0.0,0.0
2005-11-14,107.08999633789062,107.11000061035156,106.41999816894531,106.61000061035156,46.590980529785156,105500,0.0,0.0,0.0
2005-11-15,106.51000213623047,107.04000091552734,106.51000213623047,106.88999938964844,46.71334457397461,111300,0.0,0.0,0.0
2005-11-16,106.95999908447266,107.47000122070312,106.95999908447266,107.33999633789062,46.909996032714844,78300,0.0,0.0,0.0
2005-11-17,107.08999633789062,107.69999694824219,107.08999633789062,107.5199966430664,46.9886474609375,89800,0.0,0.0,0.0
2005-11-18,107.38999938964844,107.5,107.11000061035156,107.30999755859375,46.896873474121094,100200,0.0,0.0,0.0
2005-11-21,107.55999755859375,107.80000305175781,107.41000366210938,107.66000366210938,47.04989242553711,147000,0.0,0.0,0.0
2005-11-22,107.69999694824219,107.9000015258789,107.4800033569336,107.86000061035156,47.13729476928711,182000,0.0,0.0,0.0
2005-11-23,108.04000091552734,108.04000091552734,107.5999984741211,107.76000213623047,47.093563079833984,475800,0.0,0.0,0.0
2005-11-25,107.66999816894531,108.0,107.66999816894531,107.9000015258789,47.15474319458008,27100,0.0,0.0,0.0
2005-11-28,107.9800033569336,108.3499984741211,107.86000061035156,108.26000213623047,47.3120231628418,1690700,0.0,0.0,0.0
2005-11-29,108.2699966430664,108.30999755859375,107.6500015258789,107.76000213623047,47.093563079833984,97300,0.0,0.0,0.0
2005-11-30,107.7300033569336,107.95999908447266,107.5199966430664,107.55999755859375,47.00616455078125,49900,0.0,0.0,0.0
2005-12-01,107.55999755859375,107.58999633789062,106.91999816894531,106.94999694824219,46.91096115112305,92400,0.393,0.0,0.0
2005-12-02,106.7699966430664,107.0999984741211,106.7699966430664,106.9800033569336,46.92414474487305,99100,0.0,0.0,0.0
2005-12-05,106.91000366210938,107.05000305175781,106.61000061035156,106.69999694824219,46.80133056640625,58400,0.0,0.0,0.0
2005-12-06,107.0,107.23999786376953,106.76000213623047,106.91999816894531,46.89781188964844,332500,0.0,0.0,0.0
2005-12-07,106.6500015258789,107.02999877929688,106.62999725341797,106.79000091552734,46.840782165527344,93300,0.0,0.0,0.0
2005-12-08,106.69999694824219,107.12000274658203,106.69999694824219,107.01000213623047,46.93730163574219,244000,0.0,0.0,0.0
2005-12-09,106.86000061035156,107.01000213623047,106.70999908447266,106.81999969482422,46.85395050048828,62700,0.0,0.0,0.0
2005-12-12,106.76000213623047,106.94999694824219,106.55999755859375,106.58999633789062,46.753047943115234,71200,0.0,0.0,0.0
2005-12-13,106.5999984741211,106.88999938964844,106.52999877929688,106.68000030517578,46.792545318603516,104200,0.0,0.0,0.0
2005-12-14,107.0,107.4000015258789,106.91000366210938,107.2300033569336,47.03376770019531,62800,0.0,0.0,0.0
2005-12-15,107.4000015258789,107.4000015258789,106.9000015258789,107.13999938964844,46.99431610107422,134000,0.0,0.0,0.0
2005-12-16,107.30999755859375,107.75,107.30999755859375,107.58999633789062,47.19165802001953,356700,0.0,0.0,0.0
2005-12-19,107.6500015258789,107.75,107.2699966430664,107.41000366210938,47.11272048950195,88600,0.0,0.0,0.0
2005-12-20,107.20999908447266,107.69000244140625,107.1500015258789,107.5,47.15217590332031,143200,0.0,0.0,0.0
2005-12-21,107.26000213623047,107.54000091552734,107.1500015258789,107.54000091552734,47.16978454589844,79900,0.0,0.0,0.0
2005-12-22,107.31999969482422,107.69000244140625,107.31999969482422,107.55000305175781,47.17416763305664,88500,0.0,0.0,0.0
2005-12-23,107.5,108.19999694824219,107.26000213623047,107.97000122070312,47.35837173461914,123900,0.0,0.0,0.0
2005-12-27,108.08000183105469,108.54000091552734,107.87999725341797,108.45999908447266,47.57329177856445,157500,0.0,0.0,0.0
2005-12-28,108.0,108.16000366210938,107.70999908447266,108.11000061035156,47.59574890136719,93000,0.401,0.0,0.0
2005-12-29,107.9000015258789,108.04000091552734,107.55000305175781,107.81999969482422,47.468055725097656,123100,0.0,0.0,0.0
2005-12-30,107.86000061035156,108.1500015258789,107.61000061035156,107.69000244140625,47.41083526611328,97500,0.0,0.0,0.0
2006-01-03,107.69000244140625,108.30000305175781,107.41000366210938,108.27999877929688,47.67060852050781,676400,0.0,0.0,0.0
2006-01-04,108.2699966430664,108.43000030517578,107.95999908447266,108.27999877929688,47.67060852050781,66500,0.0,0.0,0.0
2006-01-05,108.2699966430664,108.44999694824219,108.26000213623047,108.37000274658203,47.71023178100586,63500,0.0,0.0,0.0
2006-01-06,108.3499984741211,108.36000061035156,107.94999694824219,108.19999694824219,47.63536834716797,112000,0.0,0.0,0.0
2006-01-09,108.02999877929688,108.2300033569336,107.97000122070312,108.22000122070312,47.644195556640625,60400,0.0,0.0,0.0
2006-01-10,108.0199966430664,108.1500015258789,107.80000305175781,107.93000030517578,47.516475677490234,94000,0.0,0.0,0.0
2006-01-11,107.69999694824219,108.06999969482422,107.69999694824219,107.75,47.437232971191406,150800,0.0,0.0,0.0
2006-01-12,107.93000030517578,108.1500015258789,107.70999908447266,108.08999633789062,47.58695602416992,127600,0.0,0.0,0.0
2006-01-13,107.97000122070312,108.44000244140625,107.97000122070312,108.41000366210938,47.72785186767578,77000,0.0,0.0,0.0
2006-01-17,108.30000305175781,108.55999755859375,108.1500015258789,108.41000366210938,47.72785186767578,138200,0.0,0.0,0.0
2006-01-18,108.5199966430664,108.6500015258789,108.3499984741211,108.37999725341797,47.71464920043945,80200,0.0,0.0,0.0
2006-01-19,108.20999908447266,108.58000183105469,108.12999725341797,108.36000061035156,47.70584487915039,97400,0.0,0.0,0.0
2006-01-20,108.5,108.62999725341797,108.25,108.44999694824219,47.745445251464844,111000,0.0,0.0,0.0
2006-01-23,108.30999755859375,108.69999694824219,108.19999694824219,108.69999694824219,47.85548400878906,580000,0.0,0.0,0.0
2006-01-24,108.58999633789062,108.58999633789062,108.4000015258789,108.45999908447266,47.749839782714844,92900,0.0,0.0,0.0
2006-01-25,108.41999816894531,108.41999816894531,107.69000244140625,107.86000061035156,47.48572540283203,100500,0.0,0.0,0.0
2006-01-26,107.87999725341797,107.9000015258789,107.45999908447266,107.69999694824219,47.41522216796875,75800,0.0,0.0,0.0
2006-01-27,107.88999938964844,107.9000015258789,107.62999725341797,107.86000061035156,47.48572540283203,107000,0.0,0.0,0.0
2006-01-30,107.76000213623047,107.83000183105469,107.45999908447266,107.45999908447266,47.3095817565918,113000,0.0,0.0,0.0
2006-01-31,107.5,107.77999877929688,107.0,107.22000122070312,47.20391845703125,1313000,0.0,0.0,0.0
2006-02-01,107.05000305175781,107.13999938964844,106.69000244140625,106.83999633789062,47.21670913696289,98800,0.409,0.0,0.0
2006-02-02,106.79000091552734,107.13999938964844,106.73999786376953,106.75,47.176971435546875,83800,0.0,0.0,0.0
2006-02-03,106.69999694824219,107.13999938964844,106.61000061035156,106.91999816894531,47.25209045410156,92900,0.0,0.0,0.0
2006-02-06,106.87000274658203,107.1500015258789,106.8499984741211,107.0999984741211,47.331642150878906,108700,0.0,0.0,0.0
2006-02-07,106.9000015258789,107.44000244140625,106.80000305175781,106.83000183105469,47.21229934692383,90400,0.0,0.0,0.0
2006-02-08,106.9000015258789,107.05000305175781,106.75,106.83000183105469,47.21229934692383,76300,0.0,0.0,0.0
2006-02-09,106.83000183105469,107.11000061035156,106.7699966430664,107.0,47.287452697753906,91300,0.0,0.0,0.0
2006-02-10,107.0999984741211,107.26000213623047,106.72000122070312,106.80000305175781,47.19903564453125,85200,0.0,0.0,0.0
2006-02-13,106.9800033569336,107.06999969482422,106.76000213623047,106.95999908447266,47.26974868774414,71600,0.0,0.0,0.0
2006-02-14,106.83999633789062,107.02999877929688,106.66999816894531,106.8499984741211,47.22113800048828,55600,0.0,0.0,0.0
2006-02-15,106.97000122070312,107.27999877929688,106.80999755859375,106.91999816894531,47.25209045410156,140500,0.0,0.0,0.0
2006-02-16,106.91000366210938,107.19000244140625,106.87000274658203,107.06999969482422,47.3183479309082,99500,0.0,0.0,0.0
2006-02-17,107.38999938964844,107.6500015258789,107.30999755859375,107.41999816894531,47.47303771972656,101200,0.0,0.0,0.0
2006-02-21,107.51000213623047,107.5199966430664,107.26000213623047,107.37000274658203,47.450958251953125,92300,0.0,0.0,0.0
2006-02-22,107.58999633789062,107.7699966430664,107.44000244140625,107.7699966430664,47.62776184082031,74200,0.0,0.0,0.0
2006-02-23,107.63999938964844,107.6500015258789,107.25,107.52999877929688,47.52168655395508,63500,0.0,0.0,0.0
2006-02-24,107.69000244140625,107.69000244140625,107.38999938964844,107.4800033569336,47.49958801269531,75300,0.0,0.0,0.0
2006-02-27,107.69999694824219,107.69999694824219,107.30999755859375,107.43000030517578,47.47749710083008,71900,0.0,0.0,0.0
2006-02-28,107.5,107.77999877929688,107.41000366210938,107.54000091552734,47.52611541748047,71900,0.0,0.0,0.0
2006-03-01,107.0,107.30000305175781,106.43000030517578,106.69000244140625,47.34284973144531,220400,0.437,0.0,0.0
2006-03-02,106.5,106.76000213623047,106.06999969482422,106.19999694824219,47.125396728515625,136700,0.0,0.0,0.0
2006-03-03,106.4000015258789,106.41999816894531,105.68000030517578,106.0,47.03665542602539,132300,0.0,0.0,0.0
2006-03-06,106.04000091552734,106.05000305175781,105.44999694824219,105.44999694824219,46.792579650878906,157800,0.0,0.0,0.0
2006-03-07,105.66999816894531,105.83999633789062,105.2300033569336,105.4000015258789,46.770381927490234,120500,0.0,0.0,0.0
2006-03-08,105.55999755859375,105.63999938964844,105.19999694824219,105.44999694824219,46.792579650878906,75300,0.0,0.0,0.0
2006-03-09,105.3499984741211,105.9000015258789,105.3499984741211,105.43000030517578,46.78371810913086,84300,0.0,0.0,0.0
2006-03-10,105.4800033569336,105.69999694824219,105.16000366210938,105.69999694824219,46.90351486206055,100900,0.0,0.0,0.0
2006-03-13,105.5,105.76000213623047,105.04000091552734,105.55999755859375,46.841373443603516,69200,0.0,0.0,0.0
2006-03-14,105.98999786376953,106.33000183105469,105.7300033569336,106.23999786376953,47.143131256103516,61600,0.0,0.0,0.0
2006-03-15,106.19000244140625,106.2300033569336,105.91000366210938,106.08000183105469,47.072147369384766,117700,0.0,0.0,0.0
2006-03-16,106.12000274658203,106.80000305175781,106.12000274658203,106.66000366210938,47.32949447631836,101000,0.0,0.0,0.0
2006-03-17,106.66000366210938,106.70999908447266,106.5,106.55999755859375,47.28510665893555,56200,0.0,0.0,0.0
2006-03-20,106.73999786376953,106.7699966430664,106.12000274658203,106.68000030517578,47.338401794433594,63500,0.0,0.0,0.0
2006-03-21,106.26000213623047,106.75,106.19999694824219,106.27999877929688,47.16089630126953,80000,0.0,0.0,0.0
2006-03-22,106.30000305175781,106.68000030517578,105.94999694824219,106.26000213623047,47.15203857421875,75100,0.0,0.0,0.0
2006-03-23,106.38999938964844,106.44999694824219,105.75,106.19999694824219,47.125396728515625,79400,0.0,0.0,0.0
2006-03-24,106.41000366210938,106.76000213623047,105.8499984741211,106.45999908447266,47.24079895019531,85800,0.0,0.0,0.0
2006-03-27,106.22000122070312,106.75,106.22000122070312,106.45999908447266,47.24079895019531,92800,0.0,0.0,0.0
2006-03-28,106.0199966430664,106.36000061035156,105.87999725341797,105.95999908447266,47.01889419555664,61800,0.0,0.0,0.0
2006-03-29,105.95999908447266,105.97000122070312,105.6500015258789,105.86000061035156,46.974525451660156,83800,0.0,0.0,0.0
2006-03-30,105.69999694824219,105.75,105.20999908447266,105.54000091552734,46.83251190185547,93700,0.0,0.0,0.0
2006-03-31,105.66999816894531,105.66999816894531,105.2699966430664,105.30000305175781,46.725990295410156,102200,0.0,0.0,0.0
2006-04-03,104.80000305175781,105.1500015258789,104.55000305175781,104.94999694824219,46.7652473449707,114200,0.438,0.0,0.0
2006-04-04,104.81999969482422,105.30000305175781,104.81999969482422,105.05000305175781,46.809818267822266,83000,0.0,0.0,0.0
2006-04-05,105.43000030517578,105.48999786376953,105.0999984741211,105.4000015258789,46.965755462646484,80200,0.0,0.0,0.0
2006-04-06,105.19999694824219,105.19999694824219,104.8499984741211,105.0199966430664,46.796451568603516,82400,0.0,0.0,0.0
2006-04-07,104.80999755859375,104.87000274658203,104.36000061035156,104.61000061035156,46.61374282836914,80100,0.0,0.0,0.0
2006-04-10,104.66000366210938,104.73999786376953,104.25,104.37999725341797,46.51124572753906,299000,0.0,0.0,0.0
2006-04-11,104.5,104.83999633789062,104.41999816894531,104.68000030517578,46.64493942260742,101600,0.0,0.0,0.0
2006-04-12,104.69000244140625,104.97000122070312,104.19999694824219,104.3499984741211,46.49789810180664,138700,0.0,0.0,0.0
2006-04-13,104.30000305175781,104.30000305175781,103.80000305175781,104.1500015258789,46.408756256103516,100500,0.0,0.0,0.0
2006-04-17,103.94999694824219,104.3499984741211,103.41000366210938,104.12999725341797,46.39983367919922,110300,0.0,0.0,0.0
2006-04-18,104.30000305175781,104.58999633789062,104.19999694824219,104.55000305175781,46.587013244628906,76700,0.0,0.0,0.0
2006-04-19,104.3499984741211,104.48999786376953,104.26000213623047,104.4800033569336,46.555809020996094,87200,0.0,0.0,0.0
2006-04-20,104.52999877929688,104.55999755859375,104.30000305175781,104.43000030517578,46.53353500366211,63400,0.0,0.0,0.0
2006-04-21,104.62999725341797,104.69000244140625,104.36000061035156,104.62999725341797,46.62267303466797,84200,0.0,0.0,0.0
2006-04-24,104.69000244140625,104.9800033569336,104.56999969482422,104.83999633789062,46.71621322631836,82200,0.0,0.0,0.0
2006-04-25,104.86000061035156,104.86000061035156,104.2699966430664,104.33999633789062,46.493431091308594,93100,0.0,0.0,0.0
2006-04-26,104.26000213623047,104.3499984741211,104.06999969482422,104.22000122070312,46.439964294433594,173100,0.0,0.0,0.0
2006-04-27,104.19999694824219,104.75,104.08000183105469,104.41000366210938,46.52461624145508,74300,0.0,0.0,0.0
2006-04-28,104.56999969482422,104.69000244140625,104.44000244140625,104.6500015258789,46.63155746459961,90600,0.0,0.0,0.0
2006-05-01,104.01000213623047,104.13999938964844,103.61000061035156,103.66000366210938,46.39525604248047,72800,0.462,0.0,0.0
2006-05-02,103.63999938964844,104.0,103.63999938964844,103.81999969482422,46.46684646606445,76600,0.0,0.0,0.0
2006-05-03,103.66000366210938,103.97000122070312,103.55999755859375,103.81999969482422,46.46684646606445,85900,0.0,0.0,0.0
2006-05-04,103.9000015258789,103.9000015258789,103.55000305175781,103.77999877929688,46.448970794677734,86900,0.0,0.0,0.0
2006-05-05,104.0,104.0999984741211,103.86000061035156,103.9000015258789,46.50265121459961,72700,0.0,0.0,0.0
2006-05-08,104.06999969482422,104.1500015258789,103.86000061035156,104.02999877929688,46.560829162597656,87100,0.0,0.0,0.0
2006-05-09,103.9000015258789,104.12999725341797,103.9000015258789,104.06999969482422,46.57876205444336,108300,0.0,0.0,0.0
2006-05-10,104.01000213623047,104.4000015258789,104.0,104.13999938964844,46.610069274902344,76600,0.0,0.0,0.0
2006-05-11,104.0,104.04000091552734,103.80000305175781,103.95999908447266,46.529518127441406,80900,0.0,0.0,0.0
2006-05-12,103.80000305175781,103.86000061035156,103.5,103.69999694824219,46.41315841674805,111200,0.0,0.0,0.0
2006-05-15,103.5199966430664,103.9000015258789,103.5199966430664,103.79000091552734,46.45345687866211,68500,0.0,0.0,0.0
2006-05-16,103.79000091552734,104.19000244140625,103.79000091552734,104.16999816894531,46.623504638671875,105600,0.0,0.0,0.0
2006-05-17,103.83000183105469,103.88999938964844,103.30999755859375,103.83999633789062,46.475807189941406,127900,0.0,0.0,0.0
2006-05-18,103.9000015258789,104.5,103.9000015258789,104.5,46.7712287902832,68900,0.0,0.0,0.0
2006-05-19,104.33999633789062,104.62999725341797,104.27999877929688,104.44999694824219,46.748863220214844,68500,0.0,0.0,0.0
2006-05-22,104.58999633789062,104.97000122070312,104.37999725341797,104.51000213623047,46.77565002441406,71300,0.0,0.0,0.0
2006-05-23,104.19999694824219,104.48999786376953,104.19999694824219,104.44000244140625,46.7443733215332,59200,0.0,0.0,0.0
2006-05-24,104.5999984741211,104.7699966430664,104.20999908447266,104.55000305175781,46.79359436035156,120600,0.0,0.0,0.0
2006-05-25,104.58999633789062,104.61000061035156,104.30999755859375,104.41000366210938,46.73092269897461,84700,0.0,0.0,0.0
2006-05-26,104.44999694824219,104.58000183105469,104.33000183105469,104.41999816894531,46.735416412353516,81800,0.0,0.0,0.0
2006-05-30,104.38999938964844,104.41000366210938,104.13999938964844,104.19000244140625,46.63243865966797,148700,0.0,0.0,0.0
2006-05-31,104.37999725341797,104.4000015258789,103.8499984741211,103.98999786376953,46.542938232421875,130500,0.0,0.0,0.0
2006-06-01,103.61000061035156,103.83000183105469,103.47000122070312,103.73999786376953,46.624263763427734,102400,0.431,0.0,0.0
2006-06-02,104.0999984741211,104.44999694824219,104.05000305175781,104.38999938964844,46.91640853881836,63200,0.0,0.0,0.0
2006-06-05,104.25,104.4000015258789,104.05999755859375,104.06999969482422,46.7725944519043,79100,0.0,0.0,0.0
2006-06-06,104.25,104.3499984741211,104.05999755859375,104.30000305175781,46.87594223022461,116100,0.0,0.0,0.0
2006-06-07,104.12999725341797,104.26000213623047,103.91999816894531,104.0199966430664,46.7501335144043,82200,0.0,0.0,0.0
2006-06-08,104.30000305175781,104.55999755859375,104.05000305175781,104.36000061035156,46.90293502807617,76600,0.0,0.0,0.0
2006-06-09,104.30000305175781,104.48999786376953,104.26000213623047,104.47000122070312,46.952396392822266,67500,0.0,0.0,0.0
2006-06-12,104.37000274658203,104.41000366210938,104.1500015258789,104.19000244140625,46.82651901245117,75900,0.0,0.0,0.0
2006-06-13,104.30999755859375,104.41000366210938,104.11000061035156,104.30000305175781,46.87594223022461,108600,0.0,0.0,0.0
2006-06-14,104.01000213623047,104.16000366210938,103.75,103.8499984741211,46.6737174987793,66600,0.0,0.0,0.0
2006-06-15,103.61000061035156,103.87999725341797,103.5,103.63999938964844,46.579341888427734,79400,0.0,0.0,0.0
2006-06-16,103.77999877929688,103.83000183105469,103.30999755859375,103.5,46.51640319824219,98500,0.0,0.0,0.0
2006-06-19,103.4000015258789,103.45999908447266,103.23999786376953,103.37000274658203,46.4579963684082,76200,0.0,0.0,0.0
2006-06-20,103.25,103.3499984741211,103.16000366210938,103.29000091552734,46.42204284667969,53500,0.0,0.0,0.0
2006-06-21,103.30000305175781,103.37000274658203,103.13999938964844,103.16000366210938,46.363643646240234,48000,0.0,0.0,0.0
2006-06-22,103.19000244140625,103.19999694824219,102.8499984741211,102.91999816894531,46.2557487487793,86500,0.0,0.0,0.0
2006-06-23,102.97000122070312,103.0,102.66999816894531,102.75,46.179359436035156,62700,0.0,0.0,0.0
2006-06-26,102.83000183105469,102.8499984741211,102.51000213623047,102.75,46.179359436035156,54000,0.0,0.0,0.0
2006-06-27,102.72000122070312,102.9000015258789,102.38999938964844,102.58999633789062,46.107460021972656,480300,0.0,0.0,0.0
2006-06-28,102.41999816894531,102.75,102.3499984741211,102.36000061035156,46.00407409667969,91400,0.0,0.0,0.0
2006-06-29,102.6500015258789,102.9000015258789,102.41999816894531,102.9000015258789,46.246734619140625,64600,0.0,0.0,0.0
2006-06-30,102.9000015258789,103.47000122070312,102.76000213623047,103.47000122070312,46.50299072265625,58500,0.0,0.0,0.0
2006-07-03,100.0,103.23999786376953,100.0,102.88999938964844,46.44560241699219,245800,0.453,0.0,0.0
2006-07-05,102.6500015258789,102.72000122070312,102.19999694824219,102.23999786376953,46.152183532714844,939300,0.0,0.0,0.0
2006-07-06,102.41999816894531,102.80999755859375,102.3499984741211,102.75,46.38243865966797,86500,0.0,0.0,0.0
2006-07-07,102.98999786376953,103.25,102.87999725341797,103.13999938964844,46.55847930908203,77900,0.0,0.0,0.0
2006-07-10,103.13999938964844,103.31999969482422,103.05999755859375,103.2699966430664,46.61713790893555,59300,0.0,0.0,0.0
2006-07-11,103.43000030517578,103.58999633789062,103.30000305175781,103.43000030517578,46.68936538696289,108400,0.0,0.0,0.0
2006-07-12,103.29000091552734,103.66999816894531,103.0999984741211,103.5999984741211,46.766090393066406,94900,0.0,0.0,0.0
2006-07-13,103.5,103.80000305175781,103.5,103.58999633789062,46.761600494384766,92200,0.0,0.0,0.0
2006-07-14,103.70999908447266,103.88999938964844,103.55000305175781,103.68000030517578,46.80220413208008,122300,0.0,0.0,0.0
2006-07-17,103.6500015258789,103.80999755859375,103.5199966430664,103.79000091552734,46.851898193359375,104200,0.0,0.0,0.0
2006-07-18,103.52999877929688,103.52999877929688,103.1500015258789,103.25,46.60813522338867,208700,0.0,0.0,0.0
2006-07-19,103.1500015258789,103.9000015258789,103.05000305175781,103.72000122070312,46.82025909423828,80600,0.0,0.0,0.0
2006-07-20,103.54000091552734,104.18000030517578,103.54000091552734,104.16999816894531,47.023414611816406,97900,0.0,0.0,0.0
2006-07-21,104.19000244140625,104.29000091552734,104.0199966430664,104.08999633789062,46.98733139038086,83700,0.0,0.0,0.0
2006-07-24,104.05999755859375,104.1500015258789,104.02999877929688,104.12000274658203,47.000823974609375,108300,0.0,0.0,0.0
2006-07-25,103.9800033569336,104.13999938964844,103.93000030517578,104.04000091552734,46.964752197265625,60100,0.0,0.0,0.0
2006-07-26,103.91000366210938,104.27999877929688,103.9000015258789,104.26000213623047,47.06403732299805,69200,0.0,0.0,0.0
2006-07-27,104.30000305175781,104.31999969482422,104.0999984741211,104.0999984741211,46.99182891845703,74900,0.0,0.0,0.0
2006-07-28,104.26000213623047,104.55999755859375,104.0,104.5,47.17241668701172,195200,0.0,0.0,0.0
2006-07-31,104.55000305175781,104.58000183105469,104.37999725341797,104.5199966430664,47.1814079284668,108600,0.0,0.0,0.0
2006-08-01,104.25,104.25,103.94999694824219,104.20999908447266,47.24761199951172,76000,0.456,0.0,0.0
2006-08-02,104.11000061035156,104.5,104.0999984741211,104.38999938964844,47.32920837402344,60300,0.0,0.0,0.0
2006-08-03,104.0,104.55000305175781,104.0,104.4000015258789,47.3337516784668,110700,0.0,0.0,0.0
2006-08-04,104.8499984741211,104.94000244140625,104.69999694824219,104.80999755859375,47.51964569091797,57300,0.0,0.0,0.0
2006-08-07,104.6500015258789,104.80000305175781,104.6500015258789,104.72000122070312,47.47884750366211,76900,0.0,0.0,0.0
2006-08-08,104.8499984741211,104.9800033569336,104.58000183105469,104.77999877929688,47.50600814819336,62000,0.0,0.0,0.0
2006-08-09,104.4000015258789,104.7699966430664,104.4000015258789,104.7300033569336,47.48337173461914,58300,0.0,0.0,0.0
2006-08-10,104.77999877929688,104.77999877929688,104.54000091552734,104.72000122070312,47.47884750366211,61300,0.0,0.0,0.0
2006-08-11,104.54000091552734,104.58000183105469,104.4000015258789,104.51000213623047,47.38359832763672,54200,0.0,0.0,0.0
2006-08-14,104.41000366210938,104.44999694824219,104.22000122070312,104.37999725341797,47.324710845947266,48000,0.0,0.0,0.0
2006-08-15,104.61000061035156,104.9800033569336,104.55999755859375,104.91999816894531,47.56949996948242,99200,0.0,0.0,0.0
2006-08-16,105.05000305175781,105.41999816894531,105.05000305175781,105.36000061035156,47.769004821777344,69700,0.0,0.0,0.0
2006-08-17,105.44000244140625,105.5,105.22000122070312,105.30999755859375,47.746334075927734,84900,0.0,0.0,0.0
2006-08-18,105.30999755859375,105.6500015258789,105.30999755859375,105.5199966430664,47.841529846191406,115700,0.0,0.0,0.0
2006-08-21,105.5,105.68000030517578,105.44999694824219,105.66999816894531,47.90956497192383,77300,0.0,0.0,0.0
2006-08-22,105.75,105.8499984741211,105.56999969482422,105.73999786376953,47.9412841796875,194100,0.0,0.0,0.0
2006-08-23,105.73999786376953,105.77999877929688,105.58999633789062,105.69999694824219,47.923133850097656,107400,0.0,0.0,0.0
2006-08-24,105.6500015258789,105.87000274658203,105.6500015258789,105.69999694824219,47.923133850097656,54800,0.0,0.0,0.0
2006-08-25,105.76000213623047,105.9800033569336,105.70999908447266,105.8499984741211,47.991146087646484,105800,0.0,0.0,0.0
2006-08-28,105.91000366210938,105.9800033569336,105.76000213623047,105.87999725341797,48.0047721862793,101300,0.0,0.0,0.0
2006-08-29,105.7300033569336,105.95999908447266,105.55000305175781,105.94999694824219,48.0364990234375,110000,0.0,0.0,0.0
2006-08-30,105.95999908447266,106.1500015258789,105.95999908447266,106.0199966430664,48.06824493408203,80100,0.0,0.0,0.0
2006-08-31,106.05000305175781,106.37999725341797,105.80000305175781,106.37999725341797,48.23148727416992,125600,0.0,0.0,0.0
2006-09-01,105.7699966430664,105.94000244140625,104.87000274658203,105.77999877929688,48.17407989501953,139900,0.474,0.0,0.0
2006-09-05,105.7699966430664,105.77999877929688,105.44999694824219,105.45999908447266,48.02833557128906,74900,0.0,0.0,0.0
2006-09-06,105.41000366210938,105.52999877929688,105.29000091552734,105.45999908447266,48.02833557128906,158200,0.0,0.0,0.0
2006-09-07,105.5,105.66999816894531,105.23999786376953,105.56999969482422,48.07844543457031,280100,0.0,0.0,0.0
2006-09-08,105.80000305175781,105.87000274658203,105.61000061035156,105.68000030517578,48.12850570678711,130200,0.0,0.0,0.0
2006-09-11,105.7699966430664,105.80000305175781,105.52999877929688,105.63999938964844,48.110328674316406,81200,0.0,0.0,0.0
2006-09-12,105.4800033569336,105.88999938964844,105.4800033569336,105.80000305175781,48.18318176269531,72500,0.0,0.0,0.0
2006-09-13,105.81999969482422,106.19999694824219,105.81999969482422,106.08000183105469,48.31071472167969,173000,0.0,0.0,0.0
2006-09-14,106.01000213623047,106.05000305175781,105.80000305175781,105.80999755859375,48.1877326965332,63800,0.0,0.0,0.0
2006-09-15,105.91999816894531,106.08000183105469,105.72000122070312,105.73999786376953,48.155860900878906,116400,0.0,0.0,0.0
2006-09-18,105.55000305175781,105.77999877929688,105.4000015258789,105.76000213623047,48.16498947143555,55100,0.0,0.0,0.0
2006-09-19,105.91999816894531,106.30000305175781,105.91999816894531,106.16999816894531,48.35169219970703,239900,0.0,0.0,0.0
2006-09-20,106.44000244140625,106.48999786376953,106.29000091552734,106.33999633789062,48.42911911010742,124600,0.0,0.0,0.0
2006-09-21,106.31999969482422,106.9800033569336,106.31999969482422,106.9800033569336,48.72056198120117,232400,0.0,0.0,0.0
2006-09-22,107.04000091552734,107.16000366210938,106.94000244140625,107.04000091552734,48.747920989990234,152600,0.0,0.0,0.0
2006-09-25,107.23999786376953,107.30999755859375,107.08000183105469,107.19999694824219,48.8207893371582,366900,0.0,0.0,0.0
2006-09-26,107.29000091552734,107.29000091552734,106.88999938964844,106.9000015258789,48.68418884277344,243200,0.0,0.0,0.0
2006-09-27,107.0999984741211,107.29000091552734,106.76000213623047,106.8499984741211,48.661373138427734,559500,0.0,0.0,0.0
2006-09-28,106.88999938964844,106.9800033569336,106.69000244140625,106.87999725341797,48.675048828125,255400,0.0,0.0,0.0
2006-09-29,106.94999694824219,107.12000274658203,106.75,106.83000183105469,48.65228271484375,110100,0.0,0.0,0.0
2006-10-02,100.0,106.69999694824219,100.0,106.52999877929688,48.732322692871094,102700,0.475,0.0,0.0
2006-10-03,106.69000244140625,106.69000244140625,106.30999755859375,106.5999984741211,48.76435852050781,118200,0.0,0.0,0.0
2006-10-04,106.79000091552734,107.12000274658203,106.72000122070312,107.11000061035156,48.997623443603516,162700,0.0,0.0,0.0
2006-10-05,106.95999908447266,107.0,106.63999938964844,106.76000213623047,48.83753967285156,78900,0.0,0.0,0.0
2006-10-06,106.56999969482422,106.56999969482422,106.05999755859375,106.16000366210938,48.5630989074707,124500,0.0,0.0,0.0
2006-10-09,106.30000305175781,106.38999938964844,106.11000061035156,106.23999786376953,48.599666595458984,51600,0.0,0.0,0.0
2006-10-10,106.05000305175781,106.05000305175781,105.7699966430664,105.7699966430664,48.38465881347656,121000,0.0,0.0,0.0
2006-10-11,106.0,106.0199966430664,105.5,105.52999877929688,48.27486038208008,130800,0.0,0.0,0.0
2006-10-12,105.83000183105469,105.87000274658203,105.5999984741211,105.77999877929688,48.38923263549805,91000,0.0,0.0,0.0
2006-10-13,105.5999984741211,105.68000030517578,105.36000061035156,105.38999938964844,48.21080780029297,215000,0.0,0.0,0.0
2006-10-16,105.37000274658203,105.7300033569336,105.37000274658203,105.6500015258789,48.32975769042969,113000,0.0,0.0,0.0
2006-10-17,105.93000030517578,106.12000274658203,105.77999877929688,105.8499984741211,48.421241760253906,153100,0.0,0.0,0.0
2006-10-18,106.04000091552734,106.06999969482422,105.5,106.06999969482422,48.52188491821289,363600,0.0,0.0,0.0
2006-10-19,105.87999725341797,105.93000030517578,105.62999725341797,105.7300033569336,48.36634826660156,665000,0.0,0.0,0.0
2006-10-20,105.76000213623047,105.83999633789062,105.56999969482422,105.7699966430664,48.38465881347656,101600,0.0,0.0,0.0
2006-10-23,105.58000183105469,105.68000030517578,105.45999908447266,105.52999877929688,48.27486038208008,116200,0.0,0.0,0.0
2006-10-24,105.58000183105469,105.72000122070312,105.58000183105469,105.70999908447266,48.35721969604492,95200,0.0,0.0,0.0
2006-10-25,105.72000122070312,106.16999816894531,105.6500015258789,106.16000366210938,48.5630989074707,91700,0.0,0.0,0.0
2006-10-26,106.3499984741211,106.51000213623047,106.30000305175781,106.5,48.7186164855957,79500,0.0,0.0,0.0
2006-10-27,107.08999633789062,107.08999633789062,106.63999938964844,106.83999633789062,48.874149322509766,88400,0.0,0.0,0.0
2006-10-30,106.9000015258789,106.98999786376953,106.77999877929688,106.94000244140625,48.91987228393555,56200,0.0,0.0,0.0
2006-10-31,107.04000091552734,107.4800033569336,107.0,107.41999816894531,49.13945007324219,144100,0.0,0.0,0.0
2006-11-01,107.25,107.4800033569336,107.08999633789062,107.30999755859375,49.30160140991211,220200,0.463,0.0,0.0
2006-11-02,107.11000061035156,107.23999786376953,107.11000061035156,107.18000030517578,49.24190902709961,319200,0.0,0.0,0.0
2006-11-03,106.5999984741211,106.62000274658203,106.33000183105469,106.43000030517578,48.897369384765625,73000,0.0,0.0,0.0
2006-11-06,106.3499984741211,106.55000305175781,106.22000122070312,106.55000305175781,48.9525032043457,80600,0.0,0.0,0.0
2006-11-07,106.94000244140625,107.08999633789062,106.83000183105469,106.93000030517578,49.12706756591797,130000,0.0,0.0,0.0
2006-11-08,107.0,107.08999633789062,106.94000244140625,107.05999755859375,49.1867790222168,124800,0.0,0.0,0.0
2006-11-09,107.1500015258789,107.26000213623047,107.05999755859375,107.16999816894531,49.237308502197266,111500,0.0,0.0,0.0
2006-11-10,107.37999725341797,107.5999984741211,107.30000305175781,107.45999908447266,49.37056350708008,62200,0.0,0.0,0.0
2006-11-13,107.44000244140625,107.44999694824219,107.20999908447266,107.38999938964844,49.33840560913086,100400,0.0,0.0,0.0
2006-11-14,107.6500015258789,107.79000091552734,107.55999755859375,107.55999755859375,49.41650390625,120600,0.0,0.0,0.0
2006-11-15,107.55000305175781,107.55000305175781,107.19999694824219,107.27999877929688,49.287879943847656,103000,0.0,0.0,0.0
2006-11-16,107.54000091552734,107.54000091552734,107.06999969482422,107.12999725341797,49.21895980834961,108400,0.0,0.0,0.0
2006-11-17,107.19999694824219,107.63999938964844,107.1500015258789,107.4800033569336,49.37971878051758,99600,0.0,0.0,0.0
2006-11-20,107.6500015258789,107.6500015258789,107.48999786376953,107.55999755859375,49.41650390625,81300,0.0,0.0,0.0
2006-11-21,107.6500015258789,107.8499984741211,107.52999877929688,107.70999908447266,49.48539352416992,155500,0.0,0.0,0.0
2006-11-22,107.81999969482422,107.87999725341797,107.66999816894531,107.83000183105469,49.54051971435547,75000,0.0,0.0,0.0
2006-11-24,108.1500015258789,108.19999694824219,107.98999786376953,108.0,49.61865234375,48600,0.0,0.0,0.0
2006-11-27,107.7699966430664,108.19000244140625,107.66999816894531,108.01000213623047,49.62322235107422,147500,0.0,0.0,0.0
2006-11-28,108.3499984741211,108.37000274658203,108.06999969482422,108.20999908447266,49.71514129638672,182300,0.0,0.0,0.0
2006-11-29,108.38999938964844,108.43000030517578,108.11000061035156,108.11000061035156,49.66916275024414,102800,0.0,0.0,0.0
2006-11-30,108.4000015258789,108.66000366210938,108.2699966430664,108.5199966430664,49.857521057128906,108600,0.0,0.0,0.0
2006-12-01,108.25,108.58999633789062,108.0999984741211,108.19999694824219,49.91613006591797,175400,0.447,0.0,0.0
2006-12-04,108.30000305175781,108.55000305175781,108.0199966430664,108.44999694824219,50.03146743774414,97200,0.0,0.0,0.0
2006-12-05,108.44999694824219,108.6500015258789,108.22000122070312,108.4000015258789,50.00840759277344,109700,0.0,0.0,0.0
2006-12-06,108.33000183105469,108.33000183105469,107.94999694824219,108.12999725341797,49.88386535644531,101900,0.0,0.0,0.0
2006-12-07,108.33000183105469,108.33000183105469,108.08999633789062,108.18000030517578,49.906944274902344,99600,0.0,0.0,0.0
2006-12-08,108.25,108.25,107.76000213623047,107.77999877929688,49.7224006652832,109900,0.0,0.0,0.0
2006-12-11,107.94999694824219,108.12999725341797,107.94999694824219,108.0199966430664,49.83306121826172,69400,0.0,0.0,0.0
2006-12-12,108.12000274658203,108.33000183105469,108.05000305175781,108.25,49.939247131347656,85500,0.0,0.0,0.0
2006-12-13,107.91999816894531,108.01000213623047,107.69000244140625,107.70999908447266,49.69007110595703,116600,0.0,0.0,0.0
2006-12-14,107.70999908447266,107.70999908447266,107.54000091552734,107.61000061035156,49.64394760131836,73400,0.0,0.0,0.0
2006-12-15,108.12000274658203,108.22000122070312,107.5199966430664,107.58999633789062,49.63471984863281,103700,0.0,0.0,0.0
2006-12-18,107.5999984741211,107.63999938964844,107.5,107.5999984741211,49.63933181762695,69800,0.0,0.0,0.0
2006-12-19,107.5199966430664,107.70999908447266,107.4800033569336,107.58000183105469,49.6301155090332,115400,0.0,0.0,0.0
2006-12-20,107.48999786376953,107.72000122070312,107.48999786376953,107.66000366210938,49.667057037353516,73200,0.0,0.0,0.0
2006-12-21,107.73999786376953,108.05999755859375,107.66999816894531,107.94000244140625,49.796165466308594,145000,0.0,0.0,0.0
2006-12-22,107.80000305175781,107.83999633789062,107.44999694824219,107.5999984741211,49.63933181762695,100200,0.0,0.0,0.0
2006-12-26,107.6500015258789,107.7300033569336,107.51000213623047,107.72000122070312,49.69469451904297,61800,0.0,0.0,0.0
2006-12-27,107.25,107.29000091552734,106.7300033569336,106.94999694824219,49.53583908081055,114500,0.427,0.0,0.0
2006-12-28,107.05000305175781,107.05000305175781,106.51000213623047,106.7300033569336,49.43394470214844,129300,0.0,0.0,0.0
2006-12-29,106.72000122070312,106.72000122070312,106.55999755859375,106.68000030517578,49.41078567504883,120500,0.0,0.0,0.0
2007-01-03,107.1500015258789,107.19999694824219,106.19000244140625,106.44999694824219,49.30423355102539,1597400,0.0,0.0,0.0
2007-01-04,106.73999786376953,107.30000305175781,106.73999786376953,107.25,49.67476272583008,111600,0.0,0.0,0.0
2007-01-05,107.0,107.19999694824219,106.87000274658203,107.18000030517578,49.642356872558594,103200,0.0,0.0,0.0
2007-01-08,106.97000122070312,107.22000122070312,106.97000122070312,107.1500015258789,49.628440856933594,120600,0.0,0.0,0.0
2007-01-09,107.16000366210938,107.2300033569336,107.08000183105469,107.16999816894531,49.63772201538086,127200,0.0,0.0,0.0
2007-01-10,107.0999984741211,107.1500015258789,106.94999694824219,107.02999877929688,49.572872161865234,66500,0.0,0.0,0.0
2007-01-11,106.9000015258789,106.95999908447266,106.62999725341797,106.69999694824219,49.420047760009766,73600,0.0,0.0,0.0
2007-01-12,106.66000366210938,106.66999816894531,106.51000213623047,106.58999633789062,49.369110107421875,86400,0.0,0.0,0.0
2007-01-16,106.6500015258789,106.76000213623047,106.44999694824219,106.70999908447266,49.4246940612793,205300,0.0,0.0,0.0
2007-01-17,106.77999877929688,106.77999877929688,106.43000030517578,106.55999755859375,49.35519790649414,100400,0.0,0.0,0.0
2007-01-18,106.68000030517578,106.87000274658203,106.5,106.87000274658203,49.49874496459961,91700,0.0,0.0,0.0
2007-01-19,106.87999725341797,106.87999725341797,106.69999694824219,106.80999755859375,49.47098159790039,181100,0.0,0.0,0.0
2007-01-22,106.87000274658203,106.87999725341797,106.76000213623047,106.87999725341797,49.503421783447266,73200,0.0,0.0,0.0
2007-01-23,106.80000305175781,106.80000305175781,106.41999816894531,106.58999633789062,49.369110107421875,142800,0.0,0.0,0.0
2007-01-24,106.62999725341797,106.6500015258789,106.51000213623047,106.63999938964844,49.392250061035156,84900,0.0,0.0,0.0
2007-01-25,106.52999877929688,106.55999755859375,106.19999694824219,106.30000305175781,49.234703063964844,168800,0.0,0.0,0.0
2007-01-26,106.19999694824219,106.38999938964844,106.13999938964844,106.2300033569336,49.20235824584961,97900,0.0,0.0,0.0
2007-01-29,106.36000061035156,106.44000244140625,106.05999755859375,106.18000030517578,49.17918395996094,154100,0.0,0.0,0.0
2007-01-30,106.33999633789062,106.3499984741211,106.22000122070312,106.33000183105469,49.248661041259766,77100,0.0,0.0,0.0
2007-01-31,106.29000091552734,106.80999755859375,106.26000213623047,106.77999877929688,49.45708084106445,166800,0.0,0.0,0.0
2007-02-01,106.88999938964844,106.88999938964844,106.19000244140625,106.27999877929688,49.437068939208984,135300,0.457,0.0,0.0
2007-02-02,106.38999938964844,106.61000061035156,106.27999877929688,106.37999725341797,49.48361587524414,174000,0.0,0.0,0.0
2007-02-05,106.47000122070312,106.52999877929688,106.41000366210938,106.5199966430664,49.54873275756836,101400,0.0,0.0,0.0
2007-02-06,106.4000015258789,106.80000305175781,106.33000183105469,106.80000305175781,49.67898178100586,168100,0.0,0.0,0.0
2007-02-07,107.0,107.01000213623047,106.80999755859375,106.94999694824219,49.74876022338867,156700,0.0,0.0,0.0
2007-02-08,106.94000244140625,107.16000366210938,106.83999633789062,107.06999969482422,49.80457305908203,113600,0.0,0.0,0.0
2007-02-09,106.94999694824219,106.94999694824219,106.52999877929688,106.62000274658203,49.59523391723633,175400,0.0,0.0,0.0
2007-02-12,106.69000244140625,106.73999786376953,105.75,106.63999938964844,49.604530334472656,572300,0.0,0.0,0.0
2007-02-13,106.69000244140625,106.69000244140625,106.26000213623047,106.56999969482422,49.571956634521484,97600,0.0,0.0,0.0
2007-02-14,106.80000305175781,107.18000030517578,106.69000244140625,107.18000030517578,49.85574722290039,102700,0.0,0.0,0.0
2007-02-15,107.30999755859375,107.48999786376953,107.20999908447266,107.37999725341797,49.94874954223633,141900,0.0,0.0,0.0
2007-02-16,107.5,107.6500015258789,107.41999816894531,107.48999786376953,49.999942779541016,149700,0.0,0.0,0.0
2007-02-20,107.52999877929688,107.68000030517578,107.4000015258789,107.66000366210938,50.079010009765625,101600,0.0,0.0,0.0
2007-02-21,107.47000122070312,107.8499984741211,107.33000183105469,107.58999633789062,50.046424865722656,120500,0.0,0.0,0.0
2007-02-22,107.56999969482422,107.56999969482422,107.30999755859375,107.44000244140625,49.97667694091797,101800,0.0,0.0,0.0
2007-02-23,107.58000183105469,107.88999938964844,107.58000183105469,107.79000091552734,50.13948059082031,161400,0.0,0.0,0.0
2007-02-26,108.0999984741211,108.2300033569336,107.93000030517578,108.2300033569336,50.34415817260742,109700,0.0,0.0,0.0
2007-02-27,108.27999877929688,109.13999938964844,108.27999877929688,108.6500015258789,50.53955078125,143800,0.0,0.0,0.0
2007-02-28,108.5999984741211,108.5999984741211,108.20999908447266,108.44999694824219,50.446502685546875,87000,0.0,0.0,0.0
2007-03-01,107.9000015258789,108.36000061035156,107.80000305175781,108.0199966430664,50.45627975463867,143000,0.451,0.0,0.0
2007-03-02,108.23999786376953,108.31999969482422,107.76000213623047,108.31999969482422,50.5964241027832,145600,0.0,0.0,0.0
2007-03-05,108.30000305175781,108.30999755859375,108.0,108.16000366210938,50.521705627441406,98100,0.0,0.0,0.0
2007-03-06,107.98999786376953,108.0,107.62000274658203,107.75,50.330162048339844,348200,0.0,0.0,0.0
2007-03-07,107.95999908447266,108.0199966430664,107.61000061035156,107.8499984741211,50.37690353393555,120300,0.0,0.0,0.0
2007-03-08,107.95999908447266,107.98999786376953,107.69999694824219,107.98999786376953,50.44227600097656,123800,0.0,0.0,0.0
2007-03-09,107.44999694824219,107.76000213623047,107.36000061035156,107.70999908447266,50.31148910522461,95000,0.0,0.0,0.0
2007-03-12,107.69999694824219,108.02999877929688,107.69999694824219,107.94000244140625,50.41891098022461,79100,0.0,0.0,0.0
2007-03-13,107.95999908447266,108.20999908447266,107.80000305175781,108.0,50.44694137573242,217500,0.0,0.0,0.0
2007-03-14,108.0999984741211,108.0999984741211,107.56999969482422,107.9000015258789,50.40025329589844,144900,0.0,0.0,0.0
2007-03-15,108.0,108.0,107.66999816894531,107.91999816894531,50.40958786010742,74000,0.0,0.0,0.0
2007-03-16,107.72000122070312,107.94999694824219,107.31999969482422,107.5,50.21342849731445,199800,0.0,0.0,0.0
2007-03-19,107.5,107.58000183105469,107.30000305175781,107.30000305175781,50.1199951171875,108800,0.0,0.0,0.0
2007-03-20,107.43000030517578,107.66000366210938,107.33000183105469,107.58999633789062,50.25542068481445,100200,0.0,0.0,0.0
2007-03-21,107.58000183105469,108.01000213623047,107.20999908447266,107.91000366210938,50.404911041259766,116200,0.0,0.0,0.0
2007-03-22,107.72000122070312,107.87000274658203,107.47000122070312,107.61000061035156,50.2647819519043,67900,0.0,0.0,0.0
2007-03-23,107.76000213623047,107.76000213623047,107.2300033569336,107.33000183105469,50.133968353271484,74500,0.0,0.0,0.0
2007-03-26,107.3499984741211,107.80000305175781,107.33000183105469,107.52999877929688,50.227413177490234,69500,0.0,0.0,0.0
2007-03-27,107.4000015258789,107.5999984741211,107.33000183105469,107.51000213623047,50.21807098388672,84500,0.0,0.0,0.0
2007-03-28,107.54000091552734,107.80000305175781,107.30999755859375,107.44000244140625,50.18537521362305,82500,0.0,0.0,0.0
2007-03-29,107.37999725341797,107.45999908447266,107.25,107.30999755859375,50.12466812133789,119400,0.0,0.0,0.0
2007-03-30,107.43000030517578,107.44000244140625,107.0199966430664,107.2699966430664,50.10595703125,127000,0.0,0.0,0.0
2007-04-02,106.83000183105469,106.86000061035156,106.68000030517578,106.83999633789062,50.13509750366211,77000,0.492,0.0,0.0
2007-04-03,106.79000091552734,106.80999755859375,106.62999725341797,106.77999877929688,50.10687255859375,158900,0.0,0.0,0.0
2007-04-04,106.83000183105469,107.01000213623047,106.75,106.87000274658203,50.1491584777832,93600,0.0,0.0,0.0
2007-04-05,106.80000305175781,106.88999938964844,106.56999969482422,106.6500015258789,50.04594802856445,129900,0.0,0.0,0.0
2007-04-09,106.0199966430664,106.33999633789062,106.0199966430664,106.30000305175781,49.881629943847656,137400,0.0,0.0,0.0
2007-04-10,106.5199966430664,106.58999633789062,106.3499984741211,106.5199966430664,49.98488235473633,115800,0.0,0.0,0.0
2007-04-11,106.5999984741211,106.68000030517578,106.31999969482422,106.31999969482422,49.89104461669922,103400,0.0,0.0,0.0
2007-04-12,106.43000030517578,106.58999633789062,106.33999633789062,106.4800033569336,49.96614456176758,83700,0.0,0.0,0.0
2007-04-13,106.55999755859375,106.55999755859375,106.26000213623047,106.30000305175781,49.881629943847656,96400,0.0,0.0,0.0
2007-04-16,106.58999633789062,106.58999633789062,106.30000305175781,106.38999938964844,49.923912048339844,180500,0.0,0.0,0.0
2007-04-17,106.75,106.9800033569336,106.62999725341797,106.97000122070312,50.19606399536133,101200,0.0,0.0,0.0
2007-04-18,107.20999908447266,107.23999786376953,106.81999969482422,107.0,50.21015930175781,127300,0.0,0.0,0.0
2007-04-19,107.1500015258789,107.2699966430664,106.98999786376953,107.06999969482422,50.243003845214844,124200,0.0,0.0,0.0
2007-04-20,107.18000030517578,107.26000213623047,106.9000015258789,107.04000091552734,50.22891616821289,92500,0.0,0.0,0.0
2007-04-23,107.22000122070312,107.38999938964844,107.0,107.3499984741211,50.37438201904297,100600,0.0,0.0,0.0
2007-04-24,107.30000305175781,107.6500015258789,107.16999816894531,107.62000274658203,50.501075744628906,105900,0.0,0.0,0.0
2007-04-25,107.5999984741211,107.73999786376953,107.41999816894531,107.47000122070312,50.43070602416992,125200,0.0,0.0,0.0
2007-04-26,107.4000015258789,107.44999694824219,107.13999938964844,107.23999786376953,50.32277297973633,194500,0.0,0.0,0.0
2007-04-27,107.31999969482422,107.3499984741211,107.16000366210938,107.20999908447266,50.30868911743164,235700,0.0,0.0,0.0
2007-04-30,107.30999755859375,107.76000213623047,107.30999755859375,107.7300033569336,50.552696228027344,362600,0.0,0.0,0.0
2007-05-01,107.12999725341797,107.33000183105469,106.91000366210938,107.19000244140625,50.524444580078125,226900,0.48,0.0,0.0
2007-05-02,107.23999786376953,107.25,107.0,107.16000366210938,50.51029586791992,145000,0.0,0.0,0.0
2007-05-03,107.0199966430664,107.11000061035156,106.80000305175781,107.01000213623047,50.439613342285156,157200,0.0,0.0,0.0
2007-05-04,107.3499984741211,107.3499984741211,107.0999984741211,107.2699966430664,50.56208801269531,100900,0.0,0.0,0.0
2007-05-07,107.29000091552734,107.4000015258789,107.20999908447266,107.4000015258789,50.62339401245117,136900,0.0,0.0,0.0
2007-05-08,107.5,107.5,107.19999694824219,107.33999633789062,50.595088958740234,134500,0.0,0.0,0.0
2007-05-09,107.38999938964844,107.38999938964844,107.08000183105469,107.16999816894531,50.51498794555664,107200,0.0,0.0,0.0
2007-05-10,107.22000122070312,107.30999755859375,107.12999725341797,107.22000122070312,50.53855514526367,75900,0.0,0.0,0.0
2007-05-11,107.44999694824219,107.48999786376953,107.01000213623047,107.11000061035156,50.48667907714844,87100,0.0,0.0,0.0
2007-05-14,107.13999938964844,107.16999816894531,106.87000274658203,107.0,50.43484878540039,121600,0.0,0.0,0.0
2007-05-15,107.0,107.13999938964844,106.66999816894531,106.76000213623047,50.321739196777344,174200,0.0,0.0,0.0
2007-05-16,106.94999694824219,107.02999877929688,106.69999694824219,107.01000213623047,50.439613342285156,157200,0.0,0.0,0.0
2007-05-17,106.80000305175781,106.86000061035156,106.62000274658203,106.69000244140625,50.28875732421875,126100,0.0,0.0,0.0
2007-05-18,106.5,106.66000366210938,106.30000305175781,106.38999938964844,50.14731979370117,147700,0.0,0.0,0.0
2007-05-21,106.30000305175781,106.55999755859375,106.23999786376953,106.52999877929688,50.21335983276367,88700,0.0,0.0,0.0
2007-05-22,106.5,106.5199966430664,106.12000274658203,106.19000244140625,50.053077697753906,83100,0.0,0.0,0.0
2007-05-23,106.30000305175781,106.33000183105469,105.91000366210938,106.08999633789062,50.005924224853516,128200,0.0,0.0,0.0
2007-05-24,106.11000061035156,106.22000122070312,105.7699966430664,106.22000122070312,50.06722640991211,92800,0.0,0.0,0.0
2007-05-25,106.08000183105469,106.37999725341797,105.94000244140625,106.1500015258789,50.03422164916992,104000,0.0,0.0,0.0
2007-05-29,106.0999984741211,106.12000274658203,105.79000091552734,105.94000244140625,49.93524169921875,139700,0.0,0.0,0.0
2007-05-30,106.13999938964844,106.20999908447266,105.87999725341797,106.0199966430664,49.97295379638672,94700,0.0,0.0,0.0
2007-05-31,106.04000091552734,106.04000091552734,105.58999633789062,105.93000030517578,49.93050765991211,130100,0.0,0.0,0.0
2007-06-01,105.20999908447266,105.25,104.91999816894531,105.02999877929688,49.739192962646484,105200,0.496,0.0,0.0
2007-06-04,104.94999694824219,105.22000122070312,104.91999816894531,105.19999694824219,49.8197021484375,111300,0.0,0.0,0.0
2007-06-05,104.95999908447266,105.0,104.76000213623047,104.86000061035156,49.65868377685547,97200,0.0,0.0,0.0
2007-06-06,104.9000015258789,105.0199966430664,104.80000305175781,104.94999694824219,49.701324462890625,64800,0.0,0.0,0.0
2007-06-07,104.55000305175781,104.55000305175781,103.7300033569336,103.83000183105469,49.17090606689453,179800,0.0,0.0,0.0
2007-06-08,103.61000061035156,103.94999694824219,103.3499984741211,103.87999725341797,49.1945915222168,404300,0.0,0.0,0.0
2007-06-11,103.77999877929688,103.95999908447266,103.5199966430664,103.55999755859375,49.04304885864258,109700,0.0,0.0,0.0
2007-06-12,103.37999725341797,103.44999694824219,102.95999908447266,103.0,48.77783966064453,129400,0.0,0.0,0.0
2007-06-13,103.41999816894531,103.62000274658203,103.05999755859375,103.44999694824219,48.990936279296875,249400,0.0,0.0,0.0
2007-06-14,103.27999877929688,103.61000061035156,103.19999694824219,103.41999816894531,48.976749420166016,110100,0.0,0.0,0.0
2007-06-15,103.5,103.94999694824219,103.47000122070312,103.83000183105469,49.17090606689453,100100,0.0,0.0,0.0
2007-06-18,103.68000030517578,103.94999694824219,103.47000122070312,103.81999969482422,49.1661376953125,101100,0.0,0.0,0.0
2007-06-19,103.9800033569336,104.48999786376953,103.9000015258789,104.48999786376953,49.48347473144531,121000,0.0,0.0,0.0
2007-06-20,104.0999984741211,104.2300033569336,103.86000061035156,103.98999786376953,49.24665832519531,77700,0.0,0.0,0.0
2007-06-21,103.70999908447266,104.04000091552734,103.63999938964844,103.72000122070312,49.1187629699707,83200,0.0,0.0,0.0
2007-06-22,103.66000366210938,104.01000213623047,103.5,104.0,49.251407623291016,73900,0.0,0.0,0.0
2007-06-25,104.30000305175781,104.37999725341797,103.97000122070312,104.12000274658203,49.30824661254883,82500,0.0,0.0,0.0
2007-06-26,104.30999755859375,104.3499984741211,103.98999786376953,104.0999984741211,49.29875183105469,68900,0.0,0.0,0.0
2007-06-27,104.37999725341797,104.48999786376953,104.06999969482422,104.0999984741211,49.29875183105469,105900,0.0,0.0,0.0
2007-06-28,104.12999725341797,104.30000305175781,103.87000274658203,103.98999786376953,49.24665832519531,63100,0.0,0.0,0.0
2007-06-29,104.18000030517578,104.75,104.18000030517578,104.58000183105469,49.52610778808594,191400,0.0,0.0,0.0
2007-07-02,104.19999694824219,104.19999694824219,103.69999694824219,103.8499984741211,49.40333938598633,3074400,0.472,0.0,0.0
2007-07-03,104.27999877929688,104.29000091552734,103.66999816894531,103.87000274658203,49.41288757324219,45900,0.0,0.0,0.0
2007-07-05,103.4000015258789,103.6500015258789,103.18000030517578,103.19999694824219,49.09410858154297,83600,0.0,0.0,0.0
2007-07-06,103.11000061035156,103.26000213623047,102.81999969482422,103.0,48.99898147583008,83700,0.0,0.0,0.0
2007-07-09,103.30000305175781,103.33999633789062,103.02999877929688,103.20999908447266,49.09886932373047,100900,0.0,0.0,0.0
2007-07-10,103.88999938964844,104.11000061035156,103.51000213623047,103.91999816894531,49.436614990234375,159600,0.0,0.0,0.0
2007-07-11,104.0199966430664,104.06999969482422,103.38999938964844,103.44999694824219,49.21306610107422,86000,0.0,0.0,0.0
2007-07-12,103.66999816894531,103.66999816894531,102.94999694824219,103.04000091552734,49.018028259277344,129500,0.0,0.0,0.0
2007-07-13,103.3499984741211,103.54000091552734,103.06999969482422,103.48999786376953,49.23208999633789,71800,0.0,0.0,0.0
2007-07-16,103.68000030517578,103.83000183105469,103.4000015258789,103.76000213623047,49.36053466796875,90500,0.0,0.0,0.0
2007-07-17,103.73999786376953,103.93000030517578,103.37999725341797,103.54000091552734,49.255882263183594,86600,0.0,0.0,0.0
2007-07-18,103.56999969482422,104.1500015258789,103.52999877929688,103.83999633789062,49.398563385009766,85900,0.0,0.0,0.0
2007-07-19,103.66000366210938,103.88999938964844,103.33999633789062,103.62000274658203,49.293941497802734,170900,0.0,0.0,0.0
2007-07-20,104.0999984741211,104.33999633789062,103.86000061035156,103.91000366210938,49.43192672729492,181000,0.0,0.0,0.0
2007-07-23,104.06999969482422,104.12999725341797,103.75,103.79000091552734,49.37476348876953,56900,0.0,0.0,0.0
2007-07-24,104.19999694824219,104.19999694824219,103.5999984741211,103.66000366210938,49.31296157836914,101600,0.0,0.0,0.0
2007-07-25,104.05000305175781,104.0999984741211,103.73999786376953,103.73999786376953,49.351036071777344,239800,0.0,0.0,0.0
2007-07-26,104.18000030517578,104.5999984741211,103.5199966430664,103.5199966430664,49.246368408203125,104600,0.0,0.0,0.0
2007-07-27,103.98999786376953,104.30000305175781,103.0,103.13999938964844,49.06555938720703,91400,0.0,0.0,0.0
2007-07-30,103.7300033569336,103.83999633789062,102.8499984741211,103.30000305175781,49.14169692993164,138300,0.0,0.0,0.0
2007-07-31,103.4000015258789,103.87000274658203,103.25,103.25,49.117958068847656,152700,0.0,0.0,0.0
2007-08-01,103.55000305175781,103.75,102.91999816894531,103.08999633789062,49.276615142822266,77200,0.492,0.0,0.0
2007-08-02,103.22000122070312,103.52999877929688,102.88999938964844,102.94999694824219,49.20970916748047,117400,0.0,0.0,0.0
2007-08-03,103.36000061035156,103.91999816894531,103.19999694824219,103.45999908447266,49.453487396240234,109200,0.0,0.0,0.0
2007-08-06,103.80999755859375,104.0,103.04000091552734,103.0999984741211,49.281402587890625,99100,0.0,0.0,0.0
2007-08-07,103.62000274658203,103.69000244140625,103.0999984741211,103.37999725341797,49.415218353271484,100500,0.0,0.0,0.0
2007-08-08,102.76000213623047,103.76000213623047,102.76000213623047,103.48999786376953,49.467811584472656,92500,0.0,0.0,0.0
2007-08-09,103.68000030517578,103.7699966430664,103.0999984741211,103.4000015258789,49.424808502197266,69300,0.0,0.0,0.0
2007-08-10,103.5,104.44000244140625,102.73999786376953,102.94000244140625,49.20491409301758,142700,0.0,0.0,0.0
2007-08-13,103.1500015258789,103.72000122070312,103.01000213623047,103.30000305175781,49.37700271606445,155100,0.0,0.0,0.0
2007-08-14,103.52999877929688,104.0,103.26000213623047,103.94999694824219,49.687705993652344,115800,0.0,0.0,0.0
2007-08-15,103.95999908447266,103.97000122070312,103.43000030517578,103.66999816894531,49.5538330078125,125700,0.0,0.0,0.0
2007-08-16,103.79000091552734,104.0199966430664,102.58999633789062,102.66000366210938,49.07107162475586,438800,0.0,0.0,0.0
2007-08-17,102.80999755859375,103.38999938964844,102.5999984741211,102.83999633789062,49.157108306884766,234100,0.0,0.0,0.0
2007-08-20,102.86000061035156,103.70999908447266,102.86000061035156,103.58000183105469,49.5108528137207,129100,0.0,0.0,0.0
2007-08-21,103.5999984741211,103.91000366210938,103.47000122070312,103.79000091552734,49.61116027832031,104000,0.0,0.0,0.0
2007-08-22,103.79000091552734,104.0999984741211,103.55999755859375,104.0,49.711551666259766,102600,0.0,0.0,0.0
2007-08-23,103.93000030517578,104.25,103.66999816894531,104.05000305175781,49.73550033569336,88600,0.0,0.0,0.0
2007-08-24,104.36000061035156,104.36000061035156,103.7699966430664,104.27999877929688,49.84539794921875,231600,0.0,0.0,0.0
2007-08-27,104.44999694824219,104.55999755859375,104.0,104.0,49.711551666259766,82200,0.0,0.0,0.0
2007-08-28,104.45999908447266,104.88999938964844,104.20999908447266,104.88999938964844,50.13701248168945,145100,0.0,0.0,0.0
2007-08-29,105.1500015258789,105.1500015258789,104.41000366210938,104.41000366210938,49.90761184692383,63100,0.0,0.0,0.0
2007-08-30,104.69999694824219,104.80000305175781,104.43000030517578,104.72000122070312,50.05572509765625,155200,0.0,0.0,0.0
2007-08-31,104.30000305175781,105.31999969482422,103.88999938964844,105.20999908447266,50.28996658325195,290200,0.0,0.0,0.0
2007-09-04,104.58999633789062,104.5999984741211,104.16999816894531,104.48999786376953,50.17855453491211,148500,0.488,0.0,0.0
2007-09-05,104.55000305175781,104.91999816894531,104.05999755859375,104.9000015258789,50.375465393066406,69600,0.0,0.0,0.0
2007-09-06,104.81999969482422,104.83000183105469,104.4800033569336,104.66000366210938,50.260189056396484,106600,0.0,0.0,0.0
2007-09-07,104.61000061035156,105.30999755859375,104.61000061035156,105.2300033569336,50.53388977050781,102300,0.0,0.0,0.0
2007-09-10,105.0999984741211,105.66999816894531,104.9000015258789,105.54000091552734,50.682777404785156,118800,0.0,0.0,0.0
2007-09-11,105.0999984741211,105.43000030517578,104.91999816894531,104.93000030517578,50.389869689941406,98500,0.0,0.0,0.0
2007-09-12,104.88999938964844,104.97000122070312,104.4800033569336,104.5,50.18336486816406,94800,0.0,0.0,0.0
2007-09-13,104.52999877929688,104.58999633789062,104.19999694824219,104.3499984741211,50.11129379272461,134300,0.0,0.0,0.0
2007-09-14,104.62999725341797,104.86000061035156,104.20999908447266,104.63999938964844,50.25059127807617,83300,0.0,0.0,0.0
2007-09-17,104.0,104.63999938964844,104.0,104.5999984741211,50.23140335083008,70700,0.0,0.0,0.0
2007-09-18,104.5,104.95999908447266,104.0999984741211,104.8499984741211,50.35143280029297,78200,0.0,0.0,0.0
2007-09-19,104.43000030517578,104.72000122070312,104.11000061035156,104.2699966430664,50.07292556762695,141100,0.0,0.0,0.0
2007-09-20,103.9000015258789,104.68000030517578,103.80000305175781,104.08000183105469,49.981658935546875,113700,0.0,0.0,0.0
2007-09-21,104.25,104.80999755859375,104.0999984741211,104.56999969482422,50.21700668334961,103300,0.0,0.0,0.0
2007-09-24,104.83999633789062,105.08999633789062,104.31999969482422,105.08999633789062,50.4666748046875,64100,0.0,0.0,0.0
2007-09-25,104.94000244140625,105.33999633789062,104.91000366210938,105.02999877929688,50.43784713745117,78400,0.0,0.0,0.0
2007-09-26,105.37999725341797,105.4000015258789,104.76000213623047,105.29000091552734,50.562747955322266,111700,0.0,0.0,0.0
2007-09-27,105.29000091552734,105.6500015258789,104.83999633789062,105.55999755859375,50.69236755371094,65600,0.0,0.0,0.0
2007-09-28,105.83000183105469,105.8499984741211,105.19999694824219,105.48999786376953,50.6588020324707,95800,0.0,0.0,0.0
2007-10-01,105.81999969482422,105.81999969482422,104.2699966430664,104.33000183105469,50.332176208496094,1038900,0.483,0.0,0.0
2007-10-02,104.06999969482422,104.6500015258789,104.06999969482422,104.2300033569336,50.2839241027832,187300,0.0,0.0,0.0
2007-10-03,104.66999816894531,104.81999969482422,104.23999786376953,104.69999694824219,50.510677337646484,253900,0.0,0.0,0.0
2007-10-04,104.80999755859375,105.52999877929688,104.80999755859375,105.52999877929688,50.911094665527344,768400,0.0,0.0,0.0
2007-10-05,104.91000366210938,105.2699966430664,104.61000061035156,105.0999984741211,50.703636169433594,75200,0.0,0.0,0.0
2007-10-08,104.51000213623047,105.5199966430664,104.51000213623047,105.47000122070312,50.88212966918945,78100,0.0,0.0,0.0
2007-10-09,105.19999694824219,105.44999694824219,104.95999908447266,105.01000213623047,50.660221099853516,70200,0.0,0.0,0.0
2007-10-10,105.22000122070312,105.5199966430664,104.94000244140625,105.37999725341797,50.83871841430664,69200,0.0,0.0,0.0
2007-10-11,105.26000213623047,105.62999725341797,104.93000030517578,105.5999984741211,50.94485092163086,138700,0.0,0.0,0.0
2007-10-12,105.51000213623047,105.51000213623047,104.7699966430664,105.0199966430664,50.665069580078125,149400,0.0,0.0,0.0
2007-10-15,105.31999969482422,105.3499984741211,104.9000015258789,105.3499984741211,50.824241638183594,101700,0.0,0.0,0.0
2007-10-16,105.41999816894531,105.61000061035156,105.11000061035156,105.52999877929688,50.911094665527344,123700,0.0,0.0,0.0
2007-10-17,105.75,106.23999786376953,105.33999633789062,106.02999877929688,51.15229034423828,65900,0.0,0.0,0.0
2007-10-18,106.23999786376953,106.25,105.86000061035156,106.04000091552734,51.157127380371094,96800,0.0,0.0,0.0
2007-10-19,106.30000305175781,106.7300033569336,105.88999938964844,106.7300033569336,51.49002456665039,97700,0.0,0.0,0.0
2007-10-22,106.33999633789062,106.7300033569336,106.33999633789062,106.7300033569336,51.49002456665039,73100,0.0,0.0,0.0
2007-10-23,106.20999908447266,106.6500015258789,106.05999755859375,106.0999984741211,51.186073303222656,157500,0.0,0.0,0.0
2007-10-24,106.63999938964844,107.0,106.43000030517578,106.75,51.49967575073242,114900,0.0,0.0,0.0
2007-10-25,106.91000366210938,106.91000366210938,106.5,106.5,51.3790283203125,51400,0.0,0.0,0.0
2007-10-26,106.3499984741211,106.7699966430664,106.1500015258789,106.33000183105469,51.29704666137695,73500,0.0,0.0,0.0
2007-10-29,106.05000305175781,106.5999984741211,106.05000305175781,106.58000183105469,51.41762924194336,84200,0.0,0.0,0.0
2007-10-30,106.5199966430664,106.58999633789062,106.23999786376953,106.56999969482422,51.41282272338867,55400,0.0,0.0,0.0
2007-10-31,106.38999938964844,106.68000030517578,105.87999725341797,106.0199966430664,51.147457122802734,101100,0.0,0.0,0.0
2007-11-01,105.30000305175781,106.3499984741211,105.30000305175781,106.3499984741211,51.5380859375,70300,0.476,0.0,0.0
2007-11-02,105.9000015258789,106.45999908447266,105.61000061035156,105.69000244140625,51.21823501586914,132300,0.0,0.0,0.0
2007-11-05,106.2300033569336,106.2300033569336,105.8499984741211,105.94999694824219,51.3442268371582,60300,0.0,0.0,0.0
2007-11-06,105.41000366210938,105.77999877929688,105.30000305175781,105.30000305175781,51.02921676635742,82700,0.0,0.0,0.0
2007-11-07,105.54000091552734,105.6500015258789,105.16000366210938,105.2300033569336,50.995323181152344,93000,0.0,0.0,0.0
2007-11-08,105.55000305175781,105.5999984741211,105.20999908447266,105.4000015258789,51.07769012451172,174600,0.0,0.0,0.0
2007-11-09,105.69999694824219,105.9000015258789,105.30999755859375,105.87000274658203,51.30547332763672,42700,0.0,0.0,0.0
2007-11-12,104.87000274658203,105.83999633789062,104.87000274658203,105.83000183105469,51.286067962646484,89900,0.0,0.0,0.0
2007-11-13,105.76000213623047,105.76000213623047,105.0199966430664,105.30000305175781,51.02921676635742,112500,0.0,0.0,0.0
2007-11-14,105.22000122070312,105.36000061035156,104.8499984741211,104.8499984741211,50.811161041259766,102700,0.0,0.0,0.0
2007-11-15,105.2699966430664,105.4800033569336,105.01000213623047,105.25,51.00502014160156,88900,0.0,0.0,0.0
2007-11-16,105.12000274658203,105.56999969482422,105.12000274658203,105.26000213623047,51.00987243652344,72100,0.0,0.0,0.0
2007-11-19,105.55000305175781,106.2300033569336,105.30000305175781,106.06999969482422,51.40241241455078,73000,0.0,0.0,0.0
2007-11-20,105.87999725341797,105.9000015258789,105.4000015258789,105.4000015258789,51.07769012451172,77800,0.0,0.0,0.0
2007-11-21,105.98999786376953,106.30000305175781,105.79000091552734,106.13999938964844,51.436317443847656,269500,0.0,0.0,0.0
2007-11-23,105.88999938964844,106.02999877929688,105.61000061035156,105.61000061035156,51.17948913574219,49800,0.0,0.0,0.0
2007-11-26,106.05999755859375,107.48999786376953,105.75,107.36000061035156,52.027530670166016,142400,0.0,0.0,0.0
2007-11-27,105.93000030517578,106.75,105.93000030517578,106.44000244140625,51.581661224365234,280100,0.0,0.0,0.0
2007-11-28,106.05000305175781,106.80000305175781,105.66999816894531,105.69999694824219,51.22309112548828,152400,0.0,0.0,0.0
2007-11-29,106.47000122070312,106.75,105.9800033569336,106.0999984741211,51.41694641113281,134400,0.0,0.0,0.0
2007-11-30,105.55000305175781,106.62000274658203,105.22000122070312,106.62000274658203,51.66889190673828,1046100,0.0,0.0,0.0
2007-12-03,107.25,107.25,105.98999786376953,106.19999694824219,51.686912536621094,97900,0.457,0.0,0.0
2007-12-04,106.12000274658203,106.79000091552734,105.86000061035156,106.25,51.71129608154297,72800,0.0,0.0,0.0
2007-12-05,105.45999908447266,106.0,105.45999908447266,105.8499984741211,51.51658630371094,143900,0.0,0.0,0.0
2007-12-06,105.62000274658203,105.62000274658203,105.05000305175781,105.06999969482422,51.13694763183594,88500,0.0,0.0,0.0
2007-12-07,105.08000183105469,105.08000183105469,104.12999725341797,104.16999816894531,50.69892120361328,106800,0.0,0.0,0.0
2007-12-10,104.4800033569336,104.55999755859375,103.91999816894531,104.23999786376953,50.73299789428711,118000,0.0,0.0,0.0
2007-12-11,104.6500015258789,105.5999984741211,104.05000305175781,105.25,51.22454833984375,101100,0.0,0.0,0.0
2007-12-12,103.61000061035156,105.20999908447266,103.61000061035156,104.91999816894531,51.0639762878418,125700,0.0,0.0,0.0
2007-12-13,104.12999725341797,104.72000122070312,104.01000213623047,104.31999969482422,50.771934509277344,126700,0.0,0.0,0.0
2007-12-14,103.86000061035156,104.23999786376953,103.13999938964844,103.13999938964844,50.1976432800293,328500,0.0,0.0,0.0
2007-12-17,103.66999816894531,104.30000305175781,103.66999816894531,104.13999938964844,50.684322357177734,112400,0.0,0.0,0.0
2007-12-18,104.73999786376953,104.9000015258789,104.18000030517578,104.45999908447266,50.84008026123047,119100,0.0,0.0,0.0
2007-12-19,105.33999633789062,105.52999877929688,104.45999908447266,105.27999877929688,51.23918151855469,131400,0.0,0.0,0.0
2007-12-20,105.30999755859375,105.58999633789062,104.7699966430664,104.7699966430664,50.99094772338867,162800,0.0,0.0,0.0
2007-12-21,105.30999755859375,105.30999755859375,104.44000244140625,104.66000366210938,50.937416076660156,123200,0.0,0.0,0.0
2007-12-24,104.5,104.58999633789062,104.12000274658203,104.12999725341797,50.67947769165039,61700,0.0,0.0,0.0
2007-12-26,104.25,104.66000366210938,104.02999877929688,104.16000366210938,50.69408416748047,78900,0.0,0.0,0.0
2007-12-27,104.47000122070312,104.47000122070312,103.72000122070312,104.30999755859375,50.994747161865234,139400,0.465,0.0,0.0
2007-12-28,104.52999877929688,105.41999816894531,104.52999877929688,104.63999938964844,51.156063079833984,177600,0.0,0.0,0.0
2007-12-31,105.0,105.55999755859375,104.80000305175781,104.83999633789062,51.25384521484375,93900,0.0,0.0,0.0
2008-01-02,105.61000061035156,106.22000122070312,105.05999755859375,106.08000183105469,51.86003494262695,728300,0.0,0.0,0.0
2008-01-03,105.36000061035156,106.04000091552734,105.36000061035156,105.7300033569336,51.68893051147461,151300,0.0,0.0,0.0
2008-01-04,106.29000091552734,106.61000061035156,106.05000305175781,106.5999984741211,52.11426544189453,135900,0.0,0.0,0.0
2008-01-07,106.55000305175781,106.70999908447266,106.25,106.47000122070312,52.050682067871094,148300,0.0,0.0,0.0
2008-01-08,106.54000091552734,106.61000061035156,105.98999786376953,106.2699966430664,51.95290756225586,127100,0.0,0.0,0.0
2008-01-09,105.88999938964844,106.5,105.86000061035156,106.05000305175781,51.845375061035156,146200,0.0,0.0,0.0
2008-01-10,106.05999755859375,106.16999816894531,105.58999633789062,105.73999786376953,51.693817138671875,388300,0.0,0.0,0.0
2008-01-11,105.75,106.54000091552734,105.75,106.51000213623047,52.070289611816406,98800,0.0,0.0,0.0
2008-01-14,106.11000061035156,106.55999755859375,104.9800033569336,106.06999969482422,51.85515213012695,335000,0.0,0.0,0.0
2008-01-15,106.41000366210938,106.79000091552734,106.06999969482422,106.63999938964844,52.133811950683594,159800,0.0,0.0,0.0
2008-01-16,106.62000274658203,107.0999984741211,106.11000061035156,106.4800033569336,52.05558395385742,173400,0.0,0.0,0.0
2008-01-17,106.20999908447266,106.9800033569336,106.05999755859375,106.9800033569336,52.29998779296875,152700,0.0,0.0,0.0
2008-01-18,106.2300033569336,107.68000030517578,106.2300033569336,106.80000305175781,52.21205520629883,195800,0.0,0.0,0.0
2008-01-22,106.9800033569336,107.2699966430664,106.16000366210938,107.02999877929688,52.3244743347168,267100,0.0,0.0,0.0
2008-01-23,107.81999969482422,108.26000213623047,106.77999877929688,107.16999816894531,52.3929328918457,440200,0.0,0.0,0.0
2008-01-24,106.97000122070312,107.0,106.26000213623047,106.26000213623047,51.948036193847656,244400,0.0,0.0,0.0
2008-01-25,105.91000366210938,107.5,105.83000183105469,107.41000366210938,52.5102653503418,159700,0.0,0.0,0.0
2008-01-28,107.26000213623047,107.6500015258789,106.55000305175781,107.37999725341797,52.495601654052734,272100,0.0,0.0,0.0
2008-01-29,107.33999633789062,107.33999633789062,106.75,107.19999694824219,52.407623291015625,152000,0.0,0.0,0.0
2008-01-30,106.62000274658203,107.26000213623047,106.62000274658203,107.18000030517578,52.39783477783203,147200,0.0,0.0,0.0
2008-01-31,107.4000015258789,107.5999984741211,106.94000244140625,107.52999877929688,52.568878173828125,162900,0.0,0.0,0.0
2008-02-01,107.66999816894531,107.68000030517578,107.0,107.48999786376953,52.79188537597656,188500,0.494,0.0,0.0
2008-02-04,107.13999938964844,107.3499984741211,107.0,107.19999694824219,52.64949417114258,155800,0.0,0.0,0.0
2008-02-05,107.88999938964844,107.88999938964844,107.2300033569336,107.56999969482422,52.83119583129883,212400,0.0,0.0,0.0
2008-02-06,107.44999694824219,107.4800033569336,106.80999755859375,106.98999786376953,52.54633712768555,215000,0.0,0.0,0.0
2008-02-07,107.0,107.05999755859375,105.5,105.76000213623047,51.9422492980957,206400,0.0,0.0,0.0
2008-02-08,106.25,106.37999725341797,105.81999969482422,106.16000366210938,52.138671875,210000,0.0,0.0,0.0
2008-02-11,106.6500015258789,106.97000122070312,106.08999633789062,106.4800033569336,52.29585266113281,146100,0.0,0.0,0.0
2008-02-12,106.45999908447266,106.45999908447266,105.7300033569336,106.33000183105469,52.22216796875,270400,0.0,0.0,0.0
2008-02-13,105.9800033569336,106.20999908447266,105.25,105.26000213623047,51.6966552734375,200500,0.0,0.0,0.0
2008-02-14,105.51000213623047,105.62000274658203,104.73999786376953,105.02999877929688,51.583709716796875,172700,0.0,0.0,0.0
2008-02-15,105.55999755859375,105.55999755859375,104.98999786376953,105.37000274658203,51.750675201416016,179400,0.0,0.0,0.0
2008-02-19,104.87999725341797,105.20999908447266,104.19999694824219,104.33000183105469,51.23991394042969,220800,0.0,0.0,0.0
2008-02-20,104.31999969482422,104.61000061035156,104.0,104.55999755859375,51.35285186767578,151000,0.0,0.0,0.0
2008-02-21,104.83999633789062,105.37000274658203,104.5999984741211,105.27999877929688,51.70646286010742,264600,0.0,0.0,0.0
2008-02-22,105.2300033569336,105.38999938964844,104.4800033569336,104.87000274658203,51.505126953125,276800,0.0,0.0,0.0
2008-02-25,104.8499984741211,104.91999816894531,104.19999694824219,104.19999694824219,51.17607116699219,194200,0.0,0.0,0.0
2008-02-26,104.58000183105469,104.94999694824219,104.19999694824219,104.94999694824219,51.54440689086914,235600,0.0,0.0,0.0
2008-02-27,104.98999786376953,105.2300033569336,104.31999969482422,104.8499984741211,51.495296478271484,286900,0.0,0.0,0.0
2008-02-28,105.3499984741211,105.68000030517578,105.01000213623047,105.61000061035156,51.86854553222656,214400,0.0,0.0,0.0
2008-02-29,106.0,106.27999877929688,105.51000213623047,106.27999877929688,52.19759750366211,211800,0.0,0.0,0.0
2008-03-03,106.19999694824219,106.37000274658203,105.30999755859375,105.83000183105469,52.19662094116211,571400,0.448,0.0,0.0
2008-03-04,105.83000183105469,106.0199966430664,104.86000061035156,105.20999908447266,51.890811920166016,335900,0.0,0.0,0.0
2008-03-05,105.08000183105469,105.08000183105469,104.20999908447266,104.47000122070312,51.52583694458008,391400,0.0,0.0,0.0
2008-03-06,104.63999938964844,104.86000061035156,104.19000244140625,104.33000183105469,51.456809997558594,151600,0.0,0.0,0.0
2008-03-07,104.08000183105469,104.83999633789062,103.68000030517578,104.11000061035156,51.348297119140625,317200,0.0,0.0,0.0
2008-03-10,104.51000213623047,104.51000213623047,103.72000122070312,104.08999633789062,51.33842849731445,139400,0.0,0.0,0.0
2008-03-11,104.0,104.0,102.9000015258789,102.9000015258789,50.75152587890625,149700,0.0,0.0,0.0
2008-03-12,103.33999633789062,104.25,102.7699966430664,104.13999938964844,51.363128662109375,523400,0.0,0.0,0.0
2008-03-13,104.08000183105469,104.08000183105469,102.80000305175781,103.01000213623047,50.80577850341797,402100,0.0,0.0,0.0
2008-03-14,103.54000091552734,103.88999938964844,102.70999908447266,102.94999694824219,50.77617263793945,96200,0.0,0.0,0.0
2008-03-17,104.0,105.0,103.4800033569336,103.79000091552734,51.190486907958984,175400,0.0,0.0,0.0
2008-03-18,103.5,104.13999938964844,103.04000091552734,103.5999984741211,51.096744537353516,103700,0.0,0.0,0.0
2008-03-19,104.12000274658203,104.44000244140625,103.87000274658203,104.05000305175781,51.31871795654297,187400,0.0,0.0,0.0
2008-03-20,104.19999694824219,104.75,103.98999786376953,104.5999984741211,51.589969635009766,118100,0.0,0.0,0.0
2008-03-24,104.51000213623047,105.0,104.0,104.4000015258789,51.49130630493164,107100,0.0,0.0,0.0
2008-03-25,104.0999984741211,104.9800033569336,104.0999984741211,104.87000274658203,51.72315216064453,95300,0.0,0.0,0.0
2008-03-26,104.80000305175781,105.16999816894531,104.62999725341797,105.0,51.787254333496094,140500,0.0,0.0,0.0
2008-03-27,104.52999877929688,104.79000091552734,104.05999755859375,104.36000061035156,51.47161865234375,126900,0.0,0.0,0.0
2008-03-28,104.58000183105469,105.05000305175781,104.08000183105469,104.91999816894531,51.74784469604492,119900,0.0,0.0,0.0
2008-03-31,105.25,105.69999694824219,105.0,105.19999694824219,51.88591384887695,435100,0.0,0.0,0.0
2008-04-01,105.19000244140625,105.19000244140625,104.02999877929688,104.5199966430664,51.803165435791016,395100,0.513,0.0,0.0
2008-04-02,105.12000274658203,105.12000274658203,104.5,104.69999694824219,51.8923454284668,261400,0.0,0.0,0.0
2008-04-03,104.95999908447266,104.9800033569336,104.5,104.75,51.9171257019043,143700,0.0,0.0,0.0
2008-04-04,105.73999786376953,106.02999877929688,105.30999755859375,106.0199966430664,52.54661560058594,308700,0.0,0.0,0.0
2008-04-07,105.8499984741211,106.2300033569336,105.4000015258789,106.13999938964844,52.60605239868164,302900,0.0,0.0,0.0
2008-04-08,106.33999633789062,106.3499984741211,105.26000213623047,105.76000213623047,52.4177131652832,168100,0.0,0.0,0.0
2008-04-09,105.87000274658203,106.13999938964844,105.38999938964844,105.44999694824219,52.26402282714844,150000,0.0,0.0,0.0
2008-04-10,105.54000091552734,105.63999938964844,105.04000091552734,105.55000305175781,52.31367111206055,126600,0.0,0.0,0.0
2008-04-11,105.81999969482422,106.05000305175781,105.23999786376953,105.6500015258789,52.36320877075195,176800,0.0,0.0,0.0
2008-04-14,105.73999786376953,105.73999786376953,104.9000015258789,105.0,52.04106521606445,115500,0.0,0.0,0.0
2008-04-15,104.9800033569336,105.08999633789062,104.47000122070312,104.77999877929688,51.93198776245117,90200,0.0,0.0,0.0
2008-04-16,104.83999633789062,104.94999694824219,104.05999755859375,104.18000030517578,51.63460922241211,111400,0.0,0.0,0.0
2008-04-17,104.56999969482422,104.5999984741211,103.83000183105469,104.44999694824219,51.7684211730957,139800,0.0,0.0,0.0
2008-04-18,104.33000183105469,104.91999816894531,103.79000091552734,104.91000366210938,51.99646759033203,118200,0.0,0.0,0.0
2008-04-21,104.83999633789062,105.02999877929688,104.33000183105469,104.56999969482422,51.82793426513672,164600,0.0,0.0,0.0
2008-04-22,104.4000015258789,104.94999694824219,104.33999633789062,104.33999633789062,51.71391296386719,298500,0.0,0.0,0.0
2008-04-23,104.79000091552734,105.05000305175781,104.5199966430664,104.66000366210938,51.872528076171875,455600,0.0,0.0,0.0
2008-04-24,104.68000030517578,104.91000366210938,104.16999816894531,104.5199966430664,51.803165435791016,238600,0.0,0.0,0.0
2008-04-25,104.5999984741211,104.70999908447266,104.2300033569336,104.56999969482422,51.82793426513672,120100,0.0,0.0,0.0
2008-04-28,104.6500015258789,105.06999969482422,104.56999969482422,105.06999969482422,52.07573318481445,178400,0.0,0.0,0.0
2008-04-29,105.3499984741211,105.73999786376953,105.05000305175781,105.4000015258789,52.239280700683594,226700,0.0,0.0,0.0
2008-04-30,105.54000091552734,105.98999786376953,105.23999786376953,105.98999786376953,52.531715393066406,196500,0.0,0.0,0.0
2008-05-01,106.25,106.29000091552734,105.80000305175781,106.1500015258789,52.841854095458984,221300,0.463,0.0,0.0
2008-05-02,105.0,106.5199966430664,105.0,105.52999877929688,52.53322219848633,236900,0.0,0.0,0.0
2008-05-05,105.5999984741211,105.98999786376953,105.51000213623047,105.68000030517578,52.607887268066406,129900,0.0,0.0,0.0
2008-05-06,106.0,106.0199966430664,105.0,105.0,52.26936721801758,143500,0.0,0.0,0.0
2008-05-07,105.25,105.37999725341797,104.54000091552734,105.27999877929688,52.40876388549805,401700,0.0,0.0,0.0
2008-05-08,105.5199966430664,105.83000183105469,105.26000213623047,105.75,52.642696380615234,139700,0.0,0.0,0.0
2008-05-09,105.91000366210938,105.9800033569336,105.54000091552734,105.75,52.642696380615234,225400,0.0,0.0,0.0
2008-05-12,106.37999725341797,106.37999725341797,105.58999633789062,105.6500015258789,52.592926025390625,205100,0.0,0.0,0.0
2008-05-13,105.30000305175781,105.5,104.93000030517578,105.05000305175781,52.294227600097656,276300,0.0,0.0,0.0
2008-05-14,105.29000091552734,105.3499984741211,104.70999908447266,105.11000061035156,52.324119567871094,324000,0.0,0.0,0.0
2008-05-15,105.13999938964844,105.80999755859375,105.05999755859375,105.80999755859375,52.67259216308594,243800,0.0,0.0,0.0
2008-05-16,105.5199966430664,106.23999786376953,105.44000244140625,105.66999816894531,52.602909088134766,155300,0.0,0.0,0.0
2008-05-19,105.91999816894531,106.0,105.44999694824219,105.69000244140625,52.61287307739258,206100,0.0,0.0,0.0
2008-05-20,105.91999816894531,106.0199966430664,105.5199966430664,105.7300033569336,52.63277053833008,159600,0.0,0.0,0.0
2008-05-21,105.55999755859375,105.75,105.13999938964844,105.2699966430664,52.403785705566406,184600,0.0,0.0,0.0
2008-05-22,104.87000274658203,105.0,103.77999877929688,104.11000061035156,51.826297760009766,219600,0.0,0.0,0.0
2008-05-23,104.36000061035156,104.62000274658203,104.08000183105469,104.58999633789062,52.06524658203125,129500,0.0,0.0,0.0
2008-05-27,104.31999969482422,104.5,103.87000274658203,103.95999908447266,51.751651763916016,150300,0.0,0.0,0.0
2008-05-28,103.7699966430664,103.87000274658203,103.2300033569336,103.29000091552734,51.418094635009766,151200,0.0,0.0,0.0
2008-05-29,103.16000366210938,103.16000366210938,102.66999816894531,102.79000091552734,51.16923141479492,159000,0.0,0.0,0.0
2008-05-30,103.2699966430664,103.38999938964844,103.02999877929688,103.19999694824219,51.37334442138672,171900,0.0,0.0,0.0
2008-06-02,102.52999877929688,103.51000213623047,102.29000091552734,103.08000183105469,51.54987335205078,151900,0.473,0.0,0.0
2008-06-03,103.44000244140625,103.5999984741211,102.5999984741211,103.4800033569336,51.74988555908203,149300,0.0,0.0,0.0
2008-06-04,103.83999633789062,103.83999633789062,103.01000213623047,103.16000366210938,51.5898551940918,127600,0.0,0.0,0.0
2008-06-05,102.75,103.01000213623047,102.5999984741211,102.61000061035156,51.314796447753906,118700,0.0,0.0,0.0
2008-06-06,103.02999877929688,103.61000061035156,103.02999877929688,103.12000274658203,51.569854736328125,118900,0.0,0.0,0.0
2008-06-09,103.13999938964844,103.38999938964844,102.72000122070312,103.02999877929688,51.52488327026367,124200,0.0,0.0,0.0
2008-06-10,103.0,103.16000366210938,102.25,102.44000244140625,51.22979736328125,135900,0.0,0.0,0.0
2008-06-11,102.48999786376953,102.83999633789062,101.91999816894531,102.4000015258789,51.209815979003906,230800,0.0,0.0,0.0
2008-06-12,101.56999969482422,102.19999694824219,101.5199966430664,101.52999877929688,50.774723052978516,189800,0.0,0.0,0.0
2008-06-13,101.75,102.0,100.91000366210938,101.0,50.50967788696289,215900,0.0,0.0,0.0
2008-06-16,101.6500015258789,101.6500015258789,101.06999969482422,101.36000061035156,50.689666748046875,123500,0.0,0.0,0.0
2008-06-17,101.8499984741211,101.94999694824219,101.47000122070312,101.69000244140625,50.854740142822266,271500,0.0,0.0,0.0
2008-06-18,102.02999877929688,102.25,101.7699966430664,102.19999694824219,51.1097526550293,300100,0.0,0.0,0.0
2008-06-19,101.93000030517578,102.11000061035156,101.38999938964844,101.66999816894531,50.844730377197266,98000,0.0,0.0,0.0
2008-06-20,101.9000015258789,102.06999969482422,101.5,101.7300033569336,50.87472152709961,74000,0.0,0.0,0.0
2008-06-23,101.68000030517578,102.0199966430664,101.41999816894531,101.69000244140625,50.854740142822266,128800,0.0,0.0,0.0
2008-06-24,101.81999969482422,102.02999877929688,101.45999908447266,101.62999725341797,50.824710845947266,153200,0.0,0.0,0.0
2008-06-25,101.81999969482422,102.11000061035156,100.91000366210938,101.70999908447266,50.864723205566406,228400,0.0,0.0,0.0
2008-06-26,102.44000244140625,102.5,101.68000030517578,101.79000091552734,50.904754638671875,342300,0.0,0.0,0.0
2008-06-27,101.94000244140625,102.01000213623047,101.47000122070312,101.69000244140625,50.854740142822266,203700,0.0,0.0,0.0
2008-06-30,101.97000122070312,102.04000091552734,101.4000015258789,101.4000015258789,50.709747314453125,97700,0.0,0.0,0.0
2008-07-01,101.63999938964844,101.7300033569336,100.83999633789062,100.91999816894531,50.68657302856445,308700,0.434,0.0,0.0
2008-07-02,101.1500015258789,101.37999725341797,100.72000122070312,100.8499984741211,50.65140914916992,212300,0.0,0.0,0.0
2008-07-03,100.94999694824219,101.0999984741211,100.61000061035156,100.72000122070312,50.58613586425781,49900,0.0,0.0,0.0
2008-07-07,101.36000061035156,101.37000274658203,100.5999984741211,101.19000244140625,50.82221984863281,367800,0.0,0.0,0.0
2008-07-08,100.8499984741211,101.76000213623047,100.77999877929688,101.73999786376953,51.09843444824219,352100,0.0,0.0,0.0
2008-07-09,101.7699966430664,102.06999969482422,101.2300033569336,101.80999755859375,51.13359451293945,135300,0.0,0.0,0.0
2008-07-10,101.37000274658203,101.9000015258789,100.9000015258789,101.2300033569336,50.84228515625,275700,0.0,0.0,0.0
2008-07-11,101.52999877929688,101.52999877929688,100.36000061035156,100.44999694824219,50.45054244995117,159400,0.0,0.0,0.0
2008-07-14,101.4000015258789,101.44999694824219,100.36000061035156,100.5,50.475643157958984,207300,0.0,0.0,0.0
2008-07-15,100.0999984741211,100.94999694824219,100.0999984741211,100.4800033569336,50.4655876159668,145800,0.0,0.0,0.0
2008-07-16,100.5,100.5999984741211,99.5,99.69000244140625,50.068782806396484,264100,0.0,0.0,0.0
2008-07-17,100.16000366210938,100.16000366210938,98.91000366210938,99.3499984741211,49.8980712890625,195900,0.0,0.0,0.0
2008-07-18,98.91000366210938,99.80000305175781,98.91000366210938,99.16999816894531,49.807655334472656,175200,0.0,0.0,0.0
2008-07-21,99.05999755859375,99.87999725341797,99.0199966430664,99.27999877929688,49.86289978027344,217000,0.0,0.0,0.0
2008-07-22,99.33999633789062,100.05000305175781,99.33999633789062,99.91999816894531,50.18435287475586,713000,0.0,0.0,0.0
2008-07-23,99.7699966430664,99.94999694824219,99.26000213623047,99.56999969482422,50.00856399536133,232300,0.0,0.0,0.0
2008-07-24,99.9000015258789,100.47000122070312,99.66999816894531,100.44999694824219,50.45054244995117,92000,0.0,0.0,0.0
2008-07-25,100.04000091552734,100.22000122070312,99.69999694824219,99.91999816894531,50.18435287475586,148000,0.0,0.0,0.0
2008-07-28,100.08999633789062,100.73999786376953,100.08999633789062,100.5,50.475643157958984,264700,0.0,0.0,0.0
2008-07-29,100.27999877929688,100.33999633789062,99.94999694824219,100.25,50.35008239746094,135000,0.0,0.0,0.0
2008-07-30,100.30000305175781,100.80999755859375,100.02999877929688,100.7300033569336,50.59119415283203,293100,0.0,0.0,0.0
2008-07-31,100.55000305175781,101.36000061035156,100.55000305175781,101.36000061035156,50.9075813293457,1078000,0.0,0.0,0.0
2008-08-01,100.88999938964844,101.0999984741211,100.11000061035156,100.52999877929688,50.72391128540039,109800,0.466,0.0,0.0
2008-08-04,100.5,100.73999786376953,100.12999725341797,100.54000091552734,50.72895812988281,244200,0.0,0.0,0.0
2008-08-05,100.11000061035156,100.45999908447266,100.0999984741211,100.0999984741211,50.506961822509766,113300,0.0,0.0,0.0
2008-08-06,100.4000015258789,100.4000015258789,100.02999877929688,100.25,50.58264923095703,280700,0.0,0.0,0.0
2008-08-07,100.33000183105469,101.13999938964844,100.22000122070312,101.08000183105469,51.00141906738281,169800,0.0,0.0,0.0
2008-08-08,101.05999755859375,101.19999694824219,100.7300033569336,101.18000030517578,51.05189895629883,356000,0.0,0.0,0.0
2008-08-11,101.44000244140625,101.44000244140625,100.29000091552734,100.72000122070312,50.81978225708008,170000,0.0,0.0,0.0
2008-08-12,101.12000274658203,101.33000183105469,100.75,101.33000183105469,51.12760925292969,188800,0.0,0.0,0.0
2008-08-13,101.05000305175781,101.30000305175781,100.5,100.80000305175781,50.860107421875,141400,0.0,0.0,0.0
2008-08-14,101.1500015258789,101.27999877929688,100.55999755859375,101.08999633789062,51.00645065307617,219100,0.0,0.0,0.0
2008-08-15,101.33000183105469,101.4000015258789,100.91999816894531,101.31999969482422,51.12253952026367,116600,0.0,0.0,0.0
2008-08-18,101.0,101.36000061035156,101.0,101.36000061035156,51.142723083496094,107900,0.0,0.0,0.0
2008-08-19,101.41000366210938,101.41000366210938,101.0,101.19999694824219,51.062007904052734,160300,0.0,0.0,0.0
2008-08-20,100.80999755859375,101.27999877929688,100.62000274658203,101.20999908447266,51.066986083984375,509200,0.0,0.0,0.0
2008-08-21,101.30999755859375,101.30999755859375,100.52999877929688,100.61000061035156,50.76430130004883,234600,0.0,0.0,0.0
2008-08-22,101.1500015258789,101.1500015258789,100.08000183105469,100.6500015258789,50.78445053100586,187300,0.0,0.0,0.0
2008-08-25,101.31999969482422,101.37000274658203,101.04000091552734,101.30000305175781,51.11245346069336,101700,0.0,0.0,0.0
2008-08-26,101.22000122070312,101.51000213623047,100.91000366210938,101.41999816894531,51.17296600341797,727400,0.0,0.0,0.0
2008-08-27,100.87000274658203,101.30999755859375,100.72000122070312,101.26000213623047,51.09226989746094,164600,0.0,0.0,0.0
2008-08-28,101.27999877929688,101.27999877929688,100.83999633789062,101.23999786376953,51.08213424682617,143900,0.0,0.0,0.0
2008-08-29,101.56999969482422,101.56999969482422,100.06999969482422,101.04000091552734,50.98122787475586,535000,0.0,0.0,0.0
2008-09-02,100.88999938964844,101.26000213623047,100.33999633789062,100.9800033569336,51.182464599609375,134200,0.457,0.0,0.0
2008-09-03,101.18000030517578,101.37000274658203,100.9000015258789,101.18000030517578,51.28385925292969,225200,0.0,0.0,0.0
2008-09-04,101.01000213623047,101.37999725341797,100.7300033569336,101.20999908447266,51.29901885986328,333900,0.0,0.0,0.0
2008-09-05,101.52999877929688,101.69000244140625,101.01000213623047,101.11000061035156,51.24835968017578,119600,0.0,0.0,0.0
2008-09-08,101.22000122070312,101.66000366210938,100.81999969482422,101.27999877929688,51.33454513549805,356400,0.0,0.0,0.0
2008-09-09,101.3499984741211,101.83999633789062,101.05999755859375,101.62999725341797,51.511940002441406,263600,0.0,0.0,0.0
2008-09-10,100.81999969482422,101.91999816894531,100.80999755859375,101.58999633789062,51.49163818359375,834400,0.0,0.0,0.0
2008-09-11,100.47000122070312,101.18000030517578,100.44000244140625,100.80000305175781,51.091209411621094,438100,0.0,0.0,0.0
2008-09-12,100.43000030517578,100.52999877929688,99.72000122070312,100.02999877929688,50.70097351074219,226600,0.0,0.0,0.0
2008-09-15,100.08999633789062,100.08999633789062,98.05999755859375,99.29000091552734,50.3259162902832,227400,0.0,0.0,0.0
2008-09-16,97.7300033569336,98.93000030517578,90.88999938964844,92.98999786376953,47.132694244384766,2894600,0.0,0.0,0.0
2008-09-17,93.13999938964844,93.7300033569336,85.04000091552734,88.7300033569336,44.9735107421875,993700,0.0,0.0,0.0
2008-09-18,89.33999633789062,92.93000030517578,87.0,89.94000244140625,45.58677673339844,800200,0.0,0.0,0.0
2008-09-19,92.55999755859375,93.48999786376953,91.75,92.75,47.01102066040039,818900,0.0,0.0,0.0
2008-09-22,93.93000030517578,94.16000366210938,92.01000213623047,93.30000305175781,47.289798736572266,862000,0.0,0.0,0.0
2008-09-23,93.63999938964844,93.94999694824219,92.19000244140625,92.33999633789062,46.803226470947266,311900,0.0,0.0,0.0
2008-09-24,93.63999938964844,93.63999938964844,91.7300033569336,92.0999984741211,46.68157958984375,207800,0.0,0.0,0.0
2008-09-25,91.87999725341797,92.69000244140625,91.75,92.5,46.88429260253906,365500,0.0,0.0,0.0
2008-09-26,91.69999694824219,92.0,87.25,90.0,45.6171875,513400,0.0,0.0,0.0
2008-09-29,88.5,89.48999786376953,80.0,81.80000305175781,41.46092987060547,787300,0.0,0.0,0.0
2008-09-30,85.9000015258789,89.79000091552734,85.0999984741211,89.79000091552734,45.5107307434082,905100,0.0,0.0,0.0
2008-10-01,88.68000030517578,90.30000305175781,87.52999877929688,90.20999908447266,45.93079376220703,639700,0.405,0.0,0.0
2008-10-02,88.30000305175781,89.70999908447266,88.0,88.9000015258789,45.2637825012207,340400,0.0,0.0,0.0
2008-10-03,90.1500015258789,90.1500015258789,88.11000061035156,88.86000061035156,45.24340057373047,273400,0.0,0.0,0.0
2008-10-06,88.5999984741211,88.9000015258789,84.44999694824219,87.83000183105469,44.719017028808594,380800,0.0,0.0,0.0
2008-10-07,88.0,91.36000061035156,88.0,89.47000122070312,45.554012298583984,581200,0.0,0.0,0.0
2008-10-08,87.4800033569336,89.9800033569336,86.30000305175781,88.83000183105469,45.22817611694336,524800,0.0,0.0,0.0
2008-10-09,89.9000015258789,89.9000015258789,84.75,86.45999908447266,44.021488189697266,353900,0.0,0.0,0.0
2008-10-10,80.0,87.0,76.05000305175781,81.69999694824219,41.59789276123047,905400,0.0,0.0,0.0
2008-10-13,79.56999969482422,87.19999694824219,79.56999969482422,86.19999694824219,43.88908386230469,481100,0.0,0.0,0.0
2008-10-14,90.5,91.23999786376953,84.02999877929688,84.8499984741211,43.201744079589844,610300,0.0,0.0,0.0
2008-10-15,83.80000305175781,86.97000122070312,83.52999877929688,84.8499984741211,43.201744079589844,238900,0.0,0.0,0.0
2008-10-16,86.0999984741211,88.06999969482422,84.94999694824219,85.73999786376953,43.65486145019531,221500,0.0,0.0,0.0
2008-10-17,86.0,86.87000274658203,84.23999786376953,85.01000213623047,43.2831916809082,494800,0.0,0.0,0.0
2008-10-20,86.1500015258789,87.83999633789062,85.5,87.5999984741211,44.601898193359375,945600,0.0,0.0,0.0
2008-10-21,87.77999877929688,88.9000015258789,86.51000213623047,88.47000122070312,45.04486846923828,1048700,0.0,0.0,0.0
2008-10-22,87.26000213623047,88.37000274658203,86.01000213623047,87.44999694824219,44.52555465698242,691500,0.0,0.0,0.0
2008-10-23,87.70999908447266,88.69000244140625,87.6500015258789,88.0,44.80556869506836,1166100,0.0,0.0,0.0
2008-10-24,86.0,88.5,86.0,88.3499984741211,44.98375701904297,1777300,0.0,0.0,0.0
2008-10-27,87.98999786376953,87.98999786376953,86.93000030517578,87.77999877929688,44.69352340698242,975300,0.0,0.0,0.0
2008-10-28,87.8499984741211,88.16000366210938,86.54000091552734,87.19999694824219,44.39826202392578,732000,0.0,0.0,0.0
2008-10-29,86.4000015258789,89.23999786376953,86.0,88.66999816894531,45.146705627441406,1970600,0.0,0.0,0.0
2008-10-30,88.66999816894531,89.05000305175781,88.0,88.01000213623047,44.810646057128906,1219400,0.0,0.0,0.0
2008-10-31,88.73999786376953,88.73999786376953,87.0999984741211,87.6500015258789,44.62734603881836,636300,0.0,0.0,0.0
2008-11-03,87.5,88.08999633789062,87.19999694824219,87.93000030517578,44.99320602416992,374200,0.435,0.0,0.0
2008-11-04,88.30000305175781,89.13999938964844,88.0,88.52999877929688,45.30021667480469,1376400,0.0,0.0,0.0
2008-11-05,88.6500015258789,90.44999694824219,88.6500015258789,90.25,46.18035888671875,654400,0.0,0.0,0.0
2008-11-06,90.94999694824219,91.12000274658203,90.01000213623047,90.87000274658203,46.49760818481445,2814300,0.0,0.0,0.0
2008-11-07,90.6500015258789,91.18000030517578,90.0999984741211,90.2300033569336,46.17009353637695,2126600,0.0,0.0,0.0
2008-11-10,90.16000366210938,90.66000366210938,89.73999786376953,90.2699966430664,46.190589904785156,452100,0.0,0.0,0.0
2008-11-11,90.66000366210938,91.62000274658203,90.30000305175781,90.55999755859375,46.3389778137207,621000,0.0,0.0,0.0
2008-11-12,90.18000030517578,90.6500015258789,90.18000030517578,90.54000091552734,46.328731536865234,1815700,0.0,0.0,0.0
2008-11-13,90.4000015258789,90.44999694824219,89.5,89.91999816894531,46.01149368286133,858300,0.0,0.0,0.0
2008-11-14,89.41000366210938,90.2300033569336,87.0,89.9000015258789,46.00127410888672,409400,0.0,0.0,0.0
2008-11-17,90.48999786376953,90.5999984741211,90.0,90.55000305175781,46.33387756347656,360300,0.0,0.0,0.0
2008-11-18,90.22000122070312,91.16999816894531,90.22000122070312,90.66000366210938,46.390159606933594,450300,0.0,0.0,0.0
2008-11-19,90.7699966430664,91.11000061035156,90.30999755859375,90.80000305175781,46.4617805480957,487200,0.0,0.0,0.0
2008-11-20,91.06999969482422,91.93000030517578,89.6500015258789,89.80999755859375,45.95521545410156,756600,0.0,0.0,0.0
2008-11-21,90.5999984741211,91.38999938964844,89.9000015258789,90.8499984741211,46.48735046386719,756500,0.0,0.0,0.0
2008-11-24,91.75,92.02999877929688,90.01000213623047,90.44999694824219,46.282684326171875,1088800,0.0,0.0,0.0
2008-11-25,91.2300033569336,91.44000244140625,90.13999938964844,90.87999725341797,46.50270462036133,1002200,0.0,0.0,0.0
2008-11-26,91.33000183105469,91.33000183105469,90.01000213623047,90.4000015258789,46.25708770751953,2219400,0.0,0.0,0.0
2008-11-28,90.98999786376953,91.0999984741211,90.0999984741211,90.13999938964844,46.12406539916992,825200,0.0,0.0,0.0
2008-12-01,90.98999786376953,91.1500015258789,89.5199966430664,91.08999633789062,46.84508514404297,1636600,0.452,0.0,0.0
2008-12-02,91.3499984741211,92.0999984741211,90.8499984741211,91.77999877929688,47.199893951416016,949600,0.0,0.0,0.0
2008-12-03,92.30000305175781,92.41999816894531,91.30000305175781,92.41999816894531,47.529048919677734,739000,0.0,0.0,0.0
2008-12-04,91.76000213623047,92.77999877929688,91.72000122070312,92.51000213623047,47.5753288269043,1064600,0.0,0.0,0.0
2008-12-05,92.05000305175781,92.41999816894531,91.51000213623047,91.87999725341797,47.25132369995117,1339700,0.0,0.0,0.0
2008-12-08,92.30000305175781,93.19000244140625,92.0,92.83000183105469,47.73991394042969,1697800,0.0,0.0,0.0
2008-12-09,92.98999786376953,93.5199966430664,92.75,93.45999908447266,48.06391143798828,1440300,0.0,0.0,0.0
2008-12-10,93.16000366210938,93.68000030517578,92.87999725341797,93.68000030517578,48.177024841308594,807200,0.0,0.0,0.0
2008-12-11,93.94999694824219,94.12999725341797,93.25,94.0,48.34163284301758,950400,0.0,0.0,0.0
2008-12-12,94.0999984741211,94.52999877929688,93.26000213623047,94.51000213623047,48.60386657714844,945300,0.0,0.0,0.0
2008-12-15,94.3499984741211,94.5199966430664,94.0999984741211,94.4800033569336,48.588443756103516,906000,0.0,0.0,0.0
2008-12-16,96.41999816894531,96.47000122070312,94.29000091552734,96.41999816894531,49.58613204956055,1581500,0.0,0.0,0.0
2008-12-17,97.27999877929688,98.31999969482422,97.0,97.8499984741211,50.321563720703125,2113300,0.0,0.0,0.0
2008-12-18,98.81999969482422,100.9800033569336,98.66999816894531,100.22000122070312,51.54035568237305,2787900,0.0,0.0,0.0
2008-12-19,99.06999969482422,100.06999969482422,98.0999984741211,98.7300033569336,50.77412414550781,1669000,0.0,0.0,0.0
2008-12-22,99.7300033569336,100.0999984741211,99.0,99.91999816894531,51.386104583740234,2562500,0.0,0.0,0.0
2008-12-23,99.44999694824219,100.43000030517578,99.4000015258789,100.25,51.55580139160156,1677900,0.0,0.0,0.0
2008-12-24,99.66000366210938,101.75,99.61000061035156,100.5,51.68434143066406,886300,0.0,0.0,0.0
2008-12-26,100.0999984741211,100.91999816894531,100.0999984741211,100.69000244140625,51.78205490112305,515500,0.0,0.0,0.0
2008-12-29,100.19000244140625,100.98999786376953,100.08999633789062,100.58000183105469,51.943241119384766,1503900,0.422,0.0,0.0
2008-12-30,100.16999816894531,101.45999908447266,100.16999816894531,101.45999908447266,52.39768981933594,1129400,0.0,0.0,0.0
2008-12-31,101.36000061035156,101.75,100.41000366210938,101.6500015258789,52.49580764770508,1232800,0.0,0.0,0.0
2009-01-02,101.5,101.66000366210938,100.48999786376953,100.61000061035156,51.95869827270508,1095800,0.0,0.0,0.0
2009-01-05,100.1500015258789,101.73999786376953,100.0999984741211,101.30000305175781,52.315025329589844,2938400,0.0,0.0,0.0
2009-01-06,101.25,101.87000274658203,100.69999694824219,101.47000122070312,52.402835845947266,2036600,0.0,0.0,0.0
2009-01-07,101.23999786376953,101.29000091552734,100.25,100.62000274658203,51.96385192871094,1675100,0.0,0.0,0.0
2009-01-08,100.5999984741211,101.3499984741211,100.55000305175781,101.33999633789062,52.33567810058594,1445200,0.0,0.0,0.0
2009-01-09,101.62000274658203,102.5999984741211,101.3499984741211,102.5999984741211,52.98638153076172,2232600,0.0,0.0,0.0
2009-01-12,102.19999694824219,102.43000030517578,101.5999984741211,102.06999969482422,52.712703704833984,1053300,0.0,0.0,0.0
2009-01-13,101.62000274658203,101.88999938964844,101.4000015258789,101.8499984741211,52.59907913208008,1165400,0.0,0.0,0.0
2009-01-14,101.66999816894531,101.94999694824219,100.5199966430664,101.4000015258789,52.3667106628418,2006000,0.0,0.0,0.0
2009-01-15,101.4000015258789,101.68000030517578,100.9000015258789,101.5999984741211,52.46997833251953,2086000,0.0,0.0,0.0
2009-01-16,100.95999908447266,101.62999725341797,100.51000213623047,101.5999984741211,52.46997833251953,1484300,0.0,0.0,0.0
2009-01-20,101.12999725341797,101.44999694824219,100.01000213623047,100.0999984741211,51.6953239440918,1458600,0.0,0.0,0.0
2009-01-21,100.01000213623047,100.22000122070312,99.0999984741211,99.5999984741211,51.437110900878906,1845200,0.0,0.0,0.0
2009-01-22,99.68000030517578,99.70999908447266,98.29000091552734,99.2300033569336,51.246028900146484,1310800,0.0,0.0,0.0
2009-01-23,98.05999755859375,98.88999938964844,98.05999755859375,98.56999969482422,50.90513610839844,1353600,0.0,0.0,0.0
2009-01-26,98.20999908447266,98.75,97.31999969482422,97.69000244140625,50.45072937011719,1641000,0.0,0.0,0.0
2009-01-27,98.20999908447266,99.87999725341797,98.05000305175781,99.52999877929688,51.40094757080078,1628700,0.0,0.0,0.0
2009-01-28,100.23999786376953,101.0,99.66000366210938,100.31999969482422,51.80894088745117,1436500,0.0,0.0,0.0
2009-01-29,99.94000244140625,100.58999633789062,99.08999633789062,99.12000274658203,51.189247131347656,1098000,0.0,0.0,0.0
2009-01-30,99.5,100.4000015258789,99.30000305175781,99.81999969482422,51.55073547363281,1373200,0.0,0.0,0.0
2009-02-02,98.98999786376953,99.5999984741211,98.80000305175781,98.8499984741211,51.30216598510742,1616700,0.491,0.0,0.0
2009-02-03,98.98999786376953,98.98999786376953,98.25,98.5199966430664,51.1308708190918,1799100,0.0,0.0,0.0
2009-02-04,98.51000213623047,98.79000091552734,98.4000015258789,98.55999755859375,51.15163040161133,4207300,0.0,0.0,0.0
2009-02-05,98.69999694824219,98.70999908447266,97.5999984741211,97.69999694824219,50.705299377441406,1820400,0.0,0.0,0.0
2009-02-06,97.72000122070312,98.41000366210938,97.51000213623047,98.27999877929688,51.0063362121582,1855200,0.0,0.0,0.0
2009-02-09,98.0999984741211,98.5199966430664,97.69999694824219,98.45999908447266,51.09970474243164,872900,0.0,0.0,0.0
2009-02-10,98.16000366210938,99.16999816894531,98.16000366210938,98.94000244140625,51.348819732666016,1109400,0.0,0.0,0.0
2009-02-11,99.29000091552734,99.66000366210938,99.0,99.27999877929688,51.525291442871094,1118500,0.0,0.0,0.0
2009-02-12,99.44999694824219,99.7300033569336,99.12000274658203,99.36000061035156,51.566768646240234,1050400,0.0,0.0,0.0
2009-02-13,99.05000305175781,99.33000183105469,98.19999694824219,98.5999984741211,51.1723747253418,1249600,0.0,0.0,0.0
2009-02-17,99.0,99.44000244140625,98.58000183105469,99.13999938964844,51.452613830566406,1136200,0.0,0.0,0.0
2009-02-18,99.36000061035156,99.37999725341797,98.55999755859375,98.6500015258789,51.19835662841797,1288600,0.0,0.0,0.0
2009-02-19,97.87999725341797,98.63999938964844,97.22000122070312,97.83999633789062,50.77794647216797,1349200,0.0,0.0,0.0
2009-02-20,97.51000213623047,97.6500015258789,96.63999938964844,97.43000030517578,50.565162658691406,2035700,0.0,0.0,0.0
2009-02-23,96.9800033569336,97.19999694824219,96.5999984741211,97.0999984741211,50.39387512207031,1171500,0.0,0.0,0.0
2009-02-24,97.37000274658203,97.7300033569336,96.5199966430664,96.75,50.21226119995117,1777200,0.0,0.0,0.0
2009-02-25,96.91000366210938,96.94000244140625,95.0,95.43000030517578,49.52717590332031,2134700,0.0,0.0,0.0
2009-02-26,95.43000030517578,95.43000030517578,94.81999969482422,94.81999969482422,49.21062088012695,1365800,0.0,0.0,0.0
2009-02-27,94.80999755859375,95.05000305175781,94.0,94.16000366210938,48.868045806884766,1583900,0.0,0.0,0.0
2009-03-02,94.27999877929688,94.48999786376953,93.04000091552734,93.69000244140625,48.87434387207031,1936200,0.482,0.0,0.0
2009-03-03,93.75,93.9800033569336,92.8499984741211,93.18000030517578,48.6082878112793,1375700,0.0,0.0,0.0
2009-03-04,93.22000122070312,93.44000244140625,93.0,93.1500015258789,48.5926628112793,1186600,0.0,0.0,0.0
2009-03-05,92.91000366210938,93.6500015258789,92.51000213623047,92.9000015258789,48.46222686767578,1645100,0.0,0.0,0.0
2009-03-06,93.36000061035156,94.04000091552734,92.80000305175781,93.0999984741211,48.566558837890625,1349600,0.0,0.0,0.0
2009-03-09,92.87999725341797,93.23999786376953,90.51000213623047,90.54000091552734,47.2310676574707,2680200,0.0,0.0,0.0
2009-03-10,91.25,91.98999786376953,91.0,91.8499984741211,47.91444778442383,2112800,0.0,0.0,0.0
2009-03-11,92.01000213623047,92.01000213623047,91.0,91.87999725341797,47.93009567260742,2179000,0.0,0.0,0.0
2009-03-12,91.72000122070312,91.98999786376953,91.38999938964844,91.80000305175781,47.888397216796875,1108400,0.0,0.0,0.0
2009-03-13,92.05999755859375,92.72000122070312,91.79000091552734,92.6500015258789,48.33180236816406,1547000,0.0,0.0,0.0
2009-03-16,92.33999633789062,92.9000015258789,92.1500015258789,92.77999877929688,48.39963912963867,959300,0.0,0.0,0.0
2009-03-17,92.76000213623047,92.94999694824219,92.2300033569336,92.52999877929688,48.26919937133789,1909700,0.0,0.0,0.0
2009-03-18,92.55999755859375,95.37000274658203,92.23999786376953,94.5,49.2968864440918,1934400,0.0,0.0,0.0
2009-03-19,95.0,97.70999908447266,94.33000183105469,94.69999694824219,49.401214599609375,4319900,0.0,0.0,0.0
2009-03-20,95.04000091552734,95.58000183105469,93.55000305175781,93.73999786376953,48.900413513183594,1293200,0.0,0.0,0.0
2009-03-23,93.8499984741211,94.2699966430664,93.6500015258789,94.02999877929688,49.05166244506836,1631700,0.0,0.0,0.0
2009-03-24,93.56999969482422,93.69000244140625,93.0999984741211,93.0999984741211,48.566558837890625,1220100,0.0,0.0,0.0
2009-03-25,93.44999694824219,93.5199966430664,92.47000122070312,92.6500015258789,48.33180236816406,1392700,0.0,0.0,0.0
2009-03-26,92.83999633789062,93.3499984741211,92.44000244140625,93.12999725341797,48.58222198486328,1486100,0.0,0.0,0.0
2009-03-27,93.48999786376953,93.80999755859375,93.30000305175781,93.41999816894531,48.73344421386719,1703900,0.0,0.0,0.0
2009-03-30,93.68000030517578,93.70999908447266,93.11000061035156,93.3499984741211,48.696956634521484,944200,0.0,0.0,0.0
2009-03-31,93.58999633789062,94.13999938964844,93.5,94.12000274658203,49.098636627197266,1093000,0.0,0.0,0.0
2009-04-01,93.66999816894531,93.95999908447266,93.26000213623047,93.45999908447266,49.02468490600586,1401200,0.519,0.0,0.0
2009-04-02,93.73999786376953,93.97000122070312,93.26000213623047,93.48999786376953,49.04042434692383,1233700,0.0,0.0,0.0
2009-04-03,93.4800033569336,93.6500015258789,92.81999969482422,92.91000366210938,48.73619842529297,1359400,0.0,0.0,0.0
2009-04-06,93.12999725341797,93.16000366210938,92.70999908447266,92.86000061035156,48.709957122802734,911600,0.0,0.0,0.0
2009-04-07,92.80000305175781,92.94000244140625,92.4800033569336,92.81999969482422,48.689002990722656,1245200,0.0,0.0,0.0
2009-04-08,93.23999786376953,93.79000091552734,92.97000122070312,93.75,49.176795959472656,1135900,0.0,0.0,0.0
2009-04-09,93.6500015258789,94.6500015258789,93.61000061035156,94.37999725341797,49.50730514526367,1395000,0.0,0.0,0.0
2009-04-13,94.63999938964844,95.3499984741211,94.33000183105469,95.29000091552734,49.98460388183594,1581700,0.0,0.0,0.0
2009-04-14,95.44000244140625,95.58000183105469,94.91000366210938,95.54000091552734,50.11577224731445,1687200,0.0,0.0,0.0
2009-04-15,95.7300033569336,96.27999877929688,95.23999786376953,96.27999877929688,50.503902435302734,1922400,0.0,0.0,0.0
2009-04-16,96.19999694824219,96.69999694824219,96.04000091552734,96.69000244140625,50.71900177001953,1764500,0.0,0.0,0.0
2009-04-17,96.68000030517578,96.94999694824219,96.05000305175781,96.56999969482422,50.656002044677734,1720500,0.0,0.0,0.0
2009-04-20,97.0,97.0,95.23999786376953,96.04000091552734,50.3780403137207,1915300,0.0,0.0,0.0
2009-04-21,96.23999786376953,96.43000030517578,95.68000030517578,96.33999633789062,50.53539276123047,574500,0.0,0.0,0.0
2009-04-22,96.12999725341797,96.30000305175781,95.7300033569336,96.0999984741211,50.40948486328125,1781700,0.0,0.0,0.0
2009-04-23,96.23999786376953,96.36000061035156,95.5999984741211,96.0199966430664,50.36750793457031,1302700,0.0,0.0,0.0
2009-04-24,96.04000091552734,96.4800033569336,95.87000274658203,96.2300033569336,50.47769546508789,1541400,0.0,0.0,0.0
2009-04-27,96.16999816894531,96.3499984741211,95.6500015258789,96.11000061035156,50.41475296020508,1201600,0.0,0.0,0.0
2009-04-28,96.2699966430664,96.4000015258789,95.75,95.80000305175781,50.25214385986328,1468200,0.0,0.0,0.0
2009-04-29,96.37000274658203,96.75,95.80999755859375,96.26000213623047,50.49342346191406,1089900,0.0,0.0,0.0
2009-04-30,96.30000305175781,96.4000015258789,95.83999633789062,96.19999694824219,50.46197509765625,1129800,0.0,0.0,0.0
2009-05-01,95.58000183105469,96.04000091552734,95.44999694824219,95.97000122070312,50.58737564086914,1183900,0.468,0.0,0.0
2009-05-04,96.0999984741211,96.19999694824219,95.5999984741211,96.19999694824219,50.70866012573242,984400,0.0,0.0,0.0
2009-05-05,96.30000305175781,96.62999725341797,96.0,96.51000213623047,50.872047424316406,1009000,0.0,0.0,0.0
2009-05-06,96.66000366210938,97.04000091552734,96.33000183105469,96.94000244140625,51.09869384765625,1815600,0.0,0.0,0.0
2009-05-07,96.56999969482422,97.19999694824219,96.0,96.01000213623047,50.60848617553711,1783000,0.0,0.0,0.0
2009-05-08,96.48999786376953,96.8499984741211,96.22000122070312,96.62000274658203,50.93003845214844,1313200,0.0,0.0,0.0
2009-05-11,96.86000061035156,97.0,96.26000213623047,96.91000366210938,51.08295440673828,1045200,0.0,0.0,0.0
2009-05-12,96.98999786376953,97.38999938964844,96.86000061035156,97.18000030517578,51.2252311706543,1073900,0.0,0.0,0.0
2009-05-13,97.37000274658203,97.54000091552734,96.93000030517578,97.0,51.130332946777344,1615400,0.0,0.0,0.0
2009-05-14,97.16999816894531,97.63999938964844,96.68000030517578,97.22000122070312,51.24626541137695,1112700,0.0,0.0,0.0
2009-05-15,97.22000122070312,97.2699966430664,96.69999694824219,97.19999694824219,51.23573684692383,1025900,0.0,0.0,0.0
2009-05-18,97.58999633789062,97.66999816894531,96.91999816894531,97.05999755859375,51.16200256347656,1259800,0.0,0.0,0.0
2009-05-19,96.91000366210938,97.45999908447266,96.69999694824219,97.44999694824219,51.3675422668457,1366600,0.0,0.0,0.0
2009-05-20,97.58999633789062,98.13999938964844,97.33000183105469,98.01000213623047,51.66273498535156,1324200,0.0,0.0,0.0
2009-05-21,98.37999725341797,98.37999725341797,96.69999694824219,97.01000213623047,51.13559341430664,1540900,0.0,0.0,0.0
2009-05-22,96.7699966430664,97.0199966430664,96.5999984741211,96.87999725341797,51.06705856323242,1070100,0.0,0.0,0.0
2009-05-26,97.0,97.05000305175781,96.55000305175781,96.83999633789062,51.04598617553711,1056100,0.0,0.0,0.0
2009-05-27,97.01000213623047,97.29000091552734,95.9800033569336,96.16999816894531,50.69285202026367,1422100,0.0,0.0,0.0
2009-05-28,96.56999969482422,96.83999633789062,96.04000091552734,96.52999877929688,50.88260269165039,1084600,0.0,0.0,0.0
2009-05-29,96.86000061035156,98.08999633789062,96.5,97.94999694824219,51.63112258911133,1280400,0.0,0.0,0.0
2009-06-01,97.8499984741211,98.05000305175781,97.11000061035156,97.43000030517578,51.614158630371094,1234400,0.488,0.0,0.0
2009-06-02,97.66000366210938,98.55999755859375,97.6500015258789,98.1500015258789,51.99560546875,1882900,0.0,0.0,0.0
2009-06-03,98.31999969482422,99.0199966430664,98.2300033569336,98.6500015258789,52.26042175292969,1156300,0.0,0.0,0.0
2009-06-04,98.79000091552734,98.79000091552734,98.01000213623047,98.22000122070312,52.03263854980469,1109500,0.0,0.0,0.0
2009-06-05,98.06999969482422,98.12999725341797,97.19999694824219,97.69999694824219,51.757179260253906,1133900,0.0,0.0,0.0
2009-06-08,97.5199966430664,98.0999984741211,97.5,97.5,51.65121078491211,885000,0.0,0.0,0.0
2009-06-09,97.5,98.31999969482422,97.3499984741211,98.23999786376953,52.043277740478516,809500,0.0,0.0,0.0
2009-06-10,97.94000244140625,98.7300033569336,97.6500015258789,97.94999694824219,51.88964080810547,1526400,0.0,0.0,0.0
2009-06-11,98.3499984741211,98.6500015258789,97.73999786376953,98.29000091552734,52.06975555419922,948000,0.0,0.0,0.0
2009-06-12,98.5199966430664,99.23999786376953,98.30000305175781,99.0199966430664,52.45646667480469,854600,0.0,0.0,0.0
2009-06-15,99.0,99.41999816894531,98.51000213623047,99.05000305175781,52.472347259521484,809000,0.0,0.0,0.0
2009-06-16,99.3499984741211,99.69999694824219,98.43000030517578,98.98999786376953,52.44054412841797,1000100,0.0,0.0,0.0
2009-06-17,98.79000091552734,99.37000274658203,98.5999984741211,99.11000061035156,52.50413131713867,1070900,0.0,0.0,0.0
2009-06-18,98.72000122070312,98.72000122070312,97.69999694824219,97.8499984741211,51.836692810058594,1363500,0.0,0.0,0.0
2009-06-19,97.87999725341797,98.88999938964844,97.69000244140625,98.58999633789062,52.22865676879883,1395400,0.0,0.0,0.0
2009-06-22,98.9800033569336,99.30000305175781,98.66999816894531,98.94999694824219,52.41937255859375,878800,0.0,0.0,0.0
2009-06-23,99.41999816894531,99.75,99.05000305175781,99.75,52.84320831298828,816400,0.0,0.0,0.0
2009-06-24,99.80000305175781,100.27999877929688,99.44999694824219,99.58999633789062,52.758419036865234,995600,0.0,0.0,0.0
2009-06-25,99.5999984741211,100.41999816894531,99.33000183105469,100.37000274658203,53.17158508300781,618900,0.0,0.0,0.0
2009-06-26,100.4800033569336,100.5,100.02999877929688,100.41999816894531,53.19811248779297,924000,0.0,0.0,0.0
2009-06-29,100.5,100.55000305175781,100.1500015258789,100.30999755859375,53.13982009887695,828500,0.0,0.0,0.0
2009-06-30,100.12000274658203,100.44000244140625,99.55999755859375,100.27999877929688,53.12394714355469,967700,0.0,0.0,0.0
2009-07-01,99.2699966430664,99.79000091552734,99.20999908447266,99.69999694824219,53.05210876464844,2274400,0.445,0.0,0.0
2009-07-02,99.45999908447266,99.98999786376953,99.43000030517578,99.70999908447266,53.05741882324219,660700,0.0,0.0,0.0
2009-07-06,99.55000305175781,100.0,99.41999816894531,99.94999694824219,53.18512725830078,1346200,0.0,0.0,0.0
2009-07-07,99.5999984741211,100.0199966430664,99.4000015258789,99.55000305175781,52.97230911254883,1242800,0.0,0.0,0.0
2009-07-08,99.86000061035156,100.5,99.61000061035156,100.45999908447266,53.45653533935547,918700,0.0,0.0,0.0
2009-07-09,100.05999755859375,100.5,100.05999755859375,100.5,53.47780227661133,706300,0.0,0.0,0.0
2009-07-10,100.2300033569336,100.9000015258789,100.08999633789062,100.9000015258789,53.69064712524414,827100,0.0,0.0,0.0
2009-07-13,100.75,100.98999786376953,100.22000122070312,100.83999633789062,53.65871810913086,720200,0.0,0.0,0.0
2009-07-14,100.88999938964844,100.88999938964844,100.33000183105469,100.62000274658203,53.54166030883789,951900,0.0,0.0,0.0
2009-07-15,100.33999633789062,100.55999755859375,99.5199966430664,99.69000244140625,53.046775817871094,1671600,0.0,0.0,0.0
2009-07-16,99.8499984741211,100.37999725341797,99.81999969482422,100.37999725341797,53.4139518737793,989700,0.0,0.0,0.0
2009-07-17,100.06999969482422,100.4800033569336,99.79000091552734,100.06999969482422,53.248992919921875,1502600,0.0,0.0,0.0
2009-07-20,100.4800033569336,100.9800033569336,99.80999755859375,100.4800033569336,53.46714782714844,884400,0.0,0.0,0.0
2009-07-21,100.69999694824219,101.94999694824219,100.56999969482422,101.9000015258789,54.22279739379883,1271000,0.0,0.0,0.0
2009-07-22,102.0,102.1500015258789,101.33999633789062,101.62999725341797,54.0790901184082,869000,0.0,0.0,0.0
2009-07-23,101.69999694824219,101.86000061035156,101.0,101.45999908447266,53.98867416381836,802300,0.0,0.0,0.0
2009-07-24,101.25,101.73999786376953,101.05999755859375,101.73999786376953,54.137603759765625,1183200,0.0,0.0,0.0
2009-07-27,101.19999694824219,101.5199966430664,101.0999984741211,101.51000213623047,54.01522445678711,631300,0.0,0.0,0.0
2009-07-28,101.33000183105469,102.23999786376953,101.33000183105469,101.9000015258789,54.22279739379883,943100,0.0,0.0,0.0
2009-07-29,102.23999786376953,102.55000305175781,101.75,102.54000091552734,54.563316345214844,956100,0.0,0.0,0.0
2009-07-30,102.56999969482422,103.3499984741211,102.16000366210938,103.0999984741211,54.8613166809082,1118800,0.0,0.0,0.0
2009-07-31,103.19000244140625,104.5999984741211,103.19000244140625,104.45999908447266,55.584999084472656,1604600,0.0,0.0,0.0
2009-08-03,103.5199966430664,103.94999694824219,102.94999694824219,103.0,55.06743240356445,1396500,0.492,0.0,0.0
2009-08-04,103.56999969482422,103.56999969482422,102.30000305175781,102.4800033569336,54.7894401550293,1103500,0.0,0.0,0.0
2009-08-05,102.52999877929688,103.1500015258789,102.25,102.5,54.80010986328125,1383600,0.0,0.0,0.0
2009-08-06,102.94000244140625,102.9800033569336,102.0999984741211,102.22000122070312,54.650455474853516,996200,0.0,0.0,0.0
2009-08-07,101.83999633789062,102.33999633789062,101.54000091552734,102.19999694824219,54.639793395996094,945900,0.0,0.0,0.0
2009-08-10,102.45999908447266,102.94000244140625,102.05999755859375,102.5199966430664,54.810855865478516,909900,0.0,0.0,0.0
2009-08-11,103.1500015258789,103.25,102.5,103.05000305175781,55.094200134277344,595100,0.0,0.0,0.0
2009-08-12,103.0,103.0,101.80000305175781,102.1500015258789,54.613037109375,1328300,0.0,0.0,0.0
2009-08-13,102.6500015258789,103.2699966430664,102.0999984741211,103.13999938964844,55.1423225402832,1213800,0.0,0.0,0.0
2009-08-14,103.20999908447266,103.54000091552734,103.06999969482422,103.12000274658203,55.131595611572266,746500,0.0,0.0,0.0
2009-08-17,102.8499984741211,103.52999877929688,102.5999984741211,103.29000091552734,55.22251892089844,722800,0.0,0.0,0.0
2009-08-18,103.12999725341797,103.36000061035156,102.7300033569336,103.02999877929688,55.0835075378418,870300,0.0,0.0,0.0
2009-08-19,103.55000305175781,103.75,103.2699966430664,103.36000061035156,55.259944915771484,905800,0.0,0.0,0.0
2009-08-20,103.55000305175781,104.0,103.26000213623047,103.8499984741211,55.52192306518555,789200,0.0,0.0,0.0
2009-08-21,103.98999786376953,104.0,103.26000213623047,103.37999725341797,55.2706413269043,724100,0.0,0.0,0.0
2009-08-24,103.5,104.02999877929688,103.2699966430664,103.91000366210938,55.5539665222168,1031100,0.0,0.0,0.0
2009-08-25,104.16000366210938,104.41000366210938,103.75,104.08999633789062,55.650203704833984,1209400,0.0,0.0,0.0
2009-08-26,104.45999908447266,104.79000091552734,104.22000122070312,104.77999877929688,56.01914978027344,702000,0.0,0.0,0.0
2009-08-27,104.51000213623047,104.58000183105469,104.12999725341797,104.30000305175781,55.76245880126953,1136200,0.0,0.0,0.0
2009-08-28,104.20999908447266,104.83999633789062,104.12999725341797,104.81999969482422,56.040489196777344,981900,0.0,0.0,0.0
2009-08-31,104.58000183105469,105.33999633789062,104.37000274658203,105.33000183105469,56.313167572021484,2122200,0.0,0.0,0.0
2009-09-01,104.51000213623047,104.95999908447266,104.1500015258789,104.30999755859375,56.03067398071289,1077500,0.494,0.0,0.0
2009-09-02,104.25,105.12999725341797,104.04000091552734,104.62000274658203,56.197147369384766,1225400,0.0,0.0,0.0
2009-09-03,104.68000030517578,105.16999816894531,104.44999694824219,104.80000305175781,56.293827056884766,865400,0.0,0.0,0.0
2009-09-04,105.04000091552734,105.1500015258789,104.80000305175781,104.87000274658203,56.33137512207031,757200,0.0,0.0,0.0
2009-09-08,104.83999633789062,105.0999984741211,104.5,104.5999984741211,56.18639373779297,817900,0.0,0.0,0.0
2009-09-09,104.61000061035156,104.66000366210938,104.33000183105469,104.56999969482422,56.170284271240234,873800,0.0,0.0,0.0
2009-09-10,104.98999786376953,105.55999755859375,104.04000091552734,105.26000213623047,56.54094696044922,873700,0.0,0.0,0.0
2009-09-11,105.77999877929688,106.37999725341797,105.5,106.20999908447266,57.05124282836914,704700,0.0,0.0,0.0
2009-09-14,106.12999725341797,106.20999908447266,105.48999786376953,105.66999816894531,56.76118850708008,850700,0.0,0.0,0.0
2009-09-15,105.79000091552734,105.8499984741211,105.5199966430664,105.61000061035156,56.728919982910156,1052800,0.0,0.0,0.0
2009-09-16,106.1500015258789,106.1500015258789,105.52999877929688,105.94000244140625,56.906150817871094,1097900,0.0,0.0,0.0
2009-09-17,105.94999694824219,106.47000122070312,105.75,106.45999908447266,57.185482025146484,985000,0.0,0.0,0.0
2009-09-18,106.2300033569336,106.38999938964844,105.79000091552734,105.79000091552734,56.82560729980469,759700,0.0,0.0,0.0
2009-09-21,106.19999694824219,106.29000091552734,105.87999725341797,106.04000091552734,56.959877014160156,586600,0.0,0.0,0.0
2009-09-22,105.83999633789062,106.31999969482422,105.75,106.29000091552734,57.09415054321289,815300,0.0,0.0,0.0
2009-09-23,106.1500015258789,106.4000015258789,105.8499984741211,106.33999633789062,57.12104415893555,980900,0.0,0.0,0.0
2009-09-24,106.12999725341797,106.66000366210938,106.12999725341797,106.51000213623047,57.21236801147461,634000,0.0,0.0,0.0
2009-09-25,106.5199966430664,106.94000244140625,106.30000305175781,106.91999816894531,57.432586669921875,722400,0.0,0.0,0.0
2009-09-28,107.0,107.19000244140625,106.72000122070312,107.19000244140625,57.577640533447266,731500,0.0,0.0,0.0
2009-09-29,106.7300033569336,107.0199966430664,106.55000305175781,106.7699966430664,57.35204315185547,1299100,0.0,0.0,0.0
2009-09-30,106.63999938964844,106.83999633789062,106.36000061035156,106.68000030517578,57.3036994934082,1447400,0.0,0.0,0.0
2009-10-01,106.1500015258789,106.22000122070312,104.79000091552734,105.12000274658203,56.716697692871094,3051300,0.472,0.0,0.0
2009-10-02,105.4000015258789,105.4000015258789,104.30000305175781,104.44000244140625,56.34972381591797,3318300,0.0,0.0,0.0
2009-10-05,104.37000274658203,105.0,104.37000274658203,105.0,56.651954650878906,1066700,0.0,0.0,0.0
2009-10-06,105.38999938964844,105.38999938964844,104.72000122070312,104.77999877929688,56.533233642578125,1470300,0.0,0.0,0.0
2009-10-07,105.06999969482422,105.5,104.77999877929688,105.44999694824219,56.89469909667969,900800,0.0,0.0,0.0
2009-10-08,105.58000183105469,105.6500015258789,104.8499984741211,104.86000061035156,56.576419830322266,1012500,0.0,0.0,0.0
2009-10-09,104.87999725341797,104.87999725341797,103.75,103.94000244140625,56.07997131347656,1497300,0.0,0.0,0.0
2009-10-12,103.61000061035156,104.38999938964844,103.61000061035156,104.30000305175781,56.27423095703125,687200,0.0,0.0,0.0
2009-10-13,104.38999938964844,104.63999938964844,104.19999694824219,104.5,56.382137298583984,803100,0.0,0.0,0.0
2009-10-14,104.25,104.56999969482422,104.0,104.0,56.11237335205078,1181600,0.0,0.0,0.0
2009-10-15,104.0,104.20999908447266,103.58000183105469,103.9800033569336,56.101593017578125,1096300,0.0,0.0,0.0
2009-10-16,103.97000122070312,104.22000122070312,103.76000213623047,104.05999755859375,56.14472961425781,876200,0.0,0.0,0.0
2009-10-19,104.27999877929688,104.87999725341797,104.11000061035156,104.58999633789062,56.43068313598633,825100,0.0,0.0,0.0
2009-10-20,105.19999694824219,105.58999633789062,105.12999725341797,105.26000213623047,56.792205810546875,873400,0.0,0.0,0.0
2009-10-21,105.04000091552734,105.16999816894531,104.7300033569336,104.81999969482422,56.554771423339844,984600,0.0,0.0,0.0
2009-10-22,105.12999725341797,105.44000244140625,104.81999969482422,105.44000244140625,56.889320373535156,707200,0.0,0.0,0.0
2009-10-23,105.0,105.37000274658203,104.8499984741211,104.86000061035156,56.576419830322266,640500,0.0,0.0,0.0
2009-10-26,105.0,105.05999755859375,104.36000061035156,104.41999816894531,56.338966369628906,953700,0.0,0.0,0.0
2009-10-27,104.94999694824219,105.47000122070312,104.55000305175781,105.31999969482422,56.82456970214844,732600,0.0,0.0,0.0
2009-10-28,105.19999694824219,105.44999694824219,104.31999969482422,104.61000061035156,56.441505432128906,1114300,0.0,0.0,0.0
2009-10-29,105.01000213623047,105.05999755859375,104.37999725341797,104.73999786376953,56.511661529541016,932500,0.0,0.0,0.0
2009-10-30,105.08999633789062,105.68000030517578,104.93000030517578,105.68000030517578,57.01877975463867,1419700,0.0,0.0,0.0
2009-11-02,105.33000183105469,105.36000061035156,104.76000213623047,105.04000091552734,56.93429183959961,983600,0.484,0.0,0.0
2009-11-03,105.0199966430664,105.02999877929688,104.37000274658203,104.55999755859375,56.67409133911133,810500,0.0,0.0,0.0
2009-11-04,104.5199966430664,105.01000213623047,104.48999786376953,104.97000122070312,56.89629364013672,760100,0.0,0.0,0.0
2009-11-05,104.9000015258789,105.05000305175781,104.7300033569336,105.04000091552734,56.93429183959961,705000,0.0,0.0,0.0
2009-11-06,105.02999877929688,105.31999969482422,104.6500015258789,105.31999969482422,57.08602523803711,693100,0.0,0.0,0.0
2009-11-09,105.37999725341797,105.5199966430664,105.26000213623047,105.37999725341797,57.1185417175293,594100,0.0,0.0,0.0
2009-11-10,105.5,105.66999816894531,105.29000091552734,105.30999755859375,57.08061218261719,606400,0.0,0.0,0.0
2009-11-11,105.58999633789062,106.0,105.47000122070312,105.69999694824219,57.291988372802734,688100,0.0,0.0,0.0
2009-11-12,105.6500015258789,105.93000030517578,105.06999969482422,105.69999694824219,57.291988372802734,1043100,0.0,0.0,0.0
2009-11-13,105.94000244140625,106.01000213623047,105.55000305175781,106.01000213623047,57.460018157958984,655800,0.0,0.0,0.0
2009-11-16,106.0,106.51000213623047,105.8499984741211,106.51000213623047,57.73103713989258,1141700,0.0,0.0,0.0
2009-11-17,106.30000305175781,106.66999816894531,106.1500015258789,106.66999816894531,57.8177604675293,587100,0.0,0.0,0.0
2009-11-18,106.41000366210938,106.8499984741211,106.12999725341797,106.31999969482422,57.62804412841797,718900,0.0,0.0,0.0
2009-11-19,106.33000183105469,106.62999725341797,106.18000030517578,106.44999694824219,57.698490142822266,855100,0.0,0.0,0.0
2009-11-20,106.52999877929688,106.61000061035156,105.93000030517578,105.94999694824219,57.42750549316406,628600,0.0,0.0,0.0
2009-11-23,105.5999984741211,105.98999786376953,105.44000244140625,105.94999694824219,57.42750549316406,1143000,0.0,0.0,0.0
2009-11-24,105.94999694824219,106.54000091552734,105.94999694824219,106.36000061035156,57.64970397949219,768100,0.0,0.0,0.0
2009-11-25,106.43000030517578,106.79000091552734,106.20999908447266,106.75,57.86109924316406,670900,0.0,0.0,0.0
2009-11-27,106.02999877929688,106.7300033569336,106.0,106.72000122070312,57.8448600769043,344600,0.0,0.0,0.0
2009-11-30,106.68000030517578,107.25,106.51000213623047,107.25,58.13212966918945,1399900,0.0,0.0,0.0
2009-12-01,106.58000183105469,106.72000122070312,106.26000213623047,106.26000213623047,57.84144592285156,867400,0.456,0.0,0.0
2009-12-02,106.23999786376953,106.43000030517578,106.0,106.27999877929688,57.85232925415039,1171600,0.0,0.0,0.0
2009-12-03,106.19000244140625,106.31999969482422,106.08000183105469,106.25,57.83598709106445,543300,0.0,0.0,0.0
2009-12-04,106.0,106.02999877929688,105.5,105.80999755859375,57.59648132324219,1285900,0.0,0.0,0.0
2009-12-07,105.94999694824219,105.94999694824219,105.5,105.76000213623047,57.569278717041016,1128000,0.0,0.0,0.0
2009-12-08,106.33999633789062,106.4800033569336,106.16999816894531,106.20999908447266,57.81422424316406,951700,0.0,0.0,0.0
2009-12-09,106.30000305175781,106.4800033569336,105.55000305175781,105.5999984741211,57.4821662902832,1547200,0.0,0.0,0.0
2009-12-10,105.33000183105469,105.91999816894531,105.33000183105469,105.69000244140625,57.53120040893555,1253200,0.0,0.0,0.0
2009-12-11,105.75,105.75,105.06999969482422,105.19000244140625,57.258975982666016,1340800,0.0,0.0,0.0
2009-12-14,105.55999755859375,105.77999877929688,105.33999633789062,105.7699966430664,57.574729919433594,1017300,0.0,0.0,0.0
2009-12-15,105.41000366210938,105.47000122070312,105.01000213623047,105.01000213623047,57.1610221862793,884200,0.0,0.0,0.0
2009-12-16,105.16999816894531,105.83999633789062,105.16999816894531,105.41000366210938,57.37879943847656,962300,0.0,0.0,0.0
2009-12-17,105.63999938964844,105.9000015258789,105.33000183105469,105.86000061035156,57.62370300292969,1426400,0.0,0.0,0.0
2009-12-18,106.01000213623047,106.19000244140625,105.63999938964844,105.69000244140625,57.53120040893555,792400,0.0,0.0,0.0
2009-12-21,105.51000213623047,105.62999725341797,105.05999755859375,105.18000030517578,57.253543853759766,683800,0.0,0.0,0.0
2009-12-22,105.43000030517578,105.43000030517578,104.5,104.73999786376953,57.01401901245117,1590500,0.0,0.0,0.0
2009-12-23,104.9800033569336,105.22000122070312,104.8499984741211,105.06999969482422,57.19367980957031,678000,0.0,0.0,0.0
2009-12-24,104.69999694824219,105.0,104.55000305175781,104.58000183105469,56.926937103271484,529300,0.0,0.0,0.0
2009-12-28,104.2699966430664,104.66000366210938,104.05999755859375,104.30000305175781,56.774539947509766,1017600,0.0,0.0,0.0
2009-12-29,103.87999725341797,104.19000244140625,103.80000305175781,104.18000030517578,56.94672393798828,610100,0.435,0.0,0.0
2009-12-30,104.29000091552734,104.52999877929688,104.08000183105469,104.30000305175781,57.0123176574707,1405500,0.0,0.0,0.0
2009-12-31,104.02999877929688,104.3499984741211,103.7699966430664,104.1500015258789,56.93031692504883,499100,0.0,0.0,0.0
2010-01-04,104.7699966430664,104.7699966430664,104.33999633789062,104.69999694824219,57.230953216552734,2017600,0.0,0.0,0.0
2010-01-05,104.9800033569336,105.44999694824219,104.86000061035156,105.19999694824219,57.50425338745117,1143800,0.0,0.0,0.0
2010-01-06,105.38999938964844,105.44999694824219,104.81999969482422,104.88999938964844,57.33483123779297,1005500,0.0,0.0,0.0
2010-01-07,104.97000122070312,105.22000122070312,104.87000274658203,105.0199966430664,57.40586471557617,1264100,0.0,0.0,0.0
2010-01-08,105.13999938964844,105.25,104.97000122070312,105.25,57.53156661987305,704600,0.0,0.0,0.0
2010-01-11,105.0,105.37999725341797,105.0,105.36000061035156,57.591766357421875,817500,0.0,0.0,0.0
2010-01-12,105.41999816894531,105.6500015258789,105.31999969482422,105.55999755859375,57.7010498046875,1343100,0.0,0.0,0.0
2010-01-13,105.54000091552734,105.56999969482422,105.0,105.12000274658203,57.46055603027344,1090700,0.0,0.0,0.0
2010-01-14,105.45999908447266,105.5,105.02999877929688,105.5,57.66823196411133,873200,0.0,0.0,0.0
2010-01-15,105.72000122070312,105.80000305175781,105.43000030517578,105.45999908447266,57.646385192871094,834300,0.0,0.0,0.0
2010-01-19,105.2699966430664,105.56999969482422,105.0199966430664,105.55000305175781,57.695560455322266,822100,0.0,0.0,0.0
2010-01-20,105.69999694824219,105.83999633789062,105.43000030517578,105.4800033569336,57.6573486328125,1112000,0.0,0.0,0.0
2010-01-21,105.75,106.2699966430664,105.69999694824219,105.76000213623047,57.81037902832031,1333400,0.0,0.0,0.0
2010-01-22,105.77999877929688,105.80000305175781,105.5,105.5999984741211,57.722896575927734,1003800,0.0,0.0,0.0
2010-01-25,105.55000305175781,105.62999725341797,105.43000030517578,105.58999633789062,57.71746063232422,765100,0.0,0.0,0.0
2010-01-26,105.69000244140625,105.69999694824219,105.23999786376953,105.30999755859375,57.56437683105469,887200,0.0,0.0,0.0
2010-01-27,105.44000244140625,105.44000244140625,104.68000030517578,104.93000030517578,57.356727600097656,1496100,0.0,0.0,0.0
2010-01-28,104.97000122070312,105.25,104.76000213623047,104.77999877929688,57.274742126464844,1158800,0.0,0.0,0.0
2010-01-29,104.98999786376953,105.45999908447266,104.9000015258789,105.44999694824219,57.640933990478516,1218600,0.0,0.0,0.0
2010-02-01,105.05000305175781,105.08000183105469,104.41999816894531,104.52999877929688,57.38401794433594,1202800,0.452,0.0,0.0
2010-02-02,104.6500015258789,105.06999969482422,104.6500015258789,104.86000061035156,57.56521224975586,1950500,0.0,0.0,0.0
2010-02-03,104.83000183105469,104.9000015258789,104.5199966430664,104.75,57.504791259765625,1478800,0.0,0.0,0.0
2010-02-04,104.8499984741211,104.88999938964844,104.54000091552734,104.73999786376953,57.499305725097656,1116700,0.0,0.0,0.0
2010-02-05,104.62999725341797,104.72000122070312,104.22000122070312,104.41999816894531,57.323665618896484,2204600,0.0,0.0,0.0
2010-02-08,104.52999877929688,104.68000030517578,104.30999755859375,104.5199966430664,57.378517150878906,1736500,0.0,0.0,0.0
2010-02-09,104.58999633789062,104.69999694824219,104.27999877929688,104.27999877929688,57.24674606323242,969800,0.0,0.0,0.0
2010-02-10,104.20999908447266,104.31999969482422,103.37999725341797,103.47000122070312,56.80207443237305,1178000,0.0,0.0,0.0
2010-02-11,103.5999984741211,103.7699966430664,103.33999633789062,103.70999908447266,56.933837890625,1045500,0.0,0.0,0.0
2010-02-12,103.83000183105469,103.9800033569336,103.68000030517578,103.83000183105469,56.99972915649414,707100,0.0,0.0,0.0
2010-02-16,103.61000061035156,104.23999786376953,103.5,104.23999786376953,57.224849700927734,1029500,0.0,0.0,0.0
2010-02-17,104.19000244140625,104.20999908447266,103.62999725341797,103.88999938964844,57.03264617919922,717200,0.0,0.0,0.0
2010-02-18,103.91000366210938,104.06999969482422,103.5,103.81999969482422,56.99425506591797,1717100,0.0,0.0,0.0
2010-02-19,103.69999694824219,104.19000244140625,103.66000366210938,104.19000244140625,57.197391510009766,1827800,0.0,0.0,0.0
2010-02-22,104.12000274658203,104.25,104.01000213623047,104.25,57.23027801513672,585900,0.0,0.0,0.0
2010-02-23,104.33000183105469,104.54000091552734,104.19000244140625,104.5,57.36751937866211,1095300,0.0,0.0,0.0
2010-02-24,104.6500015258789,105.0,104.55000305175781,104.94999694824219,57.61455535888672,924400,0.0,0.0,0.0
2010-02-25,105.12000274658203,105.12000274658203,104.83000183105469,104.83999633789062,57.5541877746582,572300,0.0,0.0,0.0
2010-02-26,104.98999786376953,105.55999755859375,104.98999786376953,105.52999877929688,57.9329833984375,804600,0.0,0.0,0.0
2010-03-01,105.19000244140625,105.29000091552734,104.9000015258789,105.22000122070312,58.00739669799805,598700,0.445,0.0,0.0
2010-03-02,105.02999877929688,105.55000305175781,105.0,105.44000244140625,58.12867736816406,625600,0.0,0.0,0.0
2010-03-03,105.19000244140625,105.66000366210938,105.19000244140625,105.66000366210938,58.24998474121094,746300,0.0,0.0,0.0
2010-03-04,105.55999755859375,105.80999755859375,105.37999725341797,105.70999908447266,58.27756118774414,492300,0.0,0.0,0.0
2010-03-05,105.62000274658203,105.63999938964844,105.11000061035156,105.58000183105469,58.20591354370117,786000,0.0,0.0,0.0
2010-03-08,105.58000183105469,105.75,105.37999725341797,105.75,58.29959487915039,966800,0.0,0.0,0.0
2010-03-09,105.70999908447266,105.81999969482422,105.58999633789062,105.6500015258789,58.24446105957031,722100,0.0,0.0,0.0
2010-03-10,105.48999786376953,105.75,105.37000274658203,105.75,58.29959487915039,688200,0.0,0.0,0.0
2010-03-11,105.58000183105469,105.75,105.44000244140625,105.70999908447266,58.27756118774414,480000,0.0,0.0,0.0
2010-03-12,105.62000274658203,105.9800033569336,105.5,105.93000030517578,58.398868560791016,819100,0.0,0.0,0.0
2010-03-15,105.97000122070312,105.9800033569336,105.66999816894531,105.91000366210938,58.38776779174805,497200,0.0,0.0,0.0
2010-03-16,106.0,106.4000015258789,105.86000061035156,106.4000015258789,58.657958984375,635600,0.0,0.0,0.0
2010-03-17,106.58000183105469,106.86000061035156,106.4000015258789,106.79000091552734,58.8729133605957,983900,0.0,0.0,0.0
2010-03-18,106.75,106.80999755859375,106.58000183105469,106.58000183105469,58.757164001464844,497200,0.0,0.0,0.0
2010-03-19,106.5,106.76000213623047,106.4000015258789,106.5,58.713043212890625,621500,0.0,0.0,0.0
2010-03-22,106.37999725341797,106.75,106.37999725341797,106.66999816894531,58.80678176879883,406000,0.0,0.0,0.0
2010-03-23,106.73999786376953,106.8499984741211,106.5999984741211,106.5999984741211,58.768165588378906,463300,0.0,0.0,0.0
2010-03-24,106.16000366210938,106.2699966430664,105.58999633789062,105.80999755859375,58.33265686035156,801600,0.0,0.0,0.0
2010-03-25,105.66000366210938,105.79000091552734,105.23999786376953,105.43000030517578,58.12321090698242,985400,0.0,0.0,0.0
2010-03-26,105.3499984741211,105.75,105.30999755859375,105.75,58.29959487915039,614000,0.0,0.0,0.0
2010-03-29,105.73999786376953,105.79000091552734,105.37000274658203,105.66000366210938,58.24998474121094,597600,0.0,0.0,0.0
2010-03-30,105.62999725341797,105.79000091552734,105.44999694824219,105.72000122070312,58.28302764892578,616100,0.0,0.0,0.0
2010-03-31,105.81999969482422,106.01000213623047,105.7300033569336,105.7699966430664,58.310638427734375,997800,0.0,0.0,0.0
2010-04-01,105.44999694824219,105.62000274658203,105.29000091552734,105.52999877929688,58.43744659423828,1565600,0.469,0.0,0.0
2010-04-05,105.01000213623047,105.12000274658203,104.44000244140625,104.55999755859375,57.900306701660156,1417800,0.0,0.0,0.0
2010-04-06,104.9000015258789,105.13999938964844,104.73999786376953,104.80999755859375,58.03871154785156,1175000,0.0,0.0,0.0
2010-04-07,104.93000030517578,105.48999786376953,104.93000030517578,105.33999633789062,58.33223342895508,1041200,0.0,0.0,0.0
2010-04-08,105.58999633789062,105.6500015258789,105.13999938964844,105.13999938964844,58.221466064453125,938600,0.0,0.0,0.0
2010-04-09,105.25,105.4000015258789,105.02999877929688,105.20999908447266,58.26023864746094,657800,0.0,0.0,0.0
2010-04-12,105.3499984741211,105.5999984741211,105.30000305175781,105.51000213623047,58.42634201049805,502800,0.0,0.0,0.0
2010-04-13,105.76000213623047,105.91999816894531,105.58000183105469,105.88999938964844,58.636810302734375,728100,0.0,0.0,0.0
2010-04-14,105.94999694824219,106.0,105.6500015258789,105.80000305175781,58.586944580078125,697200,0.0,0.0,0.0
2010-04-15,105.79000091552734,106.13999938964844,105.66000366210938,105.9800033569336,58.6866569519043,766300,0.0,0.0,0.0
2010-04-16,106.16000366210938,106.45999908447266,105.9800033569336,106.2300033569336,58.82502365112305,1091800,0.0,0.0,0.0
2010-04-19,106.36000061035156,106.36000061035156,105.95999908447266,105.95999908447266,58.675575256347656,643900,0.0,0.0,0.0
2010-04-20,106.16999816894531,106.20999908447266,106.0199966430664,106.19000244140625,58.80288314819336,923200,0.0,0.0,0.0
2010-04-21,106.4800033569336,106.72000122070312,106.2699966430664,106.55999755859375,59.007781982421875,646600,0.0,0.0,0.0
2010-04-22,106.55999755859375,106.75,106.30000305175781,106.31999969482422,58.874916076660156,248000,0.0,0.0,0.0
2010-04-23,106.2699966430664,106.37999725341797,106.16000366210938,106.30000305175781,58.86381149291992,327400,0.0,0.0,0.0
2010-04-26,106.4800033569336,106.55999755859375,106.20999908447266,106.3499984741211,58.89151382446289,839900,0.0,0.0,0.0
2010-04-27,106.58000183105469,106.93000030517578,106.25,106.41999816894531,58.93030548095703,590500,0.0,0.0,0.0
2010-04-28,106.33999633789062,106.8499984741211,106.25,106.5999984741211,59.02991485595703,1670600,0.0,0.0,0.0
2010-04-29,106.86000061035156,106.94999694824219,106.62999725341797,106.87000274658203,59.17947006225586,1102600,0.0,0.0,0.0
2010-04-30,107.0,107.54000091552734,106.87000274658203,107.30999755859375,59.4231071472168,1031700,0.0,0.0,0.0
2010-05-03,106.91000366210938,106.94999694824219,106.68000030517578,106.88999938964844,59.440879821777344,495800,0.452,0.0,0.0
2010-05-04,107.05999755859375,107.3499984741211,106.94999694824219,107.0199966430664,59.51318359375,844700,0.0,0.0,0.0
2010-05-05,107.01000213623047,107.19000244140625,106.12999725341797,106.55999755859375,59.257389068603516,1288500,0.0,0.0,0.0
2010-05-06,106.3499984741211,106.61000061035156,102.47000122070312,104.80000305175781,58.27866744995117,1687800,0.0,0.0,0.0
2010-05-07,105.58999633789062,106.12000274658203,104.83000183105469,105.13999938964844,58.46775817871094,1758600,0.0,0.0,0.0
2010-05-10,105.4000015258789,105.97000122070312,105.4000015258789,105.80000305175781,58.8347282409668,1275900,0.0,0.0,0.0
2010-05-11,105.69999694824219,105.95999908447266,105.37000274658203,105.91000366210938,58.89590072631836,997500,0.0,0.0,0.0
2010-05-12,105.77999877929688,106.04000091552734,105.5999984741211,105.87000274658203,58.87368392944336,1034900,0.0,0.0,0.0
2010-05-13,106.19000244140625,106.2300033569336,105.70999908447266,106.18000030517578,59.04608154296875,585100,0.0,0.0,0.0
2010-05-14,106.33999633789062,106.68000030517578,105.97000122070312,106.1500015258789,59.02943420410156,575700,0.0,0.0,0.0
2010-05-17,106.5199966430664,106.79000091552734,106.0,106.33000183105469,59.1295166015625,877200,0.0,0.0,0.0
2010-05-18,106.66000366210938,106.9000015258789,106.29000091552734,106.66999816894531,59.31853485107422,582100,0.0,0.0,0.0
2010-05-19,106.41000366210938,107.0,106.41000366210938,106.7300033569336,59.3519287109375,503300,0.0,0.0,0.0
2010-05-20,106.80000305175781,106.93000030517578,106.26000213623047,106.48999786376953,59.218482971191406,1009400,0.0,0.0,0.0
2010-05-21,106.55999755859375,106.66000366210938,105.93000030517578,106.30999755859375,59.118370056152344,1775500,0.0,0.0,0.0
2010-05-24,106.36000061035156,106.68000030517578,106.3499984741211,106.58999633789062,59.274070739746094,717800,0.0,0.0,0.0
2010-05-25,106.41999816894531,106.4800033569336,105.95999908447266,106.08000183105469,58.9904670715332,901500,0.0,0.0,0.0
2010-05-26,106.13999938964844,106.19999694824219,105.76000213623047,106.1500015258789,59.02943420410156,562000,0.0,0.0,0.0
2010-05-27,105.7300033569336,105.73999786376953,105.37999725341797,105.5999984741211,58.723533630371094,767600,0.0,0.0,0.0
2010-05-28,105.79000091552734,106.02999877929688,105.4000015258789,105.45999908447266,58.64567184448242,1042200,0.0,0.0,0.0
2010-06-01,105.02999877929688,105.33000183105469,104.87000274658203,104.93000030517578,58.597084045410156,782400,0.443,0.0,0.0
2010-06-02,104.93000030517578,105.30000305175781,104.93000030517578,105.30000305175781,58.80371856689453,521000,0.0,0.0,0.0
2010-06-03,105.2699966430664,105.55000305175781,104.95999908447266,104.95999908447266,58.61385726928711,1017000,0.0,0.0,0.0
2010-06-04,105.22000122070312,105.66000366210938,105.0999984741211,105.5999984741211,58.97125244140625,745200,0.0,0.0,0.0
2010-06-07,105.5,106.12999725341797,105.5,106.04000091552734,59.21697235107422,551500,0.0,0.0,0.0
2010-06-08,105.9800033569336,106.2699966430664,105.76000213623047,106.04000091552734,59.21697235107422,953500,0.0,0.0,0.0
2010-06-09,105.88999938964844,106.2300033569336,105.66000366210938,106.08000183105469,59.23929214477539,526900,0.0,0.0,0.0
2010-06-10,105.73999786376953,105.94999694824219,105.45999908447266,105.63999938964844,58.993595123291016,1037200,0.0,0.0,0.0
2010-06-11,105.88999938964844,106.08000183105469,105.62000274658203,106.02999877929688,59.21137619018555,483100,0.0,0.0,0.0
2010-06-14,105.66999816894531,105.83000183105469,105.44000244140625,105.83000183105469,59.0997314453125,712900,0.0,0.0,0.0
2010-06-15,105.87000274658203,105.91999816894531,105.5199966430664,105.69999694824219,59.027122497558594,663100,0.0,0.0,0.0
2010-06-16,105.83999633789062,105.9000015258789,105.55000305175781,105.80999755859375,59.088531494140625,568000,0.0,0.0,0.0
2010-06-17,106.1500015258789,106.58999633789062,106.0,106.51000213623047,59.47942352294922,1487500,0.0,0.0,0.0
2010-06-18,106.52999877929688,106.66999816894531,106.36000061035156,106.5,59.47386169433594,726300,0.0,0.0,0.0
2010-06-21,106.33000183105469,106.79000091552734,106.26000213623047,106.7699966430664,59.624637603759766,686300,0.0,0.0,0.0
2010-06-22,106.63999938964844,107.33000183105469,106.61000061035156,107.29000091552734,59.91501235961914,657000,0.0,0.0,0.0
2010-06-23,107.13999938964844,107.79000091552734,107.12999725341797,107.73999786376953,60.16630172729492,1105800,0.0,0.0,0.0
2010-06-24,107.77999877929688,107.83000183105469,107.25,107.30999755859375,59.92619705200195,743000,0.0,0.0,0.0
2010-06-25,107.31999969482422,107.73999786376953,107.20999908447266,107.48999786376953,60.026729583740234,485000,0.0,0.0,0.0
2010-06-28,107.9000015258789,108.12000274658203,107.7300033569336,108.08000183105469,60.3561897277832,772700,0.0,0.0,0.0
2010-06-29,108.26000213623047,108.26000213623047,107.94000244140625,108.02999877929688,60.328285217285156,1007200,0.0,0.0,0.0
2010-06-30,108.2300033569336,108.45999908447266,108.18000030517578,108.45999908447266,60.56839370727539,850800,0.0,0.0,0.0
2010-07-01,108.16000366210938,108.45999908447266,108.01000213623047,108.13999938964844,60.63566589355469,1478700,0.44,0.0,0.0
2010-07-02,108.1500015258789,108.22000122070312,107.7699966430664,107.83000183105469,60.46185302734375,600400,0.0,0.0,0.0
2010-07-06,108.19999694824219,108.5999984741211,108.0,108.27999877929688,60.71417999267578,993400,0.0,0.0,0.0
2010-07-07,108.22000122070312,108.54000091552734,108.20999908447266,108.3499984741211,60.75339889526367,634100,0.0,0.0,0.0
2010-07-08,108.12000274658203,108.1500015258789,107.87000274658203,108.08000183105469,60.60205841064453,738200,0.0,0.0,0.0
2010-07-09,108.08000183105469,108.12000274658203,107.86000061035156,107.94999694824219,60.52912139892578,530000,0.0,0.0,0.0
2010-07-12,108.16999816894531,108.26000213623047,107.94000244140625,108.08000183105469,60.60205841064453,585100,0.0,0.0,0.0
2010-07-13,108.19999694824219,108.30000305175781,107.95999908447266,108.13999938964844,60.63566589355469,709000,0.0,0.0,0.0
2010-07-14,108.2300033569336,108.72000122070312,108.19999694824219,108.62000274658203,60.90484619140625,1880300,0.0,0.0,0.0
2010-07-15,108.62000274658203,108.91999816894531,108.62000274658203,108.80999755859375,61.011322021484375,1038800,0.0,0.0,0.0
2010-07-16,108.98999786376953,109.37000274658203,108.88999938964844,109.0,61.11784362792969,814100,0.0,0.0,0.0
2010-07-19,108.95999908447266,109.13999938964844,108.87999725341797,108.9800033569336,61.10668182373047,580700,0.0,0.0,0.0
2010-07-20,108.95999908447266,109.37000274658203,108.95999908447266,109.0999984741211,61.17393493652344,1052100,0.0,0.0,0.0
2010-07-21,108.98999786376953,109.62999725341797,108.94000244140625,109.62999725341797,61.4712028503418,779400,0.0,0.0,0.0
2010-07-22,109.66000366210938,109.68000030517578,109.18000030517578,109.48999786376953,61.39265441894531,827300,0.0,0.0,0.0
2010-07-23,109.66000366210938,109.69000244140625,109.37000274658203,109.62999725341797,61.4712028503418,675800,0.0,0.0,0.0
2010-07-26,109.47000122070312,109.75,109.3499984741211,109.7300033569336,61.52729415893555,538000,0.0,0.0,0.0
2010-07-27,109.51000213623047,109.80000305175781,109.36000061035156,109.36000061035156,61.31978225708008,1108600,0.0,0.0,0.0
2010-07-28,109.58999633789062,109.7699966430664,109.23999786376953,109.75,61.5384521484375,777600,0.0,0.0,0.0
2010-07-29,109.66000366210938,109.9000015258789,109.54000091552734,109.79000091552734,61.56089782714844,513000,0.0,0.0,0.0
2010-07-30,110.02999877929688,110.41999816894531,110.02999877929688,110.30000305175781,61.8468017578125,796300,0.0,0.0,0.0
2010-08-02,109.91000366210938,109.94999694824219,109.55999755859375,109.62999725341797,61.7157096862793,764100,0.437,0.0,0.0
2010-08-03,109.9000015258789,110.04000091552734,109.69999694824219,109.9000015258789,61.86764907836914,1060700,0.0,0.0,0.0
2010-08-04,109.83000183105469,109.94999694824219,109.55000305175781,109.55999755859375,61.67625045776367,859900,0.0,0.0,0.0
2010-08-05,109.69000244140625,109.88999938964844,109.58999633789062,109.76000213623047,61.78889465332031,1093400,0.0,0.0,0.0
2010-08-06,110.19000244140625,110.4800033569336,110.05999755859375,110.38999938964844,62.14350509643555,685700,0.0,0.0,0.0
2010-08-09,110.45999908447266,110.77999877929688,110.30000305175781,110.75,62.34617233276367,844400,0.0,0.0,0.0
2010-08-10,110.5999984741211,110.7300033569336,110.37999725341797,110.61000061035156,62.26736831665039,1260100,0.0,0.0,0.0
2010-08-11,110.62999725341797,110.94000244140625,110.54000091552734,110.5999984741211,62.26170349121094,934600,0.0,0.0,0.0
2010-08-12,110.54000091552734,110.69999694824219,110.18000030517578,110.20999908447266,62.042205810546875,1427100,0.0,0.0,0.0
2010-08-13,110.38999938964844,110.77999877929688,110.33999633789062,110.63999938964844,62.28425979614258,894800,0.0,0.0,0.0
2010-08-16,111.27999877929688,111.97000122070312,111.27999877929688,111.86000061035156,62.9710578918457,786200,0.0,0.0,0.0
2010-08-17,111.9000015258789,111.9800033569336,111.47000122070312,111.68000030517578,62.869693756103516,799600,0.0,0.0,0.0
2010-08-18,111.79000091552734,111.98999786376953,111.5999984741211,111.77999877929688,62.92599868774414,1889200,0.0,0.0,0.0
2010-08-19,111.58999633789062,112.37999725341797,111.58000183105469,111.9000015258789,62.99352264404297,1439500,0.0,0.0,0.0
2010-08-20,111.8499984741211,112.25,111.80000305175781,112.0999984741211,63.106136322021484,1402000,0.0,0.0,0.0
2010-08-23,111.98999786376953,112.36000061035156,111.83000183105469,112.33999633789062,63.24126434326172,549100,0.0,0.0,0.0
2010-08-24,112.61000061035156,112.80000305175781,112.3499984741211,112.5999984741211,63.38764953613281,826000,0.0,0.0,0.0
2010-08-25,113.0,113.0,112.4000015258789,112.80999755859375,63.50581359863281,1820000,0.0,0.0,0.0
2010-08-26,112.75,112.95999908447266,112.58000183105469,112.91000366210938,63.562095642089844,703600,0.0,0.0,0.0
2010-08-27,112.72000122070312,112.91000366210938,111.81999969482422,111.88999938964844,62.987911224365234,1642300,0.0,0.0,0.0
2010-08-30,112.45999908447266,112.72000122070312,111.9800033569336,112.62000274658203,63.398860931396484,1574500,0.0,0.0,0.0
2010-08-31,112.66000366210938,113.05000305175781,112.4000015258789,113.0,63.61283493041992,1450700,0.0,0.0,0.0
2010-09-01,112.3499984741211,112.38999938964844,111.44999694824219,111.7300033569336,63.13473892211914,2395600,0.424,0.0,0.0
2010-09-02,111.47000122070312,111.66999816894531,111.33000183105469,111.58999633789062,63.05560302734375,1243900,0.0,0.0,0.0
2010-09-03,110.72000122070312,111.1500015258789,110.66999816894531,110.75,62.58099365234375,1184800,0.0,0.0,0.0
2010-09-07,111.58999633789062,111.73999786376953,111.0,111.56999969482422,63.044315338134766,1128300,0.0,0.0,0.0
2010-09-08,111.4800033569336,111.5,111.19999694824219,111.3499984741211,62.92002487182617,556200,0.0,0.0,0.0
2010-09-09,111.18000030517578,111.19999694824219,110.55999755859375,110.7699966430664,62.59230422973633,967700,0.0,0.0,0.0
2010-09-10,110.51000213623047,110.94000244140625,110.41999816894531,110.8499984741211,62.637451171875,1105900,0.0,0.0,0.0
2010-09-13,110.83000183105469,111.30000305175781,110.75,111.0,62.722259521484375,987900,0.0,0.0,0.0
2010-09-14,111.19999694824219,111.5999984741211,111.12999725341797,111.5199966430664,63.016109466552734,1846500,0.0,0.0,0.0
2010-09-15,111.33999633789062,111.55999755859375,111.19999694824219,111.33999633789062,62.9144172668457,983200,0.0,0.0,0.0
2010-09-16,111.04000091552734,111.05000305175781,110.70999908447266,110.98999786376953,62.71657943725586,1382000,0.0,0.0,0.0
2010-09-17,111.33999633789062,111.45999908447266,111.04000091552734,111.3499984741211,62.92002487182617,2647200,0.0,0.0,0.0
2010-09-20,111.48999786376953,111.58999633789062,111.30999755859375,111.48999786376953,62.999141693115234,775000,0.0,0.0,0.0
2010-09-21,111.62000274658203,112.4800033569336,111.5999984741211,112.33999633789062,63.47944259643555,1416600,0.0,0.0,0.0
2010-09-22,112.44999694824219,112.58999633789062,112.18000030517578,112.2699966430664,63.43986511230469,851200,0.0,0.0,0.0
2010-09-23,112.68000030517578,112.69999694824219,112.2699966430664,112.3499984741211,63.48509216308594,594200,0.0,0.0,0.0
2010-09-24,112.33999633789062,112.33999633789062,112.01000213623047,112.0999984741211,63.34382247924805,1064700,0.0,0.0,0.0
2010-09-27,112.52999877929688,112.75,112.41000366210938,112.68000030517578,63.67154312133789,770900,0.0,0.0,0.0
2010-09-28,112.68000030517578,113.19000244140625,112.61000061035156,112.87999725341797,63.784603118896484,595900,0.0,0.0,0.0
2010-09-29,112.91999816894531,112.98999786376953,112.68000030517578,112.7699966430664,63.72238540649414,751900,0.0,0.0,0.0
2010-09-30,112.76000213623047,113.1500015258789,112.19999694824219,113.08999633789062,63.90323257446289,1089800,0.0,0.0,0.0
2010-10-01,112.36000061035156,112.54000091552734,108.9800033569336,112.11000061035156,63.5934944152832,3916600,0.434,0.0,0.0
2010-10-04,112.12000274658203,112.36000061035156,112.12000274658203,112.29000091552734,63.69563293457031,847300,0.0,0.0,0.0
2010-10-05,112.58999633789062,112.72000122070312,112.37999725341797,112.5199966430664,63.826080322265625,1236000,0.0,0.0,0.0
2010-10-06,113.12999725341797,113.9800033569336,113.06999969482422,113.25,64.2402114868164,1457100,0.0,0.0,0.0
2010-10-07,113.43000030517578,113.48999786376953,113.16999816894531,113.22000122070312,64.22313690185547,713800,0.0,0.0,0.0
2010-10-08,113.5,113.58999633789062,113.06999969482422,113.11000061035156,64.16075897216797,1160400,0.0,0.0,0.0
2010-10-11,113.08999633789062,113.4000015258789,113.06999969482422,113.20999908447266,64.21749114990234,460300,0.0,0.0,0.0
2010-10-12,113.27999877929688,113.48999786376953,112.95999908447266,113.04000091552734,64.12102508544922,748800,0.0,0.0,0.0
2010-10-13,112.93000030517578,113.18000030517578,112.69999694824219,112.9800033569336,64.08697509765625,996600,0.0,0.0,0.0
2010-10-14,112.83999633789062,112.94999694824219,112.05000305175781,112.06999969482422,63.57084274291992,1236100,0.0,0.0,0.0
2010-10-15,111.68000030517578,111.97000122070312,111.36000061035156,111.36000061035156,63.168067932128906,1287700,0.0,0.0,0.0
2010-10-18,111.79000091552734,112.1500015258789,111.76000213623047,112.12999725341797,63.604881286621094,662600,0.0,0.0,0.0
2010-10-19,111.79000091552734,112.37999725341797,111.73999786376953,112.13999938964844,63.61054611206055,685300,0.0,0.0,0.0
2010-10-20,112.19000244140625,112.62000274658203,111.91000366210938,112.33999633789062,63.72399139404297,632700,0.0,0.0,0.0
2010-10-21,112.29000091552734,112.56999969482422,112.04000091552734,112.04000091552734,63.55381393432617,841200,0.0,0.0,0.0
2010-10-22,112.08999633789062,112.33999633789062,112.0,112.18000030517578,63.633216857910156,640000,0.0,0.0,0.0
2010-10-25,112.81999969482422,112.91000366210938,112.55000305175781,112.58000183105469,63.860107421875,716400,0.0,0.0,0.0
2010-10-26,112.16000366210938,112.44000244140625,111.9800033569336,111.9800033569336,63.519737243652344,598800,0.0,0.0,0.0
2010-10-27,111.66999816894531,111.91999816894531,111.66000366210938,111.69000244140625,63.35527038574219,1751000,0.0,0.0,0.0
2010-10-28,111.98999786376953,112.33999633789062,111.91000366210938,112.13999938964844,63.61054611206055,1264500,0.0,0.0,0.0
2010-10-29,112.16000366210938,112.5,112.12000274658203,112.36000061035156,63.73530578613281,583800,0.0,0.0,0.0
2010-11-01,112.08000183105469,112.56999969482422,111.7699966430664,111.88999938964844,63.71367263793945,865500,0.432,0.0,0.0
2010-11-02,112.08000183105469,112.45999908447266,112.08000183105469,112.41000366210938,64.00980377197266,555600,0.0,0.0,0.0
2010-11-03,112.61000061035156,112.9000015258789,111.80000305175781,112.04000091552734,63.799102783203125,932000,0.0,0.0,0.0
2010-11-04,112.58000183105469,113.19000244140625,112.58000183105469,113.0999984741211,64.40271759033203,990300,0.0,0.0,0.0
2010-11-05,112.87000274658203,113.02999877929688,112.61000061035156,112.73999786376953,64.19770812988281,455800,0.0,0.0,0.0
2010-11-08,112.8499984741211,112.9800033569336,112.56999969482422,112.80000305175781,64.23187255859375,432500,0.0,0.0,0.0
2010-11-09,112.91000366210938,112.91999816894531,111.91000366210938,111.95999908447266,63.75356674194336,1438900,0.0,0.0,0.0
2010-11-10,111.62999725341797,111.93000030517578,110.80999755859375,111.72000122070312,63.61689758300781,1169900,0.0,0.0,0.0
2010-11-11,111.69999694824219,111.75,111.22000122070312,111.2300033569336,63.33788299560547,778500,0.0,0.0,0.0
2010-11-12,111.0999984741211,111.25,110.41999816894531,110.44999694824219,62.89369201660156,1351700,0.0,0.0,0.0
2010-11-15,110.05999755859375,110.27999877929688,109.23999786376953,109.23999786376953,62.2047233581543,1294100,0.0,0.0,0.0
2010-11-16,109.5,109.9000015258789,109.0199966430664,109.81999969482422,62.534976959228516,2219600,0.0,0.0,0.0
2010-11-17,109.91000366210938,110.37000274658203,109.7699966430664,109.81999969482422,62.534976959228516,1237000,0.0,0.0,0.0
2010-11-18,109.93000030517578,110.08000183105469,109.4800033569336,109.9000015258789,62.58051681518555,1001200,0.0,0.0,0.0
2010-11-19,110.06999969482422,110.36000061035156,109.9000015258789,110.27999877929688,62.79691696166992,676400,0.0,0.0,0.0
2010-11-22,110.5,110.91000366210938,110.5,110.88999938964844,63.14423751831055,759800,0.0,0.0,0.0
2010-11-23,111.16000366210938,111.19000244140625,110.75,110.94999694824219,63.17840576171875,749200,0.0,0.0,0.0
2010-11-24,110.44000244140625,110.45999908447266,109.86000061035156,110.04000091552734,62.66023254394531,644500,0.0,0.0,0.0
2010-11-26,110.18000030517578,110.33999633789062,109.95999908447266,110.18000030517578,62.739967346191406,233400,0.0,0.0,0.0
2010-11-29,110.31999969482422,110.5,110.19000244140625,110.29000091552734,62.802589416503906,494600,0.0,0.0,0.0
2010-11-30,110.5999984741211,110.73999786376953,110.08000183105469,110.12000274658203,62.705787658691406,1324500,0.0,0.0,0.0
2010-12-01,109.4000015258789,109.55999755859375,109.06999969482422,109.44999694824219,62.566349029541016,1473400,0.426,0.0,0.0
2010-12-02,109.11000061035156,109.48999786376953,108.91999816894531,109.20999908447266,62.42913818359375,1011600,0.0,0.0,0.0
2010-12-03,109.43000030517578,109.66999816894531,108.86000061035156,108.9000015258789,62.25190353393555,1391800,0.0,0.0,0.0
2010-12-06,109.41000366210938,109.66000366210938,109.30999755859375,109.66000366210938,62.68638610839844,670700,0.0,0.0,0.0
2010-12-07,109.1500015258789,109.3499984741211,108.27999877929688,108.63999938964844,62.10329818725586,1302200,0.0,0.0,0.0
2010-12-08,108.25,108.2699966430664,107.2300033569336,107.94000244140625,61.70314025878906,3831100,0.0,0.0,0.0
2010-12-09,108.05999755859375,108.4000015258789,107.77999877929688,108.19999694824219,61.851776123046875,1967300,0.0,0.0,0.0
2010-12-10,107.94999694824219,108.23999786376953,107.56999969482422,107.69999694824219,61.565921783447266,1335200,0.0,0.0,0.0
2010-12-13,107.61000061035156,108.37999725341797,107.56999969482422,108.0999984741211,61.794593811035156,1670200,0.0,0.0,0.0
2010-12-14,107.6500015258789,107.93000030517578,107.01000213623047,107.44000244140625,61.417320251464844,1976500,0.0,0.0,0.0
2010-12-15,107.62000274658203,107.81999969482422,106.68000030517578,106.7699966430664,61.034278869628906,2601900,0.0,0.0,0.0
2010-12-16,106.69000244140625,107.33999633789062,106.33999633789062,107.29000091552734,61.33158493041992,1892500,0.0,0.0,0.0
2010-12-17,107.37000274658203,108.31999969482422,107.36000061035156,108.2699966430664,61.891780853271484,1678700,0.0,0.0,0.0
2010-12-20,108.41999816894531,108.63999938964844,108.05999755859375,108.19999694824219,61.851776123046875,1438200,0.0,0.0,0.0
2010-12-21,108.33999633789062,108.47000122070312,107.93000030517578,108.43000030517578,61.98323059082031,985200,0.0,0.0,0.0
2010-12-22,108.48999786376953,108.55999755859375,108.19999694824219,108.33999633789062,61.93178939819336,749800,0.0,0.0,0.0
2010-12-23,108.22000122070312,108.38999938964844,108.08999633789062,108.38999938964844,61.960384368896484,861300,0.0,0.0,0.0
2010-12-27,108.12999725341797,108.69000244140625,107.97000122070312,108.5999984741211,62.080448150634766,781400,0.0,0.0,0.0
2010-12-28,108.0999984741211,108.19000244140625,107.22000122070312,107.30999755859375,61.58571243286133,584800,0.428,0.0,0.0
2010-12-29,107.23999786376953,108.4000015258789,107.16999816894531,108.12000274658203,62.05057144165039,1031600,0.0,0.0,0.0
2010-12-30,107.97000122070312,108.20999908447266,107.69000244140625,108.16999816894531,62.079246520996094,562900,0.0,0.0,0.0
2010-12-31,108.25,108.75,108.25,108.44000244140625,62.23427963256836,914800,0.0,0.0,0.0
2011-01-03,108.22000122070312,108.88999938964844,108.05999755859375,108.86000061035156,62.47526550292969,2447900,0.0,0.0,0.0
2011-01-04,108.9800033569336,109.19000244140625,108.75,109.0,62.55555725097656,962500,0.0,0.0,0.0
2011-01-05,108.51000213623047,108.58000183105469,108.0,108.19999694824219,62.09651184082031,1209200,0.0,0.0,0.0
2011-01-06,108.31999969482422,108.63999938964844,108.19999694824219,108.36000061035156,62.188323974609375,1089700,0.0,0.0,0.0
2011-01-07,108.26000213623047,109.05999755859375,108.19999694824219,108.91000366210938,62.50396728515625,1118600,0.0,0.0,0.0
2011-01-10,108.77999877929688,109.19999694824219,108.77999877929688,109.0999984741211,62.612953186035156,909200,0.0,0.0,0.0
2011-01-11,108.9000015258789,109.16999816894531,108.58000183105469,109.05000305175781,62.58432388305664,845000,0.0,0.0,0.0
2011-01-12,108.80999755859375,109.0199966430664,108.66999816894531,108.9800033569336,62.54413986206055,1291600,0.0,0.0,0.0
2011-01-13,108.8499984741211,109.45999908447266,108.7699966430664,109.44999694824219,62.813907623291016,971000,0.0,0.0,0.0
2011-01-14,109.38999938964844,109.43000030517578,108.88999938964844,108.93000030517578,62.51538848876953,1629900,0.0,0.0,0.0
2011-01-18,108.80000305175781,109.08000183105469,108.4000015258789,108.87000274658203,62.48099899291992,1422700,0.0,0.0,0.0
2011-01-19,108.83000183105469,108.97000122070312,108.68000030517578,108.79000091552734,62.435062408447266,1685300,0.0,0.0,0.0
2011-01-20,108.58000183105469,108.75,107.69999694824219,108.31999969482422,62.16535186767578,1699200,0.0,0.0,0.0
2011-01-21,108.18000030517578,108.55000305175781,108.13999938964844,108.4800033569336,62.2571907043457,1056600,0.0,0.0,0.0
2011-01-24,108.55000305175781,108.81999969482422,108.45999908447266,108.52999877929688,62.28587341308594,727200,0.0,0.0,0.0
2011-01-25,108.81999969482422,109.18000030517578,108.41999816894531,109.06999969482422,62.59579849243164,1302200,0.0,0.0,0.0
2011-01-26,108.83000183105469,108.98999786376953,108.45999908447266,108.45999908447266,62.24568557739258,1647100,0.0,0.0,0.0
2011-01-27,108.5,108.79000091552734,108.33999633789062,108.63999938964844,62.349021911621094,1094300,0.0,0.0,0.0
2011-01-28,108.37000274658203,109.0199966430664,108.33999633789062,108.77999877929688,62.42937469482422,1388100,0.0,0.0,0.0
2011-01-31,108.72000122070312,109.0,108.44000244140625,108.4800033569336,62.2571907043457,1849900,0.0,0.0,0.0
2011-02-01,107.95999908447266,108.11000061035156,107.72000122070312,107.91000366210938,62.17475891113281,989200,0.427,0.0,0.0
2011-02-02,108.12000274658203,108.1500015258789,107.55999755859375,107.69999694824219,62.053802490234375,1975700,0.0,0.0,0.0
2011-02-03,107.51000213623047,107.7699966430664,107.41999816894531,107.44000244140625,61.903968811035156,1645800,0.0,0.0,0.0
2011-02-04,107.30000305175781,107.44000244140625,106.87999725341797,107.11000061035156,61.713871002197266,1367700,0.0,0.0,0.0
2011-02-07,106.93000030517578,107.3499984741211,106.87999725341797,107.2300033569336,61.783016204833984,1709500,0.0,0.0,0.0
2011-02-08,107.26000213623047,107.47000122070312,106.79000091552734,106.83999633789062,61.55829620361328,1263200,0.0,0.0,0.0
2011-02-09,106.94999694824219,107.66000366210938,106.81999969482422,107.52999877929688,61.95582580566406,2124900,0.0,0.0,0.0
2011-02-10,107.19999694824219,107.38999938964844,106.94000244140625,107.0,61.65049362182617,690600,0.0,0.0,0.0
2011-02-11,107.3499984741211,107.66000366210938,107.2300033569336,107.58999633789062,61.99039840698242,817300,0.0,0.0,0.0
2011-02-14,107.33000183105469,107.86000061035156,107.33000183105469,107.66000366210938,62.03075408935547,785400,0.0,0.0,0.0
2011-02-15,107.69000244140625,107.9000015258789,107.52999877929688,107.9000015258789,62.16904830932617,621800,0.0,0.0,0.0
2011-02-16,107.88999938964844,108.16999816894531,107.6500015258789,107.7699966430664,62.094146728515625,1892600,0.0,0.0,0.0
2011-02-17,108.12000274658203,108.19999694824219,107.9000015258789,107.97000122070312,62.20939254760742,585600,0.0,0.0,0.0
2011-02-18,107.70999908447266,108.12999725341797,107.66000366210938,108.12999725341797,62.301578521728516,505900,0.0,0.0,0.0
2011-02-22,107.98999786376953,108.68000030517578,107.98999786376953,108.43000030517578,62.47440719604492,1225300,0.0,0.0,0.0
2011-02-23,108.6500015258789,108.75,108.25,108.30000305175781,62.39947509765625,1293600,0.0,0.0,0.0
2011-02-24,108.58999633789062,108.75,108.36000061035156,108.41999816894531,62.4686393737793,718900,0.0,0.0,0.0
2011-02-25,108.70999908447266,108.95999908447266,108.54000091552734,108.93000030517578,62.762474060058594,722900,0.0,0.0,0.0
2011-02-28,108.94000244140625,109.22000122070312,108.94000244140625,109.22000122070312,62.929569244384766,718600,0.0,0.0,0.0
2011-03-01,108.43000030517578,108.80000305175781,108.37999725341797,108.79000091552734,62.93073272705078,1332300,0.432,0.0,0.0
2011-03-02,108.68000030517578,108.81999969482422,108.20999908447266,108.20999908447266,62.595237731933594,837100,0.0,0.0,0.0
2011-03-03,108.08000183105469,108.1500015258789,107.69000244140625,107.75,62.32911682128906,1024200,0.0,0.0,0.0
2011-03-04,107.8499984741211,108.2699966430664,107.81999969482422,108.16000366210938,62.566287994384766,1385200,0.0,0.0,0.0
2011-03-07,107.73999786376953,108.27999877929688,107.73999786376953,107.88999938964844,62.410125732421875,451800,0.0,0.0,0.0
2011-03-08,107.91999816894531,108.01000213623047,107.66000366210938,107.75,62.32911682128906,745900,0.0,0.0,0.0
2011-03-09,107.9000015258789,108.38999938964844,107.80000305175781,108.30999755859375,62.65304946899414,1745300,0.0,0.0,0.0
2011-03-10,108.5,108.83999633789062,108.12999725341797,108.75,62.9075813293457,965400,0.0,0.0,0.0
2011-03-11,108.70999908447266,109.0,108.52999877929688,108.6500015258789,62.84976577758789,1541500,0.0,0.0,0.0
2011-03-14,108.94000244140625,109.0999984741211,108.69999694824219,108.7699966430664,62.91914367675781,1095700,0.0,0.0,0.0
2011-03-15,109.02999877929688,109.06999969482422,108.62000274658203,108.76000213623047,62.91339874267578,1659400,0.0,0.0,0.0
2011-03-16,109.26000213623047,109.98999786376953,109.05999755859375,109.41000366210938,63.289398193359375,2000100,0.0,0.0,0.0
2011-03-17,109.06999969482422,109.45999908447266,108.97000122070312,109.33999633789062,63.248870849609375,1117800,0.0,0.0,0.0
2011-03-18,108.94000244140625,109.48999786376953,108.93000030517578,109.41000366210938,63.289398193359375,693500,0.0,0.0,0.0
2011-03-21,109.0999984741211,109.36000061035156,108.94000244140625,109.05999755859375,63.086936950683594,870400,0.0,0.0,0.0
2011-03-22,108.83000183105469,109.29000091552734,108.83000183105469,109.26000213623047,63.20261001586914,463300,0.0,0.0,0.0
2011-03-23,109.4000015258789,109.4800033569336,109.0,109.19000244140625,63.16208267211914,537800,0.0,0.0,0.0
2011-03-24,109.08999633789062,109.13999938964844,108.77999877929688,108.83000183105469,62.95388412475586,516800,0.0,0.0,0.0
2011-03-25,108.87000274658203,109.08000183105469,108.55000305175781,108.66999816894531,62.86132049560547,420200,0.0,0.0,0.0
2011-03-28,108.5,108.86000061035156,108.36000061035156,108.70999908447266,62.88444900512695,573000,0.0,0.0,0.0
2011-03-29,108.4000015258789,108.73999786376953,108.12000274658203,108.18000030517578,62.577857971191406,625000,0.0,0.0,0.0
2011-03-30,108.19999694824219,108.55000305175781,108.19000244140625,108.55000305175781,62.791893005371094,754700,0.0,0.0,0.0
2011-03-31,108.61000061035156,108.61000061035156,108.11000061035156,108.19999694824219,62.58944320678711,832900,0.0,0.0,0.0
2011-04-01,107.76000213623047,108.38999938964844,107.5199966430664,108.27999877929688,62.885009765625,2873600,0.429,0.0,0.0
2011-04-04,108.30000305175781,108.63999938964844,108.30000305175781,108.52999877929688,63.03022003173828,767300,0.0,0.0,0.0
2011-04-05,108.61000061035156,108.61000061035156,108.25,108.58999633789062,63.06509017944336,1901800,0.0,0.0,0.0
2011-04-06,108.55999755859375,108.56999969482422,108.18000030517578,108.23999786376953,62.861839294433594,1253300,0.0,0.0,0.0
2011-04-07,108.30000305175781,108.33999633789062,108.0,108.08000183105469,62.768890380859375,641400,0.0,0.0,0.0
2011-04-08,108.0,108.2300033569336,107.9000015258789,108.0199966430664,62.73408889770508,572200,0.0,0.0,0.0
2011-04-11,107.9000015258789,108.18000030517578,107.9000015258789,108.02999877929688,62.73985290527344,667500,0.0,0.0,0.0
2011-04-12,108.43000030517578,108.58000183105469,108.25,108.41000366210938,62.96054458618164,625100,0.0,0.0,0.0
2011-04-13,108.23999786376953,108.66999816894531,108.23999786376953,108.5999984741211,63.0709342956543,673700,0.0,0.0,0.0
2011-04-14,108.76000213623047,108.76000213623047,108.26000213623047,108.33000183105469,62.91408920288086,1076400,0.0,0.0,0.0
2011-04-15,108.7300033569336,109.0,108.7300033569336,108.9000015258789,63.24513244628906,662600,0.0,0.0,0.0
2011-04-18,108.80999755859375,109.16000366210938,108.55999755859375,109.05000305175781,63.332218170166016,822800,0.0,0.0,0.0
2011-04-19,109.19000244140625,109.44000244140625,109.08000183105469,109.27999877929688,63.46580123901367,467300,0.0,0.0,0.0
2011-04-20,109.41000366210938,109.43000030517578,109.20999908447266,109.33000183105469,63.494869232177734,515400,0.0,0.0,0.0
2011-04-21,109.37999725341797,109.69999694824219,109.26000213623047,109.43000030517578,63.55293655395508,624800,0.0,0.0,0.0
2011-04-25,109.41000366210938,109.61000061035156,109.33999633789062,109.54000091552734,63.61680603027344,687000,0.0,0.0,0.0
2011-04-26,109.62000274658203,110.08000183105469,109.61000061035156,110.05000305175781,63.91304397583008,953600,0.0,0.0,0.0
2011-04-27,109.8499984741211,110.0,109.68000030517578,109.91000366210938,63.83169174194336,716100,0.0,0.0,0.0
2011-04-28,109.94999694824219,110.29000091552734,109.8499984741211,110.26000213623047,64.03498077392578,508700,0.0,0.0,0.0
2011-04-29,110.19000244140625,110.4800033569336,110.16000366210938,110.47000122070312,64.1568832397461,756000,0.0,0.0,0.0
2011-05-02,110.05000305175781,110.43000030517578,109.95999908447266,110.30000305175781,64.30677032470703,1771000,0.427,0.0,0.0
2011-05-03,110.33000183105469,110.4000015258789,110.08999633789062,110.25,64.27760314941406,661300,0.0,0.0,0.0
2011-05-04,110.45999908447266,110.58999633789062,110.30999755859375,110.41000366210938,64.37088012695312,720600,0.0,0.0,0.0
2011-05-05,110.51000213623047,110.87999725341797,110.51000213623047,110.79000091552734,64.59242248535156,771600,0.0,0.0,0.0
2011-05-06,110.55999755859375,111.02999877929688,110.41999816894531,110.79000091552734,64.59242248535156,857100,0.0,0.0,0.0
2011-05-09,110.80999755859375,111.0,110.7300033569336,110.9000015258789,64.65658569335938,485200,0.0,0.0,0.0
2011-05-10,110.80000305175781,110.83000183105469,110.4000015258789,110.44999694824219,64.39421081542969,974700,0.0,0.0,0.0
2011-05-11,110.44999694824219,110.7699966430664,110.30999755859375,110.62999725341797,64.49915313720703,538900,0.0,0.0,0.0
2011-05-12,110.56999969482422,110.69999694824219,110.18000030517578,110.37000274658203,64.34758758544922,595000,0.0,0.0,0.0
2011-05-13,110.63999938964844,110.93000030517578,110.55000305175781,110.69999694824219,64.53997802734375,1062900,0.0,0.0,0.0
2011-05-16,110.63999938964844,111.08000183105469,110.5999984741211,111.0199966430664,64.72654724121094,614900,0.0,0.0,0.0
2011-05-17,111.05000305175781,111.3499984741211,110.98999786376953,111.16999816894531,64.8139877319336,1227800,0.0,0.0,0.0
2011-05-18,111.23999786376953,111.36000061035156,110.87000274658203,110.88999938964844,64.65074157714844,477800,0.0,0.0,0.0
2011-05-19,110.58999633789062,111.0999984741211,110.5,111.08000183105469,64.76154327392578,430800,0.0,0.0,0.0
2011-05-20,110.95999908447266,111.08999633789062,110.80000305175781,111.0,64.7148666381836,585600,0.0,0.0,0.0
2011-05-23,111.29000091552734,111.3499984741211,110.9000015258789,110.93000030517578,64.67402648925781,1200000,0.0,0.0,0.0
2011-05-24,110.86000061035156,111.19000244140625,110.80999755859375,111.06999969482422,64.75566864013672,590500,0.0,0.0,0.0
2011-05-25,111.22000122070312,111.22000122070312,110.77999877929688,110.8499984741211,64.62743377685547,675300,0.0,0.0,0.0
2011-05-26,111.0999984741211,111.33999633789062,110.9800033569336,111.33000183105469,64.90725708007812,1042600,0.0,0.0,0.0
2011-05-27,111.12000274658203,111.44999694824219,111.11000061035156,111.44999694824219,64.97720336914062,510300,0.0,0.0,0.0
2011-05-31,111.43000030517578,111.58000183105469,111.30000305175781,111.44000244140625,64.97138214111328,1022400,0.0,0.0,0.0
2011-06-01,111.37999725341797,111.9000015258789,111.30999755859375,111.56999969482422,65.2962646484375,1467600,0.425,0.0,0.0
2011-06-02,111.25,111.25,110.54000091552734,110.55999755859375,64.70513916015625,1448900,0.0,0.0,0.0
2011-06-03,111.02999877929688,111.23999786376953,110.52999877929688,110.80000305175781,64.8455810546875,684700,0.0,0.0,0.0
2011-06-06,110.52999877929688,110.77999877929688,110.44999694824219,110.61000061035156,64.73435974121094,445500,0.0,0.0,0.0
2011-06-07,110.52999877929688,111.02999877929688,110.47000122070312,110.98999786376953,64.9567642211914,405200,0.0,0.0,0.0
2011-06-08,111.02999877929688,111.23999786376953,110.91000366210938,111.05999755859375,64.99772644042969,450600,0.0,0.0,0.0
2011-06-09,111.1500015258789,111.25,110.55999755859375,110.76000213623047,64.82217407226562,1355700,0.0,0.0,0.0
2011-06-10,110.81999969482422,110.98999786376953,110.52999877929688,110.62999725341797,64.74607849121094,1379300,0.0,0.0,0.0
2011-06-13,110.58999633789062,110.87000274658203,110.4800033569336,110.75,64.81631469726562,908900,0.0,0.0,0.0
2011-06-14,110.41999816894531,110.55000305175781,110.30999755859375,110.41999816894531,64.6231689453125,690200,0.0,0.0,0.0
2011-06-15,110.3499984741211,111.05000305175781,110.30000305175781,111.02999877929688,64.98018646240234,1024100,0.0,0.0,0.0
2011-06-16,111.0,111.08999633789062,110.7300033569336,110.81999969482422,64.85726928710938,1002000,0.0,0.0,0.0
2011-06-17,110.77999877929688,111.05000305175781,110.76000213623047,110.86000061035156,64.88069915771484,556100,0.0,0.0,0.0
2011-06-20,110.98999786376953,111.0,110.62000274658203,110.87999725341797,64.89234161376953,619400,0.0,0.0,0.0
2011-06-21,110.8499984741211,111.05999755859375,110.6500015258789,110.8499984741211,64.87478637695312,692800,0.0,0.0,0.0
2011-06-22,111.08999633789062,111.0999984741211,110.69999694824219,111.0,64.96261596679688,703200,0.0,0.0,0.0
2011-06-23,111.05999755859375,111.43000030517578,111.0,111.29000091552734,65.1323471069336,796100,0.0,0.0,0.0
2011-06-24,111.30999755859375,111.55999755859375,111.19000244140625,111.3499984741211,65.16740417480469,716900,0.0,0.0,0.0
2011-06-27,111.38999938964844,111.41999816894531,110.91000366210938,110.98999786376953,64.9567642211914,995100,0.0,0.0,0.0
2011-06-28,110.73999786376953,110.81999969482422,110.12999725341797,110.22000122070312,64.50611114501953,863400,0.0,0.0,0.0
2011-06-29,110.19000244140625,110.33999633789062,109.80000305175781,109.97000122070312,64.35978698730469,1041200,0.0,0.0,0.0
2011-06-30,110.16999816894531,110.20999908447266,109.56999969482422,110.12999725341797,64.45345306396484,1004100,0.0,0.0,0.0
2011-07-01,109.95999908447266,109.95999908447266,109.38999938964844,109.70999908447266,64.45697021484375,1495800,0.426,0.0,0.0
2011-07-05,109.72000122070312,110.37999725341797,109.72000122070312,110.0999984741211,64.68612670898438,1116100,0.0,0.0,0.0
2011-07-06,110.18000030517578,110.33999633789062,110.01000213623047,110.33000183105469,64.82121276855469,1343800,0.0,0.0,0.0
2011-07-07,110.06999969482422,110.43000030517578,110.0,110.36000061035156,64.83888244628906,1463800,0.0,0.0,0.0
2011-07-08,110.80000305175781,111.1500015258789,110.51000213623047,111.06999969482422,65.25601959228516,1044300,0.0,0.0,0.0
2011-07-11,111.36000061035156,111.5,111.0,111.44000244140625,65.47337341308594,1397100,0.0,0.0,0.0
2011-07-12,111.75,111.75,111.33999633789062,111.52999877929688,65.52620697021484,694400,0.0,0.0,0.0
2011-07-13,111.66000366210938,111.8499984741211,111.41000366210938,111.80999755859375,65.69076538085938,1014400,0.0,0.0,0.0
2011-07-14,111.5999984741211,111.6500015258789,111.06999969482422,111.12000274658203,65.28541564941406,761200,0.0,0.0,0.0
2011-07-15,111.06999969482422,111.37999725341797,110.97000122070312,111.37000274658203,65.43226623535156,531400,0.0,0.0,0.0
2011-07-18,111.30999755859375,111.33999633789062,110.81999969482422,110.94000244140625,65.17962646484375,1163600,0.0,0.0,0.0
2011-07-19,110.9800033569336,111.56999969482422,110.93000030517578,111.4800033569336,65.49690246582031,1230200,0.0,0.0,0.0
2011-07-20,111.41999816894531,111.58999633789062,111.12000274658203,111.22000122070312,65.3440933227539,1019800,0.0,0.0,0.0
2011-07-21,111.05000305175781,111.26000213623047,110.8499984741211,111.05000305175781,65.2442626953125,931400,0.0,0.0,0.0
2011-07-22,111.33000183105469,111.52999877929688,111.18000030517578,111.5,65.50865173339844,1121000,0.0,0.0,0.0
2011-07-25,111.0199966430664,111.44000244140625,110.81999969482422,110.97000122070312,65.1972427368164,1166900,0.0,0.0,0.0
2011-07-26,111.08999633789062,111.68000030517578,111.08999633789062,111.45999908447266,65.48514556884766,900200,0.0,0.0,0.0
2011-07-27,111.31999969482422,111.43000030517578,110.98999786376953,111.12999725341797,65.2912368774414,762400,0.0,0.0,0.0
2011-07-28,111.45999908447266,111.52999877929688,111.29000091552734,111.37000274658203,65.43226623535156,890200,0.0,0.0,0.0
2011-07-29,111.69999694824219,112.44000244140625,111.54000091552734,112.37000274658203,66.01980590820312,1680200,0.0,0.0,0.0
2011-08-01,112.23999786376953,112.83000183105469,112.12999725341797,112.27999877929688,66.21500396728516,2151200,0.421,0.0,0.0
2011-08-02,112.58999633789062,113.23999786376953,112.3499984741211,113.22000122070312,66.76934051513672,1427300,0.0,0.0,0.0
2011-08-03,113.37000274658203,113.70999908447266,113.1500015258789,113.18000030517578,66.74575805664062,2093400,0.0,0.0,0.0
2011-08-04,113.41000366210938,114.16999816894531,113.29000091552734,114.0,67.22933959960938,2160900,0.0,0.0,0.0
2011-08-05,113.86000061035156,113.91999816894531,112.37999725341797,112.58999633789062,66.39777374267578,2470900,0.0,0.0,0.0
2011-08-08,112.47000122070312,112.47000122070312,111.51000213623047,111.5199966430664,65.76679229736328,2548400,0.0,0.0,0.0
2011-08-09,111.68000030517578,113.63999938964844,111.55000305175781,112.5199966430664,66.35649108886719,2109000,0.0,0.0,0.0
2011-08-10,113.18000030517578,113.73999786376953,112.79000091552734,113.52999877929688,66.95215606689453,1264900,0.0,0.0,0.0
2011-08-11,112.19999694824219,113.30000305175781,110.80999755859375,111.19999694824219,65.57807922363281,1858300,0.0,0.0,0.0
2011-08-12,111.7699966430664,112.62999725341797,111.5199966430664,112.47000122070312,66.32704162597656,1962400,0.0,0.0,0.0
2011-08-15,112.52999877929688,112.80999755859375,112.30000305175781,112.68000030517578,66.45091247558594,1884300,0.0,0.0,0.0
2011-08-16,112.5199966430664,113.30999755859375,112.41000366210938,113.08999633789062,66.69266510009766,1692300,0.0,0.0,0.0
2011-08-17,113.37999725341797,113.7300033569336,112.9800033569336,113.4000015258789,66.8755111694336,1050200,0.0,0.0,0.0
2011-08-18,113.93000030517578,114.0,113.20999908447266,113.55000305175781,66.96391296386719,1358100,0.0,0.0,0.0
2011-08-19,113.44999694824219,113.61000061035156,113.18000030517578,113.41000366210938,66.88140106201172,1749300,0.0,0.0,0.0
2011-08-22,113.55000305175781,113.6500015258789,112.91000366210938,112.98999786376953,66.63367462158203,1464200,0.0,0.0,0.0
2011-08-23,112.45999908447266,112.5,111.44999694824219,111.69999694824219,65.8729248046875,2340100,0.0,0.0,0.0
2011-08-24,111.4800033569336,111.62000274658203,110.19999694824219,110.37999725341797,65.09445190429688,1513600,0.0,0.0,0.0
2011-08-25,110.91000366210938,111.18000030517578,110.66999816894531,110.98999786376953,65.4542007446289,1480200,0.0,0.0,0.0
2011-08-26,111.13999938964844,111.62000274658203,110.88999938964844,111.04000091552734,65.48373413085938,1134400,0.0,0.0,0.0
2011-08-29,110.94999694824219,111.47000122070312,110.8499984741211,111.4000015258789,65.69606018066406,1186200,0.0,0.0,0.0
2011-08-30,111.7699966430664,112.16000366210938,111.66000366210938,111.98999786376953,66.04395294189453,1420000,0.0,0.0,0.0
2011-08-31,112.44999694824219,112.73999786376953,112.19999694824219,112.33000183105469,66.24446868896484,1332700,0.0,0.0,0.0
2011-09-01,112.37999725341797,112.55999755859375,111.52999877929688,112.0,66.2936019897461,2821200,0.413,0.0,0.0
2011-09-02,112.80000305175781,113.0,112.25,112.69000244140625,66.7020263671875,1386300,0.0,0.0,0.0
2011-09-06,112.83999633789062,113.95999908447266,112.51000213623047,113.3499984741211,67.09266662597656,4665100,0.0,0.0,0.0
2011-09-07,113.56999969482422,113.81999969482422,113.26000213623047,113.56999969482422,67.22291564941406,826700,0.0,0.0,0.0
2011-09-08,113.73999786376953,113.73999786376953,113.1500015258789,113.47000122070312,67.16371154785156,1397100,0.0,0.0,0.0
2011-09-09,113.4000015258789,113.9000015258789,113.08000183105469,113.58999633789062,67.23471069335938,1029500,0.0,0.0,0.0
2011-09-12,113.05000305175781,113.5199966430664,112.81999969482422,112.9000015258789,66.82626342773438,1749500,0.0,0.0,0.0
2011-09-13,112.69000244140625,112.9800033569336,112.5,112.87999725341797,66.81448364257812,1536800,0.0,0.0,0.0
2011-09-14,112.68000030517578,113.11000061035156,112.68000030517578,112.83000183105469,66.78486633300781,954900,0.0,0.0,0.0
2011-09-15,112.41999816894531,112.62999725341797,112.25,112.44000244140625,66.55404663085938,1326900,0.0,0.0,0.0
2011-09-16,112.30000305175781,112.81999969482422,112.30000305175781,112.44000244140625,66.55404663085938,1528700,0.0,0.0,0.0
2011-09-19,113.0,113.19999694824219,112.91999816894531,113.05999755859375,66.92105865478516,903300,0.0,0.0,0.0
2011-09-20,113.0999984741211,113.31999969482422,113.0,113.11000061035156,66.95059967041016,889200,0.0,0.0,0.0
2011-09-21,113.11000061035156,113.55000305175781,112.75,113.37000274658203,67.10456085205078,1006500,0.0,0.0,0.0
2011-09-22,113.68000030517578,113.80999755859375,112.9000015258789,113.58999633789062,67.23471069335938,1304000,0.0,0.0,0.0
2011-09-23,113.44999694824219,113.5199966430664,112.88999938964844,112.88999938964844,66.82039642333984,686500,0.0,0.0,0.0
2011-09-26,112.69999694824219,113.0199966430664,112.44999694824219,112.68000030517578,66.69609832763672,811500,0.0,0.0,0.0
2011-09-27,112.1500015258789,112.55000305175781,112.04000091552734,112.31999969482422,66.48299407958984,1298700,0.0,0.0,0.0
2011-09-28,112.18000030517578,112.18000030517578,111.66000366210938,111.87000274658203,66.2166976928711,1238500,0.0,0.0,0.0
2011-09-29,112.0999984741211,112.2699966430664,111.75,111.75,66.14557647705078,864500,0.0,0.0,0.0
2011-09-30,112.33000183105469,112.43000030517578,111.9000015258789,112.30999755859375,66.47706604003906,1483800,0.0,0.0,0.0
2011-10-03,112.0199966430664,112.19000244140625,111.69000244140625,112.0999984741211,66.60064697265625,3575400,0.418,0.0,0.0
2011-10-04,112.13999938964844,112.1500015258789,110.75,111.12000274658203,66.01840209960938,1753300,0.0,0.0,0.0
2011-10-05,111.26000213623047,111.5999984741211,110.69000244140625,111.58000183105469,66.29171752929688,4530500,0.0,0.0,0.0
2011-10-06,111.63999938964844,111.81999969482422,111.08000183105469,111.12999725341797,66.02434539794922,1410900,0.0,0.0,0.0
2011-10-07,111.1500015258789,111.48999786376953,110.94999694824219,111.02999877929688,65.9649429321289,2117800,0.0,0.0,0.0
2011-10-10,111.02999877929688,111.36000061035156,110.6500015258789,111.23999786376953,66.08966064453125,953700,0.0,0.0,0.0
2011-10-11,111.54000091552734,111.75,111.13999938964844,111.54000091552734,66.26792907714844,2097300,0.0,0.0,0.0
2011-10-12,111.54000091552734,111.87999725341797,111.20999908447266,111.70999908447266,66.36893463134766,1613100,0.0,0.0,0.0
2011-10-13,111.9800033569336,112.01000213623047,111.66000366210938,111.80999755859375,66.4283447265625,1494400,0.0,0.0,0.0
2011-10-14,111.13999938964844,111.91999816894531,111.08000183105469,111.73999786376953,66.38677978515625,1051900,0.0,0.0,0.0
2011-10-17,111.94999694824219,111.94999694824219,111.62999725341797,111.66000366210938,66.33927917480469,979000,0.0,0.0,0.0
2011-10-18,111.8499984741211,112.27999877929688,111.80000305175781,112.05000305175781,66.5709228515625,835100,0.0,0.0,0.0
2011-10-19,112.27999877929688,112.5,112.0,112.33999633789062,66.74325561523438,1839700,0.0,0.0,0.0
2011-10-20,112.30000305175781,112.6500015258789,112.06999969482422,112.58999633789062,66.89179229736328,937600,0.0,0.0,0.0
2011-10-21,112.6500015258789,113.0199966430664,112.63999938964844,112.95999908447266,67.11161041259766,850600,0.0,0.0,0.0
2011-10-24,113.22000122070312,113.54000091552734,113.19999694824219,113.54000091552734,67.45622253417969,1341200,0.0,0.0,0.0
2011-10-25,113.4800033569336,114.19999694824219,113.43000030517578,114.0999984741211,67.7889175415039,1546300,0.0,0.0,0.0
2011-10-26,114.22000122070312,114.30999755859375,113.7699966430664,114.0199966430664,67.74137878417969,1035800,0.0,0.0,0.0
2011-10-27,113.97000122070312,114.63999938964844,113.9000015258789,114.0,67.7295150756836,2364200,0.0,0.0,0.0
2011-10-28,114.25,114.72000122070312,114.04000091552734,114.44000244140625,67.99089813232422,2102500,0.0,0.0,0.0
2011-10-31,114.63999938964844,114.94999694824219,114.3499984741211,114.69999694824219,68.1453628540039,1548300,0.0,0.0,0.0
2011-11-01,114.69999694824219,114.98999786376953,114.36000061035156,114.87000274658203,68.48640441894531,1530900,0.402,0.0,0.0
2011-11-02,114.73999786376953,115.31999969482422,114.5999984741211,115.29000091552734,68.73680114746094,1871200,0.0,0.0,0.0
2011-11-03,115.16999816894531,115.52999877929688,114.86000061035156,115.3499984741211,68.77259063720703,1868200,0.0,0.0,0.0
2011-11-04,115.30000305175781,115.68000030517578,115.0199966430664,115.58000183105469,68.90973663330078,1489300,0.0,0.0,0.0
2011-11-07,115.4000015258789,115.68000030517578,115.06999969482422,115.12000274658203,68.63549041748047,757000,0.0,0.0,0.0
2011-11-08,115.11000061035156,115.23999786376953,114.37000274658203,114.41000366210938,68.21215057373047,4358700,0.0,0.0,0.0
2011-11-09,114.62000274658203,114.87999725341797,114.05999755859375,114.11000061035156,68.03328704833984,1252300,0.0,0.0,0.0
2011-11-10,113.77999877929688,113.87000274658203,113.05999755859375,113.54000091552734,67.69342041015625,1487800,0.0,0.0,0.0
2011-11-11,113.56999969482422,113.58000183105469,112.9800033569336,113.33999633789062,67.57421112060547,1114200,0.0,0.0,0.0
2011-11-14,113.41000366210938,113.61000061035156,113.19999694824219,113.33000183105469,67.56825256347656,821400,0.0,0.0,0.0
2011-11-15,113.26000213623047,113.55000305175781,113.01000213623047,113.22000122070312,67.50264739990234,1425200,0.0,0.0,0.0
2011-11-16,113.37000274658203,113.37000274658203,112.75,112.86000061035156,67.28800964355469,2641800,0.0,0.0,0.0
2011-11-17,112.7300033569336,112.93000030517578,111.9000015258789,111.97000122070312,66.75739288330078,4230700,0.0,0.0,0.0
2011-11-18,111.97000122070312,112.19999694824219,111.77999877929688,112.1500015258789,66.86473083496094,1280400,0.0,0.0,0.0
2011-11-21,112.12000274658203,112.12000274658203,111.58000183105469,111.69000244140625,66.59048461914062,1355300,0.0,0.0,0.0
2011-11-22,111.51000213623047,111.72000122070312,111.4000015258789,111.4000015258789,66.41755676269531,1391700,0.0,0.0,0.0
2011-11-23,111.19999694824219,111.19999694824219,110.6500015258789,110.83000183105469,66.0777359008789,1796600,0.0,0.0,0.0
2011-11-25,110.61000061035156,110.83000183105469,110.33000183105469,110.38999938964844,65.81542205810547,660100,0.0,0.0,0.0
2011-11-28,110.12999725341797,110.80999755859375,109.80999755859375,110.44000244140625,65.84523010253906,2416000,0.0,0.0,0.0
2011-11-29,110.38999938964844,110.43000030517578,109.93000030517578,110.19000244140625,65.69619750976562,1460500,0.0,0.0,0.0
2011-11-30,110.80000305175781,110.9000015258789,110.44000244140625,110.69000244140625,65.9942626953125,1759300,0.0,0.0,0.0
2011-12-01,110.30000305175781,110.63999938964844,110.11000061035156,110.55999755859375,66.14741516113281,1661300,0.386,0.0,0.0
2011-12-02,110.8499984741211,111.55000305175781,110.56999969482422,111.5,66.70977783203125,1882200,0.0,0.0,0.0
2011-12-05,111.5,112.33000183105469,111.44999694824219,112.33000183105469,67.20642852783203,1826300,0.0,0.0,0.0
2011-12-06,112.05999755859375,112.37000274658203,111.66999816894531,111.7300033569336,66.84740447998047,1166900,0.0,0.0,0.0
2011-12-07,112.16000366210938,112.47000122070312,111.98999786376953,112.43000030517578,67.26619720458984,1560000,0.0,0.0,0.0
2011-12-08,112.30000305175781,112.33999633789062,111.95999908447266,112.05000305175781,67.03890228271484,1110300,0.0,0.0,0.0
2011-12-09,112.37999725341797,112.44000244140625,111.5,111.62000274658203,66.7815933227539,1018000,0.0,0.0,0.0
2011-12-12,111.91000366210938,111.95999908447266,111.47000122070312,111.62999725341797,66.78759002685547,574500,0.0,0.0,0.0
2011-12-13,111.68000030517578,112.29000091552734,111.6500015258789,112.01000213623047,67.01495361328125,1206100,0.0,0.0,0.0
2011-12-14,112.1500015258789,112.29000091552734,111.9000015258789,112.19999694824219,67.12860870361328,1085400,0.0,0.0,0.0
2011-12-15,112.19999694824219,112.5,112.19000244140625,112.37999725341797,67.23629760742188,912600,0.0,0.0,0.0
2011-12-16,112.5,113.05000305175781,112.44999694824219,113.01000213623047,67.61323547363281,1464900,0.0,0.0,0.0
2011-12-19,113.12999725341797,113.48999786376953,112.87000274658203,113.41000366210938,67.8525390625,1061800,0.0,0.0,0.0
2011-12-20,113.31999969482422,113.58000183105469,113.19999694824219,113.33000183105469,67.80469512939453,1127900,0.0,0.0,0.0
2011-12-21,113.37999725341797,113.44000244140625,112.8499984741211,112.8499984741211,67.51750946044922,1159500,0.0,0.0,0.0
2011-12-22,113.19000244140625,113.5,113.11000061035156,113.44000244140625,67.8704833984375,1762800,0.0,0.0,0.0
2011-12-23,113.3499984741211,113.3499984741211,112.94999694824219,113.08999633789062,67.66107177734375,830600,0.0,0.0,0.0
2011-12-27,112.81999969482422,113.13999938964844,112.43000030517578,113.12999725341797,67.91804504394531,872900,0.388,0.0,0.0
2011-12-28,113.27999877929688,113.5,113.05000305175781,113.33999633789062,68.04413604736328,501500,0.0,0.0,0.0
2011-12-29,113.48999786376953,113.5,113.0199966430664,113.27999877929688,68.00809478759766,971600,0.0,0.0,0.0
2011-12-30,113.44999694824219,113.8499984741211,113.33000183105469,113.76000213623047,68.29627227783203,807100,0.0,0.0,0.0
2012-01-03,113.80000305175781,114.0,113.5,113.66999816894531,68.24223327636719,2509400,0.0,0.0,0.0
2012-01-04,113.75,113.94999694824219,113.44000244140625,113.76000213623047,68.29627227783203,1641400,0.0,0.0,0.0
2012-01-05,113.69999694824219,113.76000213623047,113.19999694824219,113.2699966430664,68.00209045410156,1454800,0.0,0.0,0.0
2012-01-06,113.48999786376953,113.81999969482422,113.38999938964844,113.70999908447266,68.26626586914062,781000,0.0,0.0,0.0
2012-01-09,113.83000183105469,113.93000030517578,113.54000091552734,113.54000091552734,68.16417694091797,1184400,0.0,0.0,0.0
2012-01-10,113.69999694824219,113.91999816894531,113.61000061035156,113.86000061035156,68.35629272460938,1946400,0.0,0.0,0.0
2012-01-11,113.88999938964844,114.05000305175781,113.80999755859375,113.83999633789062,68.34428405761719,2382700,0.0,0.0,0.0
2012-01-12,114.18000030517578,114.37999725341797,114.01000213623047,114.0999984741211,68.50037384033203,1820800,0.0,0.0,0.0
2012-01-13,114.44000244140625,114.81999969482422,114.3499984741211,114.51000213623047,68.74653625488281,3220100,0.0,0.0,0.0
2012-01-17,114.77999877929688,114.88999938964844,114.61000061035156,114.86000061035156,68.95668029785156,1689000,0.0,0.0,0.0
2012-01-18,115.0,115.04000091552734,114.58999633789062,114.62999725341797,68.818603515625,1643200,0.0,0.0,0.0
2012-01-19,114.7699966430664,114.93000030517578,114.41999816894531,114.5999984741211,68.80059051513672,1268300,0.0,0.0,0.0
2012-01-20,114.52999877929688,114.61000061035156,114.20999908447266,114.30999755859375,68.62645721435547,1140300,0.0,0.0,0.0
2012-01-23,114.23999786376953,114.4000015258789,114.13999938964844,114.13999938964844,68.52439880371094,1129000,0.0,0.0,0.0
2012-01-24,114.23999786376953,114.56999969482422,114.16000366210938,114.55000305175781,68.77059936523438,1321300,0.0,0.0,0.0
2012-01-25,114.61000061035156,115.52999877929688,114.38999938964844,114.94000244140625,69.00468444824219,1697600,0.0,0.0,0.0
2012-01-26,115.62999725341797,115.87000274658203,115.51000213623047,115.83999633789062,69.54499053955078,1342800,0.0,0.0,0.0
2012-01-27,115.91000366210938,116.20999908447266,115.75,116.01000213623047,69.6470947265625,1148400,0.0,0.0,0.0
2012-01-30,116.4000015258789,116.41000366210938,115.83999633789062,115.86000061035156,69.55699920654297,1325500,0.0,0.0,0.0
2012-01-31,116.13999938964844,116.37999725341797,115.94999694824219,116.19999694824219,69.76114654541016,1504000,0.0,0.0,0.0
2012-02-01,116.08000183105469,116.31999969482422,115.73999786376953,116.2699966430664,70.0388412475586,3195600,0.391,0.0,0.0
2012-02-02,116.27999877929688,116.56999969482422,116.19999694824219,116.51000213623047,70.18343353271484,2860600,0.0,0.0,0.0
2012-02-03,116.0999984741211,116.38999938964844,115.9000015258789,116.33999633789062,70.08100891113281,2148400,0.0,0.0,0.0
2012-02-06,116.23999786376953,116.83999633789062,116.23999786376953,116.63999938964844,70.26174926757812,1141700,0.0,0.0,0.0
2012-02-07,116.44000244140625,116.55999755859375,116.19999694824219,116.41999816894531,70.12921142578125,1061100,0.0,0.0,0.0
2012-02-08,116.47000122070312,116.6500015258789,116.31999969482422,116.54000091552734,70.20144653320312,1651200,0.0,0.0,0.0
2012-02-09,116.5,116.51000213623047,115.9800033569336,116.16999816894531,69.97864532470703,2439000,0.0,0.0,0.0
2012-02-10,116.18000030517578,116.25,115.83000183105469,116.05999755859375,69.91233825683594,1776500,0.0,0.0,0.0
2012-02-13,116.5,116.52999877929688,116.29000091552734,116.45999908447266,70.1533203125,1061300,0.0,0.0,0.0
2012-02-14,116.5199966430664,116.73999786376953,116.4000015258789,116.55000305175781,70.20752716064453,1972900,0.0,0.0,0.0
2012-02-15,116.6500015258789,116.86000061035156,116.3499984741211,116.38999938964844,70.11109161376953,1025100,0.0,0.0,0.0
2012-02-16,116.43000030517578,116.43000030517578,116.0199966430664,116.19000244140625,69.99066925048828,1821400,0.0,0.0,0.0
2012-02-17,115.95999908447266,116.13999938964844,115.83000183105469,116.01000213623047,69.88224792480469,1858600,0.0,0.0,0.0
2012-02-21,116.16999816894531,116.30000305175781,115.81999969482422,115.81999969482422,69.76776123046875,1887500,0.0,0.0,0.0
2012-02-22,116.16999816894531,116.58000183105469,115.94000244140625,116.54000091552734,70.20144653320312,2834500,0.0,0.0,0.0
2012-02-23,116.44999694824219,116.72000122070312,116.22000122070312,116.69999694824219,70.2978515625,1590800,0.0,0.0,0.0
2012-02-24,116.83000183105469,116.98999786376953,116.52999877929688,116.79000091552734,70.35208129882812,2175100,0.0,0.0,0.0
2012-02-27,117.18000030517578,117.30000305175781,116.97000122070312,117.22000122070312,70.61112976074219,1160200,0.0,0.0,0.0
2012-02-28,117.5,117.80000305175781,117.41000366210938,117.58999633789062,70.83401489257812,2136700,0.0,0.0,0.0
2012-02-29,117.5999984741211,117.87000274658203,117.4000015258789,117.69999694824219,70.90022277832031,1769800,0.0,0.0,0.0
2012-03-01,116.94000244140625,117.19000244140625,116.79000091552734,117.0199966430664,70.73283386230469,2300600,0.403,0.0,0.0
2012-03-02,117.02999877929688,117.37000274658203,117.01000213623047,117.05999755859375,70.75701141357422,1880600,0.0,0.0,0.0
2012-03-05,117.18000030517578,117.30999755859375,116.69000244140625,116.8499984741211,70.63004302978516,1646400,0.0,0.0,0.0
2012-03-06,116.81999969482422,116.91000366210938,116.5,116.66999816894531,70.5212173461914,1682900,0.0,0.0,0.0
2012-03-07,116.68000030517578,116.8499984741211,116.5199966430664,116.62000274658203,70.49102020263672,1410400,0.0,0.0,0.0
2012-03-08,116.72000122070312,116.83000183105469,116.52999877929688,116.63999938964844,70.50312805175781,1202400,0.0,0.0,0.0
2012-03-09,116.52999877929688,116.5999984741211,116.2699966430664,116.58000183105469,70.46685028076172,1659400,0.0,0.0,0.0
2012-03-12,116.75,116.77999877929688,116.33999633789062,116.3499984741211,70.32785034179688,2027900,0.0,0.0,0.0
2012-03-13,116.2699966430664,116.4000015258789,115.91999816894531,116.02999877929688,70.1344223022461,2230100,0.0,0.0,0.0
2012-03-14,115.73999786376953,115.73999786376953,114.5999984741211,114.6500015258789,69.30028533935547,3067800,0.0,0.0,0.0
2012-03-15,114.72000122070312,115.12000274658203,114.29000091552734,114.4000015258789,69.14915466308594,2035800,0.0,0.0,0.0
2012-03-16,114.19999694824219,114.58999633789062,114.0,114.56999969482422,69.25192260742188,3390500,0.0,0.0,0.0
2012-03-19,114.54000091552734,114.62999725341797,114.16000366210938,114.41000366210938,69.15521240234375,1961200,0.0,0.0,0.0
2012-03-20,114.18000030517578,114.5,114.05000305175781,114.33999633789062,69.11288452148438,1825900,0.0,0.0,0.0
2012-03-21,114.58000183105469,114.9000015258789,114.45999908447266,114.86000061035156,69.42721557617188,2112500,0.0,0.0,0.0
2012-03-22,114.81999969482422,114.83999633789062,114.5999984741211,114.66999816894531,69.3123550415039,3073000,0.0,0.0,0.0
2012-03-23,114.91999816894531,115.0999984741211,114.76000213623047,114.76000213623047,69.36675262451172,2235200,0.0,0.0,0.0
2012-03-26,115.0199966430664,115.27999877929688,114.81999969482422,115.01000213623047,69.5178451538086,1600200,0.0,0.0,0.0
2012-03-27,115.0199966430664,115.94999694824219,115.0199966430664,115.9000015258789,70.0558090209961,2904800,0.0,0.0,0.0
2012-03-28,115.7300033569336,116.0,115.5199966430664,115.68000030517578,69.92284393310547,1666400,0.0,0.0,0.0
2012-03-29,115.87000274658203,116.04000091552734,115.62000274658203,115.91000366210938,70.0618667602539,1632100,0.0,0.0,0.0
2012-03-30,116.0999984741211,116.18000030517578,115.4800033569336,115.62999725341797,69.89262390136719,4285000,0.0,0.0,0.0
2012-04-02,115.43000030517578,115.5999984741211,115.16000366210938,115.52999877929688,70.0727767944336,6107600,0.397,0.0,0.0
2012-04-03,115.5,115.80000305175781,114.38999938964844,114.43000030517578,69.40558624267578,2724100,0.0,0.0,0.0
2012-04-04,114.80999755859375,114.98999786376953,114.63999938964844,114.6500015258789,69.53900909423828,1620100,0.0,0.0,0.0
2012-04-05,114.87999725341797,115.12999725341797,114.5999984741211,114.83999633789062,69.65422058105469,1646300,0.0,0.0,0.0
2012-04-09,115.6500015258789,115.73999786376953,115.38999938964844,115.58999633789062,70.10914611816406,1026600,0.0,0.0,0.0
2012-04-10,115.80999755859375,115.80999755859375,115.47000122070312,115.5199966430664,70.06672668457031,2263600,0.0,0.0,0.0
2012-04-11,115.5199966430664,115.58000183105469,114.98999786376953,115.4000015258789,69.99390411376953,1311400,0.0,0.0,0.0
2012-04-12,115.5999984741211,115.69999694824219,115.38999938964844,115.44999694824219,70.02425384521484,1400700,0.0,0.0,0.0
2012-04-13,115.69999694824219,116.04000091552734,115.69999694824219,116.0,70.35784912109375,1012800,0.0,0.0,0.0
2012-04-16,115.97000122070312,116.29000091552734,115.9000015258789,116.0,70.35784912109375,2396800,0.0,0.0,0.0
2012-04-17,115.97000122070312,116.16999816894531,115.80999755859375,116.1500015258789,70.44881439208984,2229300,0.0,0.0,0.0
2012-04-18,116.2300033569336,116.27999877929688,116.05000305175781,116.12999725341797,70.43667602539062,2663500,0.0,0.0,0.0
2012-04-19,116.38999938964844,116.4000015258789,116.12999725341797,116.20999908447266,70.48521423339844,1141800,0.0,0.0,0.0
2012-04-20,116.08000183105469,116.2699966430664,115.93000030517578,116.18000030517578,70.46695709228516,663400,0.0,0.0,0.0
2012-04-23,116.4000015258789,116.41000366210938,116.1500015258789,116.19999694824219,70.47918701171875,976400,0.0,0.0,0.0
2012-04-24,116.16000366210938,116.20999908447266,115.94000244140625,115.98999786376953,70.35176849365234,1988800,0.0,0.0,0.0
2012-04-25,115.8499984741211,116.2300033569336,115.75,116.19000244140625,70.47313690185547,1709800,0.0,0.0,0.0
2012-04-26,116.25,116.54000091552734,116.23999786376953,116.37999725341797,70.58834075927734,1116300,0.0,0.0,0.0
2012-04-27,116.47000122070312,116.5999984741211,116.2699966430664,116.55000305175781,70.69141387939453,1601000,0.0,0.0,0.0
2012-04-30,116.68000030517578,116.76000213623047,116.41999816894531,116.4800033569336,70.64897918701172,1733000,0.0,0.0,0.0
2012-05-01,116.38999938964844,116.51000213623047,115.83000183105469,115.87000274658203,70.51446533203125,2430700,0.389,0.0,0.0
2012-05-02,116.12999725341797,116.29000091552734,116.05999755859375,116.25,70.74575805664062,2046500,0.0,0.0,0.0
2012-05-03,116.25,116.44999694824219,116.11000061035156,116.31999969482422,70.78831481933594,1356300,0.0,0.0,0.0
2012-05-04,116.4800033569336,116.58000183105469,116.44000244140625,116.44999694824219,70.867431640625,686400,0.0,0.0,0.0
2012-05-07,116.5,116.69999694824219,116.4000015258789,116.6500015258789,70.98912811279297,787200,0.0,0.0,0.0
2012-05-08,116.75,117.0,116.62000274658203,116.94000244140625,71.16561889648438,1570700,0.0,0.0,0.0
2012-05-09,116.6500015258789,116.98999786376953,116.56999969482422,116.73999786376953,71.04389953613281,2175700,0.0,0.0,0.0
2012-05-10,116.62000274658203,116.68000030517578,116.30000305175781,116.5,70.89783477783203,1600000,0.0,0.0,0.0
2012-05-11,116.77999877929688,117.0,116.75,116.8499984741211,71.11085510253906,2977200,0.0,0.0,0.0
2012-05-14,117.05999755859375,117.18000030517578,116.76000213623047,116.87999725341797,71.1291275024414,1925800,0.0,0.0,0.0
2012-05-15,117.05999755859375,117.05999755859375,116.62000274658203,116.7300033569336,71.03784942626953,2455300,0.0,0.0,0.0
2012-05-16,116.30999755859375,116.91000366210938,116.22000122070312,116.79000091552734,71.07435607910156,2700500,0.0,0.0,0.0
2012-05-17,116.38999938964844,116.44999694824219,115.9000015258789,115.91999816894531,70.54490661621094,2367900,0.0,0.0,0.0
2012-05-18,115.75,115.7699966430664,115.38999938964844,115.47000122070312,70.27107238769531,1969000,0.0,0.0,0.0
2012-05-21,115.47000122070312,115.66000366210938,115.25,115.5999984741211,70.35012817382812,1387000,0.0,0.0,0.0
2012-05-22,115.37999725341797,115.5999984741211,115.22000122070312,115.29000091552734,70.1614761352539,1728300,0.0,0.0,0.0
2012-05-23,115.38999938964844,115.80000305175781,115.37000274658203,115.56999969482422,70.33187866210938,1870700,0.0,0.0,0.0
2012-05-24,115.58999633789062,115.63999938964844,115.43000030517578,115.58999633789062,70.34408569335938,1212900,0.0,0.0,0.0
2012-05-25,115.68000030517578,115.91000366210938,115.5999984741211,115.87999725341797,70.52053833007812,594000,0.0,0.0,0.0
2012-05-29,115.9800033569336,116.29000091552734,115.94999694824219,116.05000305175781,70.62403869628906,2514200,0.0,0.0,0.0
2012-05-30,116.4800033569336,116.56999969482422,116.12999725341797,116.1500015258789,70.68487548828125,1919500,0.0,0.0,0.0
2012-05-31,116.48999786376953,117.0,116.25,116.97000122070312,71.18391418457031,4629800,0.0,0.0,0.0
2012-06-01,116.58999633789062,117.30000305175781,116.33000183105469,117.29000091552734,71.62112426757812,3800200,0.396,0.0,0.0
2012-06-04,116.75,116.91000366210938,116.36000061035156,116.4000015258789,71.0776596069336,2643900,0.0,0.0,0.0
2012-06-05,116.2699966430664,116.48999786376953,116.06999969482422,116.1500015258789,70.92499542236328,2430900,0.0,0.0,0.0
2012-06-06,116.2699966430664,116.2699966430664,115.56999969482422,115.80999755859375,70.71734619140625,2499400,0.0,0.0,0.0
2012-06-07,115.88999938964844,116.0999984741211,115.7300033569336,116.05000305175781,70.8639144897461,2929700,0.0,0.0,0.0
2012-06-08,116.55999755859375,116.66999816894531,116.19999694824219,116.4800033569336,71.12651824951172,1713000,0.0,0.0,0.0
2012-06-11,116.45999908447266,116.7300033569336,116.27999877929688,116.45999908447266,71.11427307128906,1354200,0.0,0.0,0.0
2012-06-12,116.3499984741211,116.43000030517578,115.93000030517578,116.12000274658203,70.90667724609375,926300,0.0,0.0,0.0
2012-06-13,116.19000244140625,116.55000305175781,116.04000091552734,116.54000091552734,71.16309356689453,1333000,0.0,0.0,0.0
2012-06-14,116.4800033569336,116.55999755859375,116.16999816894531,116.4000015258789,71.0776596069336,1574900,0.0,0.0,0.0
2012-06-15,116.75,116.95999908447266,116.62000274658203,116.87999725341797,71.37071228027344,1347100,0.0,0.0,0.0
2012-06-18,116.95999908447266,117.0,116.69999694824219,116.83000183105469,71.34021759033203,996800,0.0,0.0,0.0
2012-06-19,116.97000122070312,117.30999755859375,116.66999816894531,116.72000122070312,71.2730712890625,2159200,0.0,0.0,0.0
2012-06-20,116.66000366210938,116.9800033569336,116.4800033569336,116.7699966430664,71.30359649658203,2579000,0.0,0.0,0.0
2012-06-21,116.9800033569336,117.2699966430664,116.91999816894531,116.94999694824219,71.41350555419922,2229400,0.0,0.0,0.0
2012-06-22,116.94000244140625,117.12000274658203,116.80000305175781,116.86000061035156,71.3585433959961,1245600,0.0,0.0,0.0
2012-06-25,117.12000274658203,117.33999633789062,116.95999908447266,117.16000366210938,71.54174041748047,1702300,0.0,0.0,0.0
2012-06-26,117.08999633789062,117.41999816894531,117.0199966430664,117.27999877929688,71.61503601074219,1642300,0.0,0.0,0.0
2012-06-27,117.48999786376953,117.61000061035156,117.31999969482422,117.44000244140625,71.7127456665039,2352100,0.0,0.0,0.0
2012-06-28,117.68000030517578,117.86000061035156,117.61000061035156,117.62000274658203,71.82258605957031,2286500,0.0,0.0,0.0
2012-06-29,117.5,117.80999755859375,117.4000015258789,117.58999633789062,71.80436706542969,2348600,0.0,0.0,0.0
2012-07-02,117.58000183105469,118.0,117.44999694824219,117.81999969482422,72.18540954589844,2310500,0.392,0.0,0.0
2012-07-03,117.86000061035156,117.98999786376953,117.73999786376953,117.91999816894531,72.24664306640625,808800,0.0,0.0,0.0
2012-07-05,117.9800033569336,118.33999633789062,117.93000030517578,118.22000122070312,72.43048858642578,1982300,0.0,0.0,0.0
2012-07-06,118.38999938964844,118.56999969482422,118.0199966430664,118.5199966430664,72.61427307128906,1533100,0.0,0.0,0.0
2012-07-09,118.41000366210938,118.76000213623047,118.37999725341797,118.5999984741211,72.66326904296875,1119500,0.0,0.0,0.0
2012-07-10,118.7699966430664,118.86000061035156,118.56999969482422,118.56999969482422,72.6449203491211,1385600,0.0,0.0,0.0
2012-07-11,118.80000305175781,119.11000061035156,118.75,118.7699966430664,72.76741790771484,1210000,0.0,0.0,0.0
2012-07-12,118.94999694824219,119.41000366210938,118.81999969482422,119.37000274658203,73.13502502441406,1716700,0.0,0.0,0.0
2012-07-13,119.31999969482422,119.5199966430664,119.05000305175781,119.41000366210938,73.15953063964844,1634700,0.0,0.0,0.0
2012-07-16,119.83000183105469,119.86000061035156,119.58999633789062,119.73999786376953,73.36173248291016,750100,0.0,0.0,0.0
2012-07-17,119.7699966430664,119.9000015258789,119.52999877929688,119.73999786376953,73.36173248291016,2479000,0.0,0.0,0.0
2012-07-18,120.12000274658203,120.48999786376953,120.06999969482422,120.4000015258789,73.7660903930664,2351900,0.0,0.0,0.0
2012-07-19,120.41000366210938,120.87000274658203,120.41000366210938,120.61000061035156,73.89470672607422,3499900,0.0,0.0,0.0
2012-07-20,120.80000305175781,120.91999816894531,120.66000366210938,120.69999694824219,73.94990539550781,1144600,0.0,0.0,0.0
2012-07-23,120.72000122070312,120.80000305175781,120.25,120.30999755859375,73.71096801757812,1328000,0.0,0.0,0.0
2012-07-24,120.22000122070312,120.62999725341797,120.16999816894531,120.5,73.82736206054688,1333100,0.0,0.0,0.0
2012-07-25,120.69000244140625,120.86000061035156,120.54000091552734,120.7300033569336,73.96827697753906,2551400,0.0,0.0,0.0
2012-07-26,120.7300033569336,120.97000122070312,120.7300033569336,120.91999816894531,74.0846939086914,1094600,0.0,0.0,0.0
2012-07-27,120.55999755859375,120.6500015258789,119.73999786376953,120.3499984741211,73.7354736328125,2952200,0.0,0.0,0.0
2012-07-30,120.22000122070312,120.77999877929688,120.22000122070312,120.66000366210938,73.92542266845703,2581500,0.0,0.0,0.0
2012-07-31,121.05000305175781,121.29000091552734,120.83999633789062,121.27999877929688,74.30526733398438,1563500,0.0,0.0,0.0
2012-08-01,120.66000366210938,120.97000122070312,120.4000015258789,120.76000213623047,74.22225952148438,2583100,0.385,0.0,0.0
2012-08-02,121.0,121.05999755859375,120.19999694824219,120.83999633789062,74.27144622802734,1500000,0.0,0.0,0.0
2012-08-03,120.54000091552734,120.68000030517578,120.19000244140625,120.55000305175781,74.09325408935547,2259800,0.0,0.0,0.0
2012-08-06,120.72000122070312,120.79000091552734,120.5999984741211,120.70999908447266,74.1915283203125,1596300,0.0,0.0,0.0
2012-08-07,120.2300033569336,120.33999633789062,120.0,120.08000183105469,73.80431365966797,4136600,0.0,0.0,0.0
2012-08-08,120.2300033569336,120.2699966430664,119.69999694824219,119.73999786376953,73.5953598022461,2310300,0.0,0.0,0.0
2012-08-09,119.58000183105469,119.7699966430664,119.30000305175781,119.66000366210938,73.546142578125,2496100,0.0,0.0,0.0
2012-08-10,120.08999633789062,120.0999984741211,119.79000091552734,120.0,73.7551498413086,1482700,0.0,0.0,0.0
2012-08-13,119.95999908447266,120.06999969482422,119.7300033569336,119.75,73.60148620605469,1127000,0.0,0.0,0.0
2012-08-14,119.47000122070312,119.47000122070312,119.18000030517578,119.20999908447266,73.26960754394531,1593600,0.0,0.0,0.0
2012-08-15,119.02999877929688,119.06999969482422,118.6500015258789,118.6500015258789,72.92540740966797,3995300,0.0,0.0,0.0
2012-08-16,118.75,118.9000015258789,118.12999725341797,118.30000305175781,72.71029663085938,1895700,0.0,0.0,0.0
2012-08-17,118.41000366210938,118.79000091552734,118.4000015258789,118.45999908447266,72.80863952636719,1734500,0.0,0.0,0.0
2012-08-20,118.2699966430664,118.81999969482422,118.26000213623047,118.79000091552734,73.01146697998047,1813900,0.0,0.0,0.0
2012-08-21,118.76000213623047,118.98999786376953,118.4800033569336,118.98999786376953,73.1343765258789,2010000,0.0,0.0,0.0
2012-08-22,119.44999694824219,119.69999694824219,119.19000244140625,119.66999816894531,73.55233764648438,2281400,0.0,0.0,0.0
2012-08-23,119.83999633789062,119.91000366210938,119.72000122070312,119.76000213623047,73.60765075683594,883300,0.0,0.0,0.0
2012-08-24,119.94999694824219,119.94999694824219,119.7300033569336,119.88999938964844,73.68753814697266,1335300,0.0,0.0,0.0
2012-08-27,120.1500015258789,120.26000213623047,120.0,120.04000091552734,73.77974700927734,1879300,0.0,0.0,0.0
2012-08-28,120.19000244140625,120.27999877929688,120.05999755859375,120.20999908447266,73.88421630859375,908300,0.0,0.0,0.0
2012-08-29,120.19000244140625,120.19000244140625,119.87999725341797,119.95999908447266,73.73058319091797,1777000,0.0,0.0,0.0
2012-08-30,120.05999755859375,120.12999725341797,119.94999694824219,120.0,73.7551498413086,1888000,0.0,0.0,0.0
2012-08-31,120.04000091552734,120.83000183105469,120.04000091552734,120.83000183105469,74.26531982421875,1766500,0.0,0.0,0.0
2012-09-04,120.55999755859375,120.56999969482422,120.05000305175781,120.16000366210938,74.089599609375,3788800,0.385,0.0,0.0
2012-09-05,120.1500015258789,120.80000305175781,120.05999755859375,120.20999908447266,74.12039184570312,817600,0.0,0.0,0.0
2012-09-06,119.8499984741211,119.91999816894531,119.61000061035156,119.68000030517578,73.79359436035156,2078500,0.0,0.0,0.0
2012-09-07,120.5999984741211,120.62000274658203,119.9000015258789,119.93000030517578,73.94776153564453,2192700,0.0,0.0,0.0
2012-09-10,119.93000030517578,120.01000213623047,119.72000122070312,119.91999816894531,73.94157409667969,1075900,0.0,0.0,0.0
2012-09-11,120.0,120.12000274658203,119.80000305175781,120.0199966430664,74.00325012207031,2641500,0.0,0.0,0.0
2012-09-12,119.77999877929688,119.83000183105469,119.56999969482422,119.77999877929688,73.8552474975586,1334800,0.0,0.0,0.0
2012-09-13,120.0199966430664,120.58999633789062,119.6500015258789,120.41999816894531,74.24988555908203,3618500,0.0,0.0,0.0
2012-09-14,120.0999984741211,120.0999984741211,119.36000061035156,119.69999694824219,73.80596160888672,3164800,0.0,0.0,0.0
2012-09-17,120.02999877929688,120.33999633789062,119.91999816894531,120.11000061035156,74.0587387084961,898100,0.0,0.0,0.0
2012-09-18,120.48999786376953,120.6500015258789,120.31999969482422,120.4800033569336,74.286865234375,1563000,0.0,0.0,0.0
2012-09-19,120.83000183105469,120.94000244140625,120.6500015258789,120.68000030517578,74.4101791381836,1237400,0.0,0.0,0.0
2012-09-20,120.9800033569336,121.05999755859375,120.55000305175781,120.58000183105469,74.34856414794922,1165200,0.0,0.0,0.0
2012-09-21,120.52999877929688,120.86000061035156,120.44999694824219,120.80000305175781,74.48417663574219,1305900,0.0,0.0,0.0
2012-09-24,120.97000122070312,121.02999877929688,120.83999633789062,120.9800033569336,74.59517669677734,1191700,0.0,0.0,0.0
2012-09-25,121.01000213623047,121.22000122070312,120.83000183105469,121.22000122070312,74.74315643310547,3287800,0.0,0.0,0.0
2012-09-26,121.26000213623047,121.56999969482422,121.19999694824219,121.55999755859375,74.95281219482422,1162900,0.0,0.0,0.0
2012-09-27,121.5199966430664,121.73999786376953,121.43000030517578,121.5,74.91583251953125,1720200,0.0,0.0,0.0
2012-09-28,121.75,121.91000366210938,121.55999755859375,121.7699966430664,75.082275390625,2519100,0.0,0.0,0.0
2012-10-01,121.66999816894531,121.76000213623047,121.4000015258789,121.70999908447266,75.28267669677734,3318000,0.384,0.0,0.0
2012-10-02,121.58999633789062,121.79000091552734,121.55999755859375,121.75,75.30744934082031,2188900,0.0,0.0,0.0
2012-10-03,121.6500015258789,121.83000183105469,121.52999877929688,121.83000183105469,75.35692596435547,6193600,0.0,0.0,0.0
2012-10-04,121.7300033569336,121.91999816894531,121.66999816894531,121.7300033569336,75.2950439453125,1710500,0.0,0.0,0.0
2012-10-05,121.56999969482422,121.69000244140625,121.5,121.54000091552734,75.1775131225586,1711500,0.0,0.0,0.0
2012-10-08,121.86000061035156,121.94999694824219,121.7300033569336,121.86000061035156,75.37547302246094,715300,0.0,0.0,0.0
2012-10-09,121.6500015258789,122.22000122070312,121.6500015258789,121.98999786376953,75.45586395263672,3132200,0.0,0.0,0.0
2012-10-10,121.88999938964844,122.36000061035156,121.76000213623047,122.20999908447266,75.59197235107422,2418400,0.0,0.0,0.0
2012-10-11,122.05999755859375,122.69000244140625,122.02999877929688,122.61000061035156,75.83938598632812,2165200,0.0,0.0,0.0
2012-10-12,122.76000213623047,122.95999908447266,122.66000366210938,122.75,75.92601776123047,1712000,0.0,0.0,0.0
2012-10-15,122.79000091552734,123.1500015258789,122.7300033569336,123.12999725341797,76.1610336303711,2144800,0.0,0.0,0.0
2012-10-16,123.05999755859375,123.19999694824219,122.93000030517578,123.05000305175781,76.11154174804688,2177900,0.0,0.0,0.0
2012-10-17,123.0199966430664,123.1500015258789,122.76000213623047,122.80999755859375,75.96309661865234,6454900,0.0,0.0,0.0
2012-10-18,122.95999908447266,123.0,122.5,122.58000183105469,75.8208236694336,1541400,0.0,0.0,0.0
2012-10-19,122.69999694824219,123.01000213623047,122.5999984741211,122.80000305175781,75.9568862915039,1716000,0.0,0.0,0.0
2012-10-22,122.54000091552734,122.70999908447266,122.45999908447266,122.51000213623047,75.77750396728516,2030300,0.0,0.0,0.0
2012-10-23,122.4000015258789,122.75,122.37000274658203,122.72000122070312,75.90736389160156,1188600,0.0,0.0,0.0
2012-10-24,122.61000061035156,122.76000213623047,122.37000274658203,122.38999938964844,75.7032699584961,2842400,0.0,0.0,0.0
2012-10-25,122.23999786376953,122.43000030517578,122.0,122.04000091552734,75.48683166503906,1511200,0.0,0.0,0.0
2012-10-26,122.37000274658203,122.66000366210938,122.22000122070312,122.63999938964844,75.85792541503906,1206500,0.0,0.0,0.0
2012-10-31,122.94000244140625,123.18000030517578,122.69000244140625,123.0199966430664,76.09296417236328,1286500,0.0,0.0,0.0
2012-11-01,122.58999633789062,122.7699966430664,122.38999938964844,122.4800033569336,75.7589340209961,1953700,0.0,0.0,0.0
2012-11-02,122.38999938964844,122.48999786376953,122.02999877929688,122.23999786376953,75.61051177978516,1940300,0.0,0.0,0.0
2012-11-05,122.26000213623047,122.51000213623047,122.26000213623047,122.30000305175781,75.64767456054688,2073200,0.0,0.0,0.0
2012-11-06,122.11000061035156,122.2300033569336,121.6500015258789,121.70999908447266,75.28267669677734,1459400,0.0,0.0,0.0
2012-11-07,122.41000366210938,122.44999694824219,121.95999908447266,121.95999908447266,75.43730163574219,1585400,0.0,0.0,0.0
2012-11-08,121.9000015258789,122.0,121.5999984741211,121.83999633789062,75.36309814453125,3176500,0.0,0.0,0.0
2012-11-09,121.69000244140625,121.83000183105469,121.37999725341797,121.54000091552734,75.1775131225586,2850300,0.0,0.0,0.0
2012-11-12,121.54000091552734,121.77999877929688,121.5,121.55999755859375,75.18993377685547,991500,0.0,0.0,0.0
2012-11-13,121.8499984741211,121.9800033569336,121.55000305175781,121.61000061035156,75.22080993652344,1849500,0.0,0.0,0.0
2012-11-14,121.37999725341797,121.93000030517578,121.37999725341797,121.86000061035156,75.37547302246094,2445600,0.0,0.0,0.0
2012-11-15,121.52999877929688,121.70999908447266,121.5199966430664,121.62000274658203,75.22702026367188,2218400,0.0,0.0,0.0
2012-11-16,121.62999725341797,121.8499984741211,121.5999984741211,121.66000366210938,75.25177001953125,2181100,0.0,0.0,0.0
2012-11-19,121.56999969482422,122.06999969482422,121.55000305175781,122.04000091552734,75.48683166503906,2385000,0.0,0.0,0.0
2012-11-20,121.9800033569336,122.04000091552734,121.62999725341797,121.66000366210938,75.25177001953125,3229500,0.0,0.0,0.0
2012-11-21,121.63999938964844,121.80000305175781,121.55000305175781,121.75,75.30744934082031,2263700,0.0,0.0,0.0
2012-11-23,121.80000305175781,121.94000244140625,121.75,121.80000305175781,75.33831787109375,929000,0.0,0.0,0.0
2012-11-26,122.0,122.18000030517578,121.91000366210938,122.0,75.4620361328125,2412300,0.0,0.0,0.0
2012-11-27,121.97000122070312,122.1500015258789,121.97000122070312,122.06999969482422,75.50537872314453,2243300,0.0,0.0,0.0
2012-11-28,122.16000366210938,122.30000305175781,122.0199966430664,122.05000305175781,75.49296569824219,1479700,0.0,0.0,0.0
2012-11-29,122.13999938964844,122.20999908447266,122.05000305175781,122.13999938964844,75.54865264892578,1052700,0.0,0.0,0.0
2012-11-30,122.27999877929688,122.37000274658203,122.0999984741211,122.12999725341797,75.54253387451172,2129200,0.0,0.0,0.0
2012-12-03,121.7300033569336,121.98999786376953,121.52999877929688,121.88999938964844,75.62620544433594,3859100,0.375,0.0,0.0
2012-12-04,122.04000091552734,122.0999984741211,121.88999938964844,122.0,75.6944808959961,2387600,0.0,0.0,0.0
2012-12-05,122.11000061035156,122.30999755859375,122.0199966430664,122.25,75.84960174560547,1943900,0.0,0.0,0.0
2012-12-06,122.33000183105469,122.4800033569336,122.19999694824219,122.2300033569336,75.83719635009766,2737400,0.0,0.0,0.0
2012-12-07,122.05000305175781,122.08999633789062,121.93000030517578,121.94000244140625,75.65725708007812,1947300,0.0,0.0,0.0
2012-12-10,122.0999984741211,122.1500015258789,121.97000122070312,122.05000305175781,75.72550201416016,2290200,0.0,0.0,0.0
2012-12-11,122.0,122.0199966430664,121.55999755859375,121.5999984741211,75.44629669189453,2365400,0.0,0.0,0.0
2012-12-12,121.58999633789062,121.80000305175781,121.1500015258789,121.2300033569336,75.21678924560547,2390900,0.0,0.0,0.0
2012-12-13,121.02999877929688,121.22000122070312,120.87000274658203,121.04000091552734,75.098876953125,3635100,0.0,0.0,0.0
2012-12-14,121.16000366210938,121.29000091552734,121.0999984741211,121.12999725341797,75.15469360351562,2844200,0.0,0.0,0.0
2012-12-17,121.13999938964844,121.19999694824219,120.73999786376953,120.73999786376953,74.91272735595703,1983300,0.0,0.0,0.0
2012-12-18,120.87000274658203,120.88999938964844,120.30000305175781,120.44000244140625,74.72662353515625,2278500,0.0,0.0,0.0
2012-12-19,120.6500015258789,120.94999694824219,120.6500015258789,120.91000366210938,75.01820373535156,3112200,0.0,0.0,0.0
2012-12-20,121.12000274658203,121.25,120.94000244140625,121.02999877929688,75.09263610839844,2545200,0.0,0.0,0.0
2012-12-21,121.19000244140625,121.33000183105469,121.08999633789062,121.23999786376953,75.22290802001953,2649700,0.0,0.0,0.0
2012-12-24,121.08000183105469,121.27999877929688,121.05999755859375,121.16000366210938,75.17330169677734,1902500,0.0,0.0,0.0
2012-12-26,121.12000274658203,121.13999938964844,120.94999694824219,120.97000122070312,75.28035736083984,1642000,0.362,0.0,0.0
2012-12-27,121.0,121.41999816894531,120.97000122070312,121.36000061035156,75.52306365966797,1556900,0.0,0.0,0.0
2012-12-28,121.5,121.62999725341797,121.41000366210938,121.62999725341797,75.69107818603516,1894500,0.0,0.0,0.0
2012-12-31,121.41000366210938,121.5,120.9000015258789,120.98999786376953,75.29279327392578,1867700,0.0,0.0,0.0
2013-01-02,120.95999908447266,121.30999755859375,120.80999755859375,121.2699966430664,75.46700286865234,4058400,0.0,0.0,0.0
2013-01-03,121.13999938964844,121.18000030517578,120.55999755859375,120.61000061035156,75.05631256103516,3207900,0.0,0.0,0.0
2013-01-04,120.56999969482422,120.6500015258789,120.26000213623047,120.55000305175781,75.01899719238281,4663300,0.0,0.0,0.0
2013-01-07,120.69000244140625,120.80000305175781,120.51000213623047,120.75,75.1434555053711,3832600,0.0,0.0,0.0
2013-01-08,120.80000305175781,120.94000244140625,120.76000213623047,120.86000061035156,75.21190643310547,2534900,0.0,0.0,0.0
2013-01-09,120.9800033569336,121.0,120.79000091552734,120.81999969482422,75.18701934814453,1867600,0.0,0.0,0.0
2013-01-10,120.63999938964844,120.97000122070312,120.62999725341797,120.87999725341797,75.22437286376953,1439900,0.0,0.0,0.0
2013-01-11,120.75,121.11000061035156,120.66000366210938,121.0999984741211,75.36124420166016,758200,0.0,0.0,0.0
2013-01-14,121.19000244140625,121.19000244140625,120.83000183105469,120.86000061035156,75.21190643310547,1569400,0.0,0.0,0.0
2013-01-15,120.98999786376953,121.13999938964844,120.66999816894531,120.76000213623047,75.14962768554688,3042900,0.0,0.0,0.0
2013-01-16,120.83999633789062,120.94000244140625,120.70999908447266,120.76000213623047,75.14962768554688,4199900,0.0,0.0,0.0
2013-01-17,120.56999969482422,120.61000061035156,120.30000305175781,120.55000305175781,75.01899719238281,2225700,0.0,0.0,0.0
2013-01-18,120.55999755859375,120.79000091552734,120.4800033569336,120.66999816894531,75.09365844726562,2704400,0.0,0.0,0.0
2013-01-22,120.5199966430664,120.77999877929688,120.37999725341797,120.66999816894531,75.09365844726562,1730300,0.0,0.0,0.0
2013-01-23,120.8499984741211,120.94000244140625,120.76000213623047,120.81999969482422,75.18701934814453,2446600,0.0,0.0,0.0
2013-01-24,120.76000213623047,120.80000305175781,120.58000183105469,120.6500015258789,75.08121490478516,1873600,0.0,0.0,0.0
2013-01-25,120.44000244140625,120.44000244140625,120.02999877929688,120.0999984741211,74.7389144897461,2434600,0.0,0.0,0.0
2013-01-28,119.69999694824219,120.02999877929688,119.0,120.0,74.67671203613281,2434200,0.0,0.0,0.0
2013-01-29,119.7699966430664,120.05000305175781,119.62000274658203,119.7300033569336,74.50868225097656,1424100,0.0,0.0,0.0
2013-01-30,119.38999938964844,119.5999984741211,119.22000122070312,119.33000183105469,74.25971984863281,3009300,0.0,0.0,0.0
2013-01-31,119.43000030517578,119.4800033569336,119.23999786376953,119.41999816894531,74.31576538085938,2804100,0.0,0.0,0.0
2013-02-01,119.44000244140625,119.6500015258789,118.7300033569336,118.73999786376953,74.12286376953125,4589000,0.371,0.0,0.0
2013-02-04,118.9800033569336,119.30000305175781,118.97000122070312,119.13999938964844,74.37257385253906,2581400,0.0,0.0,0.0
2013-02-05,118.91999816894531,119.08000183105469,118.87000274658203,118.9000015258789,74.22279357910156,2814700,0.0,0.0,0.0
2013-02-06,119.08000183105469,119.27999877929688,118.95999908447266,119.20999908447266,74.41625213623047,1970200,0.0,0.0,0.0
2013-02-07,119.12000274658203,119.5,119.11000061035156,119.25,74.44123840332031,1680000,0.0,0.0,0.0
2013-02-08,119.4000015258789,119.51000213623047,119.16999816894531,119.51000213623047,74.6035385131836,1496700,0.0,0.0,0.0
2013-02-11,119.4800033569336,119.5199966430664,119.41000366210938,119.44999694824219,74.56607055664062,749100,0.0,0.0,0.0
2013-02-12,119.16999816894531,119.44999694824219,119.16000366210938,119.33000183105469,74.49114227294922,1520200,0.0,0.0,0.0
2013-02-13,118.93000030517578,119.16999816894531,118.93000030517578,119.05000305175781,74.31637573242188,2317800,0.0,0.0,0.0
2013-02-14,119.08000183105469,119.45999908447266,119.06999969482422,119.37999725341797,74.52237701416016,3180500,0.0,0.0,0.0
2013-02-15,119.37999725341797,119.41999816894531,119.19999694824219,119.33000183105469,74.49114227294922,1363600,0.0,0.0,0.0
2013-02-19,119.37000274658203,119.5999984741211,119.20999908447266,119.30000305175781,74.4724349975586,1842300,0.0,0.0,0.0
2013-02-20,119.16000366210938,119.5199966430664,119.16000366210938,119.5,74.59729766845703,1369800,0.0,0.0,0.0
2013-02-21,119.68000030517578,119.81999969482422,119.61000061035156,119.69000244140625,74.71595001220703,3578100,0.0,0.0,0.0
2013-02-22,119.76000213623047,119.8499984741211,119.66999816894531,119.7699966430664,74.7658462524414,1914300,0.0,0.0,0.0
2013-02-25,119.41999816894531,120.52999877929688,119.41000366210938,120.4800033569336,75.20906829833984,2643500,0.0,0.0,0.0
2013-02-26,120.31999969482422,120.58999633789062,120.26000213623047,120.33000183105469,75.11547088623047,1574100,0.0,0.0,0.0
2013-02-27,120.5199966430664,120.58000183105469,120.16999816894531,120.29000091552734,75.09046936035156,941400,0.0,0.0,0.0
2013-02-28,120.38999938964844,120.38999938964844,120.11000061035156,120.33000183105469,75.11547088623047,2231100,0.0,0.0,0.0
2013-03-01,120.12000274658203,120.29000091552734,119.98999786376953,120.2300033569336,75.2869873046875,1363700,0.374,0.0,0.0
2013-03-04,120.19000244140625,120.2300033569336,120.04000091552734,120.13999938964844,75.23064422607422,1733400,0.0,0.0,0.0
2013-03-05,120.13999938964844,120.1500015258789,119.8499984741211,119.94000244140625,75.10540771484375,1395400,0.0,0.0,0.0
2013-03-06,119.63999938964844,119.80999755859375,119.54000091552734,119.58999633789062,74.88626861572266,1014700,0.0,0.0,0.0
2013-03-07,119.29000091552734,119.4000015258789,119.19999694824219,119.19999694824219,74.64203643798828,1964000,0.0,0.0,0.0
2013-03-08,118.87000274658203,119.02999877929688,118.6500015258789,118.77999877929688,74.37902069091797,2526900,0.0,0.0,0.0
2013-03-11,118.77999877929688,118.95999908447266,118.77999877929688,118.86000061035156,74.42916107177734,2632500,0.0,0.0,0.0
2013-03-12,118.98999786376953,119.16999816894531,118.94999694824219,119.0999984741211,74.57943725585938,3172900,0.0,0.0,0.0
2013-03-13,118.88999938964844,119.11000061035156,118.88999938964844,118.98999786376953,74.51053619384766,1958600,0.0,0.0,0.0
2013-03-14,118.83000183105469,119.12999725341797,118.81999969482422,119.04000091552734,74.5418472290039,1669600,0.0,0.0,0.0
2013-03-15,118.9800033569336,119.29000091552734,118.9800033569336,119.19999694824219,74.64203643798828,1188500,0.0,0.0,0.0
2013-03-18,119.41000366210938,119.5199966430664,119.33000183105469,119.48999786376953,74.82364654541016,1665700,0.0,0.0,0.0
2013-03-19,119.58999633789062,119.81999969482422,119.56999969482422,119.69000244140625,74.94886016845703,1354600,0.0,0.0,0.0
2013-03-20,119.43000030517578,119.58000183105469,119.33000183105469,119.33999633789062,74.72970581054688,1905100,0.0,0.0,0.0
2013-03-21,119.58000183105469,119.5999984741211,119.31999969482422,119.45999908447266,74.80484008789062,1854000,0.0,0.0,0.0
2013-03-22,119.4000015258789,119.62000274658203,119.33999633789062,119.47000122070312,74.81108093261719,997900,0.0,0.0,0.0
2013-03-25,119.37000274658203,119.58000183105469,119.25,119.47000122070312,74.81108093261719,1089700,0.0,0.0,0.0
2013-03-26,119.27999877929688,119.56999969482422,119.26000213623047,119.55000305175781,74.86119842529297,918000,0.0,0.0,0.0
2013-03-27,119.6500015258789,120.05000305175781,119.6500015258789,119.97000122070312,75.12419128417969,1847200,0.0,0.0,0.0
2013-03-28,119.73999786376953,119.94000244140625,119.7300033569336,119.9000015258789,75.0803451538086,1874300,0.0,0.0,0.0
2013-04-01,119.41999816894531,119.7699966430664,119.29000091552734,119.36000061035156,74.9723129272461,5877400,0.368,0.0,0.0
2013-04-02,119.43000030517578,119.47000122070312,119.27999877929688,119.3499984741211,74.96604919433594,1319200,0.0,0.0,0.0
2013-04-03,119.5199966430664,119.83000183105469,119.48999786376953,119.83000183105469,75.26751708984375,1421000,0.0,0.0,0.0
2013-04-04,119.95999908447266,120.48999786376953,119.95999908447266,120.47000122070312,75.66952514648438,2660900,0.0,0.0,0.0
2013-04-05,120.83999633789062,121.05000305175781,120.73999786376953,120.83999633789062,75.90192413330078,3268500,0.0,0.0,0.0
2013-04-08,121.0,121.04000091552734,120.88999938964844,120.94999694824219,75.97103881835938,2276800,0.0,0.0,0.0
2013-04-09,121.0199966430664,121.18000030517578,120.9800033569336,121.06999969482422,76.04642486572266,3157000,0.0,0.0,0.0
2013-04-10,120.80000305175781,120.94999694824219,120.66000366210938,120.75,75.84541320800781,2181600,0.0,0.0,0.0
2013-04-11,120.87999725341797,120.9800033569336,120.76000213623047,120.83000183105469,75.89566040039062,1496900,0.0,0.0,0.0
2013-04-12,121.19999694824219,121.5,121.05000305175781,121.43000030517578,76.27251434326172,1358900,0.0,0.0,0.0
2013-04-15,121.4000015258789,121.52999877929688,121.31999969482422,121.47000122070312,76.29765319824219,1024800,0.0,0.0,0.0
2013-04-16,121.25,121.37000274658203,121.2300033569336,121.25,76.15947723388672,1629800,0.0,0.0,0.0
2013-04-17,121.31999969482422,121.62999725341797,121.31999969482422,121.41999816894531,76.26622772216797,1373200,0.0,0.0,0.0
2013-04-18,121.44999694824219,121.66000366210938,121.44999694824219,121.52999877929688,76.3353042602539,1656700,0.0,0.0,0.0
2013-04-19,121.62000274658203,121.7699966430664,121.47000122070312,121.70999908447266,76.44840240478516,877900,0.0,0.0,0.0
2013-04-22,121.75,121.80999755859375,121.66999816894531,121.75,76.47352600097656,1271500,0.0,0.0,0.0
2013-04-23,121.91000366210938,122.08999633789062,121.80999755859375,121.91000366210938,76.57403564453125,1659700,0.0,0.0,0.0
2013-04-24,121.86000061035156,122.04000091552734,121.80999755859375,121.95999908447266,76.60546112060547,1366900,0.0,0.0,0.0
2013-04-25,121.91000366210938,122.0199966430664,121.83000183105469,121.88999938964844,76.56146240234375,1067100,0.0,0.0,0.0
2013-04-26,122.1500015258789,122.3499984741211,122.1500015258789,122.33000183105469,76.83782958984375,1294500,0.0,0.0,0.0
2013-04-29,122.54000091552734,122.55000305175781,122.30000305175781,122.33999633789062,76.84415435791016,875700,0.0,0.0,0.0
2013-04-30,122.31999969482422,122.56999969482422,122.0999984741211,122.12999725341797,76.71220397949219,2347500,0.0,0.0,0.0
2013-05-01,121.94999694824219,122.38999938964844,121.94999694824219,122.30999755859375,77.0537109375,4063500,0.362,0.0,0.0
2013-05-02,122.08999633789062,122.4000015258789,122.08999633789062,122.30999755859375,77.0537109375,1799000,0.0,0.0,0.0
2013-05-03,121.88999938964844,121.88999938964844,121.1500015258789,121.16000366210938,76.32919311523438,2882200,0.0,0.0,0.0
2013-05-06,121.30000305175781,121.4000015258789,121.08000183105469,121.13999938964844,76.31660461425781,1839300,0.0,0.0,0.0
2013-05-07,121.05000305175781,121.26000213623047,120.98999786376953,121.05000305175781,76.25987243652344,3886100,0.0,0.0,0.0
2013-05-08,121.0199966430664,121.2699966430664,120.95999908447266,121.16000366210938,76.32919311523438,2379000,0.0,0.0,0.0
2013-05-09,121.1500015258789,121.41000366210938,120.9000015258789,120.9000015258789,76.16535949707031,825800,0.0,0.0,0.0
2013-05-10,120.86000061035156,120.86000061035156,120.05000305175781,120.2699966430664,75.76849365234375,2808200,0.0,0.0,0.0
2013-05-13,120.02999877929688,120.16000366210938,119.9000015258789,119.95999908447266,75.57321166992188,2498400,0.0,0.0,0.0
2013-05-14,120.2300033569336,120.30999755859375,119.61000061035156,119.63999938964844,75.3716049194336,2325000,0.0,0.0,0.0
2013-05-15,120.12999725341797,120.1500015258789,119.66999816894531,120.05999755859375,75.63619232177734,2081600,0.0,0.0,0.0
2013-05-16,120.27999877929688,120.75,120.27999877929688,120.61000061035156,75.98271942138672,2916500,0.0,0.0,0.0
2013-05-17,120.5,120.55000305175781,120.04000091552734,120.08999633789062,75.65510559082031,909500,0.0,0.0,0.0
2013-05-20,120.2300033569336,120.30999755859375,119.87000274658203,119.94999694824219,75.5669174194336,2097100,0.0,0.0,0.0
2013-05-21,119.91000366210938,120.41000366210938,119.7300033569336,120.4000015258789,75.85041809082031,2007700,0.0,0.0,0.0
2013-05-22,120.41999816894531,120.5999984741211,119.44000244140625,119.44999694824219,75.25189208984375,2886300,0.0,0.0,0.0
2013-05-23,119.7300033569336,119.80999755859375,119.2300033569336,119.56999969482422,75.32746887207031,2568500,0.0,0.0,0.0
2013-05-24,119.63999938964844,119.80999755859375,119.45999908447266,119.48999786376953,75.27713012695312,1090900,0.0,0.0,0.0
2013-05-28,119.33000183105469,119.48999786376953,118.33000183105469,118.33999633789062,74.5526123046875,1683700,0.0,0.0,0.0
2013-05-29,118.41000366210938,118.58000183105469,118.1500015258789,118.29000091552734,74.52113342285156,3574100,0.0,0.0,0.0
2013-05-30,118.31999969482422,118.5999984741211,118.25,118.44000244140625,74.61565399169922,1759000,0.0,0.0,0.0
2013-05-31,118.31999969482422,118.44999694824219,117.4800033569336,117.8499984741211,74.2439193725586,4297500,0.0,0.0,0.0
2013-06-03,117.25,117.75,116.93000030517578,117.18000030517578,74.04865264892578,10863900,0.361,0.0,0.0
2013-06-04,116.94999694824219,117.25,116.70999908447266,116.72000122070312,73.75798034667969,3726500,0.0,0.0,0.0
2013-06-05,116.80999755859375,117.0,116.4800033569336,116.55000305175781,73.65056610107422,4575200,0.0,0.0,0.0
2013-06-06,116.56999969482422,117.45999908447266,116.41999816894531,117.05000305175781,73.96654510498047,2500000,0.0,0.0,0.0
2013-06-07,116.88999938964844,117.19999694824219,116.38999938964844,116.58999633789062,73.67582702636719,3159800,0.0,0.0,0.0
2013-06-10,116.22000122070312,116.4800033569336,116.06999969482422,116.2300033569336,73.44833374023438,2911100,0.0,0.0,0.0
2013-06-11,115.5,116.05000305175781,115.2300033569336,116.01000213623047,73.30931091308594,3983700,0.0,0.0,0.0
2013-06-12,115.80000305175781,116.0999984741211,115.5,115.61000061035156,73.0565185546875,3469000,0.0,0.0,0.0
2013-06-13,115.83999633789062,116.91000366210938,115.79000091552734,116.8499984741211,73.84011840820312,2474400,0.0,0.0,0.0
2013-06-14,116.93000030517578,117.1500015258789,116.73999786376953,116.7699966430664,73.78958129882812,1283900,0.0,0.0,0.0
2013-06-17,116.91000366210938,117.11000061035156,116.55000305175781,116.5999984741211,73.6821517944336,1868600,0.0,0.0,0.0
2013-06-18,116.27999877929688,116.55999755859375,116.16000366210938,116.37000274658203,73.53679656982422,1748400,0.0,0.0,0.0
2013-06-19,116.5,116.55999755859375,114.66999816894531,114.72000122070312,72.49412536621094,2823000,0.0,0.0,0.0
2013-06-20,113.87000274658203,113.88999938964844,112.79000091552734,113.13999938964844,71.49568176269531,6649600,0.0,0.0,0.0
2013-06-21,113.26000213623047,113.4800033569336,112.19999694824219,112.20999908447266,70.90798950195312,4107600,0.0,0.0,0.0
2013-06-24,111.43000030517578,112.0999984741211,110.91000366210938,111.4800033569336,70.44670104980469,6063600,0.0,0.0,0.0
2013-06-25,112.19000244140625,112.47000122070312,111.66000366210938,111.8499984741211,70.6805191040039,3653200,0.0,0.0,0.0
2013-06-26,112.75,113.0,112.51000213623047,112.69999694824219,71.21762084960938,2010000,0.0,0.0,0.0
2013-06-27,113.23999786376953,113.79000091552734,113.23999786376953,113.72000122070312,71.86223602294922,1544800,0.0,0.0,0.0
2013-06-28,113.12999725341797,113.69999694824219,112.87999725341797,113.6500015258789,71.81800842285156,2960300,0.0,0.0,0.0
2013-07-01,113.08000183105469,113.94000244140625,113.08000183105469,113.58000183105469,72.00373840332031,2849900,0.363,0.0,0.0
2013-07-02,113.80999755859375,114.16999816894531,113.66000366210938,113.94000244140625,72.23194885253906,2214800,0.0,0.0,0.0
2013-07-03,113.9000015258789,114.08000183105469,113.56999969482422,113.61000061035156,72.0227279663086,2132000,0.0,0.0,0.0
2013-07-05,112.18000030517578,112.43000030517578,111.69999694824219,112.16999816894531,71.10986328125,2500100,0.0,0.0,0.0
2013-07-08,112.54000091552734,113.08999633789062,112.54000091552734,113.08999633789062,71.69308471679688,3096700,0.0,0.0,0.0
2013-07-09,113.05000305175781,113.51000213623047,113.05000305175781,113.19000244140625,71.75646209716797,4037000,0.0,0.0,0.0
2013-07-10,113.26000213623047,113.44999694824219,112.80000305175781,112.86000061035156,71.54727172851562,2908800,0.0,0.0,0.0
2013-07-11,113.86000061035156,114.19999694824219,113.5999984741211,114.19000244140625,72.39042663574219,2179100,0.0,0.0,0.0
2013-07-12,114.31999969482422,114.5,113.73999786376953,113.87000274658203,72.18755340576172,2008800,0.0,0.0,0.0
2013-07-15,114.08999633789062,114.62000274658203,113.94999694824219,114.5999984741211,72.65040588378906,3308200,0.0,0.0,0.0
2013-07-16,114.52999877929688,114.5999984741211,114.29000091552734,114.43000030517578,72.54259490966797,1625900,0.0,0.0,0.0
2013-07-17,114.87999725341797,115.1500015258789,114.73999786376953,114.86000061035156,72.815185546875,1248400,0.0,0.0,0.0
2013-07-18,114.94999694824219,114.94999694824219,114.41999816894531,114.55999755859375,72.62496948242188,1119900,0.0,0.0,0.0
2013-07-19,114.7699966430664,115.20999908447266,114.7300033569336,115.19000244140625,73.02440643310547,2734900,0.0,0.0,0.0
2013-07-22,115.31999969482422,115.47000122070312,115.29000091552734,115.44999694824219,73.1891860961914,2235900,0.0,0.0,0.0
2013-07-23,115.12999725341797,115.37999725341797,115.01000213623047,115.2699966430664,73.07508087158203,827300,0.0,0.0,0.0
2013-07-24,114.72000122070312,114.87999725341797,114.29000091552734,114.70999908447266,72.7200927734375,1960700,0.0,0.0,0.0
2013-07-25,114.18000030517578,114.56999969482422,114.12999725341797,114.56999969482422,72.6313247680664,2109200,0.0,0.0,0.0
2013-07-26,114.66999816894531,114.79000091552734,114.48999786376953,114.69000244140625,72.7074203491211,1022700,0.0,0.0,0.0
2013-07-29,114.54000091552734,114.68000030517578,114.44000244140625,114.5,72.58702087402344,2211900,0.0,0.0,0.0
2013-07-30,114.72000122070312,114.77999877929688,114.36000061035156,114.52999877929688,72.60601043701172,1331900,0.0,0.0,0.0
2013-07-31,113.87999725341797,114.6500015258789,113.69999694824219,114.54000091552734,72.61231231689453,2282100,0.0,0.0,0.0
2013-08-01,113.94999694824219,113.94999694824219,113.12000274658203,113.27999877929688,72.0336685180664,1845700,0.35,0.0,0.0
2013-08-02,113.6500015258789,113.97000122070312,113.62000274658203,113.83999633789062,72.3897476196289,1772000,0.0,0.0,0.0
2013-08-05,113.68000030517578,113.83000183105469,113.37999725341797,113.41000366210938,72.11634063720703,3111500,0.0,0.0,0.0
2013-08-06,113.36000061035156,113.5999984741211,113.27999877929688,113.4800033569336,72.1608657836914,1047200,0.0,0.0,0.0
2013-08-07,113.61000061035156,113.86000061035156,113.58999633789062,113.7300033569336,72.31982421875,946000,0.0,0.0,0.0
2013-08-08,113.91000366210938,114.16999816894531,113.88999938964844,113.97000122070312,72.47241973876953,960900,0.0,0.0,0.0
2013-08-09,114.0199966430664,114.08000183105469,113.75,113.97000122070312,72.47241973876953,539600,0.0,0.0,0.0
2013-08-12,114.08000183105469,114.18000030517578,113.8499984741211,113.91000366210938,72.43427276611328,1042800,0.0,0.0,0.0
2013-08-13,113.27999877929688,113.41000366210938,113.0,113.0999984741211,71.91919708251953,1221600,0.0,0.0,0.0
2013-08-14,113.0199966430664,113.1500015258789,112.87000274658203,112.91000366210938,71.79837799072266,1723700,0.0,0.0,0.0
2013-08-15,112.08999633789062,112.41999816894531,111.98999786376953,112.11000061035156,71.2896728515625,1793800,0.0,0.0,0.0
2013-08-16,112.06999969482422,112.20999908447266,111.36000061035156,111.55000305175781,70.93355560302734,2469000,0.0,0.0,0.0
2013-08-19,111.31999969482422,111.44000244140625,110.93000030517578,110.94000244140625,70.54568481445312,4884400,0.0,0.0,0.0
2013-08-20,111.29000091552734,111.73999786376953,111.29000091552734,111.62000274658203,70.97810363769531,2100500,0.0,0.0,0.0
2013-08-21,111.41000366210938,111.66000366210938,110.88999938964844,110.94999694824219,70.55204010009766,2310800,0.0,0.0,0.0
2013-08-22,111.05000305175781,111.5,111.05000305175781,111.45999908447266,70.87629699707031,2507700,0.0,0.0,0.0
2013-08-23,111.43000030517578,112.22000122070312,111.37999725341797,112.20999908447266,71.35325622558594,2327600,0.0,0.0,0.0
2013-08-26,112.31999969482422,112.47000122070312,112.26000213623047,112.44000244140625,71.49951934814453,1385700,0.0,0.0,0.0
2013-08-27,112.51000213623047,112.97000122070312,112.44999694824219,112.91999816894531,71.80470275878906,2398500,0.0,0.0,0.0
2013-08-28,112.73999786376953,112.94000244140625,112.55000305175781,112.94000244140625,71.81744384765625,2488300,0.0,0.0,0.0
2013-08-29,112.6500015258789,113.06999969482422,112.5199966430664,113.05000305175781,71.88737487792969,2273100,0.0,0.0,0.0
2013-08-30,113.0,113.29000091552734,112.80999755859375,113.05000305175781,71.88737487792969,1668800,0.0,0.0,0.0
2013-09-03,112.0,112.2699966430664,111.51000213623047,112.23999786376953,71.60414123535156,5473600,0.366,0.0,0.0
2013-09-04,112.2699966430664,112.37000274658203,111.79000091552734,111.83000183105469,71.34260559082031,2335000,0.0,0.0,0.0
2013-09-05,111.38999938964844,111.41999816894531,110.7300033569336,110.91000366210938,70.75566864013672,2703800,0.0,0.0,0.0
2013-09-06,111.41000366210938,111.6500015258789,110.98999786376953,111.06999969482422,70.85770416259766,1960600,0.0,0.0,0.0
2013-09-09,111.45999908447266,111.5999984741211,111.2699966430664,111.36000061035156,71.04275512695312,1615600,0.0,0.0,0.0
2013-09-10,111.04000091552734,111.31999969482422,110.81999969482422,110.87000274658203,70.73018646240234,2115900,0.0,0.0,0.0
2013-09-11,111.11000061035156,111.38999938964844,110.81999969482422,111.38999938964844,71.0619125366211,2301300,0.0,0.0,0.0
2013-09-12,111.5999984741211,111.76000213623047,111.2300033569336,111.30999755859375,71.01085662841797,1860200,0.0,0.0,0.0
2013-09-13,111.33999633789062,111.54000091552734,111.31999969482422,111.37999725341797,71.05552673339844,1255400,0.0,0.0,0.0
2013-09-16,112.41999816894531,112.44000244140625,111.44000244140625,111.51000213623047,71.13838958740234,2311100,0.0,0.0,0.0
2013-09-17,111.68000030517578,111.83999633789062,111.55999755859375,111.80999755859375,71.32984161376953,1020100,0.0,0.0,0.0
2013-09-18,111.69999694824219,113.70999908447266,111.41999816894531,113.44999694824219,72.37608337402344,5100000,0.0,0.0,0.0
2013-09-19,113.4000015258789,113.55999755859375,112.66000366210938,112.7300033569336,71.91669464111328,5030300,0.0,0.0,0.0
2013-09-20,112.93000030517578,113.08999633789062,112.75,112.83000183105469,71.98054504394531,1089700,0.0,0.0,0.0
2013-09-23,112.88999938964844,113.5199966430664,112.88999938964844,113.5,72.407958984375,3719000,0.0,0.0,0.0
2013-09-24,113.62000274658203,113.93000030517578,113.4000015258789,113.79000091552734,72.59294128417969,2576200,0.0,0.0,0.0
2013-09-25,113.72000122070312,114.18000030517578,113.62999725341797,114.13999938964844,72.81629180908203,1931100,0.0,0.0,0.0
2013-09-26,113.7300033569336,113.94999694824219,113.7300033569336,113.86000061035156,72.63760375976562,921300,0.0,0.0,0.0
2013-09-27,113.75,113.8499984741211,113.66000366210938,113.7699966430664,72.58021545410156,1194100,0.0,0.0,0.0
2013-09-30,113.5999984741211,113.77999877929688,113.41999816894531,113.5199966430664,72.42071533203125,1800800,0.0,0.0,0.0
2013-10-01,113.06999969482422,113.18000030517578,112.93000030517578,113.04000091552734,72.3477554321289,3172400,0.366,0.0,0.0
2013-10-02,113.19999694824219,113.55999755859375,113.19000244140625,113.37999725341797,72.56538391113281,910300,0.0,0.0,0.0
2013-10-03,113.29000091552734,113.62999725341797,113.29000091552734,113.44000244140625,72.6037826538086,1411600,0.0,0.0,0.0
2013-10-04,113.29000091552734,113.43000030517578,113.19000244140625,113.33000183105469,72.53336334228516,569300,0.0,0.0,0.0
2013-10-07,113.45999908447266,113.69000244140625,113.43000030517578,113.52999877929688,72.661376953125,1374600,0.0,0.0,0.0
2013-10-08,113.4800033569336,113.62000274658203,113.27999877929688,113.51000213623047,72.64860534667969,1667900,0.0,0.0,0.0
2013-10-09,113.43000030517578,113.52999877929688,113.20999908447266,113.2699966430664,72.49494934082031,1017300,0.0,0.0,0.0
2013-10-10,113.08999633789062,113.48999786376953,113.0199966430664,113.43000030517578,72.59735870361328,1978400,0.0,0.0,0.0
2013-10-11,113.68000030517578,113.80999755859375,113.52999877929688,113.58000183105469,72.69341278076172,3275900,0.0,0.0,0.0
2013-10-14,113.51000213623047,113.63999938964844,113.11000061035156,113.2300033569336,72.46934509277344,525100,0.0,0.0,0.0
2013-10-15,113.56999969482422,113.58000183105469,113.19999694824219,113.25,72.482177734375,1430400,0.0,0.0,0.0
2013-10-16,113.26000213623047,114.1500015258789,113.20999908447266,114.08999633789062,73.01976776123047,1395200,0.0,0.0,0.0
2013-10-17,114.41000366210938,115.0,114.33999633789062,114.93000030517578,73.557373046875,2697900,0.0,0.0,0.0
2013-10-18,115.0999984741211,115.2699966430664,114.98999786376953,115.08000183105469,73.65337371826172,1071200,0.0,0.0,0.0
2013-10-21,115.01000213623047,115.18000030517578,114.73999786376953,114.77999877929688,73.4614028930664,1031400,0.0,0.0,0.0
2013-10-22,115.30999755859375,115.48999786376953,115.26000213623047,115.4800033569336,73.90943145751953,1372100,0.0,0.0,0.0
2013-10-23,115.47000122070312,115.66999816894531,115.41000366210938,115.44999694824219,73.89019775390625,1514800,0.0,0.0,0.0
2013-10-24,115.55999755859375,115.63999938964844,115.2699966430664,115.33000183105469,73.81343078613281,1500200,0.0,0.0,0.0
2013-10-25,115.30999755859375,115.52999877929688,115.30000305175781,115.31999969482422,73.80706024169922,708700,0.0,0.0,0.0
2013-10-28,115.26000213623047,115.5199966430664,115.25,115.43000030517578,73.87743377685547,2958700,0.0,0.0,0.0
2013-10-29,115.3499984741211,115.5999984741211,115.26000213623047,115.58999633789062,73.97980499267578,1584300,0.0,0.0,0.0
2013-10-30,115.58999633789062,115.75,115.08000183105469,115.36000061035156,73.83260345458984,1436200,0.0,0.0,0.0
2013-10-31,115.44999694824219,115.5,115.08999633789062,115.19999694824219,73.73019409179688,1072800,0.0,0.0,0.0
2013-11-01,114.80999755859375,114.93000030517578,114.29000091552734,114.51000213623047,73.53115844726562,1965300,0.38,0.0,0.0
2013-11-04,114.66000366210938,114.79000091552734,114.5199966430664,114.54000091552734,73.55043029785156,772400,0.0,0.0,0.0
2013-11-05,114.33000183105469,114.33000183105469,113.91999816894531,114.05000305175781,73.23577880859375,1264700,0.0,0.0,0.0
2013-11-06,114.2300033569336,114.23999786376953,114.08000183105469,114.18000030517578,73.31922149658203,1060000,0.0,0.0,0.0
2013-11-07,114.37000274658203,114.48999786376953,114.20999908447266,114.41000366210938,73.4669418334961,1337000,0.0,0.0,0.0
2013-11-08,113.4800033569336,113.51000213623047,113.27999877929688,113.29000091552734,72.7477035522461,1634000,0.0,0.0,0.0
2013-11-11,113.22000122070312,113.27999877929688,113.01000213623047,113.0999984741211,72.625732421875,1241500,0.0,0.0,0.0
2013-11-12,113.04000091552734,113.22000122070312,113.0,113.18000030517578,72.67713165283203,2301900,0.0,0.0,0.0
2013-11-13,113.33000183105469,113.56999969482422,113.30000305175781,113.44000244140625,72.84410858154297,4339700,0.0,0.0,0.0
2013-11-14,113.73999786376953,114.13999938964844,113.66000366210938,114.05999755859375,73.24217987060547,1355100,0.0,0.0,0.0
2013-11-15,114.08000183105469,114.1500015258789,113.93000030517578,114.05999755859375,73.24217987060547,1451200,0.0,0.0,0.0
2013-11-18,114.12000274658203,114.56999969482422,114.12000274658203,114.56999969482422,73.56970977783203,3003900,0.0,0.0,0.0
2013-11-19,114.36000061035156,114.45999908447266,114.16999816894531,114.16999816894531,73.31285095214844,914200,0.0,0.0,0.0
2013-11-20,114.13999938964844,114.44000244140625,113.5199966430664,113.68000030517578,72.99817657470703,1881300,0.0,0.0,0.0
2013-11-21,113.58999633789062,113.93000030517578,113.33000183105469,113.9000015258789,73.13944244384766,3320600,0.0,0.0,0.0
2013-11-22,114.02999877929688,114.30000305175781,114.0,114.30000305175781,73.39627075195312,1190900,0.0,0.0,0.0
2013-11-25,114.2699966430664,114.54000091552734,114.2699966430664,114.5,73.52471160888672,1189200,0.0,0.0,0.0
2013-11-26,114.5199966430664,114.77999877929688,114.5199966430664,114.7300033569336,73.67243194580078,1044500,0.0,0.0,0.0
2013-11-27,114.5999984741211,114.80999755859375,114.27999877929688,114.75,73.6852798461914,2387900,0.0,0.0,0.0
2013-11-29,114.37000274658203,114.75,114.33999633789062,114.66000366210938,73.62749481201172,741200,0.0,0.0,0.0
2013-12-02,114.0999984741211,114.19999694824219,113.73999786376953,113.75,73.2782974243164,5714000,0.368,0.0,0.0
2013-12-03,113.88999938964844,114.13999938964844,113.88999938964844,114.04000091552734,73.46513366699219,1164500,0.0,0.0,0.0
2013-12-04,113.41999816894531,113.72000122070312,113.41999816894531,113.66999816894531,73.22676849365234,1705000,0.0,0.0,0.0
2013-12-05,113.38999938964844,113.58999633789062,113.23999786376953,113.41999816894531,73.06571197509766,1234400,0.0,0.0,0.0
2013-12-06,113.43000030517578,113.69000244140625,113.33999633789062,113.66000366210938,73.22032928466797,737400,0.0,0.0,0.0
2013-12-09,113.66000366210938,113.8499984741211,113.66000366210938,113.83000183105469,73.3298568725586,590100,0.0,0.0,0.0
2013-12-10,114.16999816894531,114.30999755859375,113.98999786376953,114.29000091552734,73.62615203857422,1171600,0.0,0.0,0.0
2013-12-11,114.19999694824219,114.29000091552734,113.94000244140625,113.97000122070312,73.42002868652344,1087800,0.0,0.0,0.0
2013-12-12,113.86000061035156,113.91999816894531,113.70999908447266,113.77999877929688,73.29765319824219,877300,0.0,0.0,0.0
2013-12-13,113.98999786376953,114.12999725341797,113.81999969482422,114.08999633789062,73.497314453125,904000,0.0,0.0,0.0
2013-12-16,114.27999877929688,114.3499984741211,114.05999755859375,114.18000030517578,73.5552978515625,1593500,0.0,0.0,0.0
2013-12-17,114.08999633789062,114.5199966430664,114.08999633789062,114.5199966430664,73.77432250976562,1500800,0.0,0.0,0.0
2013-12-18,114.33000183105469,114.9000015258789,114.04000091552734,114.5199966430664,73.77432250976562,1946900,0.0,0.0,0.0
2013-12-19,114.19000244140625,114.5,114.16999816894531,114.3499984741211,73.66481018066406,2493300,0.0,0.0,0.0
2013-12-20,114.66000366210938,114.87999725341797,114.51000213623047,114.87999725341797,74.00623321533203,1269700,0.0,0.0,0.0
2013-12-23,114.81999969482422,115.04000091552734,114.69000244140625,114.69999694824219,73.89034271240234,1204900,0.0,0.0,0.0
2013-12-24,114.5199966430664,115.0,114.51000213623047,114.66999816894531,73.87095642089844,1003500,0.0,0.0,0.0
2013-12-26,114.16999816894531,114.38999938964844,114.16999816894531,114.23999786376953,73.81800079345703,2268000,0.348,0.0,0.0
2013-12-27,114.08000183105469,114.23999786376953,114.04000091552734,114.13999938964844,73.75337982177734,2463600,0.0,0.0,0.0
2013-12-30,114.19999694824219,114.48999786376953,114.19999694824219,114.4800033569336,73.9730453491211,2790000,0.0,0.0,0.0
2013-12-31,114.30000305175781,114.48999786376953,114.0199966430664,114.19000244140625,73.78565216064453,1658600,0.0,0.0,0.0
2014-01-02,114.29000091552734,114.45999908447266,114.11000061035156,114.41000366210938,73.92781829833984,1887700,0.0,0.0,0.0
2014-01-03,114.22000122070312,114.73999786376953,114.22000122070312,114.58000183105469,74.03768157958984,1695800,0.0,0.0,0.0
2014-01-06,114.73999786376953,114.88999938964844,114.6500015258789,114.83000183105469,74.19923400878906,1171700,0.0,0.0,0.0
2014-01-07,114.91999816894531,114.94000244140625,114.66000366210938,114.73999786376953,74.14108276367188,1086500,0.0,0.0,0.0
2014-01-08,114.5,114.52999877929688,114.1500015258789,114.25,73.8244857788086,1067000,0.0,0.0,0.0
2014-01-09,114.4000015258789,114.51000213623047,114.18000030517578,114.51000213623047,73.99248504638672,1216000,0.0,0.0,0.0
2014-01-10,114.91000366210938,115.25,114.88999938964844,115.12999725341797,74.39307403564453,1736900,0.0,0.0,0.0
2014-01-13,115.2300033569336,115.44999694824219,115.16999816894531,115.3499984741211,74.53523254394531,2109900,0.0,0.0,0.0
2014-01-14,115.19999694824219,115.30000305175781,115.0,115.01000213623047,74.31556701660156,1529100,0.0,0.0,0.0
2014-01-15,114.80000305175781,115.08999633789062,114.73999786376953,115.04000091552734,74.33488464355469,1495000,0.0,0.0,0.0
2014-01-16,115.22000122070312,115.31999969482422,115.16999816894531,115.30999755859375,74.50936126708984,1372300,0.0,0.0,0.0
2014-01-17,115.19000244140625,115.44000244140625,115.11000061035156,115.44000244140625,74.59339904785156,1766000,0.0,0.0,0.0
2014-01-21,115.2699966430664,115.4000015258789,115.2699966430664,115.27999877929688,74.49000549316406,1114100,0.0,0.0,0.0
2014-01-22,115.16000366210938,115.29000091552734,114.98999786376953,115.0,74.30907440185547,1687800,0.0,0.0,0.0
2014-01-23,115.22000122070312,115.5999984741211,115.19999694824219,115.44000244140625,74.59339904785156,1597600,0.0,0.0,0.0
2014-01-24,115.48999786376953,115.62999725341797,115.2699966430664,115.36000061035156,74.54174041748047,1681100,0.0,0.0,0.0
2014-01-27,115.2699966430664,115.58999633789062,115.13999938964844,115.13999938964844,74.39952087402344,1979600,0.0,0.0,0.0
2014-01-28,115.4000015258789,115.69999694824219,115.30000305175781,115.69999694824219,74.76142120361328,2420900,0.0,0.0,0.0
2014-01-29,115.72000122070312,115.98999786376953,115.58000183105469,115.93000030517578,74.9100112915039,2105500,0.0,0.0,0.0
2014-01-30,115.83000183105469,116.0199966430664,115.66999816894531,115.98999786376953,74.94880676269531,1821900,0.0,0.0,0.0
2014-01-31,116.05000305175781,116.33999633789062,116.01000213623047,116.33999633789062,75.17497253417969,1427400,0.0,0.0,0.0
2014-02-03,115.88999938964844,116.75,115.83000183105469,116.73999786376953,75.65970611572266,6064600,0.348,0.0,0.0
2014-02-04,116.33000183105469,116.33999633789062,116.0999984741211,116.18000030517578,75.2967529296875,2015000,0.0,0.0,0.0
2014-02-05,116.0,116.01000213623047,115.77999877929688,115.80999755859375,75.05699920654297,3226900,0.0,0.0,0.0
2014-02-06,115.75,115.83000183105469,115.62000274658203,115.69999694824219,74.98567962646484,853500,0.0,0.0,0.0
2014-02-07,115.83000183105469,116.16999816894531,115.77999877929688,116.05999755859375,75.21900177001953,1076900,0.0,0.0,0.0
2014-02-10,115.93000030517578,116.12000274658203,115.87999725341797,116.11000061035156,75.2514419555664,1048800,0.0,0.0,0.0
2014-02-11,115.87000274658203,115.93000030517578,115.70999908447266,115.87000274658203,75.09586334228516,2288900,0.0,0.0,0.0
2014-02-12,115.69999694824219,115.72000122070312,115.45999908447266,115.5199966430664,74.86905670166016,971500,0.0,0.0,0.0
2014-02-13,116.04000091552734,116.0999984741211,115.8499984741211,116.0,75.1801528930664,1125500,0.0,0.0,0.0
2014-02-14,116.12000274658203,116.22000122070312,115.9800033569336,116.22000122070312,75.32266235351562,1063900,0.0,0.0,0.0
2014-02-18,116.3499984741211,116.6500015258789,116.29000091552734,116.45999908447266,75.47825622558594,1034400,0.0,0.0,0.0
2014-02-19,116.69999694824219,116.69999694824219,116.26000213623047,116.33000183105469,75.39397430419922,1556900,0.0,0.0,0.0
2014-02-20,116.19000244140625,116.30999755859375,116.0,116.18000030517578,75.2967529296875,1148800,0.0,0.0,0.0
2014-02-21,116.05999755859375,116.33999633789062,116.04000091552734,116.30000305175781,75.37455749511719,711000,0.0,0.0,0.0
2014-02-24,116.41000366210938,116.45999908447266,116.2300033569336,116.36000061035156,75.41343688964844,703600,0.0,0.0,0.0
2014-02-25,116.62999725341797,116.80999755859375,116.44999694824219,116.80999755859375,75.70509338378906,787300,0.0,0.0,0.0
2014-02-26,116.80000305175781,117.19999694824219,116.79000091552734,117.19000244140625,75.95137786865234,898200,0.0,0.0,0.0
2014-02-27,117.29000091552734,117.44000244140625,117.26000213623047,117.38999938964844,76.08101654052734,964900,0.0,0.0,0.0
2014-02-28,117.2300033569336,117.36000061035156,117.02999877929688,117.31999969482422,76.03559875488281,1791900,0.0,0.0,0.0
2014-03-03,117.05999755859375,117.29000091552734,116.95999908447266,117.27999877929688,76.23455810546875,1292700,0.346,0.0,0.0
2014-03-04,116.9800033569336,117.04000091552734,116.6500015258789,116.6500015258789,75.82499694824219,1075900,0.0,0.0,0.0
2014-03-05,116.56999969482422,116.8499984741211,116.55000305175781,116.58999633789062,75.7859878540039,2869300,0.0,0.0,0.0
2014-03-06,116.13999938964844,116.37999725341797,116.12000274658203,116.23999786376953,75.55854034423828,1271000,0.0,0.0,0.0
2014-03-07,115.94999694824219,116.0,115.63999938964844,115.81999969482422,75.28546905517578,1473800,0.0,0.0,0.0
2014-03-10,115.69999694824219,115.79000091552734,115.62000274658203,115.63999938964844,75.16849517822266,1851400,0.0,0.0,0.0
2014-03-11,115.69000244140625,115.80999755859375,115.61000061035156,115.68000030517578,75.19446563720703,943800,0.0,0.0,0.0
2014-03-12,116.0,116.13999938964844,115.93000030517578,116.08999633789062,75.46104431152344,1303800,0.0,0.0,0.0
2014-03-13,115.81999969482422,116.55999755859375,115.81999969482422,116.5,75.72749328613281,1696400,0.0,0.0,0.0
2014-03-14,116.69999694824219,116.7699966430664,116.37000274658203,116.37000274658203,75.64299011230469,797800,0.0,0.0,0.0
2014-03-17,116.36000061035156,116.43000030517578,116.16999816894531,116.22000122070312,75.54545593261719,635800,0.0,0.0,0.0
2014-03-18,116.25,116.58000183105469,116.19000244140625,116.58000183105469,75.779541015625,963500,0.0,0.0,0.0
2014-03-19,116.52999877929688,116.54000091552734,115.69000244140625,115.73999786376953,75.2334976196289,1286700,0.0,0.0,0.0
2014-03-20,115.7300033569336,115.95999908447266,115.70999908447266,115.9000015258789,75.33748626708984,2003400,0.0,0.0,0.0
2014-03-21,116.06999969482422,116.38999938964844,116.01000213623047,116.30000305175781,75.59752655029297,636100,0.0,0.0,0.0
2014-03-24,116.29000091552734,116.66000366210938,116.25,116.5199966430664,75.74050903320312,1061300,0.0,0.0,0.0
2014-03-25,116.27999877929688,116.5999984741211,116.27999877929688,116.55999755859375,75.76651763916016,1352800,0.0,0.0,0.0
2014-03-26,116.62000274658203,117.02999877929688,116.5999984741211,117.01000213623047,76.05902099609375,955000,0.0,0.0,0.0
2014-03-27,116.87000274658203,117.26000213623047,116.80999755859375,117.04000091552734,76.0785140991211,665500,0.0,0.0,0.0
2014-03-28,117.0199966430664,117.11000061035156,116.83000183105469,116.94999694824219,76.02001953125,816300,0.0,0.0,0.0
2014-03-31,116.69000244140625,116.97000122070312,116.56999969482422,116.94000244140625,76.01353454589844,1695700,0.0,0.0,0.0
2014-04-01,116.44000244140625,116.52999877929688,116.30000305175781,116.30999755859375,75.82445526123047,3416600,0.34,0.0,0.0
2014-04-02,116.08000183105469,116.26000213623047,116.08000183105469,116.1500015258789,75.72014617919922,1236800,0.0,0.0,0.0
2014-04-03,116.25,116.51000213623047,116.25,116.37000274658203,75.86357879638672,1012200,0.0,0.0,0.0
2014-04-04,116.73999786376953,117.02999877929688,116.72000122070312,116.83000183105469,76.16344451904297,989900,0.0,0.0,0.0
2014-04-07,116.98999786376953,117.19999694824219,116.95999908447266,117.11000061035156,76.34596252441406,1024500,0.0,0.0,0.0
2014-04-08,117.0999984741211,117.41999816894531,117.02999877929688,117.41999816894531,76.5481185913086,992600,0.0,0.0,0.0
2014-04-09,117.19000244140625,117.58999633789062,117.12999725341797,117.5199966430664,76.61326599121094,1675600,0.0,0.0,0.0
2014-04-10,117.4800033569336,118.04000091552734,117.38999938964844,117.68000030517578,76.71761322021484,1401500,0.0,0.0,0.0
2014-04-11,118.0,118.0,117.76000213623047,117.76000213623047,76.76974487304688,1258200,0.0,0.0,0.0
2014-04-14,117.8499984741211,117.93000030517578,117.69999694824219,117.83999633789062,76.82189178466797,908600,0.0,0.0,0.0
2014-04-15,117.83999633789062,118.2300033569336,117.7699966430664,118.08999633789062,76.98487854003906,1152500,0.0,0.0,0.0
2014-04-16,117.7699966430664,118.1500015258789,117.75,118.13999938964844,77.01750946044922,956300,0.0,0.0,0.0
2014-04-17,118.12000274658203,118.12000274658203,117.41999816894531,117.45999908447266,76.57413482666016,1510500,0.0,0.0,0.0
2014-04-21,117.70999908447266,117.79000091552734,117.51000213623047,117.62000274658203,76.678466796875,652500,0.0,0.0,0.0
2014-04-22,117.44999694824219,117.73999786376953,117.4000015258789,117.68000030517578,76.71761322021484,1385000,0.0,0.0,0.0
2014-04-23,117.7699966430664,118.01000213623047,117.76000213623047,117.94000244140625,76.88709259033203,1778900,0.0,0.0,0.0
2014-04-24,117.73999786376953,118.01000213623047,117.69999694824219,117.95999908447266,76.90013122558594,1161000,0.0,0.0,0.0
2014-04-25,118.04000091552734,118.2699966430664,117.94000244140625,117.94000244140625,76.88709259033203,1051500,0.0,0.0,0.0
2014-04-28,117.94000244140625,118.08000183105469,117.69999694824219,117.80000305175781,76.79581451416016,1015500,0.0,0.0,0.0
2014-04-29,117.61000061035156,117.87000274658203,117.5999984741211,117.81999969482422,76.80885314941406,1359500,0.0,0.0,0.0
2014-04-30,117.95999908447266,118.27999877929688,117.79000091552734,118.1500015258789,77.02400207519531,2123200,0.0,0.0,0.0
2014-05-01,117.87999725341797,118.31999969482422,117.81999969482422,118.30000305175781,77.34696197509766,2193800,0.344,0.0,0.0
2014-05-02,118.04000091552734,118.68000030517578,117.94000244140625,118.55000305175781,77.51044464111328,862700,0.0,0.0,0.0
2014-05-05,118.5,118.63999938964844,118.23999786376953,118.25,77.31428527832031,1879800,0.0,0.0,0.0
2014-05-06,118.41000366210938,118.55000305175781,118.37000274658203,118.44999694824219,77.44505310058594,2251100,0.0,0.0,0.0
2014-05-07,118.4800033569336,118.58000183105469,118.29000091552734,118.47000122070312,77.45814514160156,1869200,0.0,0.0,0.0
2014-05-08,118.58000183105469,118.83000183105469,118.37000274658203,118.5,77.47772216796875,3351200,0.0,0.0,0.0
2014-05-09,118.33999633789062,118.4800033569336,118.2300033569336,118.37000274658203,77.39278411865234,1148100,0.0,0.0,0.0
2014-05-12,118.12000274658203,118.19999694824219,117.97000122070312,118.06999969482422,77.1966323852539,1634400,0.0,0.0,0.0
2014-05-13,118.3499984741211,118.5199966430664,118.30000305175781,118.51000213623047,77.48423767089844,961600,0.0,0.0,0.0
2014-05-14,118.86000061035156,119.22000122070312,118.83999633789062,119.0999984741211,77.87005615234375,1359000,0.0,0.0,0.0
2014-05-15,119.29000091552734,119.55999755859375,119.0999984741211,119.30999755859375,78.00732421875,755100,0.0,0.0,0.0
2014-05-16,119.0999984741211,119.36000061035156,119.06999969482422,119.16999816894531,77.91578674316406,821100,0.0,0.0,0.0
2014-05-19,119.3499984741211,119.45999908447266,118.97000122070312,119.05999755859375,77.8438949584961,726700,0.0,0.0,0.0
2014-05-20,118.94999694824219,119.31999969482422,118.94999694824219,119.05999755859375,77.8438949584961,1200100,0.0,0.0,0.0
2014-05-21,118.77999877929688,118.88999938964844,118.66999816894531,118.83999633789062,77.7000503540039,1397200,0.0,0.0,0.0
2014-05-22,118.8499984741211,118.87000274658203,118.68000030517578,118.80000305175781,77.67388153076172,605800,0.0,0.0,0.0
2014-05-23,118.94000244140625,119.04000091552734,118.83000183105469,118.93000030517578,77.75892639160156,582500,0.0,0.0,0.0
2014-05-27,119.05999755859375,119.3499984741211,118.80999755859375,119.3499984741211,78.0334701538086,1062700,0.0,0.0,0.0
2014-05-28,119.51000213623047,119.91999816894531,119.51000213623047,119.91999816894531,78.40614318847656,1430800,0.0,0.0,0.0
2014-05-29,119.86000061035156,120.12999725341797,119.56999969482422,119.56999969482422,78.17738342285156,1325700,0.0,0.0,0.0
2014-05-30,119.47000122070312,119.69000244140625,119.33999633789062,119.58999633789062,78.19042205810547,1045400,0.0,0.0,0.0
2014-06-02,118.88999938964844,119.08000183105469,118.55000305175781,118.58999633789062,77.7563247680664,2652700,0.338,0.0,0.0
2014-06-03,118.45999908447266,118.48999786376953,118.05000305175781,118.05000305175781,77.40226745605469,1431100,0.0,0.0,0.0
2014-06-04,118.20999908447266,118.2300033569336,117.97000122070312,117.98999786376953,77.3629150390625,1263600,0.0,0.0,0.0
2014-06-05,118.04000091552734,118.3499984741211,117.91000366210938,118.23999786376953,77.52684020996094,801000,0.0,0.0,0.0
2014-06-06,118.44000244140625,118.76000213623047,118.37000274658203,118.48999786376953,77.69078826904297,1112700,0.0,0.0,0.0
2014-06-09,118.29000091552734,118.33000183105469,118.11000061035156,118.25,77.53341674804688,1215400,0.0,0.0,0.0
2014-06-10,118.06999969482422,118.16999816894531,118.0,118.02999877929688,77.38920593261719,758800,0.0,0.0,0.0
2014-06-11,118.11000061035156,118.27999877929688,118.02999877929688,118.12000274658203,77.44819641113281,507500,0.0,0.0,0.0
2014-06-12,118.18000030517578,118.5999984741211,118.05999755859375,118.5,77.69734191894531,964800,0.0,0.0,0.0
2014-06-13,118.12999725341797,118.58999633789062,118.08000183105469,118.4800033569336,77.68421936035156,474700,0.0,0.0,0.0
2014-06-16,118.4000015258789,118.62000274658203,118.37999725341797,118.47000122070312,77.67768859863281,732400,0.0,0.0,0.0
2014-06-17,118.37000274658203,118.37999725341797,118.05999755859375,118.06999969482422,77.41542053222656,605200,0.0,0.0,0.0
2014-06-18,118.33999633789062,118.75,118.16999816894531,118.75,77.86127471923828,791400,0.0,0.0,0.0
2014-06-19,118.88999938964844,118.9000015258789,118.20999908447266,118.33000183105469,77.5859146118164,610700,0.0,0.0,0.0
2014-06-20,118.23999786376953,118.61000061035156,118.18000030517578,118.55999755859375,77.7366943359375,1151900,0.0,0.0,0.0
2014-06-23,118.69999694824219,118.77999877929688,118.48999786376953,118.55000305175781,77.7301254272461,833300,0.0,0.0,0.0
2014-06-24,118.87999725341797,119.05999755859375,118.58999633789062,119.05000305175781,78.05801391601562,777600,0.0,0.0,0.0
2014-06-25,119.43000030517578,119.43000030517578,119.13999938964844,119.16999816894531,78.13662719726562,827100,0.0,0.0,0.0
2014-06-26,119.23999786376953,119.5199966430664,119.23999786376953,119.38999938964844,78.28086853027344,698700,0.0,0.0,0.0
2014-06-27,119.5199966430664,119.61000061035156,119.37000274658203,119.37000274658203,78.26779174804688,729300,0.0,0.0,0.0
2014-06-30,119.44000244140625,119.45999908447266,119.16999816894531,119.26000213623047,78.19564819335938,857200,0.0,0.0,0.0
2014-07-01,118.70999908447266,118.8499984741211,118.45999908447266,118.47000122070312,77.89323425292969,5448400,0.33,0.0,0.0
2014-07-02,118.31999969482422,118.31999969482422,117.97000122070312,118.05000305175781,77.61705780029297,3278000,0.0,0.0,0.0
2014-07-03,117.76000213623047,118.0,117.66000366210938,117.93000030517578,77.53815460205078,648400,0.0,0.0,0.0
2014-07-07,118.0199966430664,118.22000122070312,117.94999694824219,118.13999938964844,77.67626190185547,1219200,0.0,0.0,0.0
2014-07-08,118.48999786376953,118.66000366210938,118.45999908447266,118.58000183105469,77.96551513671875,1296400,0.0,0.0,0.0
2014-07-09,118.5199966430664,118.87000274658203,118.37000274658203,118.7699966430664,78.09044647216797,836700,0.0,0.0,0.0
2014-07-10,118.94000244140625,118.97000122070312,118.6500015258789,118.68000030517578,78.03129577636719,524000,0.0,0.0,0.0
2014-07-11,118.83999633789062,119.11000061035156,118.83999633789062,119.05000305175781,78.27459716796875,1259300,0.0,0.0,0.0
2014-07-14,118.86000061035156,118.93000030517578,118.7300033569336,118.80000305175781,78.11016845703125,690900,0.0,0.0,0.0
2014-07-15,118.70999908447266,119.04000091552734,118.5,118.66999816894531,78.02471160888672,791400,0.0,0.0,0.0
2014-07-16,118.79000091552734,118.98999786376953,118.69000244140625,118.94999694824219,78.20880889892578,963800,0.0,0.0,0.0
2014-07-17,119.18000030517578,119.48999786376953,119.05999755859375,119.4000015258789,78.50466918945312,847900,0.0,0.0,0.0
2014-07-18,119.3499984741211,119.38999938964844,119.06999969482422,119.23999786376953,78.3995132446289,539300,0.0,0.0,0.0
2014-07-21,119.37000274658203,119.47000122070312,119.20999908447266,119.23999786376953,78.3995132446289,852600,0.0,0.0,0.0
2014-07-22,119.30999755859375,119.4000015258789,119.18000030517578,119.33000183105469,78.4586410522461,1017500,0.0,0.0,0.0
2014-07-23,119.45999908447266,119.55000305175781,119.41000366210938,119.47000122070312,78.55072784423828,1597800,0.0,0.0,0.0
2014-07-24,119.11000061035156,119.16999816894531,118.9800033569336,119.0,78.24169158935547,813400,0.0,0.0,0.0
2014-07-25,119.37000274658203,119.45999908447266,119.22000122070312,119.45999908447266,78.54412078857422,655400,0.0,0.0,0.0
2014-07-28,119.41000366210938,119.51000213623047,119.2300033569336,119.31999969482422,78.45207977294922,1290600,0.0,0.0,0.0
2014-07-29,119.52999877929688,119.55000305175781,119.27999877929688,119.43000030517578,78.52440643310547,787500,0.0,0.0,0.0
2014-07-30,119.08000183105469,119.18000030517578,118.69999694824219,118.87999725341797,78.16277313232422,1305800,0.0,0.0,0.0
2014-07-31,118.37000274658203,118.7300033569336,118.36000061035156,118.55000305175781,77.94581604003906,2121700,0.0,0.0,0.0
2014-08-01,118.12999725341797,118.87999725341797,118.08000183105469,118.81999969482422,78.34739685058594,2763600,0.339,0.0,0.0
2014-08-04,118.87000274658203,119.01000213623047,118.72000122070312,118.8499984741211,78.36715698242188,1779300,0.0,0.0,0.0
2014-08-05,118.66999816894531,118.98999786376953,118.5,118.97000122070312,78.44630432128906,2416200,0.0,0.0,0.0
2014-08-06,119.11000061035156,119.12000274658203,118.73999786376953,118.76000213623047,78.30777740478516,1799500,0.0,0.0,0.0
2014-08-07,118.94000244140625,119.12000274658203,118.79000091552734,119.06999969482422,78.5122299194336,1839200,0.0,0.0,0.0
2014-08-08,119.2699966430664,119.41000366210938,119.0,119.04000091552734,78.49243927001953,1048300,0.0,0.0,0.0
2014-08-11,119.13999938964844,119.27999877929688,119.0199966430664,119.08999633789062,78.525390625,770900,0.0,0.0,0.0
2014-08-12,119.19999694824219,119.20999908447266,118.9800033569336,119.02999877929688,78.48587799072266,1927400,0.0,0.0,0.0
2014-08-13,119.04000091552734,119.33000183105469,119.0,119.2699966430664,78.64405822753906,2260600,0.0,0.0,0.0
2014-08-14,119.45999908447266,119.5,119.19000244140625,119.4000015258789,78.72980499267578,1694200,0.0,0.0,0.0
2014-08-15,119.56999969482422,120.18000030517578,119.51000213623047,119.81999969482422,79.00675964355469,1729500,0.0,0.0,0.0
2014-08-18,119.68000030517578,119.73999786376953,119.45999908447266,119.55000305175781,78.82869720458984,1624200,0.0,0.0,0.0
2014-08-19,119.73999786376953,119.77999877929688,119.30000305175781,119.47000122070312,78.77597045898438,1559000,0.0,0.0,0.0
2014-08-20,119.43000030517578,119.47000122070312,119.11000061035156,119.19999694824219,78.59790802001953,746700,0.0,0.0,0.0
2014-08-21,119.38999938964844,119.63999938964844,119.37999725341797,119.61000061035156,78.86829376220703,1817900,0.0,0.0,0.0
2014-08-22,119.61000061035156,119.87999725341797,119.33999633789062,119.76000213623047,78.96717834472656,1014500,0.0,0.0,0.0
2014-08-25,119.87999725341797,119.94999694824219,119.72000122070312,119.94999694824219,79.09244537353516,793300,0.0,0.0,0.0
2014-08-26,120.05000305175781,120.08999633789062,119.8499984741211,120.02999877929688,79.14520263671875,730100,0.0,0.0,0.0
2014-08-27,120.0999984741211,120.29000091552734,120.0199966430664,120.2300033569336,79.27709197998047,1412400,0.0,0.0,0.0
2014-08-28,120.5,120.5999984741211,120.31999969482422,120.48999786376953,79.44853210449219,1100200,0.0,0.0,0.0
2014-08-29,120.43000030517578,120.68000030517578,120.38999938964844,120.58000183105469,79.5079116821289,1257900,0.0,0.0,0.0
2014-09-02,119.73999786376953,119.87999725341797,119.58000183105469,119.66999816894531,79.12960815429688,3493400,0.338,0.0,0.0
2014-09-03,119.45999908447266,119.83000183105469,119.41000366210938,119.83000183105469,79.23544311523438,838300,0.0,0.0,0.0
2014-09-04,119.52999877929688,119.66000366210938,118.94999694824219,118.9800033569336,78.67339324951172,4901900,0.0,0.0,0.0
2014-09-05,119.26000213623047,119.4000015258789,118.88999938964844,119.0,78.68665313720703,1557300,0.0,0.0,0.0
2014-09-08,119.20999908447266,119.30000305175781,118.7699966430664,118.80000305175781,78.55439758300781,1133000,0.0,0.0,0.0
2014-09-09,118.69000244140625,118.70999908447266,118.47000122070312,118.4800033569336,78.34276580810547,1853400,0.0,0.0,0.0
2014-09-10,118.23999786376953,118.41000366210938,118.19999694824219,118.29000091552734,78.21717834472656,1894800,0.0,0.0,0.0
2014-09-11,118.38999938964844,118.55000305175781,118.19999694824219,118.19999694824219,78.15763854980469,1300200,0.0,0.0,0.0
2014-09-12,117.86000061035156,118.02999877929688,117.5999984741211,117.62999725341797,77.78070831298828,1296900,0.0,0.0,0.0
2014-09-15,117.88999938964844,117.94000244140625,117.61000061035156,117.66000366210938,77.8005599975586,3575600,0.0,0.0,0.0
2014-09-16,117.66999816894531,117.91999816894531,117.58000183105469,117.63999938964844,77.7873764038086,1567600,0.0,0.0,0.0
2014-09-17,117.80999755859375,117.91000366210938,117.26000213623047,117.31999969482422,77.57574462890625,1763300,0.0,0.0,0.0
2014-09-18,117.41000366210938,117.58000183105469,117.33000183105469,117.52999877929688,77.71463775634766,1521200,0.0,0.0,0.0
2014-09-19,117.66999816894531,118.0199966430664,117.5,117.98999786376953,78.01879119873047,739000,0.0,0.0,0.0
2014-09-22,118.05000305175781,118.16999816894531,117.91000366210938,118.0999984741211,78.09147644042969,1729400,0.0,0.0,0.0
2014-09-23,118.16999816894531,118.29000091552734,118.05999755859375,118.29000091552734,78.21717834472656,904400,0.0,0.0,0.0
2014-09-24,118.22000122070312,118.23999786376953,117.94000244140625,118.01000213623047,78.03199768066406,786700,0.0,0.0,0.0
2014-09-25,118.05999755859375,118.44000244140625,118.05000305175781,118.36000061035156,78.26345825195312,1375200,0.0,0.0,0.0
2014-09-26,117.87999725341797,118.13999938964844,117.4000015258789,118.0999984741211,78.09147644042969,3295000,0.0,0.0,0.0
2014-09-29,118.12000274658203,118.2300033569336,117.87999725341797,118.05000305175781,78.05847930908203,3628200,0.0,0.0,0.0
2014-09-30,118.13999938964844,118.41999816894531,118.05000305175781,118.22000122070312,78.1708984375,1716100,0.0,0.0,0.0
2014-10-01,118.30999755859375,118.80999755859375,118.25,118.5999984741211,78.6449966430664,1973500,0.335,0.0,0.0
2014-10-02,118.5999984741211,118.79000091552734,118.37000274658203,118.58999633789062,78.63835144042969,1891200,0.0,0.0,0.0
2014-10-03,118.56999969482422,118.94999694824219,118.37000274658203,118.93000030517578,78.86384582519531,2535800,0.0,0.0,0.0
2014-10-06,118.91000366210938,119.1500015258789,118.87000274658203,118.98999786376953,78.90360260009766,1858400,0.0,0.0,0.0
2014-10-07,119.27999877929688,119.62999725341797,119.16000366210938,119.41999816894531,79.18872833251953,1887900,0.0,0.0,0.0
2014-10-08,119.5999984741211,120.08000183105469,119.2300033569336,120.02999877929688,79.59323120117188,2297900,0.0,0.0,0.0
2014-10-09,119.7300033569336,119.94000244140625,119.51000213623047,119.52999877929688,79.2616958618164,1786200,0.0,0.0,0.0
2014-10-10,119.5999984741211,119.66999816894531,119.41000366210938,119.62999725341797,79.32799530029297,1371400,0.0,0.0,0.0
2014-10-13,119.91999816894531,120.18000030517578,119.80000305175781,119.94000244140625,79.5335922241211,1748200,0.0,0.0,0.0
2014-10-14,120.08999633789062,120.25,119.88999938964844,120.20999908447266,79.712646484375,2826400,0.0,0.0,0.0
2014-10-15,120.80000305175781,122.43000030517578,120.12999725341797,120.30000305175781,79.77228546142578,3497900,0.0,0.0,0.0
2014-10-16,120.73999786376953,120.79000091552734,119.83999633789062,120.02999877929688,79.59323120117188,2229900,0.0,0.0,0.0
2014-10-17,120.05999755859375,120.19999694824219,119.75,119.9800033569336,79.5600814819336,1537800,0.0,0.0,0.0
2014-10-20,120.27999877929688,120.29000091552734,119.97000122070312,120.19999694824219,79.70596313476562,1735300,0.0,0.0,0.0
2014-10-21,120.0,120.23999786376953,119.94999694824219,120.12999725341797,79.65955352783203,1150000,0.0,0.0,0.0
2014-10-22,119.93000030517578,120.0199966430664,119.77999877929688,119.93000030517578,79.52694702148438,957000,0.0,0.0,0.0
2014-10-23,119.69999694824219,119.8499984741211,119.44999694824219,119.69999694824219,79.3744125366211,1408400,0.0,0.0,0.0
2014-10-24,119.68000030517578,119.94999694824219,119.5999984741211,119.75,79.4075698852539,1727800,0.0,0.0,0.0
2014-10-27,119.75,119.91000366210938,119.66000366210938,119.9000015258789,79.50702667236328,1946500,0.0,0.0,0.0
2014-10-28,119.70999908447266,119.75,119.44000244140625,119.5,79.24179077148438,2212700,0.0,0.0,0.0
2014-10-29,119.44000244140625,119.5,118.86000061035156,119.27999877929688,79.0959243774414,3574000,0.0,0.0,0.0
2014-10-30,119.44999694824219,119.69999694824219,119.30000305175781,119.36000061035156,79.14897918701172,2542000,0.0,0.0,0.0
2014-10-31,119.30999755859375,119.44000244140625,119.02999877929688,119.33999633789062,79.13568878173828,1893700,0.0,0.0,0.0
2014-11-03,118.77999877929688,118.97000122070312,118.62999725341797,118.7699966430664,78.97943115234375,6621700,0.335,0.0,0.0
2014-11-04,118.80000305175781,119.12999725341797,118.7699966430664,118.94000244140625,79.09247589111328,2155400,0.0,0.0,0.0
2014-11-05,118.80999755859375,118.8499984741211,118.61000061035156,118.72000122070312,78.94618225097656,1725300,0.0,0.0,0.0
2014-11-06,118.58999633789062,118.70999908447266,118.33000183105469,118.36000061035156,78.70677947998047,1458700,0.0,0.0,0.0
2014-11-07,118.5,119.12000274658203,118.5,119.11000061035156,79.2054672241211,1730000,0.0,0.0,0.0
2014-11-10,118.9800033569336,119.0,118.5,118.51000213623047,78.8065185546875,1710500,0.0,0.0,0.0
2014-11-11,118.5,118.58999633789062,118.4000015258789,118.5,78.79989624023438,805600,0.0,0.0,0.0
2014-11-12,118.83000183105469,118.9800033569336,118.3499984741211,118.48999786376953,78.7932357788086,1931400,0.0,0.0,0.0
2014-11-13,118.52999877929688,118.55999755859375,118.30999755859375,118.36000061035156,78.70677947998047,2128500,0.0,0.0,0.0
2014-11-14,118.25,118.70999908447266,118.19000244140625,118.51000213623047,78.8065185546875,1784800,0.0,0.0,0.0
2014-11-17,118.63999938964844,118.68000030517578,118.16999816894531,118.2300033569336,78.62035369873047,1770100,0.0,0.0,0.0
2014-11-18,118.20999908447266,118.36000061035156,118.16000366210938,118.33000183105469,78.68684387207031,2002900,0.0,0.0,0.0
2014-11-19,117.86000061035156,118.08000183105469,117.69999694824219,117.69999694824219,78.26787567138672,1890200,0.0,0.0,0.0
2014-11-20,118.20999908447266,118.30000305175781,117.87000274658203,118.1500015258789,78.56709289550781,2040100,0.0,0.0,0.0
2014-11-21,118.38999938964844,118.75,118.30000305175781,118.66000366210938,78.90625762939453,1820200,0.0,0.0,0.0
2014-11-24,118.62000274658203,118.88999938964844,118.5999984741211,118.8499984741211,79.0326156616211,1592600,0.0,0.0,0.0
2014-11-25,119.0,119.44999694824219,118.94999694824219,119.36000061035156,79.37174224853516,2052800,0.0,0.0,0.0
2014-11-26,119.7300033569336,119.8499984741211,119.66000366210938,119.7699966430664,79.64444732666016,978200,0.0,0.0,0.0
2014-11-28,119.91000366210938,120.11000061035156,119.91000366210938,120.08999633789062,79.85719299316406,1037800,0.0,0.0,0.0
2014-12-01,119.80000305175781,119.87999725341797,118.94999694824219,119.33999633789062,79.5804443359375,6029800,0.335,0.0,0.0
2014-12-02,118.94000244140625,118.95999908447266,118.54000091552734,118.54000091552734,79.0469970703125,1496200,0.0,0.0,0.0
2014-12-03,118.62000274658203,118.83000183105469,118.55000305175781,118.66000366210938,79.12699890136719,5153700,0.0,0.0,0.0
2014-12-04,118.61000061035156,119.0,118.58000183105469,118.8499984741211,79.2536849975586,2413000,0.0,0.0,0.0
2014-12-05,118.75,118.80999755859375,118.30000305175781,118.36000061035156,78.92695617675781,1118600,0.0,0.0,0.0
2014-12-08,118.52999877929688,119.05999755859375,118.41999816894531,118.91999816894531,79.30039978027344,1842000,0.0,0.0,0.0
2014-12-09,119.12999725341797,119.2699966430664,118.9000015258789,119.0199966430664,79.3670883178711,1369900,0.0,0.0,0.0
2014-12-10,118.9800033569336,119.2699966430664,118.93000030517578,118.9800033569336,79.34040832519531,2974000,0.0,0.0,0.0
2014-12-11,119.05000305175781,119.1500015258789,118.68000030517578,118.86000061035156,79.26036071777344,1915600,0.0,0.0,0.0
2014-12-12,119.1500015258789,119.62999725341797,119.0,119.05000305175781,79.38706970214844,3457700,0.0,0.0,0.0
2014-12-15,119.0,119.48999786376953,118.86000061035156,119.33000183105469,79.57376098632812,4318600,0.0,0.0,0.0
2014-12-16,119.33999633789062,119.5999984741211,119.13999938964844,119.29000091552734,79.547119140625,2041000,0.0,0.0,0.0
2014-12-17,119.5199966430664,119.88999938964844,119.12999725341797,119.31999969482422,79.5671157836914,1875200,0.0,0.0,0.0
2014-12-18,119.25,119.51000213623047,118.87999725341797,119.44000244140625,79.64715576171875,2056600,0.0,0.0,0.0
2014-12-19,119.19000244140625,119.47000122070312,119.02999877929688,119.37999725341797,79.60710144042969,1088400,0.0,0.0,0.0
2014-12-22,119.55999755859375,119.80999755859375,119.33000183105469,119.76000213623047,79.8604965209961,2011400,0.0,0.0,0.0
2014-12-23,119.5999984741211,119.61000061035156,118.7699966430664,118.8499984741211,79.2536849975586,1285700,0.0,0.0,0.0
2014-12-24,118.51000213623047,118.98999786376953,118.41999816894531,118.91000366210938,79.50912475585938,466200,0.322,0.0,0.0
2014-12-26,119.0999984741211,119.12999725341797,118.86000061035156,119.0,79.5693130493164,499100,0.0,0.0,0.0
2014-12-29,119.2699966430664,119.41999816894531,119.11000061035156,119.2300033569336,79.72307586669922,826200,0.0,0.0,0.0
2014-12-30,119.55000305175781,119.72000122070312,119.30000305175781,119.33000183105469,79.78996276855469,1052000,0.0,0.0,0.0
2014-12-31,119.58000183105469,119.79000091552734,119.30999755859375,119.41000366210938,79.84342193603516,1231400,0.0,0.0,0.0
2015-01-02,119.5999984741211,120.23999786376953,119.55000305175781,119.83000183105469,80.124267578125,2523600,0.0,0.0,0.0
2015-01-05,120.19000244140625,120.68000030517578,120.08999633789062,120.31999969482422,80.4519271850586,3218800,0.0,0.0,0.0
2015-01-06,120.6500015258789,121.16999816894531,120.47000122070312,120.80999755859375,80.77954864501953,5313400,0.0,0.0,0.0
2015-01-07,120.63999938964844,121.05000305175781,120.51000213623047,120.97000122070312,80.88655090332031,1636600,0.0,0.0,0.0
2015-01-08,120.6500015258789,120.66999816894531,120.37000274658203,120.58000183105469,80.62578582763672,2156900,0.0,0.0,0.0
2015-01-09,120.41999816894531,121.0199966430664,120.38999938964844,120.9000015258789,80.83973693847656,1530400,0.0,0.0,0.0
2015-01-12,120.94000244140625,121.19000244140625,120.87000274658203,121.12999725341797,80.9935531616211,1948000,0.0,0.0,0.0
2015-01-13,121.12999725341797,121.27999877929688,120.91000366210938,121.23999786376953,81.06707763671875,1468300,0.0,0.0,0.0
2015-01-14,121.70999908447266,121.81999969482422,121.3499984741211,121.44999694824219,81.20750427246094,2457000,0.0,0.0,0.0
2015-01-15,121.52999877929688,122.2699966430664,121.44999694824219,122.08000183105469,81.62877655029297,2171300,0.0,0.0,0.0
2015-01-16,121.70999908447266,121.91000366210938,121.2300033569336,121.4000015258789,81.17406463623047,1322500,0.0,0.0,0.0
2015-01-20,121.70999908447266,122.05999755859375,121.62999725341797,121.68000030517578,81.36132049560547,1648900,0.0,0.0,0.0
2015-01-21,122.08000183105469,122.11000061035156,121.31999969482422,121.62999725341797,81.32784271240234,1878000,0.0,0.0,0.0
2015-01-22,121.87999725341797,121.95999908447266,121.25,121.56999969482422,81.28773498535156,1938400,0.0,0.0,0.0
2015-01-23,122.08999633789062,122.41000366210938,122.04000091552734,122.27999877929688,81.76248168945312,1436300,0.0,0.0,0.0
2015-01-26,122.3499984741211,122.47000122070312,122.0,122.25,81.742431640625,2347900,0.0,0.0,0.0
2015-01-27,122.68000030517578,122.83000183105469,122.19999694824219,122.33999633789062,81.8026123046875,1268000,0.0,0.0,0.0
2015-01-28,122.38999938964844,123.33999633789062,122.37000274658203,123.16999816894531,82.35755920410156,1367900,0.0,0.0,0.0
2015-01-29,122.86000061035156,123.02999877929688,122.69000244140625,122.87999725341797,82.16363525390625,1674500,0.0,0.0,0.0
2015-01-30,123.55000305175781,123.9000015258789,123.43000030517578,123.88999938964844,82.83901977539062,3499000,0.0,0.0,0.0
2015-02-02,123.23999786376953,123.72000122070312,123.05000305175781,123.66999816894531,82.91605377197266,5684700,0.335,0.0,0.0
2015-02-03,123.05999755859375,123.19000244140625,122.5199966430664,122.66999816894531,82.24565887451172,2828500,0.0,0.0,0.0
2015-02-04,122.26000213623047,122.87000274658203,122.19000244140625,122.83999633789062,82.359619140625,3209500,0.0,0.0,0.0
2015-02-05,122.58999633789062,122.69000244140625,122.36000061035156,122.44999694824219,82.0981216430664,1789300,0.0,0.0,0.0
2015-02-06,121.95999908447266,122.08999633789062,121.13999938964844,121.16999816894531,81.23994445800781,2578400,0.0,0.0,0.0
2015-02-09,121.55999755859375,121.62000274658203,121.11000061035156,121.25,81.2935562133789,2426900,0.0,0.0,0.0
2015-02-10,121.2300033569336,121.30000305175781,120.88999938964844,120.91999816894531,81.07234954833984,2580300,0.0,0.0,0.0
2015-02-11,121.02999877929688,121.05000305175781,120.63999938964844,121.0,81.12593078613281,2239600,0.0,0.0,0.0
2015-02-12,121.0,121.44000244140625,120.9000015258789,121.30999755859375,81.33382415771484,4045600,0.0,0.0,0.0
2015-02-13,121.29000091552734,121.36000061035156,120.81999969482422,120.83000183105469,81.01197052001953,2068700,0.0,0.0,0.0
2015-02-17,120.66000366210938,120.77999877929688,120.05999755859375,120.2699966430664,80.6364974975586,2970300,0.0,0.0,0.0
2015-02-18,120.33999633789062,121.0,120.20999908447266,120.69999694824219,80.92484283447266,3221900,0.0,0.0,0.0
2015-02-19,120.63999938964844,121.08000183105469,120.54000091552734,120.68000030517578,80.91143798828125,2765500,0.0,0.0,0.0
2015-02-20,121.0199966430664,121.31999969482422,120.47000122070312,120.86000061035156,81.0320816040039,1621100,0.0,0.0,0.0
2015-02-23,121.1500015258789,121.27999877929688,121.05999755859375,121.2699966430664,81.30696105957031,2191400,0.0,0.0,0.0
2015-02-24,121.05999755859375,122.0999984741211,120.80000305175781,122.05999755859375,81.83666229248047,1891700,0.0,0.0,0.0
2015-02-25,121.91999816894531,122.19999694824219,121.73999786376953,122.16999816894531,81.91038513183594,2024500,0.0,0.0,0.0
2015-02-26,122.0,122.1500015258789,121.44000244140625,121.51000213623047,81.46788787841797,1192200,0.0,0.0,0.0
2015-02-27,121.54000091552734,121.86000061035156,121.30999755859375,121.80000305175781,81.66234588623047,2892800,0.0,0.0,0.0
2015-03-02,121.36000061035156,121.36000061035156,120.4000015258789,120.41999816894531,80.95441436767578,4540700,0.327,0.0,0.0
2015-03-03,120.5,120.7699966430664,120.33999633789062,120.3499984741211,80.90739440917969,4737600,0.0,0.0,0.0
2015-03-04,120.66000366210938,120.66999816894531,120.19999694824219,120.2699966430664,80.85359191894531,2703200,0.0,0.0,0.0
2015-03-05,120.5,120.58000183105469,120.12999725341797,120.43000030517578,80.96122741699219,1307600,0.0,0.0,0.0
2015-03-06,119.69999694824219,119.80999755859375,119.11000061035156,119.1500015258789,80.10063934326172,3372800,0.0,0.0,0.0
2015-03-09,119.58999633789062,119.68000030517578,119.37999725341797,119.62999725341797,80.42333984375,6241000,0.0,0.0,0.0
2015-03-10,120.0199966430664,120.19000244140625,119.79000091552734,119.81999969482422,80.55110168457031,3356900,0.0,0.0,0.0
2015-03-11,120.06999969482422,120.44000244140625,119.87999725341797,120.43000030517578,80.96122741699219,1712200,0.0,0.0,0.0
2015-03-12,120.62999725341797,120.72000122070312,120.08000183105469,120.30999755859375,80.88048553466797,2970700,0.0,0.0,0.0
2015-03-13,120.0,120.30000305175781,119.9000015258789,119.97000122070312,80.65190887451172,1845300,0.0,0.0,0.0
2015-03-16,120.41999816894531,120.41999816894531,119.91000366210938,120.08999633789062,80.7325668334961,1588300,0.0,0.0,0.0
2015-03-17,120.0999984741211,120.37000274658203,119.87999725341797,120.29000091552734,80.8670425415039,2528800,0.0,0.0,0.0
2015-03-18,120.54000091552734,121.88999938964844,120.36000061035156,121.7699966430664,81.86203002929688,3382500,0.0,0.0,0.0
2015-03-19,121.4800033569336,121.61000061035156,121.05000305175781,121.1500015258789,81.44517517089844,2503000,0.0,0.0,0.0
2015-03-20,121.47000122070312,121.70999908447266,121.36000061035156,121.48999786376953,81.67376708984375,3669300,0.0,0.0,0.0
2015-03-23,121.56999969482422,121.83000183105469,121.55000305175781,121.7699966430664,81.86203002929688,2946600,0.0,0.0,0.0
2015-03-24,121.88999938964844,122.0,121.69999694824219,121.94999694824219,81.98303985595703,2782100,0.0,0.0,0.0
2015-03-25,122.0,122.30000305175781,121.44000244140625,121.55000305175781,81.71410369873047,3205900,0.0,0.0,0.0
2015-03-26,121.2699966430664,121.37999725341797,120.72000122070312,120.80000305175781,81.20989227294922,2681800,0.0,0.0,0.0
2015-03-27,121.18000030517578,121.54000091552734,121.02999877929688,121.27999877929688,81.53260803222656,1009700,0.0,0.0,0.0
2015-03-30,121.41999816894531,121.58999633789062,121.27999877929688,121.48999786376953,81.67376708984375,981100,0.0,0.0,0.0
2015-03-31,121.47000122070312,121.76000213623047,121.31999969482422,121.70999908447266,81.8216552734375,1688400,0.0,0.0,0.0
2015-04-01,121.69999694824219,122.16999816894531,121.61000061035156,121.7300033569336,82.05693054199219,7393500,0.329,0.0,0.0
2015-04-02,121.94000244140625,122.12000274658203,121.5,121.52999877929688,81.92210388183594,3013700,0.0,0.0,0.0
2015-04-06,122.01000213623047,122.16000366210938,121.4000015258789,121.69000244140625,82.02999877929688,3496000,0.0,0.0,0.0
2015-04-07,121.5999984741211,122.13999938964844,121.47000122070312,122.12999725341797,82.32657623291016,2613500,0.0,0.0,0.0
2015-04-08,122.12999725341797,122.12999725341797,121.69999694824219,122.08999633789062,82.299560546875,3933500,0.0,0.0,0.0
2015-04-09,122.06999969482422,122.06999969482422,121.36000061035156,121.47000122070312,81.88167572021484,1780600,0.0,0.0,0.0
2015-04-10,121.80999755859375,121.9000015258789,121.55999755859375,121.63999938964844,81.99626159667969,1325000,0.0,0.0,0.0
2015-04-13,121.6500015258789,121.8499984741211,121.54000091552734,121.5999984741211,81.96929168701172,1710100,0.0,0.0,0.0
2015-04-14,122.05000305175781,122.30999755859375,121.8499984741211,121.87999725341797,82.15803527832031,2245000,0.0,0.0,0.0
2015-04-15,122.1500015258789,122.29000091552734,121.95999908447266,121.95999908447266,82.21199035644531,1560900,0.0,0.0,0.0
2015-04-16,122.13999938964844,122.13999938964844,121.56999969482422,121.88999938964844,82.16473388671875,1820500,0.0,0.0,0.0
2015-04-17,121.81999969482422,122.3499984741211,121.6500015258789,122.22000122070312,82.38720703125,1625800,0.0,0.0,0.0
2015-04-20,122.19000244140625,122.3499984741211,121.83999633789062,121.93000030517578,82.19172668457031,1527200,0.0,0.0,0.0
2015-04-21,122.05000305175781,122.0999984741211,121.77999877929688,121.9000015258789,82.17152404785156,2441600,0.0,0.0,0.0
2015-04-22,121.93000030517578,121.94000244140625,121.08999633789062,121.11000061035156,81.63898468017578,2106000,0.0,0.0,0.0
2015-04-23,121.13999938964844,121.58999633789062,121.04000091552734,121.41999816894531,81.84795379638672,1962900,0.0,0.0,0.0
2015-04-24,121.61000061035156,121.83000183105469,121.51000213623047,121.6500015258789,82.00299835205078,1690200,0.0,0.0,0.0
2015-04-27,121.6500015258789,121.76000213623047,121.31999969482422,121.55999755859375,81.94233703613281,1564700,0.0,0.0,0.0
2015-04-28,121.22000122070312,121.37999725341797,120.76000213623047,120.83999633789062,81.45699310302734,1972700,0.0,0.0,0.0
2015-04-29,120.01000213623047,120.1500015258789,119.5999984741211,119.83999633789062,80.78289794921875,3087100,0.0,0.0,0.0
2015-04-30,119.66000366210938,120.01000213623047,119.16999816894531,119.94000244140625,80.85032653808594,5716000,0.0,0.0,0.0
2015-05-01,119.22000122070312,119.47000122070312,118.80000305175781,118.94999694824219,80.40416717529297,3462200,0.33,0.0,0.0
2015-05-04,119.01000213623047,119.16000366210938,118.55999755859375,118.56999969482422,80.14732360839844,2689600,0.0,0.0,0.0
2015-05-05,118.63999938964844,118.69000244140625,118.05000305175781,118.37000274658203,80.01211547851562,3307400,0.0,0.0,0.0
2015-05-06,118.30000305175781,118.30000305175781,117.68000030517578,117.86000061035156,79.66739654541016,2105900,0.0,0.0,0.0
2015-05-07,118.01000213623047,118.41000366210938,117.86000061035156,118.33000183105469,79.98509979248047,3641200,0.0,0.0,0.0
2015-05-08,119.08999633789062,119.2300033569336,118.83000183105469,119.01000213623047,80.44476318359375,5393700,0.0,0.0,0.0
2015-05-11,118.61000061035156,118.6500015258789,117.69000244140625,117.80999755859375,79.63360595703125,3882800,0.0,0.0,0.0
2015-05-12,117.44999694824219,117.9800033569336,117.19999694824219,117.63999938964844,79.51868438720703,3737200,0.0,0.0,0.0
2015-05-13,118.20999908447266,118.27999877929688,117.48999786376953,117.52999877929688,79.44432830810547,3263600,0.0,0.0,0.0
2015-05-14,117.75,118.13999938964844,117.61000061035156,117.93000030517578,79.71466064453125,3094300,0.0,0.0,0.0
2015-05-15,118.20999908447266,118.81999969482422,118.0999984741211,118.75,80.26898956298828,1856500,0.0,0.0,0.0
2015-05-18,118.30999755859375,118.4800033569336,117.75,117.83999633789062,79.65386962890625,2820500,0.0,0.0,0.0
2015-05-19,117.30000305175781,117.80000305175781,117.19999694824219,117.20999908447266,79.22804260253906,3562500,0.0,0.0,0.0
2015-05-20,117.37999725341797,117.68000030517578,117.11000061035156,117.3499984741211,79.3226547241211,2626800,0.0,0.0,0.0
2015-05-21,117.55000305175781,117.94999694824219,117.41999816894531,117.91000366210938,79.701171875,1606900,0.0,0.0,0.0
2015-05-22,117.81999969482422,117.8499984741211,117.51000213623047,117.83000183105469,79.6471176147461,2858500,0.0,0.0,0.0
2015-05-26,117.86000061035156,118.41000366210938,117.80999755859375,118.3499984741211,79.99858856201172,2232300,0.0,0.0,0.0
2015-05-27,118.36000061035156,118.55000305175781,118.08999633789062,118.47000122070312,80.0797348022461,2282700,0.0,0.0,0.0
2015-05-28,118.43000030517578,118.48999786376953,118.19000244140625,118.22000122070312,79.9107437133789,2901000,0.0,0.0,0.0
2015-05-29,118.5,118.56999969482422,118.12999725341797,118.2699966430664,79.94447326660156,2845800,0.0,0.0,0.0
2015-06-01,117.86000061035156,117.98999786376953,117.22000122070312,117.27999877929688,79.49651336669922,5315800,0.329,0.0,0.0
2015-06-02,116.87000274658203,116.98999786376953,116.58999633789062,116.68000030517578,79.08979034423828,7084900,0.0,0.0,0.0
2015-06-03,116.44000244140625,116.44000244140625,115.70999908447266,115.93000030517578,78.58137512207031,3307900,0.0,0.0,0.0
2015-06-04,116.12000274658203,116.66999816894531,116.12000274658203,116.52999877929688,78.98811340332031,2849100,0.0,0.0,0.0
2015-06-05,115.91000366210938,116.20999908447266,115.5,115.94000244140625,78.58816528320312,5548400,0.0,0.0,0.0
2015-06-08,116.08000183105469,116.19999694824219,115.86000061035156,115.86000061035156,78.53394317626953,2131100,0.0,0.0,0.0
2015-06-09,115.66999816894531,115.66999816894531,115.23999786376953,115.33999633789062,78.18146514892578,6152300,0.0,0.0,0.0
2015-06-10,115.18000030517578,115.27999877929688,114.93000030517578,115.02999877929688,77.97129821777344,1959600,0.0,0.0,0.0
2015-06-11,115.54000091552734,116.06999969482422,115.29000091552734,116.05000305175781,78.66273498535156,2562600,0.0,0.0,0.0
2015-06-12,115.76000213623047,116.33000183105469,115.7300033569336,115.8499984741211,78.52715301513672,2437900,0.0,0.0,0.0
2015-06-15,116.19999694824219,116.25,115.68000030517578,115.83000183105469,78.51361846923828,1827600,0.0,0.0,0.0
2015-06-16,115.95999908447266,116.12000274658203,115.66000366210938,116.12000274658203,78.710205078125,2274100,0.0,0.0,0.0
2015-06-17,116.04000091552734,116.19999694824219,115.47000122070312,116.11000061035156,78.70339965820312,3824200,0.0,0.0,0.0
2015-06-18,115.8499984741211,116.0,115.52999877929688,115.9000015258789,78.56104278564453,1853100,0.0,0.0,0.0
2015-06-19,116.2300033569336,116.62000274658203,116.05999755859375,116.5199966430664,78.9813003540039,5114500,0.0,0.0,0.0
2015-06-22,116.08999633789062,116.25,115.54000091552734,115.5999984741211,78.35770416259766,2547700,0.0,0.0,0.0
2015-06-23,115.08999633789062,115.63999938964844,115.08999633789062,115.33999633789062,78.18146514892578,1238700,0.0,0.0,0.0
2015-06-24,115.44000244140625,115.72000122070312,115.30000305175781,115.66000366210938,78.3984146118164,2540000,0.0,0.0,0.0
2015-06-25,115.4800033569336,115.63999938964844,115.26000213623047,115.47000122070312,78.26959991455078,2567500,0.0,0.0,0.0
2015-06-26,115.0199966430664,115.12999725341797,114.7300033569336,114.94000244140625,77.91032409667969,2285000,0.0,0.0,0.0
2015-06-29,115.22000122070312,116.08999633789062,115.1500015258789,115.94000244140625,78.58816528320312,5945700,0.0,0.0,0.0
2015-06-30,115.66999816894531,116.18000030517578,115.5999984741211,115.72000122070312,78.43905639648438,2668600,0.0,0.0,0.0
2015-07-01,115.02999877929688,115.29000091552734,115.0199966430664,115.0199966430664,78.18753051757812,4088700,0.33,0.0,0.0
2015-07-02,115.30000305175781,115.66000366210938,115.27999877929688,115.45999908447266,78.48663330078125,1971000,0.0,0.0,0.0
2015-07-06,115.87999725341797,116.06999969482422,115.58999633789062,115.91999816894531,78.79930877685547,4845100,0.0,0.0,0.0
2015-07-07,116.6500015258789,116.86000061035156,116.26000213623047,116.4000015258789,79.12559509277344,3627500,0.0,0.0,0.0
2015-07-08,116.51000213623047,116.70999908447266,116.2300033569336,116.55999755859375,79.23439025878906,3490600,0.0,0.0,0.0
2015-07-09,116.16000366210938,116.19999694824219,115.72000122070312,115.79000091552734,78.71094512939453,1427800,0.0,0.0,0.0
2015-07-10,115.1500015258789,115.36000061035156,114.80999755859375,115.05000305175781,78.20790100097656,2740000,0.0,0.0,0.0
2015-07-13,114.58000183105469,115.08000183105469,114.58000183105469,114.80000305175781,78.03799438476562,3146100,0.0,0.0,0.0
2015-07-14,114.87000274658203,115.0,114.66000366210938,114.9000015258789,78.10595703125,4364200,0.0,0.0,0.0
2015-07-15,114.86000061035156,115.37000274658203,114.7699966430664,115.19999694824219,78.30992889404297,1923800,0.0,0.0,0.0
2015-07-16,115.02999877929688,115.45999908447266,114.91999816894531,115.37999725341797,78.4322509765625,2036600,0.0,0.0,0.0
2015-07-17,115.38999938964844,115.62000274658203,115.38999938964844,115.45999908447266,78.48663330078125,2268200,0.0,0.0,0.0
2015-07-20,115.25,115.44999694824219,115.1500015258789,115.19000244140625,78.3030776977539,2805800,0.0,0.0,0.0
2015-07-21,115.01000213623047,115.4800033569336,115.0,115.43000030517578,78.46624755859375,2490900,0.0,0.0,0.0
2015-07-22,115.41000366210938,115.75,115.33999633789062,115.58000183105469,78.56819915771484,1292900,0.0,0.0,0.0
2015-07-23,115.52999877929688,116.0199966430664,115.4000015258789,115.91999816894531,78.79930877685547,2007600,0.0,0.0,0.0
2015-07-24,116.11000061035156,116.11000061035156,115.66999816894531,115.87000274658203,78.76534271240234,2704700,0.0,0.0,0.0
2015-07-27,115.93000030517578,116.18000030517578,115.80999755859375,115.87999725341797,78.7721176147461,4836700,0.0,0.0,0.0
2015-07-28,115.62999725341797,115.81999969482422,115.5,115.79000091552734,78.71094512939453,2755100,0.0,0.0,0.0
2015-07-29,115.7300033569336,115.80999755859375,115.5199966430664,115.69000244140625,78.6429672241211,1569200,0.0,0.0,0.0
2015-07-30,115.7699966430664,115.91999816894531,115.5999984741211,115.75,78.68374633789062,2157600,0.0,0.0,0.0
2015-07-31,116.11000061035156,116.41000366210938,116.0999984741211,116.3499984741211,79.0916519165039,3626900,0.0,0.0,0.0
2015-08-03,115.86000061035156,116.37999725341797,115.83000183105469,116.29000091552734,79.27570343017578,2942800,0.33,0.0,0.0
2015-08-04,115.98999786376953,116.05000305175781,115.63999938964844,115.69999694824219,78.87345886230469,3823200,0.0,0.0,0.0
2015-08-05,115.51000213623047,115.51000213623047,115.08999633789062,115.25,78.56671905517578,2991600,0.0,0.0,0.0
2015-08-06,115.37999725341797,115.58999633789062,115.33000183105469,115.47000122070312,78.71666717529297,1750800,0.0,0.0,0.0
2015-08-07,115.63999938964844,115.94000244140625,115.55000305175781,115.87000274658203,78.98938751220703,2907200,0.0,0.0,0.0
2015-08-10,115.58000183105469,115.68000030517578,115.3499984741211,115.41000366210938,78.6758041381836,1317600,0.0,0.0,0.0
2015-08-11,115.88999938964844,116.20999908447266,115.81999969482422,115.88999938964844,79.00305938720703,5011600,0.0,0.0,0.0
2015-08-12,115.88999938964844,116.26000213623047,115.6500015258789,115.70999908447266,78.88029479980469,5062200,0.0,0.0,0.0
2015-08-13,115.41000366210938,115.66000366210938,115.22000122070312,115.30999755859375,78.60762786865234,1647500,0.0,0.0,0.0
2015-08-14,115.27999877929688,115.52999877929688,115.16999816894531,115.41999816894531,78.68262481689453,1693600,0.0,0.0,0.0
2015-08-17,115.80000305175781,116.0999984741211,115.58999633789062,115.79000091552734,78.93482208251953,3313900,0.0,0.0,0.0
2015-08-18,115.5199966430664,115.63999938964844,115.27999877929688,115.3499984741211,78.63488006591797,2200900,0.0,0.0,0.0
2015-08-19,115.0999984741211,115.98999786376953,115.0,115.91000366210938,79.01665496826172,2600100,0.0,0.0,0.0
2015-08-20,115.94999694824219,116.11000061035156,115.80999755859375,115.9800033569336,79.06437683105469,1760100,0.0,0.0,0.0
2015-08-21,116.01000213623047,116.29000091552734,115.81999969482422,116.01000213623047,79.08483123779297,2971100,0.0,0.0,0.0
2015-08-24,116.5,116.58999633789062,115.62999725341797,115.69000244140625,78.86662292480469,3966000,0.0,0.0,0.0
2015-08-25,115.3499984741211,115.55999755859375,114.87000274658203,115.0999984741211,78.46448516845703,2625300,0.0,0.0,0.0
2015-08-26,114.87999725341797,115.2300033569336,114.68000030517578,115.02999877929688,78.416748046875,3299400,0.0,0.0,0.0
2015-08-27,114.80999755859375,115.38999938964844,114.69999694824219,115.13999938964844,78.49174499511719,2957800,0.0,0.0,0.0
2015-08-28,115.70999908447266,115.76000213623047,115.2699966430664,115.3499984741211,78.63488006591797,1901200,0.0,0.0,0.0
2015-08-31,115.79000091552734,115.81999969482422,115.05999755859375,115.05999755859375,78.43717193603516,1250200,0.0,0.0,0.0
2015-09-01,115.05999755859375,115.48999786376953,114.83999633789062,115.41999816894531,78.91236877441406,3856800,0.335,0.0,0.0
2015-09-02,114.97000122070312,115.45999908447266,114.97000122070312,115.25,78.796142578125,1824500,0.0,0.0,0.0
2015-09-03,115.56999969482422,115.94000244140625,115.41999816894531,115.80000305175781,79.17218017578125,11303000,0.0,0.0,0.0
2015-09-04,115.97000122070312,116.19999694824219,115.77999877929688,116.05999755859375,79.34993743896484,1648600,0.0,0.0,0.0
2015-09-08,115.76000213623047,115.81999969482422,115.5,115.5199966430664,78.9807357788086,1892300,0.0,0.0,0.0
2015-09-09,115.2300033569336,115.83999633789062,115.19999694824219,115.7699966430664,79.15168762207031,2079100,0.0,0.0,0.0
2015-09-10,115.56999969482422,115.6500015258789,115.36000061035156,115.54000091552734,78.9944076538086,2566500,0.0,0.0,0.0
2015-09-11,115.58000183105469,115.88999938964844,115.56999969482422,115.62000274658203,79.04910278320312,2333300,0.0,0.0,0.0
2015-09-14,115.77999877929688,115.81999969482422,115.4800033569336,115.61000061035156,79.04224395751953,1732500,0.0,0.0,0.0
2015-09-15,115.33999633789062,115.4800033569336,114.63999938964844,114.73999786376953,78.44745635986328,3090400,0.0,0.0,0.0
2015-09-16,114.80999755859375,115.05000305175781,114.76000213623047,114.94999694824219,78.59098052978516,2918300,0.0,0.0,0.0
2015-09-17,114.93000030517578,115.94000244140625,114.88999938964844,115.9000015258789,79.24053192138672,4106700,0.0,0.0,0.0
2015-09-18,116.08000183105469,116.37999725341797,116.0,116.25,79.4798355102539,4692400,0.0,0.0,0.0
2015-09-21,115.94000244140625,116.0999984741211,115.61000061035156,115.66000366210938,79.07646179199219,3209900,0.0,0.0,0.0
2015-09-22,116.05000305175781,116.3499984741211,115.94000244140625,116.16000366210938,79.41829681396484,4001000,0.0,0.0,0.0
2015-09-23,116.12000274658203,116.22000122070312,115.93000030517578,116.08999633789062,79.3704605102539,2435200,0.0,0.0,0.0
2015-09-24,116.45999908447266,116.5199966430664,116.08000183105469,116.11000061035156,79.38412475585938,2378100,0.0,0.0,0.0
2015-09-25,115.73999786376953,115.94999694824219,115.6500015258789,115.76000213623047,79.14480590820312,2858800,0.0,0.0,0.0
2015-09-28,115.83999633789062,116.16000366210938,115.69999694824219,115.95999908447266,79.2815933227539,3099400,0.0,0.0,0.0
2015-09-29,115.91000366210938,116.1500015258789,115.81999969482422,116.11000061035156,79.38412475585938,2267100,0.0,0.0,0.0
2015-09-30,115.87999725341797,116.12999725341797,115.83000183105469,116.08999633789062,79.3704605102539,4404200,0.0,0.0,0.0
2015-10-01,115.73999786376953,115.91999816894531,115.56999969482422,115.7300033569336,79.35259246826172,6459600,0.334,0.0,0.0
2015-10-02,116.3499984741211,116.48999786376953,116.0199966430664,116.23999786376953,79.7022933959961,3480100,0.0,0.0,0.0
2015-10-05,115.91999816894531,116.06999969482422,115.80000305175781,115.93000030517578,79.48970794677734,7567200,0.0,0.0,0.0
2015-10-06,115.93000030517578,116.22000122070312,115.6500015258789,116.16000366210938,79.64744567871094,3241200,0.0,0.0,0.0
2015-10-07,116.23999786376953,116.5999984741211,115.91999816894531,116.56999969482422,79.9285659790039,5884900,0.0,0.0,0.0
2015-10-08,116.56999969482422,116.56999969482422,115.9800033569336,116.11000061035156,79.61316680908203,2175000,0.0,0.0,0.0
2015-10-09,116.08999633789062,116.27999877929688,115.98999786376953,116.16000366210938,79.64744567871094,3798800,0.0,0.0,0.0
2015-10-12,116.31999969482422,116.69999694824219,116.31999969482422,116.62999725341797,79.9697036743164,860400,0.0,0.0,0.0
2015-10-13,116.61000061035156,116.63999938964844,116.23999786376953,116.54000091552734,79.90800476074219,2147200,0.0,0.0,0.0
2015-10-14,116.83999633789062,117.01000213623047,116.56999969482422,117.0,80.22343444824219,1976500,0.0,0.0,0.0
2015-10-15,116.8499984741211,116.94999694824219,116.61000061035156,116.94999694824219,80.18914794921875,4233500,0.0,0.0,0.0
2015-10-16,116.91999816894531,117.02999877929688,116.83000183105469,116.98999786376953,80.21659088134766,3055300,0.0,0.0,0.0
2015-10-19,116.94000244140625,116.98999786376953,116.63999938964844,116.9800033569336,80.20970153808594,2510700,0.0,0.0,0.0
2015-10-20,116.63999938964844,116.8499984741211,116.55000305175781,116.76000213623047,80.05885314941406,4190100,0.0,0.0,0.0
2015-10-21,117.05000305175781,117.37000274658203,117.05000305175781,117.33999633789062,80.45653533935547,2497700,0.0,0.0,0.0
2015-10-22,117.30999755859375,117.77999877929688,117.22000122070312,117.58999633789062,80.62797546386719,2396900,0.0,0.0,0.0
2015-10-23,117.3499984741211,117.41000366210938,117.16000366210938,117.16000366210938,80.33316040039062,3682800,0.0,0.0,0.0
2015-10-26,117.37000274658203,117.43000030517578,117.12999725341797,117.37000274658203,80.47711181640625,3771900,0.0,0.0,0.0
2015-10-27,117.66000366210938,117.69000244140625,117.37000274658203,117.4000015258789,80.49764251708984,2809600,0.0,0.0,0.0
2015-10-28,117.29000091552734,117.36000061035156,116.81999969482422,116.94000244140625,80.18225860595703,4693300,0.0,0.0,0.0
2015-10-29,116.61000061035156,116.62999725341797,116.0,116.12000274658203,79.62004089355469,2942100,0.0,0.0,0.0
2015-10-30,116.19000244140625,116.44000244140625,116.08000183105469,116.41999816894531,79.82572174072266,2664100,0.0,0.0,0.0
2015-11-02,115.80000305175781,115.87999725341797,115.55999755859375,115.58999633789062,79.48262023925781,6241700,0.331,0.0,0.0
2015-11-03,115.5999984741211,115.70999908447266,115.43000030517578,115.5999984741211,79.48941040039062,2672700,0.0,0.0,0.0
2015-11-04,115.62999725341797,115.79000091552734,115.44999694824219,115.47000122070312,79.40011596679688,4176400,0.0,0.0,0.0
2015-11-05,115.55999755859375,115.72000122070312,115.2300033569336,115.5,79.42070770263672,3743100,0.0,0.0,0.0
2015-11-06,114.83000183105469,114.87999725341797,114.63999938964844,114.75,78.905029296875,4306200,0.0,0.0,0.0
2015-11-09,114.54000091552734,114.80999755859375,114.43000030517578,114.55999755859375,78.77433013916016,3253200,0.0,0.0,0.0
2015-11-10,114.69999694824219,115.05999755859375,114.56999969482422,114.8499984741211,78.97374725341797,2228800,0.0,0.0,0.0
2015-11-11,114.80000305175781,114.9000015258789,114.7300033569336,114.83999633789062,78.96687316894531,910900,0.0,0.0,0.0
2015-11-12,114.75,115.19999694824219,114.73999786376953,114.80000305175781,78.93938446044922,3102000,0.0,0.0,0.0
2015-11-13,115.08999633789062,115.19000244140625,114.9800033569336,115.13999938964844,79.1731948852539,2618900,0.0,0.0,0.0
2015-11-16,115.20999908447266,115.30000305175781,115.0199966430664,115.16000366210938,79.18694305419922,2558400,0.0,0.0,0.0
2015-11-17,114.94999694824219,115.5,114.86000061035156,115.27999877929688,79.26942443847656,3857700,0.0,0.0,0.0
2015-11-18,115.19999694824219,115.41000366210938,115.06999969482422,115.30999755859375,79.2900619506836,1713300,0.0,0.0,0.0
2015-11-19,115.47000122070312,115.7699966430664,115.44000244140625,115.6500015258789,79.52386474609375,2890500,0.0,0.0,0.0
2015-11-20,115.62999725341797,115.76000213623047,115.4800033569336,115.62999725341797,79.51011657714844,2344900,0.0,0.0,0.0
2015-11-23,115.54000091552734,115.75,115.47000122070312,115.66999816894531,79.53759002685547,1948100,0.0,0.0,0.0
2015-11-24,115.63999938964844,115.81999969482422,115.58000183105469,115.70999908447266,79.56513214111328,1659500,0.0,0.0,0.0
2015-11-25,115.75,115.91000366210938,115.68000030517578,115.81999969482422,79.64073181152344,609600,0.0,0.0,0.0
2015-11-27,115.91000366210938,116.0,115.86000061035156,115.86000061035156,79.66828155517578,409200,0.0,0.0,0.0
2015-11-30,115.8499984741211,115.94999694824219,115.80000305175781,115.91000366210938,79.70263671875,4925000,0.0,0.0,0.0
2015-12-01,115.63999938964844,116.47000122070312,115.55999755859375,116.44999694824219,80.30187225341797,5961700,0.329,0.0,0.0
2015-12-02,116.20999908447266,116.33000183105469,116.05000305175781,116.16999816894531,80.10880279541016,6138300,0.0,0.0,0.0
2015-12-03,115.58000183105469,115.69000244140625,114.55999755859375,114.62999725341797,79.046875,4515400,0.0,0.0,0.0
2015-12-04,114.79000091552734,115.27999877929688,114.79000091552734,115.25,79.47438049316406,3120500,0.0,0.0,0.0
2015-12-07,115.22000122070312,115.83000183105469,115.19000244140625,115.44999694824219,79.61228942871094,3094600,0.0,0.0,0.0
2015-12-08,115.5999984741211,115.61000061035156,115.22000122070312,115.30000305175781,79.50886535644531,3754100,0.0,0.0,0.0
2015-12-09,115.16999816894531,115.41999816894531,114.93000030517578,115.2699966430664,79.48820495605469,3394600,0.0,0.0,0.0
2015-12-10,115.29000091552734,115.47000122070312,115.0,115.0,79.3020248413086,4722600,0.0,0.0,0.0
2015-12-11,115.27999877929688,115.41000366210938,114.80999755859375,115.19999694824219,79.43991088867188,7949600,0.0,0.0,0.0
2015-12-14,114.8499984741211,115.0,114.18000030517578,114.3499984741211,78.8537826538086,6442800,0.0,0.0,0.0
2015-12-15,114.06999969482422,114.62999725341797,113.94000244140625,114.36000061035156,78.86067199707031,3822600,0.0,0.0,0.0
2015-12-16,114.30999755859375,114.62999725341797,113.69999694824219,114.33999633789062,78.8469009399414,2540900,0.0,0.0,0.0
2015-12-17,114.66000366210938,114.73999786376953,114.33999633789062,114.47000122070312,78.9365005493164,2327500,0.0,0.0,0.0
2015-12-18,114.5199966430664,114.76000213623047,114.43000030517578,114.47000122070312,78.9365005493164,2566200,0.0,0.0,0.0
2015-12-21,114.76000213623047,114.9000015258789,114.45999908447266,114.55000305175781,78.9916763305664,3026000,0.0,0.0,0.0
2015-12-22,114.43000030517578,114.58999633789062,114.29000091552734,114.4000015258789,78.88823699951172,2204900,0.0,0.0,0.0
2015-12-23,114.27999877929688,114.5199966430664,114.20999908447266,114.5,78.95720672607422,1923200,0.0,0.0,0.0
2015-12-24,114.33999633789062,114.55000305175781,114.19999694824219,114.55000305175781,79.21446228027344,920100,0.322,0.0,0.0
2015-12-28,114.36000061035156,114.55999755859375,114.20999908447266,114.41000366210938,79.1176528930664,2422500,0.0,0.0,0.0
2015-12-29,114.27999877929688,114.37999725341797,113.80999755859375,113.81999969482422,78.70963287353516,2965700,0.0,0.0,0.0
2015-12-30,113.7699966430664,114.05000305175781,113.7300033569336,113.81999969482422,78.70963287353516,1890600,0.0,0.0,0.0
2015-12-31,114.16999816894531,114.2699966430664,114.0,114.01000213623047,78.84103393554688,1228200,0.0,0.0,0.0
2016-01-04,114.1500015258789,114.41000366210938,113.88999938964844,113.94999694824219,78.7995376586914,8333700,0.0,0.0,0.0
2016-01-05,114.08999633789062,114.2300033569336,113.91000366210938,114.01000213623047,78.84103393554688,4474300,0.0,0.0,0.0
2016-01-06,114.4800033569336,114.52999877929688,114.30000305175781,114.45999908447266,79.1522216796875,4522400,0.0,0.0,0.0
2016-01-07,114.56999969482422,114.68000030517578,114.25,114.55000305175781,79.21446228027344,4820000,0.0,0.0,0.0
2016-01-08,114.5199966430664,114.91999816894531,114.44000244140625,114.63999938964844,79.27667999267578,4363500,0.0,0.0,0.0
2016-01-11,114.48999786376953,114.61000061035156,114.2300033569336,114.2699966430664,79.02083587646484,4161500,0.0,0.0,0.0
2016-01-12,114.30000305175781,114.91000366210938,114.30000305175781,114.52999877929688,79.20061492919922,2616600,0.0,0.0,0.0
2016-01-13,114.72000122070312,115.0,114.54000091552734,114.87999725341797,79.44263458251953,5649800,0.0,0.0,0.0
2016-01-14,114.9000015258789,114.91999816894531,114.26000213623047,114.30999755859375,79.04853057861328,4735300,0.0,0.0,0.0
2016-01-15,114.33999633789062,114.48999786376953,113.9800033569336,114.13999938964844,78.93095397949219,5977900,0.0,0.0,0.0
2016-01-19,114.04000091552734,114.12000274658203,113.61000061035156,113.62999725341797,78.57825469970703,3374300,0.0,0.0,0.0
2016-01-20,113.83999633789062,113.94000244140625,113.51000213623047,113.80000305175781,78.69580841064453,6175300,0.0,0.0,0.0
2016-01-21,113.80999755859375,113.98999786376953,113.36000061035156,113.47000122070312,78.46763610839844,3928300,0.0,0.0,0.0
2016-01-22,113.43000030517578,113.76000213623047,113.3499984741211,113.54000091552734,78.51602935791016,2932000,0.0,0.0,0.0
2016-01-25,113.19000244140625,113.70999908447266,113.19000244140625,113.41999816894531,78.43302154541016,2485200,0.0,0.0,0.0
2016-01-26,113.51000213623047,113.77999877929688,113.44000244140625,113.73999786376953,78.6543197631836,4002200,0.0,0.0,0.0
2016-01-27,113.52999877929688,113.70999908447266,113.20999908447266,113.43000030517578,78.43994140625,2535900,0.0,0.0,0.0
2016-01-28,113.2699966430664,113.75,113.2699966430664,113.55999755859375,78.52983093261719,4187100,0.0,0.0,0.0
2016-01-29,114.22000122070312,114.22000122070312,113.9000015258789,114.1500015258789,78.9378433227539,2022700,0.0,0.0,0.0
2016-02-01,113.48999786376953,113.58999633789062,113.11000061035156,113.44999694824219,78.68608856201172,8696800,0.337,0.0,0.0
2016-02-02,113.63999938964844,113.73999786376953,113.37000274658203,113.66000366210938,78.83174133300781,5881200,0.0,0.0,0.0
2016-02-03,113.5199966430664,113.94000244140625,113.23999786376953,113.37999725341797,78.63754272460938,3732100,0.0,0.0,0.0
2016-02-04,113.48999786376953,113.68000030517578,113.33000183105469,113.43000030517578,78.67222595214844,3367500,0.0,0.0,0.0
2016-02-05,113.27999877929688,113.5,113.12000274658203,113.41000366210938,78.6583251953125,4334400,0.0,0.0,0.0
2016-02-08,113.6500015258789,114.08000183105469,113.5,114.0,79.06755065917969,3265200,0.0,0.0,0.0
2016-02-09,113.66000366210938,114.08000183105469,113.58999633789062,113.61000061035156,78.79704284667969,3346900,0.0,0.0,0.0
2016-02-10,113.73999786376953,113.93000030517578,113.62000274658203,113.75,78.8941650390625,3738300,0.0,0.0,0.0
2016-02-11,114.0,114.48999786376953,113.9000015258789,114.12999725341797,79.15771484375,5333600,0.0,0.0,0.0
2016-02-12,113.66999816894531,113.83000183105469,113.16999816894531,113.48999786376953,78.71381378173828,4180600,0.0,0.0,0.0
2016-02-16,113.52999877929688,113.52999877929688,112.87999725341797,112.94999694824219,78.33929443359375,4972200,0.0,0.0,0.0
2016-02-17,112.9000015258789,113.13999938964844,112.66999816894531,112.91999816894531,78.31848907470703,5008100,0.0,0.0,0.0
2016-02-18,113.19000244140625,113.87999725341797,113.08000183105469,113.83999633789062,78.9565658569336,3810700,0.0,0.0,0.0
2016-02-19,113.80000305175781,113.97000122070312,113.56999969482422,113.76000213623047,78.90106201171875,3587300,0.0,0.0,0.0
2016-02-22,113.87000274658203,114.04000091552734,113.77999877929688,113.98999786376953,79.06056213378906,4556800,0.0,0.0,0.0
2016-02-23,113.75,114.30000305175781,113.55000305175781,114.22000122070312,79.22013092041016,2832100,0.0,0.0,0.0
2016-02-24,114.5,114.81999969482422,114.2699966430664,114.33000183105469,79.29644775390625,3402200,0.0,0.0,0.0
2016-02-25,114.58000183105469,115.11000061035156,114.58000183105469,114.97000122070312,79.74028015136719,4531800,0.0,0.0,0.0
2016-02-26,114.91000366210938,114.95999908447266,114.56999969482422,114.93000030517578,79.71256256103516,5422500,0.0,0.0,0.0
2016-02-29,114.8499984741211,115.06999969482422,114.77999877929688,115.01000213623047,79.76802062988281,5231900,0.0,0.0,0.0
2016-03-01,115.11000061035156,115.11000061035156,113.91999816894531,114.05000305175781,79.33331298828125,8301800,0.335,0.0,0.0
2016-03-02,113.94999694824219,114.30000305175781,113.81999969482422,114.27999877929688,79.4932632446289,3519600,0.0,0.0,0.0
2016-03-03,114.29000091552734,114.9000015258789,114.27999877929688,114.81999969482422,79.86891174316406,3614600,0.0,0.0,0.0
2016-03-04,114.73999786376953,114.81999969482422,114.44999694824219,114.80000305175781,79.85503387451172,2040600,0.0,0.0,0.0
2016-03-07,114.48999786376953,114.95999908447266,114.48999786376953,114.93000030517578,79.94542694091797,3616900,0.0,0.0,0.0
2016-03-08,115.7699966430664,115.86000061035156,115.44999694824219,115.54000091552734,80.3697280883789,3279800,0.0,0.0,0.0
2016-03-09,115.19999694824219,115.54000091552734,115.18000030517578,115.41000366210938,80.27932739257812,3205800,0.0,0.0,0.0
2016-03-10,115.91000366210938,116.08999633789062,115.4000015258789,115.88999938964844,80.61322021484375,4459000,0.0,0.0,0.0
2016-03-11,116.30000305175781,116.37999725341797,115.97000122070312,116.22000122070312,80.84271240234375,4603500,0.0,0.0,0.0
2016-03-14,116.43000030517578,116.5999984741211,116.20999908447266,116.55999755859375,81.0792465209961,2997400,0.0,0.0,0.0
2016-03-15,116.83000183105469,116.83000183105469,116.38999938964844,116.5199966430664,81.05142211914062,6599400,0.0,0.0,0.0
2016-03-16,116.3499984741211,117.12000274658203,116.26000213623047,117.08000183105469,81.44098663330078,3975400,0.0,0.0,0.0
2016-03-17,117.08000183105469,117.69000244140625,117.08000183105469,117.44000244140625,81.69139862060547,3341900,0.0,0.0,0.0
2016-03-18,117.86000061035156,117.91000366210938,117.5,117.70999908447266,81.87919616699219,3315200,0.0,0.0,0.0
2016-03-21,117.51000213623047,117.83999633789062,117.41999816894531,117.56999969482422,81.78182220458984,2948600,0.0,0.0,0.0
2016-03-22,117.80000305175781,117.80000305175781,117.27999877929688,117.3499984741211,81.62879180908203,3762900,0.0,0.0,0.0
2016-03-23,117.58999633789062,117.94000244140625,117.30999755859375,117.94000244140625,82.03915405273438,5338700,0.0,0.0,0.0
2016-03-24,118.26000213623047,118.26000213623047,117.80000305175781,117.88999938964844,82.00437927246094,2601500,0.0,0.0,0.0
2016-03-28,117.94000244140625,118.19000244140625,117.86000061035156,117.95999908447266,82.05309295654297,3274500,0.0,0.0,0.0
2016-03-29,118.27999877929688,118.5999984741211,118.11000061035156,118.48999786376953,82.42176818847656,3758500,0.0,0.0,0.0
2016-03-30,118.48999786376953,118.48999786376953,118.19000244140625,118.3499984741211,82.32440948486328,3877600,0.0,0.0,0.0
2016-03-31,118.37999725341797,118.86000061035156,118.29000091552734,118.81999969482422,82.6513442993164,7853500,0.0,0.0,0.0
2016-04-01,118.6500015258789,118.95999908447266,118.19000244140625,118.87000274658203,82.91777801513672,6809800,0.332,0.0,0.0
2016-04-04,118.9000015258789,118.91999816894531,118.66000366210938,118.87999725341797,82.9247055053711,4138700,0.0,0.0,0.0
2016-04-05,118.69000244140625,119.2699966430664,118.55999755859375,119.26000213623047,83.18984985351562,6944700,0.0,0.0,0.0
2016-04-06,119.06999969482422,119.18000030517578,118.91000366210938,119.16000366210938,83.12004852294922,4793600,0.0,0.0,0.0
2016-04-07,119.44000244140625,119.54000091552734,119.25,119.4800033569336,83.34329223632812,3591900,0.0,0.0,0.0
2016-04-08,119.37999725341797,119.38999938964844,119.13999938964844,119.20999908447266,83.15493774414062,2060900,0.0,0.0,0.0
2016-04-11,119.08999633789062,119.33999633789062,118.9800033569336,119.19999694824219,83.1479721069336,1998600,0.0,0.0,0.0
2016-04-12,118.87999725341797,119.04000091552734,118.61000061035156,118.7300033569336,82.82012939453125,3553400,0.0,0.0,0.0
2016-04-13,118.7699966430664,119.16000366210938,118.69999694824219,119.13999938964844,83.1061019897461,2502200,0.0,0.0,0.0
2016-04-14,119.18000030517578,119.2300033569336,118.91000366210938,119.05999755859375,83.05030822753906,1864000,0.0,0.0,0.0
2016-04-15,119.30000305175781,119.62000274658203,119.13999938964844,119.55999755859375,83.39908599853516,3789500,0.0,0.0,0.0
2016-04-18,119.33999633789062,119.69000244140625,119.33999633789062,119.69000244140625,83.48978424072266,2827400,0.0,0.0,0.0
2016-04-19,119.7300033569336,119.91999816894531,119.56999969482422,119.91000366210938,83.64324188232422,2577100,0.0,0.0,0.0
2016-04-20,120.05999755859375,120.38999938964844,119.55000305175781,119.58000183105469,83.41302490234375,3040900,0.0,0.0,0.0
2016-04-21,119.66000366210938,119.69000244140625,119.33000183105469,119.52999877929688,83.37818908691406,3579500,0.0,0.0,0.0
2016-04-22,119.91000366210938,119.91000366210938,119.55000305175781,119.66000366210938,83.4688720703125,1651800,0.0,0.0,0.0
2016-04-25,119.68000030517578,119.69000244140625,119.30000305175781,119.37999725341797,83.27349853515625,2923600,0.0,0.0,0.0
2016-04-26,119.5,119.5,119.12000274658203,119.33000183105469,83.23863983154297,3286600,0.0,0.0,0.0
2016-04-27,119.58999633789062,120.08999633789062,119.41999816894531,120.08999633789062,83.76876068115234,3091100,0.0,0.0,0.0
2016-04-28,119.9000015258789,120.2699966430664,119.81999969482422,120.19999694824219,83.84552764892578,3503200,0.0,0.0,0.0
2016-04-29,120.08000183105469,120.41999816894531,119.8499984741211,120.33000183105469,83.93623352050781,2924600,0.0,0.0,0.0
2016-05-02,119.94999694824219,120.05000305175781,119.7699966430664,119.8499984741211,83.82779693603516,6771200,0.325,0.0,0.0
2016-05-03,120.04000091552734,120.23999786376953,119.9000015258789,120.05999755859375,83.97467041015625,3732700,0.0,0.0,0.0
2016-05-04,120.0,120.01000213623047,119.72000122070312,119.86000061035156,83.83480072021484,4228200,0.0,0.0,0.0
2016-05-05,119.95999908447266,120.12999725341797,119.62000274658203,120.0999984741211,84.0026626586914,4466000,0.0,0.0,0.0
2016-05-06,120.05000305175781,120.05000305175781,119.69000244140625,119.83999633789062,83.82083129882812,3045000,0.0,0.0,0.0
2016-05-09,119.94999694824219,119.94999694824219,119.61000061035156,119.72000122070312,83.73684692382812,6202800,0.0,0.0,0.0
2016-05-10,119.80999755859375,119.97000122070312,119.66999816894531,119.91999816894531,83.87671661376953,5469900,0.0,0.0,0.0
2016-05-11,119.83999633789062,120.23999786376953,119.75,120.05000305175781,83.96771240234375,3416600,0.0,0.0,0.0
2016-05-12,120.0999984741211,120.0999984741211,119.66999816894531,119.80000305175781,83.79289245605469,2681900,0.0,0.0,0.0
2016-05-13,119.91000366210938,120.05999755859375,119.77999877929688,120.0199966430664,83.94668579101562,4328100,0.0,0.0,0.0
2016-05-16,120.0199966430664,120.0199966430664,119.5999984741211,119.62000274658203,83.66696166992188,2968400,0.0,0.0,0.0
2016-05-17,119.61000061035156,119.80000305175781,119.51000213623047,119.58000183105469,83.63895416259766,3386000,0.0,0.0,0.0
2016-05-18,119.44999694824219,119.44999694824219,118.44000244140625,118.55999755859375,82.9255599975586,7022100,0.0,0.0,0.0
2016-05-19,118.62000274658203,118.91999816894531,118.62000274658203,118.83999633789062,83.12139892578125,5759900,0.0,0.0,0.0
2016-05-20,118.93000030517578,118.98999786376953,118.69000244140625,118.91999816894531,83.17729187011719,2977700,0.0,0.0,0.0
2016-05-23,118.91999816894531,118.9800033569336,118.70999908447266,118.91999816894531,83.17729187011719,2842000,0.0,0.0,0.0
2016-05-24,118.98999786376953,118.98999786376953,118.55999755859375,118.72000122070312,83.03742218017578,3498100,0.0,0.0,0.0
2016-05-25,118.7300033569336,118.95999908447266,118.69999694824219,118.93000030517578,83.18431091308594,4793800,0.0,0.0,0.0
2016-05-26,118.95999908447266,119.44999694824219,118.95999908447266,119.2699966430664,83.42210388183594,4858600,0.0,0.0,0.0
2016-05-27,119.27999877929688,119.41000366210938,119.02999877929688,119.18000030517578,83.35917663574219,2762800,0.0,0.0,0.0
2016-05-31,119.0,119.5,118.91000366210938,119.38999938964844,83.50609588623047,3170400,0.0,0.0,0.0
2016-06-01,119.27999877929688,119.41999816894531,119.04000091552734,119.13999938964844,83.5649642944336,5528700,0.334,0.0,0.0
2016-06-02,119.27999877929688,119.5999984741211,119.2300033569336,119.37999725341797,83.7332992553711,2709400,0.0,0.0,0.0
2016-06-03,120.05000305175781,120.33999633789062,119.93000030517578,120.33999633789062,84.40666198730469,2998800,0.0,0.0,0.0
2016-06-06,120.30999755859375,120.30999755859375,120.0199966430664,120.05000305175781,84.20326232910156,6401500,0.0,0.0,0.0
2016-06-07,120.31999969482422,120.44999694824219,120.18000030517578,120.2300033569336,84.32946014404297,3663400,0.0,0.0,0.0
2016-06-08,120.37999725341797,120.63999938964844,120.33000183105469,120.62999725341797,84.6100845336914,2478800,0.0,0.0,0.0
2016-06-09,120.91000366210938,120.97000122070312,120.7300033569336,120.80000305175781,84.72927856445312,2885400,0.0,0.0,0.0
2016-06-10,120.9000015258789,121.1500015258789,120.87999725341797,120.94000244140625,84.8275146484375,4209200,0.0,0.0,0.0
2016-06-13,121.1500015258789,121.1500015258789,120.68000030517578,120.76000213623047,84.70120239257812,3979900,0.0,0.0,0.0
2016-06-14,120.91999816894531,121.0199966430664,120.44999694824219,120.48999786376953,84.51184844970703,6301100,0.0,0.0,0.0
2016-06-15,120.9000015258789,121.08999633789062,120.6500015258789,120.94000244140625,84.8275146484375,5589500,0.0,0.0,0.0
2016-06-16,120.91999816894531,121.26000213623047,120.86000061035156,121.12000274658203,84.95374298095703,4550700,0.0,0.0,0.0
2016-06-17,121.08000183105469,121.08000183105469,120.69000244140625,120.76000213623047,84.70120239257812,2673200,0.0,0.0,0.0
2016-06-20,120.68000030517578,120.69999694824219,120.4800033569336,120.61000061035156,84.59602355957031,4549700,0.0,0.0,0.0
2016-06-21,120.70999908447266,120.7699966430664,120.41000366210938,120.5,84.51885223388672,4396400,0.0,0.0,0.0
2016-06-22,120.52999877929688,120.7300033569336,120.5,120.72000122070312,84.67317962646484,4090400,0.0,0.0,0.0
2016-06-23,120.6500015258789,120.69999694824219,120.5,120.5999984741211,84.58905792236328,3942700,0.0,0.0,0.0
2016-06-24,120.87999725341797,121.5,120.87999725341797,121.16999816894531,84.98878479003906,5294900,0.0,0.0,0.0
2016-06-27,121.58999633789062,121.98999786376953,121.58999633789062,121.68000030517578,85.34654998779297,7323900,0.0,0.0,0.0
2016-06-28,121.83000183105469,122.38999938964844,121.81999969482422,122.3499984741211,85.81647491455078,5555700,0.0,0.0,0.0
2016-06-29,122.5199966430664,122.69000244140625,122.22000122070312,122.30999755859375,85.78840637207031,5325800,0.0,0.0,0.0
2016-06-30,122.44000244140625,122.83999633789062,122.30000305175781,122.73999786376953,86.09002685546875,5398300,0.0,0.0,0.0
2016-07-01,122.98999786376953,123.16999816894531,122.76000213623047,123.05000305175781,86.54082489013672,4396300,0.331,0.0,0.0
2016-07-05,123.45999908447266,123.58000183105469,123.19999694824219,123.47000122070312,86.83621215820312,4415000,0.0,0.0,0.0
2016-07-06,123.63999938964844,123.75,123.4000015258789,123.69000244140625,86.99092102050781,6770300,0.0,0.0,0.0
2016-07-07,123.62999725341797,123.86000061035156,123.45999908447266,123.70999908447266,87.00499725341797,2597100,0.0,0.0,0.0
2016-07-08,124.05000305175781,124.41999816894531,123.86000061035156,124.4000015258789,87.49029541015625,3835300,0.0,0.0,0.0
2016-07-11,124.27999877929688,124.4800033569336,124.05999755859375,124.08000183105469,87.2652359008789,3000200,0.0,0.0,0.0
2016-07-12,123.83000183105469,123.83999633789062,123.37000274658203,123.37999725341797,86.77291107177734,4363000,0.0,0.0,0.0
2016-07-13,123.88999938964844,124.05999755859375,123.7300033569336,123.86000061035156,87.1104965209961,3738500,0.0,0.0,0.0
2016-07-14,123.2300033569336,123.68000030517578,123.20999908447266,123.55999755859375,86.8995590209961,7254900,0.0,0.0,0.0
2016-07-15,123.2699966430664,123.5,123.0,123.08999633789062,86.56897735595703,4442600,0.0,0.0,0.0
2016-07-18,123.41000366210938,123.44999694824219,122.83000183105469,123.08999633789062,86.56897735595703,4737300,0.0,0.0,0.0
2016-07-19,123.41000366210938,123.41000366210938,123.0199966430664,123.30999755859375,86.72366333007812,7196300,0.0,0.0,0.0
2016-07-20,123.19000244140625,123.30999755859375,122.94000244140625,123.2699966430664,86.69554901123047,3676800,0.0,0.0,0.0
2016-07-21,122.87999725341797,123.44999694824219,122.80000305175781,123.41000366210938,86.7940444946289,3570100,0.0,0.0,0.0
2016-07-22,123.16999816894531,123.61000061035156,123.0999984741211,123.33999633789062,86.74478149414062,3748200,0.0,0.0,0.0
2016-07-25,123.5199966430664,123.5199966430664,123.19999694824219,123.2699966430664,86.69554901123047,3295600,0.0,0.0,0.0
2016-07-26,123.55999755859375,123.55999755859375,122.97000122070312,123.1500015258789,86.61115264892578,4929300,0.0,0.0,0.0
2016-07-27,123.38999938964844,123.73999786376953,123.19999694824219,123.66000366210938,86.96980285644531,5976800,0.0,0.0,0.0
2016-07-28,123.38999938964844,123.62000274658203,123.25,123.54000091552734,86.88542175292969,5276100,0.0,0.0,0.0
2016-07-29,123.5,124.04000091552734,123.5,123.98999786376953,87.20191192626953,4226100,0.0,0.0,0.0
2016-08-01,123.31999969482422,123.44000244140625,122.94999694824219,122.97000122070312,86.71044921875,4827700,0.323,0.0,0.0
2016-08-02,122.43000030517578,122.66999816894531,122.11000061035156,122.27999877929688,86.22390747070312,4526700,0.0,0.0,0.0
2016-08-03,122.52999877929688,122.6500015258789,122.18000030517578,122.44000244140625,86.33673858642578,6037600,0.0,0.0,0.0
2016-08-04,122.8499984741211,123.2300033569336,122.7300033569336,122.95999908447266,86.70342254638672,3413100,0.0,0.0,0.0
2016-08-05,122.87000274658203,122.95999908447266,122.41000366210938,122.45999908447266,86.35079193115234,3888300,0.0,0.0,0.0
2016-08-08,122.33999633789062,122.7699966430664,122.2300033569336,122.54000091552734,86.4072265625,4161300,0.0,0.0,0.0
2016-08-09,122.87999725341797,123.31999969482422,122.75,123.26000213623047,86.91495513916016,4259100,0.0,0.0,0.0
2016-08-10,123.5999984741211,123.72000122070312,123.27999877929688,123.61000061035156,87.1617431640625,6338800,0.0,0.0,0.0
2016-08-11,123.69999694824219,123.76000213623047,123.05999755859375,123.19999694824219,86.87263488769531,4227600,0.0,0.0,0.0
2016-08-12,123.76000213623047,124.05999755859375,123.68000030517578,123.76000213623047,87.26750183105469,6585200,0.0,0.0,0.0
2016-08-15,123.62000274658203,123.63999938964844,123.37999725341797,123.37999725341797,86.99958801269531,2980700,0.0,0.0,0.0
2016-08-16,123.5199966430664,123.52999877929688,123.11000061035156,123.16000366210938,86.8444595336914,4526300,0.0,0.0,0.0
2016-08-17,123.25,123.66000366210938,123.18000030517578,123.5,87.08419799804688,4566900,0.0,0.0,0.0
2016-08-18,123.73999786376953,123.94000244140625,123.5,123.80000305175781,87.29569244384766,4237900,0.0,0.0,0.0
2016-08-19,123.54000091552734,123.69999694824219,123.26000213623047,123.43000030517578,87.03479766845703,5272100,0.0,0.0,0.0
2016-08-22,123.83999633789062,123.97000122070312,123.63999938964844,123.8499984741211,87.33098602294922,5221000,0.0,0.0,0.0
2016-08-23,124.05000305175781,124.2300033569336,123.9000015258789,123.98999786376953,87.42969512939453,5398800,0.0,0.0,0.0
2016-08-24,124.16999816894531,124.25,123.9000015258789,123.91000366210938,87.37327575683594,3871200,0.0,0.0,0.0
2016-08-25,123.91999816894531,124.06999969482422,123.76000213623047,123.79000091552734,87.28866577148438,3679300,0.0,0.0,0.0
2016-08-26,124.05000305175781,124.44999694824219,123.31999969482422,123.4000015258789,87.01363372802734,3388100,0.0,0.0,0.0
2016-08-29,123.80000305175781,124.25,123.70999908447266,124.0999984741211,87.50728607177734,2668000,0.0,0.0,0.0
2016-08-30,124.08000183105469,124.0999984741211,123.80999755859375,123.94000244140625,87.39444732666016,10626500,0.0,0.0,0.0
2016-08-31,124.01000213623047,124.05000305175781,123.7699966430664,123.88999938964844,87.35919189453125,5300000,0.0,0.0,0.0
2016-09-01,123.19999694824219,123.62999725341797,123.08000183105469,123.56999969482422,87.35916137695312,10146300,0.32,0.0,0.0
2016-09-02,123.58000183105469,123.58999633789062,123.0999984741211,123.3499984741211,87.20360565185547,4155700,0.0,0.0,0.0
2016-09-06,123.47000122070312,123.9000015258789,123.18000030517578,123.77999877929688,87.50762176513672,6387400,0.0,0.0,0.0
2016-09-07,123.94999694824219,124.04000091552734,123.61000061035156,123.61000061035156,87.38745880126953,2983400,0.0,0.0,0.0
2016-09-08,123.25,123.4000015258789,122.66999816894531,122.73999786376953,86.77239227294922,4632300,0.0,0.0,0.0
2016-09-09,122.11000061035156,122.37999725341797,121.75,121.81999969482422,86.12201690673828,8136000,0.0,0.0,0.0
2016-09-12,121.72000122070312,122.05999755859375,121.55000305175781,121.83000183105469,86.12906646728516,5164100,0.0,0.0,0.0
2016-09-13,121.98999786376953,121.98999786376953,121.05000305175781,121.43000030517578,85.84630584716797,13637100,0.0,0.0,0.0
2016-09-14,121.48999786376953,121.72000122070312,121.3499984741211,121.51000213623047,85.90286254882812,4444000,0.0,0.0,0.0
2016-09-15,121.48999786376953,121.69999694824219,121.19999694824219,121.58999633789062,85.95936584472656,3441100,0.0,0.0,0.0
2016-09-16,121.75,121.81999969482422,121.5,121.7300033569336,86.058349609375,6832400,0.0,0.0,0.0
2016-09-19,121.80999755859375,121.91000366210938,121.61000061035156,121.69000244140625,86.0300521850586,5997100,0.0,0.0,0.0
2016-09-20,121.9800033569336,122.20999908447266,121.80999755859375,121.8499984741211,86.14322662353516,5026100,0.0,0.0,0.0
2016-09-21,121.87999725341797,122.5,121.62000274658203,122.47000122070312,86.58152770996094,4651400,0.0,0.0,0.0
2016-09-22,122.72000122070312,123.11000061035156,122.69999694824219,122.97000122070312,86.93498992919922,8544300,0.0,0.0,0.0
2016-09-23,122.95999908447266,123.04000091552734,122.83999633789062,122.87999725341797,86.87136840820312,6284600,0.0,0.0,0.0
2016-09-26,122.94999694824219,123.20999908447266,122.9000015258789,123.06999969482422,87.00569915771484,5027000,0.0,0.0,0.0
2016-09-27,123.33999633789062,123.44000244140625,123.06999969482422,123.37000274658203,87.21781158447266,4571800,0.0,0.0,0.0
2016-09-28,123.48999786376953,123.51000213623047,123.25,123.44999694824219,87.27435302734375,8094600,0.0,0.0,0.0
2016-09-29,123.19000244140625,123.44000244140625,123.08000183105469,123.4000015258789,87.23896026611328,5409100,0.0,0.0,0.0
2016-09-30,123.44999694824219,123.44999694824219,122.83999633789062,123.18000030517578,87.08348846435547,5224600,0.0,0.0,0.0
2016-10-03,122.91999816894531,122.94999694824219,122.51000213623047,122.51000213623047,86.8368148803711,5555900,0.322,0.0,0.0
2016-10-04,122.43000030517578,122.56999969482422,121.94000244140625,121.94000244140625,86.43275451660156,6890100,0.0,0.0,0.0
2016-10-05,122.04000091552734,122.1500015258789,121.66999816894531,121.80999755859375,86.34063720703125,4168600,0.0,0.0,0.0
2016-10-06,121.80999755859375,122.12999725341797,121.6500015258789,121.81999969482422,86.34774017333984,5909300,0.0,0.0,0.0
2016-10-07,121.98999786376953,122.19999694824219,121.69000244140625,122.11000061035156,86.55327606201172,2545900,0.0,0.0,0.0
2016-10-10,122.11000061035156,122.12000274658203,121.7699966430664,122.11000061035156,86.55327606201172,2246100,0.0,0.0,0.0
2016-10-11,121.75,122.01000213623047,121.69000244140625,121.7300033569336,86.28390502929688,3416600,0.0,0.0,0.0
2016-10-12,121.80000305175781,121.93000030517578,121.58000183105469,121.88999938964844,86.39734649658203,2327800,0.0,0.0,0.0
2016-10-13,122.0999984741211,122.33000183105469,122.05999755859375,122.19000244140625,86.60999298095703,4204300,0.0,0.0,0.0
2016-10-14,121.86000061035156,122.0999984741211,121.61000061035156,121.62000274658203,86.20597076416016,2208900,0.0,0.0,0.0
2016-10-17,121.80000305175781,122.06999969482422,121.80000305175781,122.0199966430664,86.48945617675781,2698800,0.0,0.0,0.0
2016-10-18,121.91999816894531,122.31999969482422,121.91000366210938,122.31999969482422,86.70209503173828,2944100,0.0,0.0,0.0
2016-10-19,122.23999786376953,122.56999969482422,122.16000366210938,122.4800033569336,86.81551361083984,5010500,0.0,0.0,0.0
2016-10-20,122.7699966430664,122.7699966430664,122.41999816894531,122.44000244140625,86.78716278076172,2646800,0.0,0.0,0.0
2016-10-21,122.5199966430664,122.58000183105469,122.30000305175781,122.51000213623047,86.8368148803711,3502500,0.0,0.0,0.0
2016-10-24,122.55000305175781,122.55000305175781,122.0199966430664,122.16000366210938,86.58867645263672,3816500,0.0,0.0,0.0
2016-10-25,122.08999633789062,122.29000091552734,121.9800033569336,122.06999969482422,86.52488708496094,6611600,0.0,0.0,0.0
2016-10-26,121.87999725341797,121.91999816894531,121.55000305175781,121.55999755859375,86.16346740722656,10256000,0.0,0.0,0.0
2016-10-27,121.31999969482422,121.31999969482422,120.7300033569336,121.01000213623047,85.77355194091797,11643100,0.0,0.0,0.0
2016-10-28,120.94999694824219,121.13999938964844,120.83999633789062,120.87000274658203,85.67434692382812,5629800,0.0,0.0,0.0
2016-10-31,121.16000366210938,121.19999694824219,120.94000244140625,120.9800033569336,85.75227355957031,5377300,0.0,0.0,0.0
2016-11-01,120.43000030517578,120.66999816894531,120.18000030517578,120.51000213623047,85.64430236816406,9303000,0.318,0.0,0.0
2016-11-02,120.5999984741211,120.80999755859375,120.51000213623047,120.69000244140625,85.77217102050781,4798100,0.0,0.0,0.0
2016-11-03,120.51000213623047,120.61000061035156,120.36000061035156,120.44999694824219,85.6016616821289,6320500,0.0,0.0,0.0
2016-11-04,120.62999725341797,120.9000015258789,120.62999725341797,120.80999755859375,85.85745239257812,4242900,0.0,0.0,0.0
2016-11-07,120.68000030517578,120.7699966430664,120.55999755859375,120.7300033569336,85.80061340332031,4352400,0.0,0.0,0.0
2016-11-08,120.69000244140625,120.77999877929688,120.33000183105469,120.45999908447266,85.60875701904297,3632400,0.0,0.0,0.0
2016-11-09,119.47000122070312,119.69000244140625,118.51000213623047,118.69000244140625,84.35083770751953,9216200,0.0,0.0,0.0
2016-11-10,118.51000213623047,119.08000183105469,118.41000366210938,118.58999633789062,84.27980041503906,9063900,0.0,0.0,0.0
2016-11-11,118.54000091552734,118.6500015258789,118.0199966430664,118.08000183105469,83.91734313964844,6011900,0.0,0.0,0.0
2016-11-14,117.31999969482422,118.01000213623047,117.18000030517578,117.47000122070312,83.48385620117188,7148700,0.0,0.0,0.0
2016-11-15,117.66000366210938,118.05000305175781,117.56999969482422,117.83000183105469,83.73963928222656,4840300,0.0,0.0,0.0
2016-11-16,117.69000244140625,118.05999755859375,117.6500015258789,118.0,83.86042785644531,5417800,0.0,0.0,0.0
2016-11-17,117.70999908447266,117.77999877929688,117.12000274658203,117.25,83.32749938964844,6106200,0.0,0.0,0.0
2016-11-18,117.41000366210938,117.44999694824219,116.5199966430664,116.58999633789062,82.85841369628906,9801400,0.0,0.0,0.0
2016-11-21,116.79000091552734,116.94999694824219,116.58999633789062,116.70999908447266,82.94365692138672,5077200,0.0,0.0,0.0
2016-11-22,117.0999984741211,117.11000061035156,116.77999877929688,117.01000213623047,83.15692901611328,3693100,0.0,0.0,0.0
2016-11-23,116.30000305175781,116.76000213623047,116.04000091552734,116.58000183105469,82.8513412475586,6098300,0.0,0.0,0.0
2016-11-25,116.87000274658203,116.87000274658203,116.45999908447266,116.58999633789062,82.85841369628906,876100,0.0,0.0,0.0
2016-11-28,116.97000122070312,117.16999816894531,116.87000274658203,117.12000274658203,83.23506164550781,3125200,0.0,0.0,0.0
2016-11-29,117.04000091552734,117.31999969482422,116.94999694824219,117.27999877929688,83.3487777709961,3926200,0.0,0.0,0.0
2016-11-30,116.55999755859375,116.93000030517578,116.4800033569336,116.83999633789062,83.03605651855469,11333400,0.0,0.0,0.0
2016-12-01,115.9800033569336,116.16000366210938,115.5999984741211,115.87000274658203,82.57073974609375,11597800,0.317,0.0,0.0
2016-12-02,116.16000366210938,116.69000244140625,116.16000366210938,116.4000015258789,82.94844055175781,7533500,0.0,0.0,0.0
2016-12-05,116.27999877929688,116.87000274658203,116.11000061035156,116.6500015258789,83.12659454345703,4107500,0.0,0.0,0.0
2016-12-06,116.69999694824219,116.77999877929688,116.61000061035156,116.63999938964844,83.1194076538086,9040100,0.0,0.0,0.0
2016-12-07,116.91000366210938,117.2699966430664,116.86000061035156,117.12999725341797,83.4686279296875,8069200,0.0,0.0,0.0
2016-12-08,116.81999969482422,116.8499984741211,116.56999969482422,116.6500015258789,83.12659454345703,5941700,0.0,0.0,0.0
2016-12-09,116.54000091552734,116.69999694824219,116.05000305175781,116.19999694824219,82.80591583251953,8875100,0.0,0.0,0.0
2016-12-12,116.05999755859375,116.22000122070312,115.87000274658203,116.08999633789062,82.7275161743164,7302800,0.0,0.0,0.0
2016-12-13,116.56999969482422,116.56999969482422,116.13999938964844,116.3499984741211,82.91281127929688,6232700,0.0,0.0,0.0
2016-12-14,116.87000274658203,116.87000274658203,115.58000183105469,115.61000061035156,82.38546752929688,6133700,0.0,0.0,0.0
2016-12-15,115.83999633789062,116.05000305175781,115.55999755859375,115.69000244140625,82.44246673583984,9352800,0.0,0.0,0.0
2016-12-16,115.87000274658203,116.0,115.55000305175781,115.5999984741211,82.37831115722656,7852000,0.0,0.0,0.0
2016-12-19,116.19999694824219,116.22000122070312,115.94999694824219,116.16000366210938,82.77737426757812,5777400,0.0,0.0,0.0
2016-12-20,115.93000030517578,116.12999725341797,115.81999969482422,116.08999633789062,82.7275161743164,3750000,0.0,0.0,0.0
2016-12-21,116.12000274658203,116.4800033569336,116.12000274658203,116.45999908447266,82.9911880493164,4199600,0.0,0.0,0.0
2016-12-22,115.98999786376953,116.20999908447266,115.88999938964844,116.1500015258789,82.99690246582031,3773400,0.318,0.0,0.0
2016-12-23,116.23999786376953,116.37999725341797,116.22000122070312,116.33000183105469,83.12551879882812,1291700,0.0,0.0,0.0
2016-12-27,116.0999984741211,116.16999816894531,116.0,116.12000274658203,82.97549438476562,2542800,0.0,0.0,0.0
2016-12-28,116.33000183105469,116.68000030517578,116.12999725341797,116.55000305175781,83.28273010253906,1731700,0.0,0.0,0.0
2016-12-29,116.79000091552734,117.13999938964844,116.66000366210938,117.0,83.60424041748047,3309500,0.0,0.0,0.0
2016-12-30,117.0,117.36000061035156,116.94999694824219,117.18000030517578,83.73285675048828,2388400,0.0,0.0,0.0
2017-01-03,116.94999694824219,117.4000015258789,116.5199966430664,117.27999877929688,83.80435180664062,5822600,0.0,0.0,0.0
2017-01-04,117.52999877929688,117.68000030517578,117.33000183105469,117.68000030517578,84.09017944335938,4999200,0.0,0.0,0.0
2017-01-05,117.80000305175781,118.33999633789062,117.70999908447266,118.30999755859375,84.54035949707031,7071100,0.0,0.0,0.0
2017-01-06,117.87000274658203,117.9800033569336,117.62000274658203,117.69000244140625,84.09732818603516,4496000,0.0,0.0,0.0
2017-01-09,118.01000213623047,118.06999969482422,117.87000274658203,117.91999816894531,84.26168823242188,3561400,0.0,0.0,0.0
2017-01-10,117.91999816894531,117.97000122070312,117.7699966430664,117.8499984741211,84.21165466308594,4259600,0.0,0.0,0.0
2017-01-11,117.9000015258789,118.38999938964844,117.69000244140625,118.02999877929688,84.34026336669922,7133600,0.0,0.0,0.0
2017-01-12,118.41999816894531,118.43000030517578,118.01000213623047,118.0199966430664,84.33309936523438,3922600,0.0,0.0,0.0
2017-01-13,117.81999969482422,117.97000122070312,117.38999938964844,117.77999877929688,84.16167449951172,4045300,0.0,0.0,0.0
2017-01-17,118.43000030517578,118.54000091552734,118.0999984741211,118.29000091552734,84.52607727050781,8443000,0.0,0.0,0.0
2017-01-18,117.94999694824219,118.01000213623047,117.41999816894531,117.51000213623047,83.9687271118164,6026200,0.0,0.0,0.0
2017-01-19,117.30000305175781,117.3499984741211,116.91999816894531,117.11000061035156,83.68285369873047,3371300,0.0,0.0,0.0
2017-01-20,117.12999725341797,117.36000061035156,116.9000015258789,117.31999969482422,83.83297729492188,4570600,0.0,0.0,0.0
2017-01-23,117.54000091552734,118.05000305175781,117.31999969482422,117.86000061035156,84.2187728881836,8747800,0.0,0.0,0.0
2017-01-24,117.66999816894531,117.76000213623047,117.33999633789062,117.51000213623047,83.9687271118164,5129700,0.0,0.0,0.0
2017-01-25,117.16999816894531,117.25,116.86000061035156,117.05999755859375,83.64713287353516,5886400,0.0,0.0,0.0
2017-01-26,117.05999755859375,117.25,116.81999969482422,117.19999694824219,83.7471923828125,4033200,0.0,0.0,0.0
2017-01-27,117.3499984741211,117.41999816894531,117.22000122070312,117.33999633789062,83.84725189208984,3816700,0.0,0.0,0.0
2017-01-30,117.29000091552734,117.33999633789062,117.0999984741211,117.13999938964844,83.70433044433594,3651000,0.0,0.0,0.0
2017-01-31,117.18000030517578,117.55999755859375,117.08000183105469,117.3499984741211,83.85437774658203,4982500,0.0,0.0,0.0
2017-02-01,116.77999877929688,117.05000305175781,116.52999877929688,116.88999938964844,83.75118255615234,3626900,0.316,0.0,0.0
2017-02-02,117.13999938964844,117.29000091552734,116.87999725341797,116.91999816894531,83.77269744873047,7145600,0.0,0.0,0.0
2017-02-03,117.26000213623047,117.43000030517578,116.80000305175781,117.05000305175781,83.86585235595703,5243200,0.0,0.0,0.0
2017-02-06,117.43000030517578,117.52999877929688,117.16999816894531,117.41999816894531,84.13097381591797,4494500,0.0,0.0,0.0
2017-02-07,117.41999816894531,117.83000183105469,117.29000091552734,117.62000274658203,84.27425384521484,3228900,0.0,0.0,0.0
2017-02-08,118.01000213623047,118.13999938964844,117.83999633789062,118.02999877929688,84.56804656982422,6287200,0.0,0.0,0.0
2017-02-09,118.02999877929688,118.02999877929688,117.4800033569336,117.55999755859375,84.23123931884766,4692700,0.0,0.0,0.0
2017-02-10,117.3499984741211,117.62000274658203,117.26000213623047,117.52999877929688,84.20980834960938,4881600,0.0,0.0,0.0
2017-02-13,117.41000366210938,117.4800033569336,117.26000213623047,117.4800033569336,84.1739273071289,3723500,0.0,0.0,0.0
2017-02-14,117.5199966430664,117.5199966430664,116.80999755859375,117.19999694824219,83.97330474853516,4404100,0.0,0.0,0.0
2017-02-15,116.94999694824219,117.11000061035156,116.87000274658203,117.11000061035156,83.90882873535156,3632700,0.0,0.0,0.0
2017-02-16,117.31999969482422,117.56999969482422,117.20999908447266,117.44000244140625,84.14524841308594,4037700,0.0,0.0,0.0
2017-02-17,117.86000061035156,117.87000274658203,117.62999725341797,117.73999786376953,84.36023712158203,3104800,0.0,0.0,0.0
2017-02-21,117.56999969482422,117.91999816894531,117.5,117.79000091552734,84.39605712890625,3656200,0.0,0.0,0.0
2017-02-22,118.05000305175781,118.16999816894531,117.54000091552734,117.87999725341797,84.46054077148438,4259100,0.0,0.0,0.0
2017-02-23,118.16000366210938,118.20999908447266,118.05000305175781,118.18000030517578,84.67546844482422,4247900,0.0,0.0,0.0
2017-02-24,118.62000274658203,118.87000274658203,118.44000244140625,118.77999877929688,85.10537719726562,5388800,0.0,0.0,0.0
2017-02-27,118.76000213623047,118.76000213623047,118.45999908447266,118.5,84.9048080444336,5083400,0.0,0.0,0.0
2017-02-28,118.62000274658203,118.77999877929688,118.5,118.58000183105469,84.96211242675781,4290600,0.0,0.0,0.0
2017-03-01,117.61000061035156,117.62000274658203,117.38999938964844,117.55999755859375,84.45985412597656,6524600,0.321,0.0,0.0
2017-03-02,117.44999694824219,117.4800033569336,117.25,117.37999725341797,84.33055114746094,4687900,0.0,0.0,0.0
2017-03-03,117.5199966430664,117.52999877929688,117.12999725341797,117.5,84.41679382324219,4926300,0.0,0.0,0.0
2017-03-06,117.4800033569336,117.5,117.20999908447266,117.29000091552734,84.26588439941406,3464400,0.0,0.0,0.0
2017-03-07,117.01000213623047,117.12999725341797,116.5999984741211,116.70999908447266,83.8492431640625,5999600,0.0,0.0,0.0
2017-03-08,116.4800033569336,116.4800033569336,116.16000366210938,116.3499984741211,83.5905532836914,7933300,0.0,0.0,0.0
2017-03-09,115.98999786376953,116.0199966430664,115.66000366210938,115.72000122070312,83.13793182373047,5497200,0.0,0.0,0.0
2017-03-10,116.06999969482422,116.06999969482422,115.76000213623047,116.01000213623047,83.34626770019531,4789100,0.0,0.0,0.0
2017-03-13,115.9000015258789,116.0,115.62000274658203,115.62000274658203,83.06613159179688,3171600,0.0,0.0,0.0
2017-03-14,115.70999908447266,115.80000305175781,115.62999725341797,115.72000122070312,83.13793182373047,3598500,0.0,0.0,0.0
2017-03-15,116.04000091552734,116.80999755859375,115.91000366210938,116.72000122070312,83.85639190673828,7841600,0.0,0.0,0.0
2017-03-16,116.7300033569336,116.73999786376953,116.5,116.55000305175781,83.73429107666016,3116900,0.0,0.0,0.0
2017-03-17,116.75,116.91999816894531,116.68000030517578,116.81999969482422,83.92825317382812,4440500,0.0,0.0,0.0
2017-03-20,116.86000061035156,117.12999725341797,116.81999969482422,117.08999633789062,84.12222290039062,2939600,0.0,0.0,0.0
2017-03-21,117.0999984741211,117.47000122070312,117.02999877929688,117.37999725341797,84.33055114746094,5032300,0.0,0.0,0.0
2017-03-22,117.70999908447266,117.80000305175781,117.47000122070312,117.68000030517578,84.54608917236328,3905800,0.0,0.0,0.0
2017-03-23,117.76000213623047,117.77999877929688,117.44999694824219,117.5999984741211,84.48860168457031,4504900,0.0,0.0,0.0
2017-03-24,117.5199966430664,117.81999969482422,117.5199966430664,117.72000122070312,84.5748519897461,3158300,0.0,0.0,0.0
2017-03-27,118.08999633789062,118.08999633789062,117.80000305175781,117.97000122070312,84.75443267822266,3492100,0.0,0.0,0.0
2017-03-28,117.93000030517578,118.08999633789062,117.69000244140625,117.72000122070312,84.5748519897461,4834900,0.0,0.0,0.0
2017-03-29,117.91999816894531,118.0999984741211,117.81999969482422,118.0999984741211,84.84783935546875,3457100,0.0,0.0,0.0
2017-03-30,117.93000030517578,118.04000091552734,117.73999786376953,117.79000091552734,84.62516784667969,2667700,0.0,0.0,0.0
2017-03-31,117.87000274658203,117.94000244140625,117.79000091552734,117.91000366210938,84.71131134033203,5772300,0.0,0.0,0.0
2017-04-03,117.63999938964844,118.12000274658203,117.61000061035156,118.12000274658203,85.09171295166016,3713700,0.318,0.0,0.0
2017-04-04,117.98999786376953,118.02999877929688,117.80999755859375,117.80999755859375,84.86837768554688,3016200,0.0,0.0,0.0
2017-04-05,117.87999725341797,118.06999969482422,117.69999694824219,117.95999908447266,84.97643280029297,6753900,0.0,0.0,0.0
2017-04-06,118.08000183105469,118.12000274658203,117.80999755859375,118.06999969482422,85.05570983886719,2012600,0.0,0.0,0.0
2017-04-07,118.33999633789062,118.44000244140625,117.75,117.77999877929688,84.84677124023438,2121700,0.0,0.0,0.0
2017-04-10,117.98999786376953,118.1500015258789,117.91000366210938,118.0,85.00524139404297,2766200,0.0,0.0,0.0
2017-04-11,118.26000213623047,118.62000274658203,118.26000213623047,118.55000305175781,85.4015121459961,3534200,0.0,0.0,0.0
2017-04-12,118.80999755859375,118.94000244140625,118.51000213623047,118.94000244140625,85.68241882324219,2886300,0.0,0.0,0.0
2017-04-13,119.05999755859375,119.20999908447266,118.88999938964844,119.13999938964844,85.82649993896484,3286700,0.0,0.0,0.0
2017-04-17,119.19000244140625,119.20999908447266,118.8499984741211,118.91000366210938,85.66081237792969,2933700,0.0,0.0,0.0
2017-04-18,119.27999877929688,119.66000366210938,119.1500015258789,119.61000061035156,86.1650390625,3616800,0.0,0.0,0.0
2017-04-19,119.37000274658203,119.43000030517578,119.16000366210938,119.25,85.90573120117188,1839400,0.0,0.0,0.0
2017-04-20,119.0999984741211,119.19000244140625,118.9000015258789,119.08000183105469,85.78326416015625,3264000,0.0,0.0,0.0
2017-04-21,119.27999877929688,119.29000091552734,119.06999969482422,119.08000183105469,85.78326416015625,3892400,0.0,0.0,0.0
2017-04-24,118.93000030517578,119.02999877929688,118.73999786376953,118.91999816894531,85.66799926757812,3193400,0.0,0.0,0.0
2017-04-25,118.75,118.80999755859375,118.41000366210938,118.44999694824219,85.32942962646484,3541100,0.0,0.0,0.0
2017-04-26,118.47000122070312,118.77999877929688,118.44000244140625,118.73999786376953,85.53831481933594,3320400,0.0,0.0,0.0
2017-04-27,118.73999786376953,118.94000244140625,118.61000061035156,118.8499984741211,85.6175537109375,4391000,0.0,0.0,0.0
2017-04-28,118.70999908447266,119.01000213623047,118.5999984741211,118.98999786376953,85.71842956542969,4478000,0.0,0.0,0.0
2017-05-01,118.56999969482422,118.70999908447266,118.18000030517578,118.30000305175781,85.4526138305664,3479800,0.322,0.0,0.0
2017-05-02,118.36000061035156,118.68000030517578,118.29000091552734,118.6500015258789,85.70542907714844,2858200,0.0,0.0,0.0
2017-05-03,118.87000274658203,118.9000015258789,118.5,118.58999633789062,85.66210174560547,2854900,0.0,0.0,0.0
2017-05-04,118.25,118.36000061035156,118.16999816894531,118.36000061035156,85.4959716796875,1540100,0.0,0.0,0.0
2017-05-05,118.37999725341797,118.4000015258789,118.12999725341797,118.4000015258789,85.52484130859375,2887300,0.0,0.0,0.0
2017-05-08,118.37000274658203,118.37000274658203,118.0999984741211,118.19000244140625,85.37315368652344,3886500,0.0,0.0,0.0
2017-05-09,118.12000274658203,118.20999908447266,118.05000305175781,118.20999908447266,85.38762664794922,3012400,0.0,0.0,0.0
2017-05-10,118.52999877929688,118.52999877929688,118.2300033569336,118.37000274658203,85.503173828125,4282600,0.0,0.0,0.0
2017-05-11,118.19999694824219,118.47000122070312,118.1500015258789,118.43000030517578,85.54653930664062,2263500,0.0,0.0,0.0
2017-05-12,118.80000305175781,119.05999755859375,118.77999877929688,119.02999877929688,85.97987365722656,3165000,0.0,0.0,0.0
2017-05-15,118.95999908447266,119.08000183105469,118.87999725341797,119.0199966430664,85.97271728515625,3752700,0.0,0.0,0.0
2017-05-16,119.08999633789062,119.36000061035156,119.05000305175781,119.19000244140625,86.09550476074219,3996400,0.0,0.0,0.0
2017-05-17,119.58999633789062,119.9800033569336,119.58999633789062,119.91999816894531,86.62284851074219,7304300,0.0,0.0,0.0
2017-05-18,119.91000366210938,119.94999694824219,119.69999694824219,119.9000015258789,86.60834503173828,4825400,0.0,0.0,0.0
2017-05-19,119.83000183105469,119.97000122070312,119.69999694824219,119.97000122070312,86.65889739990234,2907800,0.0,0.0,0.0
2017-05-22,119.87999725341797,119.93000030517578,119.80000305175781,119.87000274658203,86.58670806884766,2852900,0.0,0.0,0.0
2017-05-23,120.01000213623047,120.01000213623047,119.45999908447266,119.5,86.3194351196289,5154200,0.0,0.0,0.0
2017-05-24,119.56999969482422,119.76000213623047,119.37999725341797,119.69000244140625,86.4566650390625,5274800,0.0,0.0,0.0
2017-05-25,119.7699966430664,119.7699966430664,119.55000305175781,119.73999786376953,86.49275207519531,2806200,0.0,0.0,0.0
2017-05-26,119.81999969482422,119.91000366210938,119.72000122070312,119.83000183105469,86.55779266357422,2054800,0.0,0.0,0.0
2017-05-30,120.0,120.12000274658203,119.95999908447266,120.11000061035156,86.76007080078125,3898300,0.0,0.0,0.0
2017-05-31,120.11000061035156,120.26000213623047,120.0199966430664,120.25,86.86116027832031,4428500,0.0,0.0,0.0
2017-06-01,119.69000244140625,119.97000122070312,119.66999816894531,119.95999908447266,86.87998962402344,9430000,0.316,0.0,0.0
2017-06-02,120.45999908447266,120.58000183105469,120.30000305175781,120.5199966430664,87.28553771972656,5130100,0.0,0.0,0.0
2017-06-05,120.26000213623047,120.37000274658203,120.16999816894531,120.18000030517578,87.039306640625,3198500,0.0,0.0,0.0
2017-06-06,120.66000366210938,120.66000366210938,120.44999694824219,120.52999877929688,87.2928466796875,1806700,0.0,0.0,0.0
2017-06-07,120.47000122070312,120.5999984741211,120.31999969482422,120.37999725341797,87.18418884277344,5702400,0.0,0.0,0.0
2017-06-08,120.38999938964844,120.38999938964844,120.0,120.16999816894531,87.0320816040039,3895200,0.0,0.0,0.0
2017-06-09,119.94999694824219,120.13999938964844,119.8499984741211,120.05000305175781,86.94517517089844,6884700,0.0,0.0,0.0
2017-06-12,119.95999908447266,120.27999877929688,119.91999816894531,120.08000183105469,86.96691131591797,4075100,0.0,0.0,0.0
2017-06-13,119.95999908447266,120.20999908447266,119.95999908447266,120.20999908447266,87.06108856201172,4822000,0.0,0.0,0.0
2017-06-14,120.98999786376953,121.30999755859375,120.79000091552734,121.02999877929688,87.65495300292969,6852800,0.0,0.0,0.0
2017-06-15,120.87000274658203,120.87000274658203,120.58999633789062,120.73999786376953,87.44490814208984,6624700,0.0,0.0,0.0
2017-06-16,120.83999633789062,120.91000366210938,120.76000213623047,120.83999633789062,87.51730346679688,4314800,0.0,0.0,0.0
2017-06-19,120.8499984741211,120.8499984741211,120.62999725341797,120.69000244140625,87.4087142944336,7827700,0.0,0.0,0.0
2017-06-20,120.86000061035156,121.08000183105469,120.73999786376953,120.95999908447266,87.60421752929688,6906500,0.0,0.0,0.0
2017-06-21,120.94999694824219,121.08000183105469,120.83000183105469,121.0199966430664,87.647705078125,5462700,0.0,0.0,0.0
2017-06-22,121.19000244140625,121.2300033569336,120.9800033569336,121.12000274658203,87.72013092041016,3520800,0.0,0.0,0.0
2017-06-23,121.11000061035156,121.19000244140625,121.05000305175781,121.18000030517578,87.76363372802734,5495700,0.0,0.0,0.0
2017-06-26,121.44999694824219,121.55999755859375,121.37000274658203,121.4000015258789,87.92289733886719,3808600,0.0,0.0,0.0
2017-06-27,121.12999725341797,121.1500015258789,120.81999969482422,120.8499984741211,87.52460479736328,4736500,0.0,0.0,0.0
2017-06-28,120.91000366210938,120.9800033569336,120.62999725341797,120.9800033569336,87.61875915527344,3933900,0.0,0.0,0.0
2017-06-29,120.37000274658203,120.70999908447266,120.33999633789062,120.61000061035156,87.35076141357422,6954200,0.0,0.0,0.0
2017-06-30,120.66000366210938,120.69000244140625,120.47000122070312,120.51000213623047,87.27838897705078,4567700,0.0,0.0,0.0
2017-07-03,120.33999633789062,120.33999633789062,119.93000030517578,119.93000030517578,87.08953094482422,5759500,0.32,0.0,0.0
2017-07-05,120.02999877929688,120.1500015258789,119.9000015258789,120.12999725341797,87.23478698730469,5406900,0.0,0.0,0.0
2017-07-06,119.77999877929688,119.88999938964844,119.5,119.81999969482422,87.00965118408203,11548000,0.0,0.0,0.0
2017-07-07,119.69999694824219,119.7699966430664,119.5999984741211,119.72000122070312,86.93701934814453,9803900,0.0,0.0,0.0
2017-07-10,119.88999938964844,119.94999694824219,119.73999786376953,119.91999816894531,87.08228302001953,2234500,0.0,0.0,0.0
2017-07-11,119.9000015258789,119.98999786376953,119.7300033569336,119.97000122070312,87.11856079101562,4340900,0.0,0.0,0.0
2017-07-12,120.5,120.62000274658203,120.37999725341797,120.5,87.50347137451172,6779600,0.0,0.0,0.0
2017-07-13,120.37999725341797,120.43000030517578,120.12000274658203,120.29000091552734,87.35096740722656,3977400,0.0,0.0,0.0
2017-07-14,120.72000122070312,120.80000305175781,120.37999725341797,120.56999969482422,87.55429077148438,5302000,0.0,0.0,0.0
2017-07-17,120.56999969482422,120.75,120.44999694824219,120.68000030517578,87.6341781616211,5899000,0.0,0.0,0.0
2017-07-18,121.05000305175781,121.19999694824219,120.91999816894531,121.19999694824219,88.01174926757812,4775300,0.0,0.0,0.0
2017-07-19,121.19000244140625,121.30000305175781,121.08999633789062,121.16000366210938,87.98271942138672,4144200,0.0,0.0,0.0
2017-07-20,121.41999816894531,121.47000122070312,121.19000244140625,121.2699966430664,88.06261444091797,1925200,0.0,0.0,0.0
2017-07-21,121.44000244140625,121.61000061035156,121.43000030517578,121.55000305175781,88.26592254638672,3634000,0.0,0.0,0.0
2017-07-24,121.47000122070312,121.5,121.30999755859375,121.41000366210938,88.16426086425781,2647900,0.0,0.0,0.0
2017-07-25,120.94000244140625,120.9800033569336,120.66000366210938,120.69000244140625,87.64144134521484,7043100,0.0,0.0,0.0
2017-07-26,120.68000030517578,121.19000244140625,120.63999938964844,121.08999633789062,87.93186950683594,9355500,0.0,0.0,0.0
2017-07-27,120.83999633789062,120.93000030517578,120.69999694824219,120.79000091552734,87.71404266357422,2769100,0.0,0.0,0.0
2017-07-28,120.83999633789062,121.11000061035156,120.79000091552734,121.11000061035156,87.94641876220703,2312200,0.0,0.0,0.0
2017-07-31,120.91000366210938,121.12000274658203,120.91000366210938,121.11000061035156,87.94641876220703,3689900,0.0,0.0,0.0
2017-08-01,120.62999725341797,121.2300033569336,120.56999969482422,121.2300033569336,88.26531982421875,7390500,0.318,0.0,0.0
2017-08-02,121.16999816894531,121.29000091552734,121.0,121.04000091552734,88.12699890136719,6728600,0.0,0.0,0.0
2017-08-03,121.11000061035156,121.2699966430664,121.08999633789062,121.20999908447266,88.25077819824219,6520500,0.0,0.0,0.0
2017-08-04,120.9000015258789,120.91999816894531,120.58000183105469,120.73999786376953,87.9085464477539,5095700,0.0,0.0,0.0
2017-08-07,120.75,120.83000183105469,120.58999633789062,120.7699966430664,87.930419921875,10816400,0.0,0.0,0.0
2017-08-08,120.6500015258789,120.66999816894531,120.16999816894531,120.19000244140625,87.50814056396484,9992700,0.0,0.0,0.0
2017-08-09,120.56999969482422,120.62000274658203,120.30000305175781,120.30999755859375,87.5954818725586,7465800,0.0,0.0,0.0
2017-08-10,120.33999633789062,120.44000244140625,120.05999755859375,120.2699966430664,87.5663833618164,8053400,0.0,0.0,0.0
2017-08-11,120.30000305175781,120.51000213623047,120.08999633789062,120.48999786376953,87.72653198242188,10910500,0.0,0.0,0.0
2017-08-14,120.41999816894531,120.6500015258789,120.36000061035156,120.41000366210938,87.66827392578125,3051500,0.0,0.0,0.0
2017-08-15,120.16999816894531,120.3499984741211,120.11000061035156,120.2699966430664,87.5663833618164,4710000,0.0,0.0,0.0
2017-08-16,120.30000305175781,120.80000305175781,120.29000091552734,120.61000061035156,87.81390380859375,5190200,0.0,0.0,0.0
2017-08-17,120.5999984741211,120.83999633789062,120.4800033569336,120.7300033569336,87.9012680053711,8973800,0.0,0.0,0.0
2017-08-18,121.02999877929688,121.04000091552734,120.61000061035156,120.6500015258789,87.8430404663086,4350900,0.0,0.0,0.0
2017-08-21,120.83999633789062,120.87000274658203,120.72000122070312,120.81999969482422,87.9668197631836,3666200,0.0,0.0,0.0
2017-08-22,120.77999877929688,120.79000091552734,120.63999938964844,120.69999694824219,87.87944030761719,2390100,0.0,0.0,0.0
2017-08-23,120.94999694824219,121.16999816894531,120.87000274658203,121.16000366210938,88.21434783935547,4590000,0.0,0.0,0.0
2017-08-24,121.0,121.12999725341797,120.88999938964844,120.93000030517578,88.046875,2929800,0.0,0.0,0.0
2017-08-25,121.01000213623047,121.29000091552734,120.94999694824219,121.20999908447266,88.25077819824219,5488000,0.0,0.0,0.0
2017-08-28,121.18000030517578,121.26000213623047,121.0,121.20999908447266,88.25077819824219,5200500,0.0,0.0,0.0
2017-08-29,121.6500015258789,121.69999694824219,121.2300033569336,121.30000305175781,88.31631469726562,3499700,0.0,0.0,0.0
2017-08-30,121.29000091552734,121.4000015258789,121.23999786376953,121.4000015258789,88.38909149169922,2573700,0.0,0.0,0.0
2017-08-31,121.45999908447266,121.66000366210938,121.44999694824219,121.61000061035156,88.54198455810547,4549400,0.0,0.0,0.0
2017-09-01,121.19000244140625,121.22000122070312,120.80000305175781,120.80999755859375,88.19157409667969,7946000,0.32,0.0,0.0
2017-09-05,121.22000122070312,121.66000366210938,121.16999816894531,121.55999755859375,88.73909759521484,7357000,0.0,0.0,0.0
2017-09-06,121.54000091552734,121.5999984741211,121.08000183105469,121.12999725341797,88.42515563964844,8863700,0.0,0.0,0.0
2017-09-07,121.37000274658203,121.80999755859375,121.3499984741211,121.5999984741211,88.7682876586914,7698800,0.0,0.0,0.0
2017-09-08,121.5199966430664,121.5199966430664,121.2300033569336,121.23999786376953,88.50544738769531,6776600,0.0,0.0,0.0
2017-09-11,120.98999786376953,121.19000244140625,120.8499984741211,120.87000274658203,88.23538208007812,4220300,0.0,0.0,0.0
2017-09-12,120.81999969482422,120.81999969482422,120.55000305175781,120.73999786376953,88.1405029296875,4615800,0.0,0.0,0.0
2017-09-13,120.81999969482422,120.83999633789062,120.5999984741211,120.62000274658203,88.05289459228516,5671300,0.0,0.0,0.0
2017-09-14,120.55999755859375,120.91999816894531,120.55999755859375,120.91999816894531,88.27185821533203,4333500,0.0,0.0,0.0
2017-09-15,120.98999786376953,121.05000305175781,120.79000091552734,121.0199966430664,88.34486389160156,4631300,0.0,0.0,0.0
2017-09-18,120.95999908447266,120.9800033569336,120.76000213623047,120.9000015258789,88.25727081298828,4971700,0.0,0.0,0.0
2017-09-19,120.94999694824219,121.05999755859375,120.83999633789062,120.97000122070312,88.3083724975586,5296800,0.0,0.0,0.0
2017-09-20,121.06999969482422,121.08999633789062,120.54000091552734,120.81999969482422,88.19890594482422,6603300,0.0,0.0,0.0
2017-09-21,120.8499984741211,121.06999969482422,120.80999755859375,120.81999969482422,88.19890594482422,3410000,0.0,0.0,0.0
2017-09-22,121.05999755859375,121.12000274658203,120.9000015258789,120.9800033569336,88.31568908691406,2099200,0.0,0.0,0.0
2017-09-25,121.12000274658203,121.45999908447266,121.06999969482422,121.43000030517578,88.64417266845703,3489900,0.0,0.0,0.0
2017-09-26,121.30000305175781,121.45999908447266,121.20999908447266,121.41000366210938,88.62957763671875,10290700,0.0,0.0,0.0
2017-09-27,120.8499984741211,121.01000213623047,120.63999938964844,120.94000244140625,88.28649139404297,6695500,0.0,0.0,0.0
2017-09-28,120.79000091552734,121.13999938964844,120.75,121.12000274658203,88.41783905029297,6350800,0.0,0.0,0.0
2017-09-29,121.19999694824219,121.30000305175781,120.94999694824219,121.2300033569336,88.49818420410156,7627300,0.0,0.0,0.0
2017-10-02,120.95999908447266,121.11000061035156,120.7699966430664,121.0199966430664,88.58087921142578,7218100,0.323,0.0,0.0
2017-10-03,120.9800033569336,121.29000091552734,120.91999816894531,121.29000091552734,88.77851867675781,7569400,0.0,0.0,0.0
2017-10-04,121.30000305175781,121.30000305175781,120.9800033569336,121.22000122070312,88.72733306884766,5376300,0.0,0.0,0.0
2017-10-05,121.1500015258789,121.1500015258789,120.91999816894531,121.05000305175781,88.60285186767578,3932800,0.0,0.0,0.0
2017-10-06,120.68000030517578,120.98999786376953,120.56999969482422,120.94999694824219,88.52967071533203,5901300,0.0,0.0,0.0
2017-10-09,121.0199966430664,121.06999969482422,120.87000274658203,121.05000305175781,88.60285186767578,1312200,0.0,0.0,0.0
2017-10-10,121.08999633789062,121.4000015258789,121.05000305175781,121.12999725341797,88.66140747070312,3873400,0.0,0.0,0.0
2017-10-11,121.30999755859375,121.30999755859375,121.0,121.06999969482422,88.61753845214844,7170900,0.0,0.0,0.0
2017-10-12,121.11000061035156,121.19000244140625,120.94999694824219,121.0999984741211,88.63945770263672,10302500,0.0,0.0,0.0
2017-10-13,121.56999969482422,121.6500015258789,121.4000015258789,121.58000183105469,88.99080657958984,5755800,0.0,0.0,0.0
2017-10-16,121.54000091552734,121.55999755859375,121.29000091552734,121.41000366210938,88.86634063720703,4886100,0.0,0.0,0.0
2017-10-17,121.2699966430664,121.48999786376953,121.26000213623047,121.38999938964844,88.85173034667969,4476900,0.0,0.0,0.0
2017-10-18,121.0999984741211,121.29000091552734,121.04000091552734,121.20999908447266,88.71997833251953,3272500,0.0,0.0,0.0
2017-10-19,121.55000305175781,121.55000305175781,121.30000305175781,121.38999938964844,88.85173034667969,4143300,0.0,0.0,0.0
2017-10-20,120.9800033569336,121.16000366210938,120.9000015258789,121.05999755859375,88.61017608642578,7280400,0.0,0.0,0.0
2017-10-23,121.23999786376953,121.30999755859375,121.13999938964844,121.18000030517578,88.6980209350586,2675800,0.0,0.0,0.0
2017-10-24,120.87999725341797,121.05999755859375,120.8499984741211,120.87999725341797,88.4784164428711,4686200,0.0,0.0,0.0
2017-10-25,120.58000183105469,120.63999938964844,120.4000015258789,120.55999755859375,88.24421691894531,8866600,0.0,0.0,0.0
2017-10-26,120.80000305175781,120.80000305175781,120.54000091552734,120.55000305175781,88.23688507080078,9420100,0.0,0.0,0.0
2017-10-27,120.70999908447266,120.94999694824219,120.68000030517578,120.91000366210938,88.50038146972656,6915900,0.0,0.0,0.0
2017-10-30,120.70999908447266,121.3499984741211,120.70999908447266,121.30999755859375,88.79314422607422,5236600,0.0,0.0,0.0
2017-10-31,121.36000061035156,121.36000061035156,121.12000274658203,121.13999938964844,88.66875457763672,5932800,0.0,0.0,0.0
2017-11-01,121.05000305175781,121.1500015258789,120.8499984741211,121.01000213623047,88.80895233154297,5967400,0.321,0.0,0.0
2017-11-02,121.1500015258789,121.1500015258789,120.9000015258789,120.98999786376953,88.79424285888672,13253900,0.0,0.0,0.0
2017-11-03,121.0999984741211,121.19000244140625,120.91000366210938,121.12999725341797,88.89698028564453,5307500,0.0,0.0,0.0
2017-11-06,121.19000244140625,121.25,121.05000305175781,121.16000366210938,88.91895294189453,9576900,0.0,0.0,0.0
2017-11-07,121.0199966430664,121.11000061035156,120.95999908447266,121.05999755859375,88.84558868408203,7643200,0.0,0.0,0.0
2017-11-08,121.08000183105469,121.11000061035156,120.87999725341797,120.9000015258789,88.72815704345703,7185500,0.0,0.0,0.0
2017-11-09,120.61000061035156,120.75,120.51000213623047,120.58000183105469,88.49334716796875,7232300,0.0,0.0,0.0
2017-11-10,120.08999633789062,120.1500015258789,119.77999877929688,119.88999938964844,87.98690795898438,5816600,0.0,0.0,0.0
2017-11-13,120.0999984741211,120.12000274658203,119.91000366210938,119.91000366210938,88.00163269042969,3646400,0.0,0.0,0.0
2017-11-14,119.9800033569336,120.0999984741211,119.87999725341797,119.94000244140625,88.02362823486328,6112500,0.0,0.0,0.0
2017-11-15,120.06999969482422,120.4800033569336,119.8499984741211,120.44999694824219,88.39794158935547,7141900,0.0,0.0,0.0
2017-11-16,120.36000061035156,120.5199966430664,120.2699966430664,120.30999755859375,88.29521179199219,5051200,0.0,0.0,0.0
2017-11-17,120.51000213623047,120.58000183105469,120.37999725341797,120.45999908447266,88.4052734375,5521500,0.0,0.0,0.0
2017-11-20,120.41999816894531,120.5999984741211,120.37999725341797,120.45999908447266,88.4052734375,3190600,0.0,0.0,0.0
2017-11-21,120.9000015258789,120.94000244140625,120.66999816894531,120.86000061035156,88.69880676269531,4372100,0.0,0.0,0.0
2017-11-22,121.05000305175781,121.37000274658203,120.9800033569336,121.33000183105469,89.04375457763672,4111500,0.0,0.0,0.0
2017-11-24,121.25,121.37000274658203,121.16999816894531,121.19000244140625,88.94100952148438,1359700,0.0,0.0,0.0
2017-11-27,121.16000366210938,121.26000213623047,121.04000091552734,121.12000274658203,88.88961791992188,6049200,0.0,0.0,0.0
2017-11-28,121.23999786376953,121.38999938964844,121.16999816894531,121.29000091552734,89.01436614990234,5176400,0.0,0.0,0.0
2017-11-29,120.80999755859375,120.87000274658203,120.62000274658203,120.80999755859375,88.66210174560547,7606300,0.0,0.0,0.0
2017-11-30,120.93000030517578,120.94000244140625,120.47000122070312,120.66999816894531,88.55936431884766,6119600,0.0,0.0,0.0
2017-12-01,120.80999755859375,121.37999725341797,120.4000015258789,120.72000122070312,88.83309936523438,13958300,0.322,0.0,0.0
2017-12-04,120.77999877929688,120.91999816894531,120.58000183105469,120.91000366210938,88.97293853759766,5766700,0.0,0.0,0.0
2017-12-05,121.0,121.16999816894531,120.83000183105469,121.13999938964844,89.1422119140625,4541900,0.0,0.0,0.0
2017-12-06,121.4800033569336,121.54000091552734,121.33999633789062,121.37000274658203,89.3114013671875,4801500,0.0,0.0,0.0
2017-12-07,121.48999786376953,121.56999969482422,120.94000244140625,121.12999725341797,89.13481903076172,8295200,0.0,0.0,0.0
2017-12-08,121.0199966430664,121.11000061035156,120.91000366210938,120.9800033569336,89.02442169189453,5135100,0.0,0.0,0.0
2017-12-11,121.08999633789062,121.22000122070312,121.02999877929688,121.06999969482422,89.09066772460938,4521500,0.0,0.0,0.0
2017-12-12,120.94999694824219,120.98999786376953,120.77999877929688,120.9800033569336,89.02442169189453,10153000,0.0,0.0,0.0
2017-12-13,121.18000030517578,121.54000091552734,121.08999633789062,121.4000015258789,89.33352661132812,7205800,0.0,0.0,0.0
2017-12-14,121.29000091552734,121.66000366210938,121.22000122070312,121.62000274658203,89.49540710449219,8022200,0.0,0.0,0.0
2017-12-15,121.69999694824219,121.8499984741211,121.48999786376953,121.79000091552734,89.6204605102539,5846000,0.0,0.0,0.0
2017-12-18,121.72000122070312,121.7699966430664,121.41000366210938,121.43000030517578,89.3555679321289,6371100,0.0,0.0,0.0
2017-12-19,121.16999816894531,121.19000244140625,120.6500015258789,120.80999755859375,88.8993148803711,6029200,0.0,0.0,0.0
2017-12-20,120.55000305175781,120.69999694824219,120.4000015258789,120.48999786376953,88.66385650634766,9805700,0.0,0.0,0.0
2017-12-21,120.29000091552734,120.58999633789062,120.2699966430664,120.55999755859375,88.90277099609375,6210400,0.254,0.0,0.0
2017-12-22,120.56999969482422,120.66999816894531,120.48999786376953,120.6500015258789,88.96914672851562,2934900,0.0,0.0,0.0
2017-12-26,120.68000030517578,120.86000061035156,120.5999984741211,120.80999755859375,89.087158203125,1873000,0.0,0.0,0.0
2017-12-27,121.08000183105469,121.48999786376953,120.94999694824219,121.4800033569336,89.5811996459961,3179300,0.0,0.0,0.0
2017-12-28,121.47000122070312,121.4800033569336,121.22000122070312,121.4000015258789,89.52222442626953,2493200,0.0,0.0,0.0
2017-12-29,121.26000213623047,121.62999725341797,121.26000213623047,121.55999755859375,89.64021301269531,3003300,0.0,0.0,0.0
2018-01-02,121.31999969482422,121.45999908447266,120.5,120.75,89.04291534423828,8480600,0.0,0.0,0.0
2018-01-03,120.94000244140625,121.05000305175781,120.69999694824219,120.97000122070312,89.20510864257812,5087600,0.0,0.0,0.0
2018-01-04,120.77999877929688,121.01000213623047,120.7300033569336,120.93000030517578,89.17564392089844,7710100,0.0,0.0,0.0
2018-01-05,121.08999633789062,121.08999633789062,120.76000213623047,120.88999938964844,89.14612579345703,5796500,0.0,0.0,0.0
2018-01-08,121.0199966430664,121.02999877929688,120.7699966430664,120.87999725341797,89.1387939453125,3897200,0.0,0.0,0.0
2018-01-09,120.7300033569336,120.7699966430664,120.41999816894531,120.44000244140625,88.8143081665039,7621600,0.0,0.0,0.0
2018-01-10,120.05000305175781,120.6500015258789,119.91000366210938,120.5199966430664,88.87329864501953,6050500,0.0,0.0,0.0
2018-01-11,120.48999786376953,120.94999694824219,120.48999786376953,120.80999755859375,89.087158203125,5192600,0.0,0.0,0.0
2018-01-12,120.5999984741211,120.91000366210938,120.55000305175781,120.83000183105469,89.10194396972656,4463000,0.0,0.0,0.0
2018-01-16,121.18000030517578,121.18000030517578,120.81999969482422,120.94000244140625,89.18305206298828,7410200,0.0,0.0,0.0
2018-01-17,120.95999908447266,121.0199966430664,120.48999786376953,120.61000061035156,88.9396743774414,11240700,0.0,0.0,0.0
2018-01-18,120.16999816894531,120.41000366210938,120.01000213623047,120.13999938964844,88.59307098388672,6399400,0.0,0.0,0.0
2018-01-19,119.98999786376953,120.11000061035156,119.72000122070312,119.7699966430664,88.32022094726562,6797800,0.0,0.0,0.0
2018-01-22,119.7699966430664,120.0,119.62999725341797,119.66000366210938,88.2391357421875,5096700,0.0,0.0,0.0
2018-01-23,119.97000122070312,120.19000244140625,119.91000366210938,120.18000030517578,88.6225814819336,6144000,0.0,0.0,0.0
2018-01-24,119.94000244140625,120.12000274658203,119.83000183105469,120.0999984741211,88.56361389160156,5679000,0.0,0.0,0.0
2018-01-25,120.0199966430664,120.70999908447266,120.0,120.70999908447266,89.01342010498047,7042100,0.0,0.0,0.0
2018-01-26,120.62000274658203,120.62000274658203,120.33999633789062,120.55000305175781,88.89541625976562,6391300,0.0,0.0,0.0
2018-01-29,120.19999694824219,120.37999725341797,120.0,120.2300033569336,88.65946960449219,5732400,0.0,0.0,0.0
2018-01-30,120.0,120.08000183105469,119.69999694824219,119.81999969482422,88.35709381103516,6662600,0.0,0.0,0.0
2018-01-31,120.16999816894531,120.22000122070312,119.70999908447266,120.06999969482422,88.54145050048828,6751200,0.0,0.0,0.0
2018-02-01,119.91000366210938,119.95999908447266,119.13999938964844,119.22000122070312,88.15030670166016,12272400,0.321,0.0,0.0
2018-02-02,119.0,119.0,118.47000122070312,118.61000061035156,87.69927215576172,8681500,0.0,0.0,0.0
2018-02-05,118.23999786376953,119.33000183105469,118.22000122070312,118.68000030517578,87.75103759765625,14486000,0.0,0.0,0.0
2018-02-06,118.58999633789062,118.81999969482422,118.38999938964844,118.44000244140625,87.5735855102539,10467500,0.0,0.0,0.0
2018-02-07,118.80000305175781,118.8499984741211,118.08000183105469,118.11000061035156,87.32955932617188,8862300,0.0,0.0,0.0
2018-02-08,117.94000244140625,118.0999984741211,117.55999755859375,117.5999984741211,86.9525146484375,10957000,0.0,0.0,0.0
2018-02-09,117.44999694824219,117.47000122070312,117.19999694824219,117.22000122070312,86.67155456542969,8719000,0.0,0.0,0.0
2018-02-12,117.29000091552734,117.62000274658203,117.19999694824219,117.22000122070312,86.67155456542969,7814800,0.0,0.0,0.0
2018-02-13,117.08999633789062,117.20999908447266,116.79000091552734,117.18000030517578,86.64196014404297,8730500,0.0,0.0,0.0
2018-02-14,116.80999755859375,117.0,116.66000366210938,116.75,86.32402038574219,11013300,0.0,0.0,0.0
2018-02-15,117.18000030517578,117.45999908447266,117.05999755859375,117.30000305175781,86.73070526123047,4953400,0.0,0.0,0.0
2018-02-16,117.58000183105469,117.76000213623047,117.45999908447266,117.6500015258789,86.9894790649414,6319800,0.0,0.0,0.0
2018-02-20,117.3499984741211,117.41000366210938,117.12999725341797,117.1500015258789,86.61975860595703,8786200,0.0,0.0,0.0
2018-02-21,117.19999694824219,117.30999755859375,116.44000244140625,116.51000213623047,86.14657592773438,6387200,0.0,0.0,0.0
2018-02-22,116.83999633789062,117.06999969482422,116.63999938964844,116.66999816894531,86.2648696899414,7227100,0.0,0.0,0.0
2018-02-23,117.05000305175781,117.23999786376953,116.87999725341797,117.20999908447266,86.66412353515625,8005600,0.0,0.0,0.0
2018-02-26,117.58999633789062,117.75,117.33000183105469,117.36000061035156,86.7750473022461,5072000,0.0,0.0,0.0
2018-02-27,117.51000213623047,117.5199966430664,116.69999694824219,116.8499984741211,86.39793395996094,7279500,0.0,0.0,0.0
2018-02-28,117.01000213623047,117.16000366210938,116.94999694824219,117.06999969482422,86.56062316894531,7963400,0.0,0.0,0.0
2018-03-01,116.55999755859375,116.80999755859375,116.37000274658203,116.62000274658203,86.4716567993164,11679100,0.33,0.0,0.0
2018-03-02,116.36000061035156,116.48999786376953,116.19000244140625,116.25,86.19730377197266,5335000,0.0,0.0,0.0
2018-03-05,116.51000213623047,116.58000183105469,116.0999984741211,116.20999908447266,86.16765594482422,10168400,0.0,0.0,0.0
2018-03-06,116.63999938964844,116.68000030517578,116.29000091552734,116.30999755859375,86.24180603027344,8363400,0.0,0.0,0.0
2018-03-07,116.5,116.52999877929688,116.2300033569336,116.2699966430664,86.21208190917969,4070400,0.0,0.0,0.0
2018-03-08,116.48999786376953,116.69999694824219,116.33999633789062,116.5,86.38267517089844,6410000,0.0,0.0,0.0
2018-03-09,116.31999969482422,116.37000274658203,116.04000091552734,116.08999633789062,86.07864379882812,7773800,0.0,0.0,0.0
2018-03-12,116.19000244140625,116.27999877929688,116.0999984741211,116.23999786376953,86.18988037109375,8555600,0.0,0.0,0.0
2018-03-13,116.3499984741211,116.4000015258789,116.11000061035156,116.25,86.19730377197266,8625900,0.0,0.0,0.0
2018-03-14,116.2699966430664,116.69999694824219,116.26000213623047,116.51000213623047,86.39010620117188,5765700,0.0,0.0,0.0
2018-03-15,116.4800033569336,116.70999908447266,116.44000244140625,116.62999725341797,86.47908020019531,5268200,0.0,0.0,0.0
2018-03-16,116.41000366210938,116.83000183105469,116.36000061035156,116.76000213623047,86.57540893554688,10754700,0.0,0.0,0.0
2018-03-19,116.5,116.5999984741211,116.36000061035156,116.37000274658203,86.2862777709961,8095300,0.0,0.0,0.0
2018-03-20,116.02999877929688,116.19000244140625,115.91999816894531,115.95999908447266,85.98226165771484,6445000,0.0,0.0,0.0
2018-03-21,115.76000213623047,116.2300033569336,115.5199966430664,115.88999938964844,85.93037414550781,7312600,0.0,0.0,0.0
2018-03-22,116.19000244140625,116.29000091552734,115.98999786376953,116.08999633789062,86.07864379882812,10966600,0.0,0.0,0.0
2018-03-23,115.97000122070312,116.02999877929688,115.70999908447266,115.72000122070312,85.80429077148438,6120800,0.0,0.0,0.0
2018-03-26,116.05999755859375,116.19999694824219,116.0,116.12999725341797,86.10830688476562,5834800,0.0,0.0,0.0
2018-03-27,116.05999755859375,116.62000274658203,116.05999755859375,116.55000305175781,86.41973114013672,5000200,0.0,0.0,0.0
2018-03-28,116.77999877929688,116.9800033569336,116.66000366210938,116.86000061035156,86.64956665039062,4771600,0.0,0.0,0.0
2018-03-29,117.11000061035156,117.47000122070312,116.94999694824219,117.38999938964844,87.0425796508789,5930800,0.0,0.0,0.0
2018-04-02,116.9000015258789,117.06999969482422,116.72000122070312,116.98999786376953,86.99571990966797,4393500,0.337,0.0,0.0
2018-04-03,116.94000244140625,116.94000244140625,116.62999725341797,116.68000030517578,86.7652359008789,3773500,0.0,0.0,0.0
2018-04-04,116.7300033569336,116.86000061035156,116.63999938964844,116.68000030517578,86.7652359008789,5259600,0.0,0.0,0.0
2018-04-05,116.61000061035156,116.75,116.5,116.72000122070312,86.79495239257812,5171000,0.0,0.0,0.0
2018-04-06,116.93000030517578,117.06999969482422,116.80999755859375,117.06999969482422,87.05525207519531,4772500,0.0,0.0,0.0
2018-04-09,116.8499984741211,117.18000030517578,116.8499984741211,117.12999725341797,87.09982299804688,3611300,0.0,0.0,0.0
2018-04-10,117.20999908447266,117.44000244140625,117.01000213623047,117.16000366210938,87.12218475341797,5201300,0.0,0.0,0.0
2018-04-11,117.36000061035156,117.4000015258789,117.11000061035156,117.23999786376953,87.18165588378906,2483800,0.0,0.0,0.0
2018-04-12,117.12000274658203,117.19999694824219,116.9000015258789,116.91999816894531,86.94367218017578,2588100,0.0,0.0,0.0
2018-04-13,116.83999633789062,117.05999755859375,116.83999633789062,116.95999908447266,86.97341918945312,4427800,0.0,0.0,0.0
2018-04-16,116.75,116.98999786376953,116.70999908447266,116.97000122070312,86.98089599609375,2323600,0.0,0.0,0.0
2018-04-17,116.9800033569336,117.1500015258789,116.91000366210938,116.9800033569336,86.98834228515625,6702900,0.0,0.0,0.0
2018-04-18,116.94000244140625,116.94999694824219,116.36000061035156,116.37999725341797,86.54216003417969,6888000,0.0,0.0,0.0
2018-04-19,116.04000091552734,116.06999969482422,115.76000213623047,115.94000244140625,86.21492767333984,4058600,0.0,0.0,0.0
2018-04-20,115.79000091552734,115.83000183105469,115.45999908447266,115.47000122070312,85.86544799804688,4679700,0.0,0.0,0.0
2018-04-23,115.44000244140625,115.47000122070312,115.25,115.41999816894531,85.82823944091797,4380000,0.0,0.0,0.0
2018-04-24,115.30999755859375,115.44000244140625,114.98999786376953,115.08000183105469,85.5754165649414,5984700,0.0,0.0,0.0
2018-04-25,114.81999969482422,114.83999633789062,114.55000305175781,114.72000122070312,85.3077163696289,3756100,0.0,0.0,0.0
2018-04-26,115.0199966430664,115.18000030517578,114.91999816894531,115.05999755859375,85.5605697631836,6027200,0.0,0.0,0.0
2018-04-27,115.25,115.37000274658203,115.22000122070312,115.31999969482422,85.75389099121094,3369800,0.0,0.0,0.0
2018-04-30,115.37000274658203,115.45999908447266,115.16999816894531,115.22000122070312,85.67955780029297,6388500,0.0,0.0,0.0
2018-05-01,114.83000183105469,114.87000274658203,114.48999786376953,114.58000183105469,85.44761657714844,6051500,0.329,0.0,0.0
2018-05-02,114.7300033569336,114.75,114.48999786376953,114.48999786376953,85.3804931640625,3608100,0.0,0.0,0.0
2018-05-03,114.7699966430664,114.81999969482422,114.47000122070312,114.51000213623047,85.39543151855469,4122600,0.0,0.0,0.0
2018-05-04,114.86000061035156,114.86000061035156,114.47000122070312,114.66999816894531,85.51470184326172,3733800,0.0,0.0,0.0
2018-05-07,114.70999908447266,114.75,114.5,114.54000091552734,85.4178237915039,3870900,0.0,0.0,0.0
2018-05-08,114.43000030517578,114.54000091552734,114.26000213623047,114.5,85.38797760009766,5069300,0.0,0.0,0.0
2018-05-09,114.31999969482422,114.62999725341797,114.27999877929688,114.4800033569336,85.37303924560547,3906600,0.0,0.0,0.0
2018-05-10,114.83999633789062,115.06999969482422,114.72000122070312,115.05999755859375,85.80557250976562,5103000,0.0,0.0,0.0
2018-05-11,115.2300033569336,115.27999877929688,115.08000183105469,115.26000213623047,85.95472717285156,4254000,0.0,0.0,0.0
2018-05-14,115.12999725341797,115.2699966430664,115.05000305175781,115.05000305175781,85.79814147949219,4808300,0.0,0.0,0.0
2018-05-15,114.51000213623047,114.76000213623047,114.0,114.18000030517578,85.14929962158203,5970000,0.0,0.0,0.0
2018-05-16,114.23999786376953,114.3499984741211,113.98999786376953,114.02999877929688,85.0374755859375,4210800,0.0,0.0,0.0
2018-05-17,114.0,114.05999755859375,113.72000122070312,113.80999755859375,84.87339782714844,3272300,0.0,0.0,0.0
2018-05-18,113.98999786376953,114.33000183105469,113.95999908447266,114.27999877929688,85.22391510009766,4154700,0.0,0.0,0.0
2018-05-21,114.1500015258789,114.3499984741211,114.0999984741211,114.3499984741211,85.27610778808594,2593300,0.0,0.0,0.0
2018-05-22,114.26000213623047,114.38999938964844,114.12999725341797,114.2300033569336,85.18660736083984,3230000,0.0,0.0,0.0
2018-05-23,114.41000366210938,114.80000305175781,114.33000183105469,114.72000122070312,85.552001953125,5771100,0.0,0.0,0.0
2018-05-24,114.9800033569336,115.08000183105469,114.88999938964844,115.04000091552734,85.79066467285156,4436900,0.0,0.0,0.0
2018-05-25,115.37999725341797,115.41999816894531,115.2300033569336,115.37999725341797,86.0442123413086,3997600,0.0,0.0,0.0
2018-05-29,115.43000030517578,116.20999908447266,115.26000213623047,115.98999786376953,86.4991226196289,6831700,0.0,0.0,0.0
2018-05-30,115.61000061035156,115.81999969482422,115.2699966430664,115.54000091552734,86.1635971069336,5083900,0.0,0.0,0.0
2018-05-31,115.66000366210938,115.7699966430664,115.36000061035156,115.48999786376953,86.12627410888672,6303300,0.0,0.0,0.0
2018-06-01,114.87000274658203,115.13999938964844,114.80999755859375,114.91000366210938,85.96089172363281,4479700,0.359,0.0,0.0
2018-06-04,114.9000015258789,114.97000122070312,114.6500015258789,114.6500015258789,85.76643371582031,3714900,0.0,0.0,0.0
2018-06-05,114.93000030517578,114.94999694824219,114.69000244140625,114.7300033569336,85.8262710571289,3901500,0.0,0.0,0.0
2018-06-06,114.41000366210938,114.47000122070312,114.16000366210938,114.30999755859375,85.5120849609375,4754900,0.0,0.0,0.0
2018-06-07,114.25,115.05999755859375,114.25,114.69000244140625,85.79633331298828,7185200,0.0,0.0,0.0
2018-06-08,114.5999984741211,114.6500015258789,114.43000030517578,114.5,85.65422821044922,2935600,0.0,0.0,0.0
2018-06-11,114.30000305175781,114.4000015258789,114.2300033569336,114.38999938964844,85.57196044921875,2905100,0.0,0.0,0.0
2018-06-12,114.25,114.5,114.22000122070312,114.4000015258789,85.57939147949219,3396500,0.0,0.0,0.0
2018-06-13,114.44000244140625,114.58000183105469,113.9800033569336,114.29000091552734,85.49714660644531,4906500,0.0,0.0,0.0
2018-06-14,114.68000030517578,114.81999969482422,114.48999786376953,114.80999755859375,85.88610076904297,4915800,0.0,0.0,0.0
2018-06-15,114.9800033569336,115.05999755859375,114.58999633789062,114.6500015258789,85.76643371582031,5887100,0.0,0.0,0.0
2018-06-18,114.63999938964844,114.66000366210938,114.41999816894531,114.52999877929688,85.6766357421875,4723200,0.0,0.0,0.0
2018-06-19,114.55999755859375,114.66000366210938,114.47000122070312,114.58999633789062,85.72154998779297,4278700,0.0,0.0,0.0
2018-06-20,114.61000061035156,114.61000061035156,113.9000015258789,113.94999694824219,85.24276733398438,7731500,0.0,0.0,0.0
2018-06-21,113.9000015258789,114.08999633789062,113.86000061035156,113.86000061035156,85.17549896240234,15921600,0.0,0.0,0.0
2018-06-22,113.80000305175781,114.08999633789062,113.75,114.0,85.28021240234375,6728500,0.0,0.0,0.0
2018-06-25,114.04000091552734,114.11000061035156,113.87000274658203,113.88999938964844,85.19783020019531,3243900,0.0,0.0,0.0
2018-06-26,113.9800033569336,114.29000091552734,113.88999938964844,114.2699966430664,85.482177734375,10345300,0.0,0.0,0.0
2018-06-27,114.58999633789062,114.66000366210938,114.4800033569336,114.66000366210938,85.77389526367188,9776300,0.0,0.0,0.0
2018-06-28,114.56999969482422,114.56999969482422,114.2699966430664,114.51000213623047,85.66170501708984,6241300,0.0,0.0,0.0
2018-06-29,114.63999938964844,114.83999633789062,114.51000213623047,114.56999969482422,85.70658111572266,7855600,0.0,0.0,0.0
2018-07-02,114.41000366210938,114.41000366210938,114.16000366210938,114.23999786376953,85.71781158447266,4806200,0.345,0.0,0.0
2018-07-03,114.30999755859375,114.7300033569336,114.30999755859375,114.66000366210938,86.03297424316406,2518100,0.0,0.0,0.0
2018-07-05,114.7699966430664,115.02999877929688,114.75,115.0199966430664,86.30311584472656,4730600,0.0,0.0,0.0
2018-07-06,115.23999786376953,115.27999877929688,115.08999633789062,115.18000030517578,86.42315673828125,2465600,0.0,0.0,0.0
2018-07-09,115.08999633789062,115.30000305175781,115.02999877929688,115.26000213623047,86.48320770263672,5161600,0.0,0.0,0.0
2018-07-10,115.23999786376953,115.37000274658203,115.11000061035156,115.12999725341797,86.38560485839844,6624000,0.0,0.0,0.0
2018-07-11,115.2699966430664,115.38999938964844,115.12000274658203,115.36000061035156,86.55821990966797,4071400,0.0,0.0,0.0
2018-07-12,115.4000015258789,115.61000061035156,115.31999969482422,115.61000061035156,86.7457504272461,3324800,0.0,0.0,0.0
2018-07-13,115.70999908447266,115.80999755859375,115.62999725341797,115.69999694824219,86.81331634521484,4273800,0.0,0.0,0.0
2018-07-16,115.5,115.62999725341797,115.29000091552734,115.51000213623047,86.67076873779297,2653700,0.0,0.0,0.0
2018-07-17,115.5199966430664,115.58000183105469,115.37999725341797,115.43000030517578,86.61073303222656,6157000,0.0,0.0,0.0
2018-07-18,115.54000091552734,115.54000091552734,115.3499984741211,115.41000366210938,86.59574890136719,3527600,0.0,0.0,0.0
2018-07-19,115.4000015258789,115.73999786376953,115.37000274658203,115.58999633789062,86.73076629638672,5098600,0.0,0.0,0.0
2018-07-20,115.33999633789062,115.38999938964844,115.12000274658203,115.25,86.47563934326172,5139900,0.0,0.0,0.0
2018-07-23,115.05000305175781,115.12000274658203,114.72000122070312,114.79000091552734,86.13050842285156,4716300,0.0,0.0,0.0
2018-07-24,114.80999755859375,115.16999816894531,114.80999755859375,115.1500015258789,86.4006576538086,4446700,0.0,0.0,0.0
2018-07-25,115.4000015258789,115.4000015258789,115.19999694824219,115.30000305175781,86.51318359375,7376300,0.0,0.0,0.0
2018-07-26,115.41999816894531,115.55000305175781,115.27999877929688,115.41000366210938,86.59574890136719,5860900,0.0,0.0,0.0
2018-07-27,115.75,115.75,115.45999908447266,115.55999755859375,86.708251953125,5497600,0.0,0.0,0.0
2018-07-30,115.31999969482422,115.48999786376953,115.30999755859375,115.4000015258789,86.58826446533203,6467600,0.0,0.0,0.0
2018-07-31,115.70999908447266,115.86000061035156,115.63999938964844,115.76000213623047,86.85831451416016,6081600,0.0,0.0,0.0
2018-08-01,114.9000015258789,115.1500015258789,114.8499984741211,115.01000213623047,86.55205535888672,7255900,0.343,0.0,0.0
2018-08-02,115.05000305175781,115.16999816894531,114.87999725341797,115.1500015258789,86.6574478149414,6751500,0.0,0.0,0.0
2018-08-03,115.29000091552734,115.55000305175781,115.16000366210938,115.51000213623047,86.92831420898438,2711200,0.0,0.0,0.0
2018-08-06,115.58999633789062,115.76000213623047,115.58999633789062,115.62000274658203,87.0110855102539,3059800,0.0,0.0,0.0
2018-08-07,115.58999633789062,115.58999633789062,115.19999694824219,115.26000213623047,86.74020385742188,5397700,0.0,0.0,0.0
2018-08-08,115.16999816894531,115.2300033569336,115.08000183105469,115.08000183105469,86.60474395751953,7433200,0.0,0.0,0.0
2018-08-09,115.25,115.36000061035156,115.08999633789062,115.16999816894531,86.67243194580078,7273500,0.0,0.0,0.0
2018-08-10,115.0999984741211,115.5,115.02999877929688,115.36000061035156,86.81549835205078,4765900,0.0,0.0,0.0
2018-08-13,115.26000213623047,115.37999725341797,115.22000122070312,115.33000183105469,86.7928695678711,3145700,0.0,0.0,0.0
2018-08-14,115.48999786376953,115.52999877929688,115.41000366210938,115.4800033569336,86.9057388305664,7052500,0.0,0.0,0.0
2018-08-15,115.6500015258789,115.76000213623047,115.55000305175781,115.72000122070312,87.08637237548828,5208100,0.0,0.0,0.0
2018-08-16,115.81999969482422,115.88999938964844,115.69999694824219,115.87000274658203,87.19923400878906,5997900,0.0,0.0,0.0
2018-08-17,115.95999908447266,116.06999969482422,115.88999938964844,115.97000122070312,87.27452087402344,3871900,0.0,0.0,0.0
2018-08-20,116.25,116.37000274658203,116.18000030517578,116.2699966430664,87.50027465820312,2686800,0.0,0.0,0.0
2018-08-21,116.22000122070312,116.22000122070312,115.95999908447266,115.9800033569336,87.28202056884766,5480400,0.0,0.0,0.0
2018-08-22,116.22000122070312,116.23999786376953,115.94999694824219,115.97000122070312,87.27452087402344,6877700,0.0,0.0,0.0
2018-08-23,116.13999938964844,116.18000030517578,115.94000244140625,116.01000213623047,87.30461883544922,5693800,0.0,0.0,0.0
2018-08-24,115.88999938964844,116.29000091552734,115.8499984741211,116.23999786376953,87.47764587402344,5152500,0.0,0.0,0.0
2018-08-27,116.0199966430664,116.16000366210938,116.01000213623047,116.05999755859375,87.34220123291016,3762200,0.0,0.0,0.0
2018-08-28,115.87000274658203,115.9800033569336,115.5999984741211,115.62000274658203,87.0110855102539,4026900,0.0,0.0,0.0
2018-08-29,115.7300033569336,115.75,115.41000366210938,115.5,86.92080688476562,10473500,0.0,0.0,0.0
2018-08-30,115.73999786376953,115.80999755859375,115.5199966430664,115.61000061035156,87.00357818603516,5682300,0.0,0.0,0.0
2018-08-31,115.80999755859375,115.83999633789062,115.43000030517578,115.44000244140625,86.87565612792969,4425800,0.0,0.0,0.0
2018-09-04,114.86000061035156,114.98999786376953,114.68000030517578,114.87999725341797,86.71560668945312,6468700,0.348,0.0,0.0
2018-09-05,114.83999633789062,114.87999725341797,114.77999877929688,114.80999755859375,86.66278839111328,6103200,0.0,0.0,0.0
2018-09-06,114.98999786376953,115.20999908447266,114.94999694824219,115.12999725341797,86.90433502197266,6918100,0.0,0.0,0.0
2018-09-07,114.76000213623047,114.76000213623047,114.62999725341797,114.6500015258789,86.54199981689453,4529100,0.0,0.0,0.0
2018-09-10,114.73999786376953,115.02999877929688,114.73999786376953,115.02999877929688,86.82884979248047,5512700,0.0,0.0,0.0
2018-09-11,114.80000305175781,114.88999938964844,114.72000122070312,114.7699966430664,86.63259887695312,5976900,0.0,0.0,0.0
2018-09-12,114.97000122070312,115.12000274658203,114.95999908447266,115.0,86.80620574951172,5543100,0.0,0.0,0.0
2018-09-13,115.25,115.33000183105469,115.12999725341797,115.23999786376953,86.98736572265625,5584100,0.0,0.0,0.0
2018-09-14,115.01000213623047,115.16000366210938,114.94999694824219,115.0999984741211,86.88169860839844,7003500,0.0,0.0,0.0
2018-09-17,114.91000366210938,115.11000061035156,114.88999938964844,115.02999877929688,86.82884979248047,2667100,0.0,0.0,0.0
2018-09-18,114.80999755859375,114.80999755859375,114.5199966430664,114.55999755859375,86.47409057617188,5160900,0.0,0.0,0.0
2018-09-19,114.52999877929688,114.54000091552734,114.2300033569336,114.38999938964844,86.34575653076172,5220700,0.0,0.0,0.0
2018-09-20,114.41000366210938,114.80999755859375,114.38999938964844,114.69000244140625,86.57219696044922,6152400,0.0,0.0,0.0
2018-09-21,114.5999984741211,114.79000091552734,114.5999984741211,114.70999908447266,86.58731842041016,9404300,0.0,0.0,0.0
2018-09-24,114.4800033569336,114.5999984741211,114.37000274658203,114.44999694824219,86.39105224609375,10749400,0.0,0.0,0.0
2018-09-25,114.33000183105469,114.47000122070312,114.2300033569336,114.44999694824219,86.39105224609375,4087100,0.0,0.0,0.0
2018-09-26,114.6500015258789,114.93000030517578,114.52999877929688,114.86000061035156,86.70053100585938,7433600,0.0,0.0,0.0
2018-09-27,114.8499984741211,115.04000091552734,114.7699966430664,115.01000213623047,86.81375885009766,6323400,0.0,0.0,0.0
2018-09-28,115.13999938964844,115.13999938964844,114.9000015258789,114.93000030517578,86.75337982177734,12578500,0.0,0.0,0.0
2018-10-01,114.5,114.63999938964844,114.41999816894531,114.41999816894531,86.63371276855469,7550600,0.352,0.0,0.0
2018-10-02,114.55999755859375,114.75,114.5199966430664,114.5199966430664,86.7094497680664,11207800,0.0,0.0,0.0
2018-10-03,114.41000366210938,114.52999877929688,113.66000366210938,113.8499984741211,86.2021255493164,8400500,0.0,0.0,0.0
2018-10-04,113.55999755859375,113.66000366210938,113.2300033569336,113.37999725341797,85.84626007080078,9843800,0.0,0.0,0.0
2018-10-05,113.1500015258789,113.26000213623047,112.76000213623047,112.94000244140625,85.51314544677734,8785800,0.0,0.0,0.0
2018-10-08,113.0,113.01000213623047,112.80000305175781,112.81999969482422,85.42227172851562,1355200,0.0,0.0,0.0
2018-10-09,113.0,113.16999816894531,112.91000366210938,113.13999938964844,85.66459655761719,8416200,0.0,0.0,0.0
2018-10-10,112.86000061035156,113.01000213623047,112.58999633789062,112.83000183105469,85.42984771728516,12316400,0.0,0.0,0.0
2018-10-11,113.08000183105469,113.48999786376953,113.05000305175781,113.30000305175781,85.78572082519531,18587600,0.0,0.0,0.0
2018-10-12,113.33999633789062,113.52999877929688,113.16000366210938,113.31999969482422,85.80085754394531,8956700,0.0,0.0,0.0
2018-10-15,113.26000213623047,113.36000061035156,113.0999984741211,113.11000061035156,85.64186096191406,6636500,0.0,0.0,0.0
2018-10-16,113.16000366210938,113.4800033569336,113.05999755859375,113.4000015258789,85.8614501953125,9017800,0.0,0.0,0.0
2018-10-17,113.30999755859375,113.4000015258789,112.83999633789062,112.83999633789062,85.43743133544922,6880600,0.0,0.0,0.0
2018-10-18,112.7300033569336,112.9800033569336,112.5999984741211,112.83999633789062,85.43743133544922,10418000,0.0,0.0,0.0
2018-10-19,112.75,112.86000061035156,112.5999984741211,112.69999694824219,85.3314208984375,6355700,0.0,0.0,0.0
2018-10-22,112.83000183105469,112.8499984741211,112.52999877929688,112.55999755859375,85.22542572021484,7282900,0.0,0.0,0.0
2018-10-23,112.80999755859375,112.95999908447266,112.66000366210938,112.72000122070312,85.34659576416016,10277900,0.0,0.0,0.0
2018-10-24,112.94999694824219,113.05000305175781,112.81999969482422,112.87999725341797,85.46772766113281,7262000,0.0,0.0,0.0
2018-10-25,112.7300033569336,112.8499984741211,112.72000122070312,112.73999786376953,85.36170959472656,5653100,0.0,0.0,0.0
2018-10-26,112.97000122070312,113.08000183105469,112.91999816894531,112.93000030517578,85.50555419921875,4955300,0.0,0.0,0.0
2018-10-29,112.86000061035156,112.91999816894531,112.72000122070312,112.80000305175781,85.40715789794922,6573300,0.0,0.0,0.0
2018-10-30,112.58999633789062,112.66999816894531,112.44000244140625,112.55000305175781,85.21788024902344,7669600,0.0,0.0,0.0
2018-10-31,112.38999938964844,112.61000061035156,112.2300033569336,112.2300033569336,84.9755630493164,13156300,0.0,0.0,0.0
2018-11-01,111.70999908447266,112.20999908447266,111.66999816894531,112.19999694824219,85.23307037353516,14262000,0.369,0.0,0.0
2018-11-02,112.06999969482422,112.18000030517578,111.7300033569336,111.75,84.8912124633789,7738400,0.0,0.0,0.0
2018-11-05,111.8499984741211,112.04000091552734,111.8499984741211,111.94999694824219,85.04312896728516,5064000,0.0,0.0,0.0
2018-11-06,112.02999877929688,112.18000030517578,112.01000213623047,112.13999938964844,85.18751525878906,5787100,0.0,0.0,0.0
2018-11-07,112.62999725341797,112.70999908447266,112.37999725341797,112.43000030517578,85.40778350830078,13257500,0.0,0.0,0.0
2018-11-08,112.41000366210938,112.45999908447266,112.0999984741211,112.0999984741211,85.1571273803711,10934400,0.0,0.0,0.0
2018-11-09,112.18000030517578,112.33000183105469,112.08999633789062,112.18000030517578,85.21791076660156,8836800,0.0,0.0,0.0
2018-11-12,112.41000366210938,112.41000366210938,112.08000183105469,112.16999816894531,85.21026611328125,2876500,0.0,0.0,0.0
2018-11-13,112.05999755859375,112.12000274658203,111.95999908447266,112.0199966430664,85.09635162353516,7778400,0.0,0.0,0.0
2018-11-14,111.7300033569336,111.94000244140625,111.68000030517578,111.72000122070312,84.86847686767578,11595100,0.0,0.0,0.0
2018-11-15,111.58999633789062,111.66999816894531,111.31999969482422,111.51000213623047,84.70893859863281,15158300,0.0,0.0,0.0
2018-11-16,111.47000122070312,111.76000213623047,111.41000366210938,111.7300033569336,84.87606811523438,13503700,0.0,0.0,0.0
2018-11-19,111.47000122070312,111.6500015258789,111.41999816894531,111.62000274658203,84.7925033569336,9773700,0.0,0.0,0.0
2018-11-20,111.37999725341797,111.5999984741211,111.33000183105469,111.3499984741211,84.58736419677734,16168200,0.0,0.0,0.0
2018-11-21,111.62000274658203,111.72000122070312,111.44999694824219,111.58999633789062,84.76968383789062,10704600,0.0,0.0,0.0
2018-11-23,111.94000244140625,111.9800033569336,111.62999725341797,111.63999938964844,84.80767059326172,2924700,0.0,0.0,0.0
2018-11-26,111.7699966430664,111.81999969482422,111.63999938964844,111.69000244140625,84.84566497802734,5938900,0.0,0.0,0.0
2018-11-27,111.61000061035156,111.66000366210938,111.5199966430664,111.55000305175781,84.73932647705078,8581300,0.0,0.0,0.0
2018-11-28,111.51000213623047,111.94999694824219,111.29000091552734,111.8499984741211,84.96723175048828,13861300,0.0,0.0,0.0
2018-11-29,111.75,111.87000274658203,111.41999816894531,111.52999877929688,84.72410583496094,10939100,0.0,0.0,0.0
2018-11-30,111.55000305175781,111.58000183105469,111.25,111.45999908447266,84.67094421386719,14854800,0.0,0.0,0.0
2018-12-03,111.30999755859375,111.5999984741211,111.25,111.5199966430664,84.98567962646484,12740500,0.353,0.0,0.0
2018-12-04,111.72000122070312,111.9800033569336,111.52999877929688,111.54000091552734,85.00090789794922,13521500,0.0,0.0,0.0
2018-12-06,111.61000061035156,111.98999786376953,111.5999984741211,111.87999725341797,85.26005554199219,12752200,0.0,0.0,0.0
2018-12-07,112.0,112.05999755859375,111.73999786376953,111.88999938964844,85.26763916015625,11791900,0.0,0.0,0.0
2018-12-10,112.19999694824219,112.23999786376953,111.91000366210938,112.2300033569336,85.52677917480469,6886500,0.0,0.0,0.0
2018-12-11,112.37999725341797,112.55999755859375,112.26000213623047,112.43000030517578,85.67916870117188,10241100,0.0,0.0,0.0
2018-12-12,112.44999694824219,112.68000030517578,111.58999633789062,112.55000305175781,85.77063751220703,10001600,0.0,0.0,0.0
2018-12-13,112.73999786376953,112.91000366210938,112.7300033569336,112.8499984741211,85.99922180175781,6911200,0.0,0.0,0.0
2018-12-14,112.91000366210938,113.01000213623047,112.70999908447266,112.7300033569336,85.90776824951172,6037900,0.0,0.0,0.0
2018-12-17,112.7699966430664,112.98999786376953,112.7699966430664,112.8499984741211,85.99922180175781,6480500,0.0,0.0,0.0
2018-12-18,112.69999694824219,112.94000244140625,112.61000061035156,112.9000015258789,86.30654907226562,5923200,0.352,0.0,0.0
2018-12-19,113.05000305175781,113.30999755859375,112.80999755859375,112.80999755859375,86.23772430419922,10049200,0.0,0.0,0.0
2018-12-20,113.08000183105469,113.1500015258789,112.2699966430664,112.44000244140625,85.95489501953125,20942200,0.0,0.0,0.0
2018-12-21,112.58000183105469,112.68000030517578,112.13999938964844,112.33000183105469,85.87080383300781,11850700,0.0,0.0,0.0
2018-12-24,112.31999969482422,112.41000366210938,111.98999786376953,112.06999969482422,85.67205047607422,4384800,0.0,0.0,0.0
2018-12-26,112.08000183105469,112.20999908447266,111.79000091552734,111.9800033569336,85.60322570800781,7659300,0.0,0.0,0.0
2018-12-27,112.16000366210938,112.29000091552734,111.9800033569336,111.9800033569336,85.60322570800781,7797300,0.0,0.0,0.0
2018-12-28,112.0999984741211,112.52999877929688,112.0999984741211,112.51000213623047,86.00836944580078,4334500,0.0,0.0,0.0
2018-12-31,112.5199966430664,112.91999816894531,112.43000030517578,112.81999969482422,86.2453842163086,7008400,0.0,0.0,0.0
2019-01-02,112.81999969482422,113.19000244140625,112.77999877929688,113.16999816894531,86.512939453125,9506500,0.0,0.0,0.0
2019-01-03,113.0,113.30000305175781,112.94999694824219,113.22000122070312,86.55113983154297,11199100,0.0,0.0,0.0
2019-01-04,112.87999725341797,113.19999694824219,112.80999755859375,113.1500015258789,86.49766540527344,12080700,0.0,0.0,0.0
2019-01-07,113.38999938964844,113.45999908447266,113.1500015258789,113.16000366210938,86.50529479980469,16150100,0.0,0.0,0.0
2019-01-08,113.20999908447266,113.44000244140625,113.20999908447266,113.41000366210938,86.6963882446289,7961400,0.0,0.0,0.0
2019-01-09,113.5,113.88999938964844,113.5,113.83999633789062,87.02513885498047,10534900,0.0,0.0,0.0
2019-01-10,113.7300033569336,113.7699966430664,113.43000030517578,113.54000091552734,86.79576873779297,10337000,0.0,0.0,0.0
2019-01-11,113.79000091552734,113.79000091552734,113.58999633789062,113.75,86.95628356933594,6890800,0.0,0.0,0.0
2019-01-14,113.62000274658203,113.79000091552734,113.41999816894531,113.44999694824219,86.72698974609375,4511400,0.0,0.0,0.0
2019-01-15,113.54000091552734,113.68000030517578,113.44999694824219,113.5199966430664,86.78050994873047,10536500,0.0,0.0,0.0
2019-01-16,113.5199966430664,113.9000015258789,113.45999908447266,113.73999786376953,86.94868469238281,17911800,0.0,0.0,0.0
2019-01-17,113.66000366210938,113.9800033569336,113.66000366210938,113.97000122070312,87.12451171875,8756200,0.0,0.0,0.0
2019-01-18,113.95999908447266,114.27999877929688,113.95999908447266,114.16999816894531,87.27738952636719,12589700,0.0,0.0,0.0
2019-01-22,114.31999969482422,114.58000183105469,114.31999969482422,114.36000061035156,87.42264556884766,9101600,0.0,0.0,0.0
2019-01-23,114.45999908447266,114.73999786376953,114.38999938964844,114.6500015258789,87.64431762695312,11707200,0.0,0.0,0.0
2019-01-24,115.05000305175781,115.11000061035156,114.86000061035156,114.94999694824219,87.8736801147461,8874700,0.0,0.0,0.0
2019-01-25,114.9000015258789,115.05000305175781,114.87999725341797,115.05000305175781,87.95011138916016,8529200,0.0,0.0,0.0
2019-01-28,114.94999694824219,115.12000274658203,114.88999938964844,115.02999877929688,87.93482208251953,7830600,0.0,0.0,0.0
2019-01-29,115.16999816894531,115.27999877929688,115.06999969482422,115.27999877929688,88.12589263916016,9111300,0.0,0.0,0.0
2019-01-30,115.31999969482422,115.80999755859375,115.16999816894531,115.80999755859375,88.53108978271484,17275500,0.0,0.0,0.0
2019-01-31,116.20999908447266,116.69999694824219,116.19000244140625,116.62000274658203,89.15032196044922,12004200,0.0,0.0,0.0
2019-02-01,116.12000274658203,116.30999755859375,115.91999816894531,115.98999786376953,88.9378662109375,15158400,0.353,0.0,0.0
2019-02-04,115.87000274658203,115.88999938964844,115.61000061035156,115.83000183105469,88.81524658203125,7375500,0.0,0.0,0.0
2019-02-05,116.0999984741211,116.4800033569336,116.08999633789062,116.30000305175781,89.17558288574219,9298100,0.0,0.0,0.0
2019-02-06,116.37999725341797,116.4000015258789,116.04000091552734,116.08000183105469,89.00688171386719,7083600,0.0,0.0,0.0
2019-02-07,116.0,116.08000183105469,115.77999877929688,116.05999755859375,88.99153900146484,12973200,0.0,0.0,0.0
2019-02-08,116.1500015258789,116.37999725341797,116.11000061035156,116.3499984741211,89.21392822265625,5502500,0.0,0.0,0.0
2019-02-11,116.27999877929688,116.27999877929688,116.0,116.08999633789062,89.01457977294922,5353800,0.0,0.0,0.0
2019-02-12,116.08000183105469,116.25,116.02999877929688,116.25,89.1372299194336,10689100,0.0,0.0,0.0
2019-02-13,116.01000213623047,116.0999984741211,115.88999938964844,115.94999694824219,88.9072036743164,9595200,0.0,0.0,0.0
2019-02-14,116.23999786376953,116.23999786376953,115.94000244140625,116.08000183105469,89.00688171386719,14906100,0.0,0.0,0.0
2019-02-15,116.02999877929688,116.26000213623047,116.02999877929688,116.22000122070312,89.11427307128906,8298000,0.0,0.0,0.0
2019-02-19,116.44000244140625,116.44000244140625,116.16999816894531,116.29000091552734,89.16793060302734,6920300,0.0,0.0,0.0
2019-02-20,116.19000244140625,116.2300033569336,115.98999786376953,116.19000244140625,89.09126281738281,8577400,0.0,0.0,0.0
2019-02-21,115.76000213623047,115.9800033569336,115.73999786376953,115.86000061035156,88.83820343017578,6311000,0.0,0.0,0.0
2019-02-22,115.97000122070312,116.4800033569336,115.97000122070312,116.37999725341797,89.23697662353516,4110600,0.0,0.0,0.0
2019-02-25,116.26000213623047,116.44999694824219,116.25,116.33999633789062,89.20625305175781,6026200,0.0,0.0,0.0
2019-02-26,116.51000213623047,116.58999633789062,116.41000366210938,116.5199966430664,89.34428405761719,6360600,0.0,0.0,0.0
2019-02-27,116.37000274658203,116.37000274658203,116.11000061035156,116.19000244140625,89.09126281738281,7008500,0.0,0.0,0.0
2019-02-28,116.25,116.37000274658203,115.95999908447266,116.02999877929688,88.96858215332031,12468400,0.0,0.0,0.0
2019-03-01,115.73999786376953,115.87999725341797,115.41999816894531,115.47000122070312,88.81319427490234,12714100,0.358,0.0,0.0
2019-03-04,115.80999755859375,115.86000061035156,115.68000030517578,115.7300033569336,89.01315307617188,9453600,0.0,0.0,0.0
2019-03-05,115.69000244140625,115.79000091552734,115.56999969482422,115.7699966430664,89.04393768310547,9090400,0.0,0.0,0.0
2019-03-06,115.80999755859375,115.95999908447266,115.73999786376953,115.87999725341797,89.12852478027344,6278700,0.0,0.0,0.0
2019-03-07,116.0999984741211,116.30000305175781,116.02999877929688,116.26000213623047,89.42084503173828,7355500,0.0,0.0,0.0
2019-03-08,116.11000061035156,116.43000030517578,115.91000366210938,116.41000366210938,89.53622436523438,7386600,0.0,0.0,0.0
2019-03-11,116.38999938964844,116.54000091552734,116.30999755859375,116.54000091552734,89.63617706298828,7813600,0.0,0.0,0.0
2019-03-12,116.56999969482422,116.94000244140625,116.55999755859375,116.86000061035156,89.88232421875,7994600,0.0,0.0,0.0
2019-03-13,116.54000091552734,116.70999908447266,116.54000091552734,116.66999816894531,89.73617553710938,5834000,0.0,0.0,0.0
2019-03-14,116.62999725341797,116.63999938964844,116.33999633789062,116.44000244140625,89.55927276611328,5395300,0.0,0.0,0.0
2019-03-15,116.76000213623047,117.0199966430664,116.69999694824219,116.86000061035156,89.88232421875,8537000,0.0,0.0,0.0
2019-03-18,116.77999877929688,116.88999938964844,116.75,116.80000305175781,89.83615112304688,4308300,0.0,0.0,0.0
2019-03-19,116.62999725341797,116.93000030517578,116.62999725341797,116.81999969482422,89.85153198242188,8074700,0.0,0.0,0.0
2019-03-20,116.88999938964844,117.66000366210938,116.77999877929688,117.61000061035156,90.45916748046875,16202600,0.0,0.0,0.0
2019-03-21,117.5199966430664,117.91000366210938,117.5199966430664,117.83000183105469,90.62837982177734,14163200,0.0,0.0,0.0
2019-03-22,118.20999908447266,118.63999938964844,118.20999908447266,118.55000305175781,91.18218231201172,10576900,0.0,0.0,0.0
2019-03-25,118.56999969482422,119.0,118.37000274658203,118.79000091552734,91.36675262451172,7096100,0.0,0.0,0.0
2019-03-26,118.73999786376953,118.93000030517578,118.58999633789062,118.83999633789062,91.40518951416016,7766500,0.0,0.0,0.0
2019-03-27,119.0,119.22000122070312,118.91999816894531,119.0,91.52830505371094,7484100,0.0,0.0,0.0
2019-03-28,119.02999877929688,119.1500015258789,118.91000366210938,119.1500015258789,91.64363861083984,4621200,0.0,0.0,0.0
2019-03-29,118.83000183105469,119.1500015258789,118.79000091552734,119.05999755859375,91.574462890625,8415100,0.0,0.0,0.0
2019-04-01,118.44999694824219,118.62000274658203,118.19999694824219,118.26000213623047,91.23343658447266,9567400,0.358,0.0,0.0
2019-04-02,118.27999877929688,118.44999694824219,118.19000244140625,118.41999816894531,91.35686492919922,7733300,0.0,0.0,0.0
2019-04-03,118.1500015258789,118.29000091552734,118.11000061035156,118.16999816894531,91.16399383544922,6048400,0.0,0.0,0.0
2019-04-04,118.19999694824219,118.36000061035156,118.11000061035156,118.36000061035156,91.31057739257812,7510600,0.0,0.0,0.0
2019-04-05,118.33999633789062,118.69000244140625,118.26000213623047,118.55000305175781,91.45714569091797,9326200,0.0,0.0,0.0
2019-04-08,118.5199966430664,118.56999969482422,118.3499984741211,118.37999725341797,91.32600402832031,8564800,0.0,0.0,0.0
2019-04-09,118.69000244140625,118.83000183105469,118.58000183105469,118.62999725341797,91.51890563964844,7749000,0.0,0.0,0.0
2019-04-10,118.87000274658203,119.2699966430664,118.86000061035156,119.20999908447266,91.96631622314453,5765300,0.0,0.0,0.0
2019-04-11,119.05999755859375,119.20999908447266,119.01000213623047,119.08999633789062,91.87377166748047,7769500,0.0,0.0,0.0
2019-04-12,118.98999786376953,119.12000274658203,118.88999938964844,119.0199966430664,91.81976318359375,11083800,0.0,0.0,0.0
2019-04-15,119.01000213623047,119.08000183105469,118.83000183105469,118.83000183105469,91.67317962646484,12427300,0.0,0.0,0.0
2019-04-16,118.79000091552734,118.79000091552734,118.48999786376953,118.5,91.41859436035156,10302700,0.0,0.0,0.0
2019-04-17,118.62000274658203,118.72000122070312,118.47000122070312,118.4800033569336,91.4031753540039,6062300,0.0,0.0,0.0
2019-04-18,118.75,118.80000305175781,118.55000305175781,118.58000183105469,91.48031616210938,8060000,0.0,0.0,0.0
2019-04-22,118.45999908447266,118.52999877929688,118.33999633789062,118.38999938964844,91.33377075195312,6581900,0.0,0.0,0.0
2019-04-23,118.55999755859375,118.87999725341797,118.54000091552734,118.87999725341797,91.71172332763672,7389700,0.0,0.0,0.0
2019-04-24,119.16000366210938,119.4000015258789,119.12999725341797,119.27999877929688,92.02033996582031,6463200,0.0,0.0,0.0
2019-04-25,119.16999816894531,119.2699966430664,119.02999877929688,119.22000122070312,91.97404479980469,4404000,0.0,0.0,0.0
2019-04-26,119.62000274658203,119.70999908447266,119.5,119.63999938964844,92.29808044433594,3406100,0.0,0.0,0.0
2019-04-29,119.37999725341797,119.43000030517578,119.11000061035156,119.16999816894531,91.93546295166016,5847500,0.0,0.0,0.0
2019-04-30,119.1500015258789,119.3499984741211,119.0999984741211,119.22000122070312,91.97404479980469,9753300,0.0,0.0,0.0
2019-05-01,119.0,119.56999969482422,118.83000183105469,118.83000183105469,91.94464111328125,12804300,0.352,0.0,0.0
2019-05-02,118.69999694824219,118.73999786376953,118.29000091552734,118.4000015258789,91.61192321777344,11748200,0.0,0.0,0.0
2019-05-03,118.6500015258789,118.97000122070312,118.6500015258789,118.93000030517578,92.02202606201172,7481000,0.0,0.0,0.0
2019-05-06,119.02999877929688,119.2300033569336,118.87999725341797,119.08999633789062,92.14584350585938,8077400,0.0,0.0,0.0
2019-05-07,119.27999877929688,119.29000091552734,119.0,119.08000183105469,92.13809204101562,11575500,0.0,0.0,0.0
2019-05-08,119.1500015258789,119.19999694824219,118.63999938964844,118.68000030517578,91.82857513427734,11843100,0.0,0.0,0.0
2019-05-09,118.93000030517578,118.94999694824219,118.61000061035156,118.79000091552734,91.91368103027344,11586200,0.0,0.0,0.0
2019-05-10,118.75,118.91999816894531,118.70999908447266,118.86000061035156,91.96780395507812,8155600,0.0,0.0,0.0
2019-05-13,118.86000061035156,119.12999725341797,118.77999877929688,118.93000030517578,92.02202606201172,16744900,0.0,0.0,0.0
2019-05-14,119.0,119.12000274658203,118.91999816894531,119.0999984741211,92.1535415649414,7993500,0.0,0.0,0.0
2019-05-15,119.41000366210938,119.44999694824219,119.18000030517578,119.43000030517578,92.40889739990234,10804400,0.0,0.0,0.0
2019-05-16,119.33999633789062,119.33999633789062,119.20999908447266,119.23999786376953,92.26187133789062,11716300,0.0,0.0,0.0
2019-05-17,119.37999725341797,119.44000244140625,119.2300033569336,119.25,92.26963806152344,7746100,0.0,0.0,0.0
2019-05-20,119.22000122070312,119.30999755859375,118.95999908447266,118.97000122070312,92.05299377441406,2890900,0.0,0.0,0.0
2019-05-21,119.08999633789062,119.11000061035156,118.93000030517578,119.06999969482422,92.13032531738281,3610100,0.0,0.0,0.0
2019-05-22,119.13999938964844,119.30999755859375,119.04000091552734,119.22000122070312,92.24639892578125,9526200,0.0,0.0,0.0
2019-05-23,119.2699966430664,119.61000061035156,119.19000244140625,119.4800033569336,92.44760131835938,9983400,0.0,0.0,0.0
2019-05-24,119.63999938964844,119.75,119.5199966430664,119.7300033569336,92.6409912109375,5981700,0.0,0.0,0.0
2019-05-28,119.93000030517578,120.0,119.7699966430664,119.80999755859375,92.70291137695312,9039100,0.0,0.0,0.0
2019-05-29,119.87999725341797,120.02999877929688,119.81999969482422,119.86000061035156,92.74162292480469,8778000,0.0,0.0,0.0
2019-05-30,120.0999984741211,120.58999633789062,120.01000213623047,120.55000305175781,93.27550506591797,11946400,0.0,0.0,0.0
2019-05-31,120.62000274658203,120.83999633789062,120.38999938964844,120.83000183105469,93.49214172363281,11611700,0.0,0.0,0.0
2019-06-03,120.75,120.91000366210938,120.41000366210938,120.83000183105469,93.78006744384766,12525200,0.371,0.0,0.0
2019-06-04,120.52999877929688,120.93000030517578,120.52999877929688,120.87000274658203,93.81114959716797,20566100,0.0,0.0,0.0
2019-06-05,120.97000122070312,121.18000030517578,120.68000030517578,120.79000091552734,93.74906158447266,10423100,0.0,0.0,0.0
2019-06-06,120.95999908447266,121.12000274658203,120.81999969482422,121.0199966430664,93.92752838134766,14133600,0.0,0.0,0.0
2019-06-07,121.5,121.8499984741211,121.43000030517578,121.55999755859375,94.3466796875,11912900,0.0,0.0,0.0
2019-06-10,121.33999633789062,121.47000122070312,121.11000061035156,121.12000274658203,94.00521087646484,13072400,0.0,0.0,0.0
2019-06-11,121.19999694824219,121.31999969482422,121.02999877929688,121.2300033569336,94.090576171875,17076700,0.0,0.0,0.0
2019-06-12,121.23999786376953,121.43000030517578,121.1500015258789,121.41000366210938,94.2302474975586,11814400,0.0,0.0,0.0
2019-06-13,121.44999694824219,121.75,121.44999694824219,121.72000122070312,94.47088623046875,6665700,0.0,0.0,0.0
2019-06-14,121.55000305175781,121.81999969482422,121.45999908447266,121.7699966430664,94.50965881347656,4652300,0.0,0.0,0.0
2019-06-17,121.69000244140625,121.93000030517578,121.62000274658203,121.83000183105469,94.55621337890625,6213200,0.0,0.0,0.0
2019-06-18,122.45999908447266,122.7699966430664,122.33999633789062,122.63999938964844,95.18488311767578,19575000,0.0,0.0,0.0
2019-06-19,122.3499984741211,123.44999694824219,122.2300033569336,123.41999816894531,95.7902603149414,17597800,0.0,0.0,0.0
2019-06-20,123.9000015258789,124.16000366210938,123.69999694824219,124.08999633789062,96.31029510498047,24937900,0.0,0.0,0.0
2019-06-21,123.68000030517578,123.88999938964844,123.4800033569336,123.63999938964844,95.96101379394531,18566400,0.0,0.0,0.0
2019-06-24,123.94999694824219,124.16999816894531,123.77999877929688,123.94999694824219,96.2016372680664,15241600,0.0,0.0,0.0
2019-06-25,123.94999694824219,123.98999786376953,123.47000122070312,123.58000183105469,95.91448974609375,17843700,0.0,0.0,0.0
2019-06-26,123.83999633789062,123.83999633789062,123.27999877929688,123.33000183105469,95.72042083740234,24436700,0.0,0.0,0.0
2019-06-27,123.63999938964844,124.13999938964844,123.54000091552734,124.05000305175781,96.27926635742188,10314500,0.0,0.0,0.0
2019-06-28,124.11000061035156,124.44000244140625,124.08999633789062,124.37000274658203,96.52762603759766,9512100,0.0,0.0,0.0
2019-07-01,124.20999908447266,124.54000091552734,123.94000244140625,124.25,96.71050262451172,19129900,0.355,0.0,0.0
2019-07-02,124.31999969482422,124.6500015258789,124.19999694824219,124.58999633789062,96.97515106201172,15843800,0.0,0.0,0.0
2019-07-03,124.6500015258789,124.95999908447266,124.58999633789062,124.93000030517578,97.23979949951172,6947300,0.0,0.0,0.0
2019-07-05,124.04000091552734,124.1500015258789,123.33999633789062,123.83000183105469,96.38360595703125,7889900,0.0,0.0,0.0
2019-07-08,124.0,124.05000305175781,123.66000366210938,123.66000366210938,96.25129699707031,9239200,0.0,0.0,0.0
2019-07-09,123.58999633789062,123.62000274658203,123.33999633789062,123.4000015258789,96.0489273071289,15877100,0.0,0.0,0.0
2019-07-10,123.55000305175781,123.83999633789062,123.4800033569336,123.68000030517578,96.26685333251953,9551800,0.0,0.0,0.0
2019-07-11,123.44999694824219,123.63999938964844,122.8499984741211,122.94999694824219,95.69864654541016,7101300,0.0,0.0,0.0
2019-07-12,122.9000015258789,123.13999938964844,122.83999633789062,123.06999969482422,95.79206848144531,6363600,0.0,0.0,0.0
2019-07-15,123.19999694824219,123.33999633789062,123.08999633789062,123.27999877929688,95.95549011230469,7705000,0.0,0.0,0.0
2019-07-16,122.8499984741211,123.04000091552734,122.70999908447266,123.0199966430664,95.7531509399414,9867500,0.0,0.0,0.0
2019-07-17,123.1500015258789,123.68000030517578,123.1500015258789,123.66999816894531,96.25907135009766,6620400,0.0,0.0,0.0
2019-07-18,123.61000061035156,124.08999633789062,123.36000061035156,123.95999908447266,96.48481750488281,10357300,0.0,0.0,0.0
2019-07-19,123.83000183105469,124.05999755859375,123.6500015258789,123.7699966430664,96.33685302734375,8789300,0.0,0.0,0.0
2019-07-22,124.25,124.2699966430664,124.08999633789062,124.1500015258789,96.63265991210938,4464800,0.0,0.0,0.0
2019-07-23,124.23999786376953,124.23999786376953,123.97000122070312,124.22000122070312,96.68716430664062,7013600,0.0,0.0,0.0
2019-07-24,124.38999938964844,124.58000183105469,124.22000122070312,124.56999969482422,96.95960235595703,11851200,0.0,0.0,0.0
2019-07-25,124.41000366210938,124.48999786376953,123.87000274658203,124.16999816894531,96.64820861816406,9943100,0.0,0.0,0.0
2019-07-26,124.43000030517578,124.48999786376953,124.16999816894531,124.33999633789062,96.78050994873047,7285100,0.0,0.0,0.0
2019-07-29,124.48999786376953,124.51000213623047,124.25,124.26000213623047,96.71829986572266,7379600,0.0,0.0,0.0
2019-07-30,124.22000122070312,124.30999755859375,123.91999816894531,124.22000122070312,96.68716430664062,12112000,0.0,0.0,0.0
2019-07-31,124.3499984741211,124.7300033569336,123.80999755859375,124.33000183105469,96.77278900146484,17422700,0.0,0.0,0.0
2019-08-01,124.30999755859375,125.30999755859375,124.22000122070312,124.98999786376953,97.55952453613281,16216800,0.348,0.0,0.0
2019-08-02,124.94999694824219,125.1500015258789,124.83999633789062,125.12000274658203,97.66101837158203,14629500,0.0,0.0,0.0
2019-08-05,125.51000213623047,125.51000213623047,125.12999725341797,125.20999908447266,97.73126983642578,12715500,0.0,0.0,0.0
2019-08-06,125.58000183105469,126.04000091552734,125.33000183105469,125.98999786376953,98.34009552001953,14920200,0.0,0.0,0.0
2019-08-07,126.47000122070312,126.66000366210938,125.86000061035156,125.97000122070312,98.32447814941406,24644100,0.0,0.0,0.0
2019-08-08,125.77999877929688,126.36000061035156,125.52999877929688,126.30999755859375,98.58985900878906,8353800,0.0,0.0,0.0
2019-08-09,126.30999755859375,126.3499984741211,125.88999938964844,125.94000244140625,98.30109405517578,6375900,0.0,0.0,0.0
2019-08-12,126.30000305175781,126.83000183105469,126.26000213623047,126.7300033569336,98.91769409179688,8075100,0.0,0.0,0.0
2019-08-13,126.81999969482422,126.94999694824219,126.44999694824219,126.62999725341797,98.8396224975586,10955000,0.0,0.0,0.0
2019-08-14,127.0999984741211,127.19999694824219,126.83000183105469,127.0,99.12847900390625,9070900,0.0,0.0,0.0
2019-08-15,127.1500015258789,128.0,127.05000305175781,127.62000274658203,99.61237335205078,11378300,0.0,0.0,0.0
2019-08-16,127.31999969482422,127.9000015258789,127.06999969482422,127.8499984741211,99.7918930053711,10842200,0.0,0.0,0.0
2019-08-19,127.16999816894531,127.62000274658203,127.0,127.43000030517578,99.46404266357422,7226200,0.0,0.0,0.0
2019-08-20,127.8499984741211,128.22000122070312,127.72000122070312,128.1699981689453,100.0416488647461,11402300,0.0,0.0,0.0
2019-08-21,127.87000274658203,128.72999572753906,127.87000274658203,128.39999389648438,100.22120666503906,9344000,0.0,0.0,0.0
2019-08-22,128.25,128.5,127.87999725341797,127.93000030517578,99.85433197021484,7054000,0.0,0.0,0.0
2019-08-23,127.79000091552734,128.7100067138672,127.7699966430664,128.39999389648438,100.22120666503906,7998600,0.0,0.0,0.0
2019-08-26,128.47999572753906,128.72000122070312,128.2100067138672,128.41000366210938,100.22900390625,6305900,0.0,0.0,0.0
2019-08-27,128.75,129.1999969482422,128.75,129.10000610351562,100.76760864257812,12644100,0.0,0.0,0.0
2019-08-28,129.39999389648438,129.4600067138672,129.00999450683594,129.10000610351562,100.76760864257812,8935800,0.0,0.0,0.0
2019-08-29,129.05999755859375,129.10000610351562,128.35000610351562,128.82000732421875,100.549072265625,17900500,0.0,0.0,0.0
2019-08-30,128.6699981689453,128.83999633789062,128.4199981689453,128.8000030517578,100.53340911865234,8653700,0.0,0.0,0.0
2019-09-03,128.3699951171875,128.72000122070312,127.94000244140625,128.3300018310547,100.4386978149414,22683500,0.349,0.0,0.0
2019-09-04,128.07000732421875,128.7100067138672,128.07000732421875,128.57000732421875,100.62652587890625,8502600,0.0,0.0,0.0
2019-09-05,127.94999694824219,128.24000549316406,127.41999816894531,127.62999725341797,99.89083862304688,19042800,0.0,0.0,0.0
2019-09-06,127.83999633789062,128.19000244140625,127.77999877929688,128.08999633789062,100.2508544921875,8914800,0.0,0.0,0.0
2019-09-09,127.47000122070312,127.55999755859375,127.1500015258789,127.1500015258789,99.5151596069336,7219000,0.0,0.0,0.0
2019-09-10,126.97000122070312,126.98999786376953,126.06999969482422,126.08000183105469,98.6777114868164,9863400,0.0,0.0,0.0
2019-09-11,126.0,126.31999969482422,125.91000366210938,125.9800033569336,98.59945678710938,8165800,0.0,0.0,0.0
2019-09-12,126.66000366210938,126.76000213623047,125.7300033569336,125.80999755859375,98.46637725830078,11506000,0.0,0.0,0.0
2019-09-13,125.36000061035156,125.58999633789062,124.68000030517578,124.68000030517578,97.58200073242188,8984600,0.0,0.0,0.0
2019-09-16,125.12999725341797,125.43000030517578,124.93000030517578,125.30999755859375,98.0750503540039,11464700,0.0,0.0,0.0
2019-09-17,125.26000213623047,125.80999755859375,125.16000366210938,125.62999725341797,98.32551574707031,12480700,0.0,0.0,0.0
2019-09-18,126.06999969482422,126.45999908447266,125.52999877929688,125.94000244140625,98.56816101074219,9162300,0.0,0.0,0.0
2019-09-19,126.41000366210938,126.61000061035156,126.20999908447266,126.30000305175781,98.84989929199219,9042800,0.0,0.0,0.0
2019-09-20,126.69000244140625,127.2300033569336,126.55999755859375,127.16999816894531,99.53083038330078,10406200,0.0,0.0,0.0
2019-09-23,127.38999938964844,127.58000183105469,127.05000305175781,127.08000183105469,99.46035766601562,9526600,0.0,0.0,0.0
2019-09-24,127.41000366210938,127.6500015258789,127.29000091552734,127.4800033569336,99.77345275878906,12638700,0.0,0.0,0.0
2019-09-25,127.27999877929688,127.36000061035156,126.62999725341797,126.76000213623047,99.20990753173828,13852300,0.0,0.0,0.0
2019-09-26,127.19000244140625,127.2699966430664,127.0,127.02999877929688,99.42125701904297,8377600,0.0,0.0,0.0
2019-09-27,127.1500015258789,127.22000122070312,126.93000030517578,127.05999755859375,99.44474029541016,8627800,0.0,0.0,0.0
2019-09-30,126.95999908447266,127.51000213623047,126.86000061035156,127.4800033569336,99.77345275878906,10769500,0.0,0.0,0.0
2019-10-01,126.55999755859375,127.66000366210938,126.55999755859375,127.29000091552734,99.88804626464844,13233900,0.336,0.0,0.0
2019-10-02,127.25,127.3499984741211,126.97000122070312,127.23999786376953,99.84880065917969,11377000,0.0,0.0,0.0
2019-10-03,127.43000030517578,127.91999816894531,127.43000030517578,127.73999786376953,100.24114990234375,13985000,0.0,0.0,0.0
2019-10-04,128.02999877929688,128.27000427246094,127.94999694824219,128.27000427246094,100.65703582763672,9168500,0.0,0.0,0.0
2019-10-07,127.91000366210938,128.0,127.61000061035156,127.62000274658203,100.14697265625,6989300,0.0,0.0,0.0
2019-10-08,127.91000366210938,127.98999786376953,127.4800033569336,127.51000213623047,100.06067657470703,8635500,0.0,0.0,0.0
2019-10-09,127.77999877929688,127.77999877929688,127.27999877929688,127.55999755859375,100.09989166259766,9929500,0.0,0.0,0.0
2019-10-10,127.13999938964844,127.19999694824219,126.66000366210938,126.80999755859375,99.51136779785156,7962200,0.0,0.0,0.0
2019-10-11,126.48999786376953,126.7699966430664,126.05000305175781,126.58000183105469,99.33084869384766,11061500,0.0,0.0,0.0
2019-10-14,126.9000015258789,127.05000305175781,126.69999694824219,127.0,99.66045379638672,2276500,0.0,0.0,0.0
2019-10-15,127.05000305175781,127.05000305175781,126.56999969482422,126.66000366210938,99.39362335205078,13199100,0.0,0.0,0.0
2019-10-16,126.73999786376953,126.91000366210938,126.51000213623047,126.80000305175781,99.50350952148438,7793500,0.0,0.0,0.0
2019-10-17,126.81999969482422,127.19000244140625,126.70999908447266,126.9800033569336,99.64476013183594,5795300,0.0,0.0,0.0
2019-10-18,127.13999938964844,127.33999633789062,127.05000305175781,127.13999938964844,99.77030944824219,5978200,0.0,0.0,0.0
2019-10-21,126.9000015258789,127.0,126.80000305175781,126.8499984741211,99.54275512695312,6457700,0.0,0.0,0.0
2019-10-22,127.23999786376953,127.26000213623047,126.87999725341797,127.06999969482422,99.71539306640625,5820000,0.0,0.0,0.0
2019-10-23,127.30999755859375,127.37000274658203,127.08999633789062,127.13999938964844,99.77030944824219,4986100,0.0,0.0,0.0
2019-10-24,127.2699966430664,127.55999755859375,127.2699966430664,127.41999816894531,99.99005126953125,9154900,0.0,0.0,0.0
2019-10-25,127.4800033569336,127.4800033569336,127.02999877929688,127.19999694824219,99.81739044189453,6263000,0.0,0.0,0.0
2019-10-28,126.80000305175781,126.94000244140625,126.72000122070312,126.81999969482422,99.51924896240234,9081600,0.0,0.0,0.0
2019-10-29,126.7699966430664,126.87999725341797,126.4800033569336,126.48999786376953,99.2602310180664,9236700,0.0,0.0,0.0
2019-10-30,126.45999908447266,127.01000213623047,126.43000030517578,126.94000244140625,99.61335754394531,12250700,0.0,0.0,0.0
2019-10-31,127.41000366210938,127.79000091552734,127.26000213623047,127.70999908447266,100.21759796142578,18082800,0.0,0.0,0.0
2019-11-01,127.37999725341797,127.83000183105469,127.30000305175781,127.48999786376953,100.31594848632812,11238400,0.345,0.0,0.0
2019-11-04,127.1500015258789,127.18000030517578,126.8499984741211,126.88999938964844,99.8438720703125,10122100,0.0,0.0,0.0
2019-11-05,126.33999633789062,126.55999755859375,126.0199966430664,126.16000366210938,99.26943969726562,10409200,0.0,0.0,0.0
2019-11-06,126.51000213623047,126.9000015258789,126.5,126.87000274658203,99.82811737060547,8496500,0.0,0.0,0.0
2019-11-07,126.31999969482422,126.44000244140625,125.73999786376953,125.87999725341797,99.04911804199219,14799000,0.0,0.0,0.0
2019-11-08,125.86000061035156,126.16999816894531,125.70999908447266,125.70999908447266,98.91535949707031,6256300,0.0,0.0,0.0
2019-11-11,125.95999908447266,125.98999786376953,125.66000366210938,125.75,98.94683837890625,3231600,0.0,0.0,0.0
2019-11-12,125.86000061035156,125.97000122070312,125.61000061035156,125.87000274658203,99.04126739501953,9936600,0.0,0.0,0.0
2019-11-13,126.2300033569336,126.33999633789062,126.11000061035156,126.16999816894531,99.2773208618164,10280100,0.0,0.0,0.0
2019-11-14,126.63999938964844,126.91000366210938,126.63999938964844,126.83000183105469,99.79664611816406,10163800,0.0,0.0,0.0
2019-11-15,126.73999786376953,126.98999786376953,126.5999984741211,126.8499984741211,99.8124008178711,5411900,0.0,0.0,0.0
2019-11-18,127.04000091552734,127.16999816894531,126.91000366210938,126.98999786376953,99.92254638671875,9148900,0.0,0.0,0.0
2019-11-19,127.08000183105469,127.27999877929688,127.04000091552734,127.23999786376953,100.11927032470703,3818800,0.0,0.0,0.0
2019-11-20,127.41000366210938,127.55000305175781,127.30999755859375,127.41999816894531,100.26089477539062,5395800,0.0,0.0,0.0
2019-11-21,127.16999816894531,127.30000305175781,127.01000213623047,127.12000274658203,100.02481842041016,8425700,0.0,0.0,0.0
2019-11-22,127.41999816894531,127.51000213623047,127.2300033569336,127.47000122070312,100.30022430419922,5276600,0.0,0.0,0.0
2019-11-25,127.63999938964844,127.9800033569336,127.62999725341797,127.91000366210938,100.64641571044922,6808600,0.0,0.0,0.0
2019-11-26,128.0500030517578,128.3300018310547,128.02999877929688,128.24000549316406,100.90611267089844,8688800,0.0,0.0,0.0
2019-11-27,127.98999786376953,128.27999877929688,127.9800033569336,128.22999572753906,100.89826202392578,7264000,0.0,0.0,0.0
2019-11-29,128.17999267578125,128.25999450683594,127.83999633789062,127.97000122070312,100.69365692138672,5260900,0.0,0.0,0.0
2019-12-02,127.06999969482422,127.1500015258789,126.80000305175781,127.06999969482422,100.25657653808594,14911500,0.346,0.0,0.0
2019-12-03,127.63999938964844,128.1699981689453,127.51000213623047,128.0500030517578,101.0297622680664,9376800,0.0,0.0,0.0
2019-12-04,127.8499984741211,128.02000427246094,127.45999908447266,127.87999725341797,100.89564514160156,11177600,0.0,0.0,0.0
2019-12-05,127.68000030517578,127.8499984741211,127.47000122070312,127.73999786376953,100.78518676757812,5700600,0.0,0.0,0.0
2019-12-06,127.37000274658203,127.86000061035156,127.30000305175781,127.66999816894531,100.72993469238281,6149500,0.0,0.0,0.0
2019-12-09,127.9800033569336,127.98999786376953,127.62000274658203,127.6500015258789,100.71418762207031,4545300,0.0,0.0,0.0
2019-12-10,127.81999969482422,127.93000030517578,127.52999877929688,127.6500015258789,100.71418762207031,6425500,0.0,0.0,0.0
2019-12-11,127.87999725341797,128.2899932861328,127.83000183105469,128.14999389648438,101.10869598388672,4417100,0.0,0.0,0.0
2019-12-12,128.08999633789062,128.1300048828125,127.16999816894531,127.55999755859375,100.64315032958984,10375000,0.0,0.0,0.0
2019-12-13,128.0399932861328,128.4600067138672,127.69999694824219,128.38999938964844,101.29801940917969,12474100,0.0,0.0,0.0
2019-12-16,128.24000549316406,128.30999755859375,127.97000122070312,128.10000610351562,101.06924438476562,8062600,0.0,0.0,0.0
2019-12-17,128.22000122070312,128.35000610351562,127.97000122070312,128.0,100.99032592773438,10886800,0.0,0.0,0.0
2019-12-18,128.00999450683594,128.11000061035156,127.80999755859375,127.91000366210938,100.91928100585938,10205500,0.0,0.0,0.0
2019-12-19,127.56999969482422,127.83999633789062,127.5,127.69999694824219,101.01897430419922,9307000,0.336,0.0,0.0
2019-12-20,127.62999725341797,127.7300033569336,127.4800033569336,127.66000366210938,100.98735046386719,8336900,0.0,0.0,0.0
2019-12-23,127.80000305175781,127.86000061035156,127.47000122070312,127.72000122070312,101.0347900390625,3827500,0.0,0.0,0.0
2019-12-24,127.55999755859375,127.95999908447266,127.5,127.8499984741211,101.13764953613281,2638000,0.0,0.0,0.0
2019-12-26,128.0399932861328,128.10000610351562,127.80000305175781,128.0800018310547,101.3196029663086,3879900,0.0,0.0,0.0
2019-12-27,128.35000610351562,128.39999389648438,128.25999450683594,128.25999450683594,101.46199035644531,8752100,0.0,0.0,0.0
2019-12-30,127.9000015258789,128.5,127.77999877929688,128.49000549316406,101.6438980102539,9993800,0.0,0.0,0.0
2019-12-31,128.00999450683594,128.25,127.88999938964844,127.95999908447266,101.22466278076172,5499400,0.0,0.0,0.0
2020-01-02,128.33999633789062,128.57000732421875,128.05999755859375,128.22999572753906,101.43826293945312,15348700,0.0,0.0,0.0
2020-01-03,128.39999389648438,128.7100067138672,128.27000427246094,128.6699981689453,101.78630065917969,10110900,0.0,0.0,0.0
2020-01-06,128.69000244140625,128.86000061035156,128.13999938964844,128.24000549316406,101.44615936279297,13894300,0.0,0.0,0.0
2020-01-07,128.1699981689453,128.17999267578125,127.83999633789062,127.91000366210938,101.18506622314453,8211700,0.0,0.0,0.0
2020-01-08,128.00999450683594,128.32000732421875,127.66999816894531,127.7300033569336,101.04273223876953,12268500,0.0,0.0,0.0
2020-01-09,127.69999694824219,128.38999938964844,127.66000366210938,128.33999633789062,101.5252914428711,14415100,0.0,0.0,0.0
2020-01-10,128.47000122070312,128.85000610351562,128.41000366210938,128.6999969482422,101.81002807617188,8263500,0.0,0.0,0.0
2020-01-13,128.52000427246094,128.5500030517578,128.3300018310547,128.38999938964844,101.56482696533203,4477400,0.0,0.0,0.0
2020-01-14,128.36000061035156,128.57000732421875,128.32000732421875,128.5500030517578,101.6913833618164,11066300,0.0,0.0,0.0
2020-01-15,128.8000030517578,128.8699951171875,128.63999938964844,128.8300018310547,101.91287994384766,8712400,0.0,0.0,0.0
2020-01-16,128.89999389648438,129.11000061035156,128.75,129.00999450683594,102.0552749633789,13926100,0.0,0.0,0.0
2020-01-17,128.92999267578125,129.08999633789062,128.60000610351562,128.99000549316406,102.03946685791016,13727800,0.0,0.0,0.0
2020-01-21,129.36000061035156,129.6699981689453,129.07000732421875,129.61000061035156,102.52992248535156,16807300,0.0,0.0,0.0
2020-01-22,129.83999633789062,129.8800048828125,129.6699981689453,129.67999267578125,102.58527374267578,9928600,0.0,0.0,0.0
2020-01-23,129.91000366210938,130.0,129.74000549316406,129.85000610351562,102.71977233886719,13623200,0.0,0.0,0.0
2020-01-24,130.1300048828125,130.22000122070312,129.9600067138672,130.07000732421875,102.8938217163086,11604500,0.0,0.0,0.0
2020-01-27,130.19000244140625,130.4499969482422,130.13999938964844,130.32000732421875,103.0915756225586,10461200,0.0,0.0,0.0
2020-01-28,130.4499969482422,130.55999755859375,130.1199951171875,130.25,103.03621673583984,12055900,0.0,0.0,0.0
2020-01-29,130.60000610351562,130.8800048828125,130.58999633789062,130.6699981689453,103.36846160888672,11174700,0.0,0.0,0.0
2020-01-30,130.72000122070312,130.9499969482422,130.47000122070312,130.75,103.43174743652344,14619200,0.0,0.0,0.0
2020-01-31,130.9600067138672,131.16000366210938,130.77000427246094,131.08999633789062,103.70069885253906,20194800,0.0,0.0,0.0
2020-02-03,130.5800018310547,130.80999755859375,130.4199981689453,130.64999389648438,103.61898803710938,11216300,0.337,0.0,0.0
2020-02-04,130.4199981689453,130.5,130.1300048828125,130.3300018310547,103.3652114868164,16799300,0.0,0.0,0.0
2020-02-05,130.1699981689453,130.30999755859375,130.08999633789062,130.25,103.3017807006836,9587500,0.0,0.0,0.0
2020-02-06,130.2899932861328,130.44000244140625,130.17999267578125,130.19000244140625,103.25416564941406,11028900,0.0,0.0,0.0
2020-02-07,130.72000122070312,130.88999938964844,130.5800018310547,130.69000244140625,103.65072631835938,11517200,0.0,0.0,0.0
2020-02-10,130.89999389648438,131.05999755859375,130.8000030517578,131.0,103.8965835571289,10405800,0.0,0.0,0.0
2020-02-11,130.88999938964844,131.07000732421875,130.7899932861328,130.80999755859375,103.74594116210938,10052700,0.0,0.0,0.0
2020-02-12,130.6999969482422,130.80999755859375,130.60000610351562,130.75,103.69830322265625,7069100,0.0,0.0,0.0
2020-02-13,130.75,130.91000366210938,130.63999938964844,130.66000366210938,103.6269302368164,5437400,0.0,0.0,0.0
2020-02-14,131.05999755859375,131.13999938964844,130.85000610351562,130.97999572753906,103.88069915771484,8254500,0.0,0.0,0.0
2020-02-18,131.1300048828125,131.35000610351562,131.02999877929688,131.22999572753906,104.07897186279297,9650900,0.0,0.0,0.0
2020-02-19,131.1199951171875,131.2899932861328,131.00999450683594,131.0500030517578,103.93621826171875,10731500,0.0,0.0,0.0
2020-02-20,131.16000366210938,131.49000549316406,131.13999938964844,131.49000549316406,104.28520202636719,13706000,0.0,0.0,0.0
2020-02-21,131.77999877929688,132.0500030517578,131.6699981689453,131.75,104.49142456054688,12192700,0.0,0.0,0.0
2020-02-24,132.02000427246094,132.16000366210938,131.75999450683594,131.77000427246094,104.50731658935547,17894700,0.0,0.0,0.0
2020-02-25,131.89999389648438,132.1999969482422,131.75,131.89999389648438,104.61038970947266,19930500,0.0,0.0,0.0
2020-02-26,131.5,132.0399932861328,131.39999389648438,131.41000366210938,104.22179412841797,23073400,0.0,0.0,0.0
2020-02-27,131.6300048828125,131.89999389648438,130.69000244140625,130.7100067138672,103.66661834716797,29687900,0.0,0.0,0.0
2020-02-28,131.00999450683594,132.2899932861328,130.75999450683594,132.17999267578125,104.83245086669922,25073300,0.0,0.0,0.0
2020-03-02,131.8699951171875,132.50999450683594,131.60000610351562,131.6999969482422,104.72830963134766,15922600,0.349,0.0,0.0
2020-03-03,131.8300018310547,133.99000549316406,131.75,133.1999969482422,105.92108917236328,39141000,0.0,0.0,0.0
2020-03-04,133.61000061035156,134.05999755859375,133.25,133.38999938964844,106.07217407226562,23702000,0.0,0.0,0.0
2020-03-05,133.72000122070312,133.8699951171875,133.05999755859375,133.33999633789062,106.03238677978516,22089500,0.0,0.0,0.0
2020-03-06,134.1999969482422,134.52999877929688,133.49000549316406,134.27000427246094,106.7719497680664,30099900,0.0,0.0,0.0
2020-03-09,131.2899932861328,133.22000122070312,130.35000610351562,131.00999450683594,104.17958068847656,27166000,0.0,0.0,0.0
2020-03-10,130.91000366210938,131.36000061035156,128.05999755859375,128.05999755859375,101.83378601074219,30024700,0.0,0.0,0.0
2020-03-11,128.0800018310547,128.27000427246094,123.19999694824219,123.8499984741211,98.48591613769531,37310300,0.0,0.0,0.0
2020-03-12,121.43000030517578,125.80000305175781,115.72000122070312,117.94000244140625,93.78627014160156,41021400,0.0,0.0,0.0
2020-03-13,121.48999786376953,124.0,119.23999786376953,123.05000305175781,97.8497543334961,33470600,0.0,0.0,0.0
2020-03-16,116.31999969482422,122.05000305175781,115.20999908447266,121.30000305175781,96.45818328857422,19928900,0.0,0.0,0.0
2020-03-17,119.44999694824219,121.05000305175781,115.38999938964844,116.33000183105469,92.5060043334961,19074000,0.0,0.0,0.0
2020-03-18,112.72000122070312,114.70999908447266,108.31999969482422,110.51000213623047,87.87792205810547,23808700,0.0,0.0,0.0
2020-03-19,109.08000183105469,110.0,104.94999694824219,105.05000305175781,83.53611755371094,29077100,0.0,0.0,0.0
2020-03-20,108.87000274658203,110.63999938964844,105.80000305175781,106.73999786376953,84.87998962402344,29390100,0.0,0.0,0.0
2020-03-23,111.06999969482422,115.13999938964844,110.83000183105469,114.62999725341797,91.1541748046875,36918800,0.0,0.0,0.0
2020-03-24,115.54000091552734,118.72000122070312,114.8499984741211,116.9800033569336,93.02290344238281,43049700,0.0,0.0,0.0
2020-03-25,117.88999938964844,123.5999984741211,117.19000244140625,122.58000183105469,97.47602081298828,45181000,0.0,0.0,0.0
2020-03-26,122.5,123.33000183105469,121.25,122.68000030517578,97.5555419921875,21893500,0.0,0.0,0.0
2020-03-27,121.58000183105469,122.62000274658203,120.55999755859375,122.43000030517578,97.35674285888672,27730300,0.0,0.0,0.0
2020-03-30,122.83999633789062,125.0,122.83999633789062,123.91999816894531,98.54161834716797,19272700,0.0,0.0,0.0
2020-03-31,124.08999633789062,124.91000366210938,122.98999786376953,123.51000213623047,98.2155990600586,23901400,0.0,0.0,0.0
2020-04-01,122.55000305175781,122.5999984741211,121.31999969482422,121.41000366210938,96.78855895996094,21859400,0.31,0.0,0.0
2020-04-02,121.66000366210938,123.5,121.51000213623047,121.7300033569336,97.04367065429688,22929500,0.0,0.0,0.0
2020-04-03,122.0199966430664,122.23999786376953,120.68000030517578,121.0999984741211,96.54141998291016,10754100,0.0,0.0,0.0
2020-04-06,122.62999725341797,123.5,122.2300033569336,123.48999786376953,98.44673919677734,15631800,0.0,0.0,0.0
2020-04-07,124.30000305175781,124.4800033569336,123.47000122070312,123.68000030517578,98.59822082519531,17457700,0.0,0.0,0.0
2020-04-08,124.33000183105469,126.01000213623047,123.87999725341797,125.91000366210938,100.37600708007812,15484100,0.0,0.0,0.0
2020-04-09,129.41000366210938,132.0,129.10000610351562,131.8300018310547,105.09545135498047,53580000,0.0,0.0,0.0
2020-04-13,131.19000244140625,131.4600067138672,129.80999755859375,130.5500030517578,104.07503509521484,20599800,0.0,0.0,0.0
2020-04-14,131.39999389648438,131.5,129.83999633789062,129.91000366210938,103.5647964477539,14791600,0.0,0.0,0.0
2020-04-15,129.39999389648438,130.8800048828125,129.39999389648438,130.77999877929688,104.25838470458984,13687800,0.0,0.0,0.0
2020-04-16,130.6199951171875,131.07000732421875,130.0399932861328,130.1300048828125,103.74017333984375,12582100,0.0,0.0,0.0
2020-04-17,131.3300018310547,131.47000122070312,129.94000244140625,130.55999755859375,104.08297729492188,11187900,0.0,0.0,0.0
2020-04-20,130.02999877929688,130.1300048828125,129.22999572753906,129.82000732421875,103.49308776855469,12057500,0.0,0.0,0.0
2020-04-21,129.6999969482422,130.1300048828125,128.69000244140625,129.36000061035156,103.1263656616211,16146000,0.0,0.0,0.0
2020-04-22,129.36000061035156,129.60000610351562,128.91000366210938,129.44000244140625,103.19010925292969,19956600,0.0,0.0,0.0
2020-04-23,129.9199981689453,130.24000549316406,129.6999969482422,129.99000549316406,103.6285629272461,5833400,0.0,0.0,0.0
2020-04-24,129.77999877929688,130.1999969482422,129.2100067138672,129.89999389648438,103.55682373046875,14985500,0.0,0.0,0.0
2020-04-27,129.97999572753906,130.10000610351562,128.82000732421875,128.85000610351562,102.71977233886719,11794700,0.0,0.0,0.0
2020-04-28,129.39999389648438,129.55999755859375,129.07000732421875,129.1999969482422,102.99876403808594,9232900,0.0,0.0,0.0
2020-04-29,129.83999633789062,130.22999572753906,129.6999969482422,130.0500030517578,103.6764144897461,7399100,0.0,0.0,0.0
2020-04-30,129.72999572753906,130.14999389648438,129.11000061035156,129.1699981689453,102.9748764038086,14583200,0.0,0.0,0.0
2020-05-01,128.6999969482422,128.94000244140625,127.83000183105469,128.33999633789062,102.56731414794922,15442300,0.32,0.0,0.0
2020-05-04,128.52999877929688,128.9499969482422,128.36000061035156,128.5399932861328,102.72710418701172,9466700,0.0,0.0,0.0
2020-05-05,128.38999938964844,128.72000122070312,128.16000366210938,128.3699951171875,102.59126281738281,7268800,0.0,0.0,0.0
2020-05-06,127.88999938964844,127.94999694824219,126.70999908447266,126.93000030517578,101.44044494628906,10662900,0.0,0.0,0.0
2020-05-07,127.29000091552734,127.5,126.88999938964844,127.2699966430664,101.71215057373047,11194300,0.0,0.0,0.0
2020-05-08,126.81999969482422,127.08000183105469,126.37000274658203,126.66000366210938,101.22466278076172,12286700,0.0,0.0,0.0
2020-05-11,126.37999725341797,126.52999877929688,125.5199966430664,125.55000305175781,100.33757019042969,12334800,0.0,0.0,0.0
2020-05-12,127.16999816894531,127.19999694824219,126.19000244140625,126.76000213623047,101.3045654296875,18760500,0.0,0.0,0.0
2020-05-13,127.29000091552734,127.55999755859375,126.94000244140625,127.05000305175781,101.53633117675781,13404100,0.0,0.0,0.0
2020-05-14,127.5,128.1199951171875,127.0,128.10000610351562,102.37548065185547,16978300,0.0,0.0,0.0
2020-05-15,128.10000610351562,128.61000061035156,127.97000122070312,128.5500030517578,102.73509216308594,17987400,0.0,0.0,0.0
2020-05-18,128.86000061035156,130.0,128.86000061035156,129.27999877929688,103.31851196289062,15299000,0.0,0.0,0.0
2020-05-19,129.3300018310547,129.66000366210938,128.89999389648438,129.3800048828125,103.3984603881836,13529000,0.0,0.0,0.0
2020-05-20,129.75999450683594,130.86000061035156,129.64999389648438,130.8000030517578,104.53328704833984,15068200,0.0,0.0,0.0
2020-05-21,130.99000549316406,131.0,130.5500030517578,130.6999969482422,104.45335388183594,11059200,0.0,0.0,0.0
2020-05-22,130.72000122070312,130.97999572753906,130.52000427246094,130.6999969482422,104.45335388183594,12546900,0.0,0.0,0.0
2020-05-26,130.9199981689453,131.14999389648438,130.47000122070312,130.52000427246094,104.30951690673828,12864900,0.0,0.0,0.0
2020-05-27,130.92999267578125,131.11000061035156,130.6999969482422,131.05999755859375,104.74105834960938,10204500,0.0,0.0,0.0
2020-05-28,130.92999267578125,131.3800048828125,130.60000610351562,131.1699981689453,104.82898712158203,12360900,0.0,0.0,0.0
2020-05-29,131.36000061035156,132.0399932861328,131.16000366210938,132.02000427246094,105.50828552246094,14092500,0.0,0.0,0.0
2020-06-01,131.39999389648438,131.64999389648438,131.25,131.63999938964844,105.46183013916016,15415500,0.322,0.0,0.0
2020-06-02,131.82000732421875,132.30999755859375,131.72999572753906,132.05999755859375,105.79830932617188,11585400,0.0,0.0,0.0
2020-06-03,132.07000732421875,132.27999877929688,131.60000610351562,131.97999572753906,105.73419189453125,15198200,0.0,0.0,0.0
2020-06-04,132.13999938964844,132.3000030517578,131.5,131.5800018310547,105.41375732421875,9777400,0.0,0.0,0.0
2020-06-05,132.08999633789062,132.4499969482422,131.5,132.25999450683594,105.95856475830078,22147400,0.0,0.0,0.0
2020-06-08,132.49000549316406,132.9199981689453,132.30999755859375,132.6999969482422,106.31106567382812,15872100,0.0,0.0,0.0
2020-06-09,132.77000427246094,132.85000610351562,132.35000610351562,132.4199981689453,106.08671569824219,17982200,0.0,0.0,0.0
2020-06-10,132.66000366210938,133.50999450683594,132.10000610351562,133.2899932861328,106.78367614746094,16866200,0.0,0.0,0.0
2020-06-11,132.58999633789062,132.80999755859375,131.1300048828125,131.6999969482422,105.5098648071289,28279600,0.0,0.0,0.0
2020-06-12,132.72999572753906,132.97000122070312,131.7899932861328,132.33999633789062,106.02261352539062,16202800,0.0,0.0,0.0
2020-06-15,131.88999938964844,134.8300018310547,131.82000732421875,134.22000122070312,107.52877044677734,24006200,0.0,0.0,0.0
2020-06-16,134.88999938964844,134.89999389648438,133.47999572753906,133.85000610351562,107.23235321044922,16299500,0.0,0.0,0.0
2020-06-17,134.0,134.11000061035156,132.80999755859375,133.58999633789062,107.02404022216797,20132900,0.0,0.0,0.0
2020-06-18,133.6199951171875,133.9199981689453,133.36000061035156,133.88999938964844,107.26441192626953,9306600,0.0,0.0,0.0
2020-06-19,133.9600067138672,134.1999969482422,133.6300048828125,133.99000549316406,107.34451293945312,13741400,0.0,0.0,0.0
2020-06-22,133.99000549316406,134.30999755859375,133.60000610351562,133.86000061035156,107.24031829833984,10134000,0.0,0.0,0.0
2020-06-23,133.6999969482422,134.07000732421875,133.55999755859375,133.61000061035156,107.04008483886719,9381300,0.0,0.0,0.0
2020-06-24,133.33999633789062,133.39999389648438,132.6999969482422,133.24000549316406,106.74364471435547,12357300,0.0,0.0,0.0
2020-06-25,133.3699951171875,133.49000549316406,133.0800018310547,133.3800048828125,106.85579681396484,19115300,0.0,0.0,0.0
2020-06-26,133.39999389648438,133.60000610351562,133.14999389648438,133.5,106.95195007324219,7304900,0.0,0.0,0.0
2020-06-29,133.50999450683594,134.1199951171875,133.17999267578125,134.1199951171875,107.4486312866211,10954600,0.0,0.0,0.0
2020-06-30,134.30999755859375,134.52999877929688,133.82000732421875,134.5,107.75308990478516,11599000,0.0,0.0,0.0
2020-07-01,134.14999389648438,134.94000244140625,133.8800048828125,134.72000122070312,108.17862701416016,11872500,0.31,0.0,0.0
2020-07-02,134.9600067138672,135.11000061035156,134.7899932861328,135.0500030517578,108.44363403320312,9733200,0.0,0.0,0.0
2020-07-06,135.16000366210938,135.50999450683594,134.9600067138672,135.39999389648438,108.72473907470703,12706800,0.0,0.0,0.0
2020-07-07,135.39999389648438,135.67999267578125,135.22999572753906,135.5800018310547,108.86920928955078,11645100,0.0,0.0,0.0
2020-07-08,135.6699981689453,135.7100067138672,135.22999572753906,135.36000061035156,108.69258117675781,10033100,0.0,0.0,0.0
2020-07-09,135.63999938964844,136.25,135.4199981689453,136.1199951171875,109.30287170410156,9809000,0.0,0.0,0.0
2020-07-10,136.30999755859375,136.4199981689453,135.67999267578125,135.8699951171875,109.10205078125,9043100,0.0,0.0,0.0
2020-07-13,135.88999938964844,136.0800018310547,135.42999267578125,135.50999450683594,108.81303405761719,22457200,0.0,0.0,0.0
2020-07-14,135.85000610351562,136.44000244140625,135.8000030517578,136.3000030517578,109.44744110107422,12505600,0.0,0.0,0.0
2020-07-15,136.47999572753906,136.5800018310547,136.24000549316406,136.57000732421875,109.66419982910156,8815600,0.0,0.0,0.0
2020-07-16,136.72000122070312,137.02999877929688,136.60000610351562,136.9499969482422,109.96932983398438,7761800,0.0,0.0,0.0
2020-07-17,137.32000732421875,137.41000366210938,136.94000244140625,137.32000732421875,110.2664566040039,6078400,0.0,0.0,0.0
2020-07-20,137.6199951171875,137.6999969482422,137.39999389648438,137.6999969482422,110.5715560913086,7244300,0.0,0.0,0.0
2020-07-21,137.9199981689453,138.10000610351562,137.77999877929688,137.8800048828125,110.7160873413086,7712300,0.0,0.0,0.0
2020-07-22,138.27999877929688,138.33999633789062,138.10000610351562,138.3300018310547,111.07745361328125,6229900,0.0,0.0,0.0
2020-07-23,138.47000122070312,138.52000427246094,138.1699981689453,138.42999267578125,111.15778350830078,9544200,0.0,0.0,0.0
2020-07-24,138.1699981689453,138.38999938964844,137.9499969482422,138.1199951171875,110.90877532958984,9106500,0.0,0.0,0.0
2020-07-27,138.19000244140625,138.2899932861328,137.61000061035156,137.6999969482422,110.5715560913086,6347600,0.0,0.0,0.0
2020-07-28,137.9199981689453,137.99000549316406,137.50999450683594,137.55999755859375,110.45913696289062,12922600,0.0,0.0,0.0
2020-07-29,137.69000244140625,138.30999755859375,137.57000732421875,138.30999755859375,111.06141662597656,7625100,0.0,0.0,0.0
2020-07-30,138.22999572753906,138.30999755859375,137.9600067138672,138.16000366210938,110.94091796875,8939900,0.0,0.0,0.0
2020-07-31,138.13999938964844,138.4600067138672,137.92999267578125,138.35000610351562,111.09352111816406,11788700,0.0,0.0,0.0
2020-08-03,137.9499969482422,138.33999633789062,137.80999755859375,138.24000549316406,111.24237823486328,10915900,0.295,0.0,0.0
2020-08-04,138.49000549316406,138.75,138.41000366210938,138.75,111.65277099609375,10101900,0.0,0.0,0.0
2020-08-05,138.5399932861328,138.8000030517578,138.42999267578125,138.55999755859375,111.49989318847656,11602000,0.0,0.0,0.0
2020-08-06,138.99000549316406,139.25999450683594,138.92999267578125,139.14999389648438,111.97466278076172,8067800,0.0,0.0,0.0
2020-08-07,139.2899932861328,139.3800048828125,138.72000122070312,138.75999450683594,111.66083526611328,7405300,0.0,0.0,0.0
2020-08-10,138.97999572753906,138.99000549316406,138.41000366210938,138.4600067138672,111.41939544677734,6137100,0.0,0.0,0.0
2020-08-11,138.0,138.08999633789062,137.49000549316406,137.58999633789062,110.71931457519531,12870500,0.0,0.0,0.0
2020-08-12,137.5,137.72999572753906,137.10000610351562,137.25,110.44568634033203,11902600,0.0,0.0,0.0
2020-08-13,137.14999389648438,137.22999572753906,135.75,136.00999450683594,109.44791412353516,20754500,0.0,0.0,0.0
2020-08-14,135.85000610351562,136.1199951171875,135.27999877929688,135.41000366210938,108.96510314941406,12409100,0.0,0.0,0.0
2020-08-17,135.75,135.9199981689453,135.57000732421875,135.69000244140625,109.19042205810547,9522800,0.0,0.0,0.0
2020-08-18,135.86000061035156,136.24000549316406,135.74000549316406,136.0800018310547,109.50428771972656,12198000,0.0,0.0,0.0
2020-08-19,136.27999877929688,136.35000610351562,135.60000610351562,135.72000122070312,109.2145004272461,12168600,0.0,0.0,0.0
2020-08-20,136.24000549316406,136.35000610351562,136.02000427246094,136.1999969482422,109.60079956054688,12065300,0.0,0.0,0.0
2020-08-21,136.27999877929688,136.49000549316406,135.97999572753906,136.4499969482422,109.80198669433594,6353900,0.0,0.0,0.0
2020-08-24,136.4600067138672,136.6699981689453,136.1199951171875,136.2100067138672,109.60884094238281,13093400,0.0,0.0,0.0
2020-08-25,135.7100067138672,136.0,135.22999572753906,135.6199951171875,109.134033203125,12191100,0.0,0.0,0.0
2020-08-26,135.39999389648438,135.67999267578125,135.1300048828125,135.6699981689453,109.17428588867188,6259000,0.0,0.0,0.0
2020-08-27,135.86000061035156,135.88999938964844,134.55999755859375,134.58999633789062,108.30525970458984,12251100,0.0,0.0,0.0
2020-08-28,134.8300018310547,135.07000732421875,134.6199951171875,135.0,108.63516235351562,7907500,0.0,0.0,0.0
2020-08-31,135.1199951171875,135.7899932861328,135.05999755859375,135.60000610351562,109.11798858642578,11874000,0.0,0.0,0.0
2020-09-01,135.25,136.1999969482422,135.10000610351562,136.16000366210938,109.80750274658203,13289900,0.295,0.0,0.0
2020-09-02,136.0500030517578,136.80999755859375,136.0,136.6999969482422,110.24295043945312,14236600,0.0,0.0,0.0
2020-09-03,136.8699951171875,136.89999389648438,136.3300018310547,136.39999389648438,110.00101470947266,16452600,0.0,0.0,0.0
2020-09-04,136.00999450683594,136.1199951171875,134.8699951171875,134.9499969482422,108.83165740966797,13177800,0.0,0.0,0.0
2020-09-08,135.13999938964844,135.42999267578125,134.99000549316406,135.0800018310547,108.93655395507812,13932300,0.0,0.0,0.0
2020-09-09,135.11000061035156,135.69000244140625,135.00999450683594,135.1699981689453,109.00910949707031,11640000,0.0,0.0,0.0
2020-09-10,135.0500030517578,135.4199981689453,134.8800048828125,135.27000427246094,109.08972930908203,12624700,0.0,0.0,0.0
2020-09-11,135.3300018310547,135.60000610351562,135.17999267578125,135.3699951171875,109.1703872680664,9773000,0.0,0.0,0.0
2020-09-14,135.60000610351562,135.97999572753906,135.5800018310547,135.7100067138672,109.4446029663086,13896200,0.0,0.0,0.0
2020-09-15,135.74000549316406,135.99000549316406,135.72999572753906,135.86000061035156,109.56556701660156,9388500,0.0,0.0,0.0
2020-09-16,136.1699981689453,136.27000427246094,135.75999450683594,135.9499969482422,109.6380844116211,8868200,0.0,0.0,0.0
2020-09-17,136.27000427246094,136.3000030517578,135.7899932861328,135.97999572753906,109.66234588623047,12190400,0.0,0.0,0.0
2020-09-18,136.05999755859375,136.1199951171875,135.69000244140625,135.72999572753906,109.46074676513672,9968000,0.0,0.0,0.0
2020-09-21,135.97000122070312,135.97000122070312,135.47000122070312,135.60000610351562,109.35588836669922,12081100,0.0,0.0,0.0
2020-09-22,135.7100067138672,135.8000030517578,135.52000427246094,135.67999267578125,109.42035675048828,8295900,0.0,0.0,0.0
2020-09-23,135.66000366210938,135.72999572753906,134.6199951171875,134.6999969482422,108.63003540039062,17759900,0.0,0.0,0.0
2020-09-24,134.67999267578125,134.80999755859375,134.22999572753906,134.36000061035156,108.3558578491211,20595000,0.0,0.0,0.0
2020-09-25,134.27999877929688,134.4499969482422,134.0399932861328,134.22000122070312,108.24298858642578,9793100,0.0,0.0,0.0
2020-09-28,134.52000427246094,134.9199981689453,134.38999938964844,134.89999389648438,108.79133605957031,8579500,0.0,0.0,0.0
2020-09-29,135.05999755859375,135.17999267578125,134.7100067138672,134.72999572753906,108.65422821044922,8428600,0.0,0.0,0.0
2020-09-30,134.64999389648438,134.7899932861328,134.4199981689453,134.7100067138672,108.63810729980469,11634700,0.0,0.0,0.0
2020-10-01,134.25999450683594,134.92999267578125,134.2100067138672,134.7899932861328,108.94038391113281,12642600,0.294,0.0,0.0
2020-10-02,134.66000366210938,134.88999938964844,134.39999389648438,134.80999755859375,108.95655822753906,10829600,0.0,0.0,0.0
2020-10-05,134.49000549316406,134.75999450683594,134.32000732421875,134.36000061035156,108.59285736083984,10078700,0.0,0.0,0.0
2020-10-06,134.4499969482422,134.9499969482422,133.9499969482422,134.25,108.50395965576172,22370600,0.0,0.0,0.0
2020-10-07,134.25999450683594,134.74000549316406,134.11000061035156,134.2899932861328,108.5362777709961,14745500,0.0,0.0,0.0
2020-10-08,134.66000366210938,134.85000610351562,134.50999450683594,134.6199951171875,108.8030014038086,12101600,0.0,0.0,0.0
2020-10-09,134.52000427246094,134.97999572753906,134.4499969482422,134.92999267578125,109.05353546142578,9979700,0.0,0.0,0.0
2020-10-12,135.11000061035156,135.75,135.10000610351562,135.7100067138672,109.68395233154297,5465400,0.0,0.0,0.0
2020-10-13,135.6699981689453,135.7899932861328,135.38999938964844,135.5800018310547,109.5788803100586,9228200,0.0,0.0,0.0
2020-10-14,135.7899932861328,135.89999389648438,135.5,135.7100067138672,109.68395233154297,12994600,0.0,0.0,0.0
2020-10-15,135.6999969482422,135.75999450683594,135.49000549316406,135.57000732421875,109.57084655761719,13255900,0.0,0.0,0.0
2020-10-16,135.50999450683594,135.8699951171875,135.32000732421875,135.33999633789062,109.38495635986328,8742400,0.0,0.0,0.0
2020-10-19,135.25,135.32000732421875,135.00999450683594,135.0800018310547,109.17479705810547,8634500,0.0,0.0,0.0
2020-10-20,134.97999572753906,135.00999450683594,134.77000427246094,134.8000030517578,108.94847106933594,13413100,0.0,0.0,0.0
2020-10-21,134.58999633789062,134.8800048828125,134.5399932861328,134.5800018310547,108.77062225341797,8890100,0.0,0.0,0.0
2020-10-22,134.5,134.5399932861328,134.16000366210938,134.27999877929688,108.5281982421875,9661800,0.0,0.0,0.0
2020-10-23,134.30999755859375,134.72999572753906,134.2899932861328,134.6199951171875,108.8030014038086,12010800,0.0,0.0,0.0
2020-10-26,134.77999877929688,135.00999450683594,134.72000122070312,134.89999389648438,109.029296875,9776600,0.0,0.0,0.0
2020-10-27,135.07000732421875,135.4600067138672,135.00999450683594,135.4499969482422,109.47382354736328,7023800,0.0,0.0,0.0
2020-10-28,135.41000366210938,135.47999572753906,134.74000549316406,134.77999877929688,108.93231201171875,13578300,0.0,0.0,0.0
2020-10-29,134.8000030517578,134.8000030517578,134.0800018310547,134.42999267578125,108.64942932128906,14744600,0.0,0.0,0.0
2020-10-30,134.27000427246094,134.5399932861328,133.72000122070312,133.72999572753906,108.08370208740234,19875600,0.0,0.0,0.0
2020-11-02,133.9600067138672,134.25,133.8800048828125,133.97000122070312,108.50725555419922,18496400,0.283,0.0,0.0
2020-11-03,133.91000366210938,134.13999938964844,133.77999877929688,134.10000610351562,108.61257934570312,11661900,0.0,0.0,0.0
2020-11-04,135.61000061035156,136.22999572753906,135.55999755859375,136.11000061035156,110.24052429199219,20019500,0.0,0.0,0.0
2020-11-05,136.5399932861328,136.82000732421875,136.35000610351562,136.6199951171875,110.65363311767578,14349900,0.0,0.0,0.0
2020-11-06,136.27000427246094,136.3300018310547,135.94000244140625,136.19000244140625,110.30535125732422,12029700,0.0,0.0,0.0
2020-11-09,136.19000244140625,136.3000030517578,135.13999938964844,135.16000366210938,109.47113800048828,21273800,0.0,0.0,0.0
2020-11-10,134.82000732421875,135.3699951171875,134.77000427246094,134.80999755859375,109.1876220703125,18849800,0.0,0.0,0.0
2020-11-11,135.0,135.08999633789062,134.7100067138672,135.05999755859375,109.39008331298828,3763300,0.0,0.0,0.0
2020-11-12,135.17999267578125,135.60000610351562,135.07000732421875,135.60000610351562,109.82750701904297,16891500,0.0,0.0,0.0
2020-11-13,135.77000427246094,135.94000244140625,135.6199951171875,135.75999450683594,109.9570083618164,8256800,0.0,0.0,0.0
2020-11-16,135.8000030517578,136.25,135.72999572753906,136.1999969482422,110.31344604492188,12742500,0.0,0.0,0.0
2020-11-17,136.38999938964844,136.75999450683594,136.25999450683594,136.63999938964844,110.66980743408203,11832300,0.0,0.0,0.0
2020-11-18,136.83999633789062,137.0800018310547,136.77999877929688,136.92999267578125,110.90467834472656,11878400,0.0,0.0,0.0
2020-11-19,137.1999969482422,137.85000610351562,137.11000061035156,137.69000244140625,111.5202407836914,16107800,0.0,0.0,0.0
2020-11-20,137.39999389648438,137.75,137.1699981689453,137.57000732421875,111.42305755615234,18308400,0.0,0.0,0.0
2020-11-23,137.6699981689453,137.80999755859375,137.5500030517578,137.74000549316406,111.56072235107422,8648500,0.0,0.0,0.0
2020-11-24,137.6999969482422,137.77999877929688,137.39999389648438,137.42999267578125,111.30964660644531,11204400,0.0,0.0,0.0
2020-11-25,137.60000610351562,137.6300048828125,137.3800048828125,137.50999450683594,111.3744888305664,6709800,0.0,0.0,0.0
2020-11-27,137.82000732421875,138.07000732421875,137.75,138.0,111.77130126953125,3404800,0.0,0.0,0.0
2020-11-30,138.10000610351562,138.52000427246094,137.9499969482422,138.47999572753906,112.16010284423828,11856200,0.0,0.0,0.0
2020-12-01,138.0500030517578,138.27000427246094,137.47999572753906,137.67999267578125,111.73481750488281,18933600,0.276,0.0,0.0
2020-12-02,137.4600067138672,137.5,136.97999572753906,137.22000122070312,111.36154174804688,15637700,0.0,0.0,0.0
2020-12-03,137.64999389648438,138.02999877929688,137.47999572753906,137.75999450683594,111.79977416992188,18888700,0.0,0.0,0.0
2020-12-04,137.13999938964844,137.33999633789062,136.83999633789062,137.0,111.18296813964844,12521200,0.0,0.0,0.0
2020-12-07,137.33999633789062,137.49000549316406,137.07000732421875,137.1199951171875,111.28040313720703,16697300,0.0,0.0,0.0
2020-12-08,137.3699951171875,137.4499969482422,136.89999389648438,136.9600067138672,111.1505126953125,12797700,0.0,0.0,0.0
2020-12-09,136.60000610351562,136.60000610351562,136.1199951171875,136.4600067138672,110.74480438232422,20824700,0.0,0.0,0.0
2020-12-10,136.57000732421875,137.16000366210938,136.55999755859375,137.13999938964844,111.29657745361328,13527600,0.0,0.0,0.0
2020-12-11,137.13999938964844,137.30999755859375,136.9199981689453,137.27999877929688,111.41020202636719,9023000,0.0,0.0,0.0
2020-12-14,136.97999572753906,137.32000732421875,136.8699951171875,137.17999267578125,111.32904815673828,8004000,0.0,0.0,0.0
2020-12-15,137.1699981689453,137.47999572753906,137.08999633789062,137.4499969482422,111.54820251464844,12254500,0.0,0.0,0.0
2020-12-16,137.1699981689453,137.61000061035156,136.8800048828125,137.33999633789062,111.45892333984375,12326000,0.0,0.0,0.0
2020-12-17,137.52000427246094,137.5800018310547,136.97000122070312,137.25999450683594,111.62153625488281,12338800,0.28,0.0,0.0
2020-12-18,137.47999572753906,137.52000427246094,137.00999450683594,137.16000366210938,111.54027557373047,8781900,0.0,0.0,0.0
2020-12-21,137.1300048828125,137.13999938964844,136.6699981689453,136.88999938964844,111.32062530517578,11925000,0.0,0.0,0.0
2020-12-22,137.19000244140625,137.2899932861328,136.99000549316406,137.27000427246094,111.62970733642578,10226800,0.0,0.0,0.0
2020-12-23,136.9199981689453,137.32000732421875,136.64999389648438,137.3000030517578,111.65408325195312,7553100,0.0,0.0,0.0
2020-12-24,137.47999572753906,137.8300018310547,137.47999572753906,137.77000427246094,112.0362777709961,3397000,0.0,0.0,0.0
2020-12-28,137.57000732421875,137.89999389648438,137.5,137.86000061035156,112.10945892333984,6279200,0.0,0.0,0.0
2020-12-29,137.61000061035156,137.92999267578125,137.60000610351562,137.9199981689453,112.15826416015625,6581800,0.0,0.0,0.0
2020-12-30,137.88999938964844,138.11000061035156,137.7899932861328,138.10000610351562,112.30463409423828,5343100,0.0,0.0,0.0
2020-12-31,138.0399932861328,138.22000122070312,137.9600067138672,138.1300048828125,112.32906341552734,6932300,0.0,0.0,0.0
2021-01-04,137.88999938964844,137.88999938964844,137.3800048828125,137.42999267578125,111.75978088378906,14891400,0.0,0.0,0.0
2021-01-05,137.05999755859375,137.05999755859375,136.5500030517578,136.99000549316406,111.40196990966797,16294400,0.0,0.0,0.0
2021-01-06,135.77999877929688,135.97999572753906,135.39999389648438,135.8800048828125,110.49931335449219,19136500,0.0,0.0,0.0
2021-01-07,135.55999755859375,135.9499969482422,135.5399932861328,135.86000061035156,110.48307037353516,11886100,0.0,0.0,0.0
2021-01-08,135.77999877929688,135.88999938964844,135.4499969482422,135.75999450683594,110.40170288085938,13341400,0.0,0.0,0.0
2021-01-11,135.49000549316406,135.49000549316406,135.1699981689453,135.17999267578125,109.93004608154297,7557700,0.0,0.0,0.0
2021-01-12,135.11000061035156,135.5399932861328,134.74000549316406,135.47000122070312,110.16586303710938,16766200,0.0,0.0,0.0
2021-01-13,135.75999450683594,136.63999938964844,135.72999572753906,136.52000427246094,111.01978302001953,16490700,0.0,0.0,0.0
2021-01-14,136.5500030517578,136.6300048828125,135.83999633789062,135.92999267578125,110.53997039794922,22050500,0.0,0.0,0.0
2021-01-15,136.24000549316406,136.50999450683594,136.0399932861328,136.13999938964844,110.71077728271484,13680700,0.0,0.0,0.0
2021-01-19,136.08999633789062,136.47999572753906,136.0500030517578,136.3800048828125,110.90593719482422,12807500,0.0,0.0,0.0
2021-01-20,136.35000610351562,136.50999450683594,136.27000427246094,136.33999633789062,110.87338256835938,12218400,0.0,0.0,0.0
2021-01-21,135.77000427246094,135.92999267578125,135.60000610351562,135.8000030517578,110.43427276611328,25084300,0.0,0.0,0.0
2021-01-22,135.75999450683594,135.91000366210938,135.60000610351562,135.6999969482422,110.35292053222656,15998800,0.0,0.0,0.0
2021-01-25,135.9499969482422,136.3699951171875,135.92999267578125,136.27999877929688,110.8245620727539,14603700,0.0,0.0,0.0
2021-01-26,136.02000427246094,136.4499969482422,135.9600067138672,136.27000427246094,110.81649017333984,11926900,0.0,0.0,0.0
2021-01-27,136.4199981689453,136.44000244140625,135.97999572753906,136.02999877929688,110.62129211425781,13822700,0.0,0.0,0.0
2021-01-28,136.0399932861328,136.17999267578125,135.75999450683594,135.80999755859375,110.44242095947266,16896900,0.0,0.0,0.0
2021-01-29,135.4199981689453,135.89999389648438,134.9600067138672,135.60000610351562,110.27165222167969,18131600,0.0,0.0,0.0
2021-02-01,135.3699951171875,135.6999969482422,135.30999755859375,135.60000610351562,110.48921203613281,10682300,0.267,0.0,0.0
2021-02-02,135.2100067138672,135.36000061035156,135.0399932861328,135.24000549316406,110.19583892822266,12710600,0.0,0.0,0.0
2021-02-03,135.0,135.0800018310547,134.8699951171875,134.9199981689453,109.93509674072266,13189600,0.0,0.0,0.0
2021-02-04,134.80999755859375,135.22000122070312,134.6300048828125,135.14999389648438,110.12250518798828,10689500,0.0,0.0,0.0
2021-02-05,135.24000549316406,135.3800048828125,134.72000122070312,134.7899932861328,109.82918548583984,12016300,0.0,0.0,0.0
2021-02-08,134.92999267578125,135.41000366210938,134.8699951171875,135.3699951171875,110.3017807006836,13460300,0.0,0.0,0.0
2021-02-09,135.47000122070312,135.49000549316406,134.8800048828125,135.16000366210938,110.13067626953125,11755100,0.0,0.0,0.0
2021-02-10,135.3800048828125,135.5500030517578,135.2899932861328,135.47999572753906,110.39143371582031,9414500,0.0,0.0,0.0
2021-02-11,135.5399932861328,135.55999755859375,135.0399932861328,135.1199951171875,110.09805297851562,9241100,0.0,0.0,0.0
2021-02-12,134.61000061035156,134.94000244140625,134.57000732421875,134.67999267578125,109.73954772949219,13717100,0.0,0.0,0.0
2021-02-16,134.02000427246094,134.2899932861328,133.7100067138672,133.72999572753906,108.9654541015625,21429200,0.0,0.0,0.0
2021-02-17,134.33999633789062,134.42999267578125,134.02999877929688,134.39999389648438,109.51140594482422,16195400,0.0,0.0,0.0
2021-02-18,134.1300048828125,134.35000610351562,133.83999633789062,134.13999938964844,109.29953002929688,15414100,0.0,0.0,0.0
2021-02-19,133.7899932861328,133.89999389648438,133.14999389648438,133.1699981689453,108.50916290283203,13678500,0.0,0.0,0.0
2021-02-22,132.94000244140625,133.22000122070312,132.25,132.33999633789062,107.83290100097656,17978100,0.0,0.0,0.0
2021-02-23,131.91000366210938,132.47000122070312,131.75999450683594,132.44000244140625,107.91432189941406,23482500,0.0,0.0,0.0
2021-02-24,131.63999938964844,132.6699981689453,131.35000610351562,132.63999938964844,108.0772933959961,18120000,0.0,0.0,0.0
2021-02-25,131.72999572753906,131.91000366210938,129.77999877929688,130.5399932861328,106.36618041992188,35471200,0.0,0.0,0.0
2021-02-26,131.44000244140625,132.32000732421875,130.99000549316406,132.27000427246094,107.77582550048828,23284400,0.0,0.0,0.0
2021-03-01,131.63999938964844,132.1699981689453,131.63999938964844,132.1300048828125,107.88115692138672,23890800,0.269,0.0,0.0
2021-03-02,132.10000610351562,132.11000061035156,131.77000427246094,131.97999572753906,107.75865936279297,13633400,0.0,0.0,0.0
2021-03-03,131.2899932861328,131.85000610351562,130.94000244140625,131.0,106.95855712890625,24043300,0.0,0.0,0.0
2021-03-04,131.0500030517578,131.16000366210938,129.80999755859375,129.92999267578125,106.08490753173828,21771800,0.0,0.0,0.0
2021-03-05,129.58999633789062,129.92999267578125,129.27000427246094,129.75999450683594,105.94609832763672,23789400,0.0,0.0,0.0
2021-03-08,129.52999877929688,129.6199951171875,128.52999877929688,128.5500030517578,104.95817565917969,15029200,0.0,0.0,0.0
2021-03-09,129.2100067138672,129.6199951171875,129.16000366210938,129.52000427246094,105.75013732910156,21900300,0.0,0.0,0.0
2021-03-10,129.7100067138672,130.2899932861328,129.7100067138672,130.1300048828125,106.24820709228516,19440400,0.0,0.0,0.0
2021-03-11,130.2899932861328,130.5500030517578,130.05999755859375,130.2100067138672,106.31354522705078,20622100,0.0,0.0,0.0
2021-03-12,129.1300048828125,129.2899932861328,128.66000366210938,128.7100067138672,105.08882904052734,14352000,0.0,0.0,0.0
2021-03-15,128.8300018310547,129.27999877929688,128.8300018310547,129.14999389648438,105.44807434082031,10111200,0.0,0.0,0.0
2021-03-16,129.2100067138672,129.38999938964844,128.8699951171875,129.05999755859375,105.37456512451172,11356900,0.0,0.0,0.0
2021-03-17,128.47999572753906,129.4600067138672,128.30999755859375,129.17999267578125,105.4725570678711,19086100,0.0,0.0,0.0
2021-03-18,128.00999450683594,128.6199951171875,127.91000366210938,128.44000244140625,104.86837768554688,21368700,0.0,0.0,0.0
2021-03-19,128.42999267578125,128.72000122070312,128.24000549316406,128.6300048828125,105.02350616455078,19776100,0.0,0.0,0.0
2021-03-22,129.05999755859375,129.4600067138672,128.92999267578125,129.08999633789062,105.39909362792969,16677200,0.0,0.0,0.0
2021-03-23,129.08999633789062,129.58999633789062,129.08999633789062,129.47000122070312,105.70933532714844,32228000,0.0,0.0,0.0
2021-03-24,129.2100067138672,129.9199981689453,129.2100067138672,129.86000061035156,106.02777862548828,13435400,0.0,0.0,0.0
2021-03-25,129.92999267578125,130.02000427246094,129.4499969482422,129.7100067138672,105.9052734375,12945900,0.0,0.0,0.0
2021-03-26,129.4499969482422,129.82000732421875,129.3300018310547,129.6199951171875,105.83180236816406,14315000,0.0,0.0,0.0
2021-03-29,129.6699981689453,129.7100067138672,129.11000061035156,129.30999755859375,105.57865905761719,11279900,0.0,0.0,0.0
2021-03-30,129.25999450683594,129.7899932861328,128.97999572753906,129.7100067138672,105.9052734375,20219000,0.0,0.0,0.0
2021-03-31,129.91000366210938,130.3800048828125,129.8300018310547,130.0500030517578,106.18289184570312,23764600,0.0,0.0,0.0
2021-04-01,130.4600067138672,130.64999389648438,130.14999389648438,130.61000061035156,106.84877014160156,16390900,0.254,0.0,0.0
2021-04-05,130.19000244140625,130.3000030517578,129.9199981689453,129.97000122070312,106.32525634765625,17015500,0.0,0.0,0.0
2021-04-06,130.16000366210938,130.8800048828125,130.16000366210938,130.83999633789062,107.03697967529297,15762000,0.0,0.0,0.0
2021-04-07,130.7899932861328,130.9199981689453,130.41000366210938,130.5800018310547,106.82426452636719,10976500,0.0,0.0,0.0
2021-04-08,130.75,131.0800018310547,130.6699981689453,131.05999755859375,107.2169418334961,7452800,0.0,0.0,0.0
2021-04-09,130.63999938964844,131.10000610351562,130.5399932861328,130.7899932861328,106.99600982666016,7568300,0.0,0.0,0.0
2021-04-12,130.6999969482422,130.77000427246094,130.52000427246094,130.75999450683594,106.97152709960938,10579800,0.0,0.0,0.0
2021-04-13,130.61000061035156,131.35000610351562,130.55999755859375,131.33999633789062,107.44596862792969,9582100,0.0,0.0,0.0
2021-04-14,131.16000366210938,131.2899932861328,130.94000244140625,131.16000366210938,107.29875183105469,10219300,0.0,0.0,0.0
2021-04-15,131.66000366210938,132.32000732421875,131.64999389648438,131.97000122070312,107.96143341064453,17234400,0.0,0.0,0.0
2021-04-16,131.27999877929688,131.67999267578125,131.0500030517578,131.07000732421875,107.22509765625,21100200,0.0,0.0,0.0
2021-04-19,130.77999877929688,130.89999389648438,130.6300048828125,130.72999572753906,106.94695281982422,10868200,0.0,0.0,0.0
2021-04-20,130.69000244140625,131.19000244140625,130.64999389648438,130.97999572753906,107.15149688720703,11996200,0.0,0.0,0.0
2021-04-21,131.05999755859375,131.42999267578125,130.89999389648438,131.42999267578125,107.51959991455078,10473600,0.0,0.0,0.0
2021-04-22,131.5500030517578,131.6699981689453,131.25999450683594,131.55999755859375,107.6259994506836,16487100,0.0,0.0,0.0
2021-04-23,131.72000122070312,131.88999938964844,131.49000549316406,131.6699981689453,107.71593475341797,15170600,0.0,0.0,0.0
2021-04-26,131.6999969482422,131.8800048828125,131.58999633789062,131.61000061035156,107.66690826416016,10915200,0.0,0.0,0.0
2021-04-27,131.60000610351562,131.63999938964844,131.02000427246094,131.02000427246094,107.1842041015625,10418200,0.0,0.0,0.0
2021-04-28,131.00999450683594,131.11000061035156,130.5800018310547,131.0399932861328,107.20052337646484,15731100,0.0,0.0,0.0
2021-04-29,130.6699981689453,130.92999267578125,130.36000061035156,130.8800048828125,107.0697250366211,11697300,0.0,0.0,0.0
2021-04-30,130.9600067138672,131.24000549316406,130.8699951171875,131.14999389648438,107.2905502319336,11860200,0.0,0.0,0.0
2021-05-03,131.1300048828125,131.42999267578125,130.8699951171875,131.2100067138672,107.54878997802734,9029900,0.255,0.0,0.0
2021-05-04,131.47999572753906,131.61000061035156,131.08999633789062,131.2899932861328,107.61433410644531,14006800,0.0,0.0,0.0
2021-05-05,131.1199951171875,131.5,131.1199951171875,131.4499969482422,107.74549865722656,5722300,0.0,0.0,0.0
2021-05-06,131.5,131.75999450683594,131.3699951171875,131.6999969482422,107.95040893554688,9383600,0.0,0.0,0.0
2021-05-07,132.0800018310547,132.33999633789062,131.52999877929688,131.75,107.99137878417969,11267200,0.0,0.0,0.0
2021-05-10,131.52000427246094,131.77000427246094,131.02999877929688,131.0399932861328,107.40940856933594,9705000,0.0,0.0,0.0
2021-05-11,130.5399932861328,130.7899932861328,130.4199981689453,130.55999755859375,107.01598358154297,12179400,0.0,0.0,0.0
2021-05-12,130.1300048828125,130.30999755859375,129.77999877929688,129.85000610351562,106.43400573730469,12569900,0.0,0.0,0.0
2021-05-13,130.1300048828125,130.5399932861328,130.1300048828125,130.33999633789062,106.83562469482422,9508200,0.0,0.0,0.0
2021-05-14,130.82000732421875,131.0800018310547,130.6699981689453,131.0500030517578,107.41758728027344,8987200,0.0,0.0,0.0
2021-05-17,131.0500030517578,131.05999755859375,130.82000732421875,130.89999389648438,107.29467010498047,6001600,0.0,0.0,0.0
2021-05-18,130.6699981689453,130.72999572753906,130.4499969482422,130.47000122070312,106.94223022460938,8835300,0.0,0.0,0.0
2021-05-19,130.36000061035156,130.67999267578125,129.97999572753906,130.24000549316406,106.75367736816406,20069600,0.0,0.0,0.0
2021-05-20,130.63999938964844,131.1699981689453,130.63999938964844,131.1300048828125,107.48320007324219,10498100,0.0,0.0,0.0
2021-05-21,131.32000732421875,131.4199981689453,131.08999633789062,131.22000122070312,107.55694580078125,7826100,0.0,0.0,0.0
2021-05-24,131.5,131.64999389648438,131.36000061035156,131.5800018310547,107.85203552246094,5756400,0.0,0.0,0.0
2021-05-25,131.67999267578125,132.11000061035156,131.66000366210938,132.07000732421875,108.25366973876953,11428000,0.0,0.0,0.0
2021-05-26,131.8800048828125,132.1300048828125,131.74000549316406,132.0,108.19630432128906,28568500,0.0,0.0,0.0
2021-05-27,131.80999755859375,131.82000732421875,131.02000427246094,131.60000610351562,107.86840057373047,15033000,0.0,0.0,0.0
2021-05-28,131.69000244140625,132.05999755859375,131.66000366210938,131.7100067138672,107.95862579345703,10432400,0.0,0.0,0.0
2021-06-01,131.44000244140625,131.5,131.11000061035156,131.47000122070312,107.97254943847656,6390600,0.257,0.0,0.0
2021-06-02,131.55999755859375,131.75999450683594,131.5500030517578,131.67999267578125,108.14501953125,8140400,0.0,0.0,0.0
2021-06-03,131.3000030517578,131.38999938964844,131.1300048828125,131.16000366210938,107.71795654296875,10028100,0.0,0.0,0.0
2021-06-04,131.58999633789062,132.10000610351562,131.5399932861328,132.08999633789062,108.48171997070312,11427200,0.0,0.0,0.0
2021-06-07,131.97000122070312,132.0500030517578,131.86000061035156,131.97999572753906,108.39139556884766,5000100,0.0,0.0,0.0
2021-06-08,132.32000732421875,132.52999877929688,132.32000732421875,132.47999572753906,108.80203247070312,10626800,0.0,0.0,0.0
2021-06-09,132.97999572753906,133.16000366210938,132.77999877929688,132.9600067138672,109.19628143310547,12152200,0.0,0.0,0.0
2021-06-10,132.74000549316406,133.57000732421875,132.63999938964844,133.55999755859375,109.68900299072266,16424100,0.0,0.0,0.0
2021-06-11,133.6699981689453,133.8000030517578,133.42999267578125,133.6699981689453,109.77937316894531,12707000,0.0,0.0,0.0
2021-06-14,133.49000549316406,133.50999450683594,133.0,133.17999267578125,109.376953125,8327200,0.0,0.0,0.0
2021-06-15,133.05999755859375,133.32000732421875,132.9600067138672,133.27999877929688,109.45906066894531,17848200,0.0,0.0,0.0
2021-06-16,133.44000244140625,133.7100067138672,132.52999877929688,132.89999389648438,109.14696502685547,22698500,0.0,0.0,0.0
2021-06-17,133.22000122070312,134.25999450683594,133.22000122070312,133.63999938964844,109.75472259521484,22735800,0.0,0.0,0.0
2021-06-18,133.88999938964844,134.57000732421875,133.77000427246094,134.33999633789062,110.32958221435547,21169700,0.0,0.0,0.0
2021-06-21,133.75,133.9199981689453,133.47000122070312,133.55999755859375,109.68900299072266,22492000,0.0,0.0,0.0
2021-06-22,133.1300048828125,133.7899932861328,133.11000061035156,133.77999877929688,109.86964416503906,12098400,0.0,0.0,0.0
2021-06-23,133.58999633789062,133.8000030517578,133.4499969482422,133.57000732421875,109.69722747802734,12519100,0.0,0.0,0.0
2021-06-24,133.6999969482422,133.8800048828125,133.63999938964844,133.8300018310547,109.91075134277344,8241300,0.0,0.0,0.0
2021-06-25,133.83999633789062,133.92999267578125,133.13999938964844,133.47999572753906,109.62330627441406,10981600,0.0,0.0,0.0
2021-06-28,133.8000030517578,134.1199951171875,133.75999450683594,134.0500030517578,110.0914306640625,12359900,0.0,0.0,0.0
2021-06-29,133.80999755859375,134.22000122070312,133.77000427246094,134.2100067138672,110.22284698486328,11194400,0.0,0.0,0.0
2021-06-30,134.42999267578125,134.6199951171875,134.27000427246094,134.36000061035156,110.3460464477539,17381500,0.0,0.0,0.0
2021-07-01,134.0500030517578,134.16000366210938,133.74000549316406,133.99000549316406,110.24978637695312,11062700,0.253,0.0,0.0
2021-07-02,134.02999877929688,134.3800048828125,133.9499969482422,134.3699951171875,110.56239318847656,6896200,0.0,0.0,0.0
2021-07-06,134.52999877929688,135.17999267578125,134.52999877929688,134.86000061035156,110.96561431884766,11499900,0.0,0.0,0.0
2021-07-07,135.1300048828125,135.5,134.97999572753906,135.32000732421875,111.34413146972656,16902400,0.0,0.0,0.0
2021-07-08,135.27000427246094,135.60000610351562,135.16000366210938,135.38999938964844,111.40171813964844,17494900,0.0,0.0,0.0
2021-07-09,134.8000030517578,134.8800048828125,134.72000122070312,134.82000732421875,110.93270874023438,13192600,0.0,0.0,0.0
2021-07-12,134.9499969482422,135.00999450683594,134.64999389648438,134.75,110.87512969970703,12577200,0.0,0.0,0.0
2021-07-13,134.89999389648438,134.9600067138672,134.02999877929688,134.25,110.4636459350586,19922400,0.0,0.0,0.0
2021-07-14,134.6300048828125,134.89999389648438,134.6199951171875,134.8699951171875,110.9738540649414,14420100,0.0,0.0,0.0
2021-07-15,135.22000122070312,135.2899932861328,134.77000427246094,135.16000366210938,111.21245574951172,15859100,0.0,0.0,0.0
2021-07-16,134.8000030517578,135.1300048828125,134.8000030517578,134.97000122070312,111.05612182617188,9624600,0.0,0.0,0.0
2021-07-19,135.64999389648438,136.0800018310547,135.58999633789062,135.94000244140625,111.85426330566406,21808500,0.0,0.0,0.0
2021-07-20,136.3699951171875,136.5399932861328,135.57000732421875,135.75,111.69788360595703,24764800,0.0,0.0,0.0
2021-07-21,135.24000549316406,135.44000244140625,135.02999877929688,135.27000427246094,111.3029556274414,22385000,0.0,0.0,0.0
2021-07-22,135.3800048828125,135.89999389648438,135.27000427246094,135.8300018310547,111.76374053955078,6074900,0.0,0.0,0.0
2021-07-23,135.3000030517578,135.77999877929688,135.25,135.77000427246094,111.71440887451172,11455300,0.0,0.0,0.0
2021-07-26,135.88999938964844,135.88999938964844,135.3800048828125,135.47000122070312,111.46751403808594,8684600,0.0,0.0,0.0
2021-07-27,135.94000244140625,136.0500030517578,135.6699981689453,136.0500030517578,111.94480895996094,10506100,0.0,0.0,0.0
2021-07-28,135.75999450683594,136.3000030517578,135.6300048828125,136.2899932861328,112.14226531982422,12225700,0.0,0.0,0.0
2021-07-29,135.8800048828125,136.00999450683594,135.77000427246094,135.89999389648438,111.82133483886719,15828800,0.0,0.0,0.0
2021-07-30,135.9600067138672,136.17999267578125,135.92999267578125,136.00999450683594,111.91185760498047,11148100,0.0,0.0,0.0
2021-08-02,135.9199981689453,136.50999450683594,135.85000610351562,136.16000366210938,112.23583984375,12042700,0.243,0.0,0.0
2021-08-03,136.19000244140625,136.39999389648438,136.13999938964844,136.3000030517578,112.35123443603516,13121700,0.0,0.0,0.0
2021-08-04,136.6199951171875,136.77999877929688,135.72000122070312,136.3300018310547,112.37594604492188,14426200,0.0,0.0,0.0
2021-08-05,136.11000061035156,136.13999938964844,135.74000549316406,135.77000427246094,111.91436004638672,13960900,0.0,0.0,0.0
2021-08-06,134.99000549316406,135.16000366210938,134.63999938964844,134.66000366210938,110.9993896484375,8641500,0.0,0.0,0.0
2021-08-09,134.69000244140625,134.80999755859375,134.0800018310547,134.0800018310547,110.52124786376953,14166600,0.0,0.0,0.0
2021-08-10,134.24000549316406,134.25,133.77999877929688,133.77999877929688,110.27397155761719,12103500,0.0,0.0,0.0
2021-08-11,133.77999877929688,134.3300018310547,133.57000732421875,133.99000549316406,110.44705200195312,15902200,0.0,0.0,0.0
2021-08-12,134.0,134.2100067138672,133.8699951171875,134.17999267578125,110.60371398925781,14593200,0.0,0.0,0.0
2021-08-13,134.50999450683594,135.1199951171875,134.39999389648438,135.0800018310547,111.34555053710938,17846600,0.0,0.0,0.0
2021-08-16,135.41000366210938,135.66000366210938,135.1300048828125,135.16000366210938,111.41150665283203,15203000,0.0,0.0,0.0
2021-08-17,134.94000244140625,135.1300048828125,134.82000732421875,134.9199981689453,111.21369171142578,15055900,0.0,0.0,0.0
2021-08-18,134.92999267578125,135.11000061035156,134.60000610351562,134.8300018310547,111.13946533203125,9134600,0.0,0.0,0.0
2021-08-19,135.0399932861328,135.25,134.83999633789062,135.13999938964844,111.39502716064453,15681600,0.0,0.0,0.0
2021-08-20,135.2899932861328,135.38999938964844,135.0500030517578,135.22999572753906,111.46916961669922,10782100,0.0,0.0,0.0
2021-08-23,135.3300018310547,135.4600067138672,135.1999969482422,135.3300018310547,111.5516586303711,12064300,0.0,0.0,0.0
2021-08-24,135.1999969482422,135.3000030517578,134.91000366210938,135.02000427246094,111.29610443115234,13782900,0.0,0.0,0.0
2021-08-25,135.02000427246094,135.1300048828125,134.50999450683594,134.6699981689453,111.00759887695312,15533600,0.0,0.0,0.0
2021-08-26,134.8300018310547,134.85000610351562,134.4499969482422,134.6300048828125,110.9746322631836,14673700,0.0,0.0,0.0
2021-08-27,134.77999877929688,135.42999267578125,134.57000732421875,135.3800048828125,111.59284973144531,11670000,0.0,0.0,0.0
2021-08-30,135.25,135.66000366210938,135.22000122070312,135.61000061035156,111.78247833251953,9119900,0.0,0.0,0.0
2021-08-31,135.57000732421875,135.77999877929688,135.1999969482422,135.3000030517578,111.52692413330078,15644700,0.0,0.0,0.0
2021-09-01,135.3300018310547,135.38999938964844,134.8800048828125,135.24000549316406,111.67059326171875,16028100,0.234,0.0,0.0
2021-09-02,135.3699951171875,135.47999572753906,135.1999969482422,135.47999572753906,111.86875915527344,11822200,0.0,0.0,0.0
2021-09-03,134.91000366210938,135.08999633789062,134.82000732421875,134.99000549316406,111.46418762207031,7681300,0.0,0.0,0.0
2021-09-07,134.5,134.5,134.1199951171875,134.35000610351562,110.93571472167969,14271400,0.0,0.0,0.0
2021-09-08,134.5800018310547,134.8800048828125,134.39999389648438,134.77999877929688,111.29077911376953,16045000,0.0,0.0,0.0
2021-09-09,134.9600067138672,135.72999572753906,134.83999633789062,135.66000366210938,112.01741027832031,18014200,0.0,0.0,0.0
2021-09-10,135.52000427246094,135.60000610351562,135.08999633789062,135.27000427246094,111.69534301757812,10776600,0.0,0.0,0.0
2021-09-13,135.57000732421875,135.77999877929688,135.5399932861328,135.60000610351562,111.96786499023438,13159800,0.0,0.0,0.0
2021-09-14,135.77000427246094,136.25999450683594,135.67999267578125,136.00999450683594,112.30638122558594,16550300,0.0,0.0,0.0
2021-09-15,135.9600067138672,136.0,135.63999938964844,135.85000610351562,112.17430877685547,14194400,0.0,0.0,0.0
2021-09-16,135.4499969482422,135.74000549316406,135.3699951171875,135.66000366210938,112.01741027832031,16282400,0.0,0.0,0.0
2021-09-17,135.2899932861328,135.39999389648438,135.10000610351562,135.36000061035156,111.76969146728516,15769600,0.0,0.0,0.0
2021-09-20,135.3800048828125,135.8300018310547,135.3800048828125,135.77999877929688,112.11648559570312,17519900,0.0,0.0,0.0
2021-09-21,135.8000030517578,135.88999938964844,135.6699981689453,135.77000427246094,112.10824584960938,15834600,0.0,0.0,0.0
2021-09-22,135.77999877929688,136.2100067138672,135.6300048828125,136.14999389648438,112.42198944091797,15898200,0.0,0.0,0.0
2021-09-23,135.7100067138672,135.7100067138672,135.0,135.2100067138672,111.64584350585938,14735500,0.0,0.0,0.0
2021-09-24,135.05999755859375,135.14999389648438,134.77999877929688,134.9199981689453,111.40636444091797,10797300,0.0,0.0,0.0
2021-09-27,134.6300048828125,134.9600067138672,134.5399932861328,134.85000610351562,111.34856414794922,13104100,0.0,0.0,0.0
2021-09-28,134.0500030517578,134.0500030517578,133.38999938964844,133.41000366210938,110.1595230102539,19987200,0.0,0.0,0.0
2021-09-29,133.77999877929688,134.07000732421875,133.25,133.3800048828125,110.13475036621094,14956300,0.0,0.0,0.0
2021-09-30,133.30999755859375,133.3800048828125,132.97000122070312,133.02999877929688,109.84574890136719,21397100,0.0,0.0,0.0
2021-10-01,133.22999572753906,133.94000244140625,133.17999267578125,133.74000549316406,110.64411926269531,21381400,0.255,0.0,0.0
2021-10-04,133.42999267578125,133.6699981689453,133.25,133.52000427246094,110.46208190917969,12931100,0.0,0.0,0.0
2021-10-05,133.39999389648438,133.50999450683594,132.97000122070312,132.97000122070312,110.0070571899414,14635200,0.0,0.0,0.0
2021-10-06,133.0,133.1300048828125,132.77999877929688,133.00999450683594,110.04014587402344,13855500,0.0,0.0,0.0
2021-10-07,132.72000122070312,132.82000732421875,132.3800048828125,132.4199981689453,109.55205535888672,15805500,0.0,0.0,0.0
2021-10-08,132.27999877929688,132.30999755859375,131.7100067138672,131.80999755859375,109.04739379882812,9079400,0.0,0.0,0.0
2021-10-11,131.5800018310547,131.83999633789062,131.5399932861328,131.55999755859375,108.840576171875,4337000,0.0,0.0,0.0
2021-10-12,132.08999633789062,132.4499969482422,131.83999633789062,132.39999389648438,109.53551483154297,19870400,0.0,0.0,0.0
2021-10-13,132.61000061035156,133.11000061035156,132.55999755859375,133.07000732421875,110.0898208618164,18260300,0.0,0.0,0.0
2021-10-14,133.30999755859375,133.6999969482422,133.22000122070312,133.6999969482422,110.61101531982422,15870000,0.0,0.0,0.0
2021-10-15,133.2100067138672,133.27999877929688,133.0,133.22000122070312,110.2138900756836,13131700,0.0,0.0,0.0
2021-10-18,133.0,133.2899932861328,132.7100067138672,133.11000061035156,110.12288665771484,11530300,0.0,0.0,0.0
2021-10-19,132.77999877929688,132.8300018310547,132.3800048828125,132.3800048828125,109.51897430419922,12213200,0.0,0.0,0.0
2021-10-20,132.30999755859375,132.50999450683594,132.02999877929688,132.05999755859375,109.25421905517578,13810200,0.0,0.0,0.0
2021-10-21,132.0,132.05999755859375,131.66000366210938,131.77999877929688,109.02256774902344,13131000,0.0,0.0,0.0
2021-10-22,132.08999633789062,132.44000244140625,131.97999572753906,132.30999755859375,109.4610366821289,13735100,0.0,0.0,0.0
2021-10-25,132.3000030517578,132.63999938964844,132.25999450683594,132.3699951171875,109.51071166992188,8206800,0.0,0.0,0.0
2021-10-26,132.72000122070312,132.9600067138672,132.39999389648438,132.94000244140625,109.9822769165039,10100600,0.0,0.0,0.0
2021-10-27,133.52999877929688,134.05999755859375,133.24000549316406,133.75,110.6523666381836,15928300,0.0,0.0,0.0
2021-10-28,133.7100067138672,133.8800048828125,133.2899932861328,133.5500030517578,110.48690795898438,18514400,0.0,0.0,0.0
2021-10-29,133.00999450683594,133.72000122070312,132.9499969482422,133.47999572753906,110.42900085449219,17367800,0.0,0.0,0.0
2021-11-01,132.61000061035156,133.07000732421875,132.61000061035156,132.97999572753906,110.23172760009766,11894200,0.262,0.0,0.0
2021-11-02,132.97999572753906,133.57000732421875,132.97999572753906,133.49000549316406,110.65448760986328,18047600,0.0,0.0,0.0
2021-11-03,133.6300048828125,133.74000549316406,132.91000366210938,133.14999389648438,110.37264251708984,11847700,0.0,0.0,0.0
2021-11-04,133.3000030517578,134.02999877929688,133.3000030517578,133.85000610351562,110.95292663574219,20135500,0.0,0.0,0.0
2021-11-05,134.33999633789062,135.0,134.22000122070312,134.8300018310547,111.76524353027344,15840400,0.0,0.0,0.0
2021-11-08,134.69000244140625,134.7100067138672,134.33999633789062,134.52000427246094,111.5082778930664,8494200,0.0,0.0,0.0
2021-11-09,135.2100067138672,135.30999755859375,134.86000061035156,134.8800048828125,111.80670166015625,18075300,0.0,0.0,0.0
2021-11-10,134.6699981689453,134.69000244140625,133.25,133.5,110.66277313232422,23397300,0.0,0.0,0.0
2021-11-11,133.5399932861328,133.67999267578125,133.0500030517578,133.1199951171875,110.34776306152344,6168900,0.0,0.0,0.0
2021-11-12,133.3000030517578,133.4199981689453,132.7899932861328,132.97999572753906,110.23172760009766,11897100,0.0,0.0,0.0
2021-11-15,132.85000610351562,132.89999389648438,131.9600067138672,131.97000122070312,109.39453125,12353400,0.0,0.0,0.0
2021-11-16,131.88999938964844,132.35000610351562,131.67999267578125,131.75,109.21212768554688,18709500,0.0,0.0,0.0
2021-11-17,131.60000610351562,132.32000732421875,131.49000549316406,132.27999877929688,109.65145111083984,14541100,0.0,0.0,0.0
2021-11-18,132.19000244140625,132.69000244140625,132.19000244140625,132.5800018310547,109.9001235961914,14086100,0.0,0.0,0.0
2021-11-19,132.89999389648438,133.2100067138672,132.88999938964844,133.0800018310547,110.3145980834961,17682900,0.0,0.0,0.0
2021-11-22,132.5500030517578,132.75999450683594,131.8699951171875,131.9199981689453,109.35303497314453,13745400,0.0,0.0,0.0
2021-11-23,131.61000061035156,131.6999969482422,130.97999572753906,130.97999572753906,108.5738296508789,10986900,0.0,0.0,0.0
2021-11-24,130.9600067138672,131.6300048828125,130.80999755859375,131.61000061035156,109.09608459472656,14019900,0.0,0.0,0.0
2021-11-26,132.02000427246094,132.74000549316406,131.80999755859375,132.67999267578125,109.98301696777344,14399300,0.0,0.0,0.0
2021-11-29,132.13999938964844,132.8699951171875,132.0500030517578,132.77000427246094,110.05760955810547,21231700,0.0,0.0,0.0
2021-11-30,133.22999572753906,133.72999572753906,132.77000427246094,133.05999755859375,110.29803466796875,28873400,0.0,0.0,0.0
2021-12-01,132.77000427246094,132.9600067138672,132.35000610351562,132.83999633789062,110.31378936767578,18070800,0.239,0.0,0.0
2021-12-02,132.8699951171875,133.22999572753906,132.60000610351562,133.14999389648438,110.57125854492188,17305900,0.0,0.0,0.0
2021-12-03,133.1199951171875,134.55999755859375,133.07000732421875,134.25999450683594,111.4930191040039,25739900,0.0,0.0,0.0
2021-12-06,134.2100067138672,134.24000549316406,133.50999450683594,133.5800018310547,110.9283676147461,25332000,0.0,0.0,0.0
2021-12-07,133.63999938964844,134.07000732421875,133.47999572753906,133.63999938964844,110.97815704345703,17338200,0.0,0.0,0.0
2021-12-08,133.3000030517578,133.36000061035156,132.5399932861328,132.75,110.23907470703125,17408000,0.0,0.0,0.0
2021-12-09,132.94000244140625,133.16000366210938,132.58999633789062,132.63999938964844,110.14771270751953,12348300,0.0,0.0,0.0
2021-12-10,133.2899932861328,133.3300018310547,132.72999572753906,132.7899932861328,110.27227783203125,12792300,0.0,0.0,0.0
2021-12-13,133.32000732421875,133.6999969482422,133.27999877929688,133.38999938964844,110.77057647705078,10264200,0.0,0.0,0.0
2021-12-14,133.02999877929688,133.1699981689453,132.61000061035156,132.7899932861328,110.27227783203125,17725400,0.0,0.0,0.0
2021-12-15,132.3699951171875,133.02999877929688,132.32000732421875,132.9600067138672,110.4134750366211,20585100,0.0,0.0,0.0
2021-12-16,132.77999877929688,133.10000610351562,132.52000427246094,132.6999969482422,110.4101333618164,9750200,0.256,0.0,0.0
2021-12-17,132.85000610351562,133.13999938964844,132.85000610351562,133.00999450683594,110.66803741455078,8753100,0.0,0.0,0.0
2021-12-20,132.77000427246094,132.91000366210938,132.35000610351562,132.42999267578125,110.18550109863281,12931400,0.0,0.0,0.0
2021-12-21,131.47999572753906,132.6999969482422,131.47999572753906,132.69000244140625,110.4018325805664,12933300,0.0,0.0,0.0
2021-12-22,132.8699951171875,132.91000366210938,132.55999755859375,132.89999389648438,110.57653045654297,7850800,0.0,0.0,0.0
2021-12-23,132.77000427246094,132.82000732421875,132.4199981689453,132.6999969482422,110.4101333618164,8401200,0.0,0.0,0.0
2021-12-27,132.74000549316406,133.1999969482422,132.67999267578125,133.08999633789062,110.73463439941406,8744200,0.0,0.0,0.0
2021-12-28,133.36000061035156,133.41000366210938,132.75,132.9199981689453,110.59317779541016,6864300,0.0,0.0,0.0
2021-12-29,132.3800048828125,132.50999450683594,132.0,132.19000244140625,109.9858169555664,7263000,0.0,0.0,0.0
2021-12-30,132.3800048828125,132.75,132.10000610351562,132.72000122070312,110.42680358886719,5566900,0.0,0.0,0.0
2021-12-31,132.72999572753906,133.02999877929688,132.4499969482422,132.52000427246094,110.26038360595703,8514500,0.0,0.0,0.0
2022-01-03,131.77999877929688,131.7899932861328,131.11000061035156,131.11000061035156,109.08721160888672,18199400,0.0,0.0,0.0
2022-01-04,130.94000244140625,131.24000549316406,130.69000244140625,131.22000122070312,109.17872619628906,18748000,0.0,0.0,0.0
2022-01-05,131.47999572753906,131.47999572753906,130.4199981689453,130.4499969482422,108.5380859375,16107500,0.0,0.0,0.0
2022-01-06,130.17999267578125,130.47999572753906,130.0,130.27999877929688,108.39663696289062,19336300,0.0,0.0,0.0
2022-01-07,130.11000061035156,130.1999969482422,129.47000122070312,129.72000122070312,107.93071746826172,17750800,0.0,0.0,0.0
2022-01-10,129.39999389648438,129.67999267578125,129.02999877929688,129.60000610351562,107.83086395263672,14253400,0.0,0.0,0.0
2022-01-11,129.61000061035156,130.07000732421875,129.47999572753906,129.99000549316406,108.15533447265625,17231000,0.0,0.0,0.0
2022-01-12,130.22999572753906,130.3800048828125,129.88999938964844,129.89999389648438,108.08045196533203,12733100,0.0,0.0,0.0
2022-01-13,130.11000061035156,130.32000732421875,129.69000244140625,130.30999755859375,108.42159271240234,13468500,0.0,0.0,0.0
2022-01-14,129.7100067138672,129.72999572753906,129.10000610351562,129.16000366210938,107.46475219726562,14308300,0.0,0.0,0.0
2022-01-18,128.4199981689453,128.49000549316406,127.87000274658203,127.93000030517578,106.44133758544922,15266600,0.0,0.0,0.0
2022-01-19,128.27000427246094,128.69000244140625,128.10000610351562,128.1300048828125,106.60775756835938,16057900,0.0,0.0,0.0
2022-01-20,128.2899932861328,128.5,127.93000030517578,128.05999755859375,106.54949951171875,22915800,0.0,0.0,0.0
2022-01-21,128.67999267578125,129.11000061035156,128.6199951171875,128.89999389648438,107.24845123291016,21504700,0.0,0.0,0.0
2022-01-24,128.94000244140625,129.0,128.41000366210938,128.5,106.91565704345703,22567100,0.0,0.0,0.0
2022-01-25,128.47999572753906,128.7899932861328,128.08999633789062,128.13999938964844,106.61608123779297,17247300,0.0,0.0,0.0
2022-01-26,128.47999572753906,128.6199951171875,127.1500015258789,127.2699966430664,105.89221954345703,23220800,0.0,0.0,0.0
2022-01-27,127.70999908447266,128.05999755859375,127.31999969482422,127.55999755859375,106.13350677490234,22292800,0.0,0.0,0.0
2022-01-28,126.86000061035156,127.75,126.8499984741211,127.69999694824219,106.24998474121094,21294200,0.0,0.0,0.0
2022-01-31,127.54000091552734,127.87999725341797,127.26000213623047,127.76000213623047,106.29991149902344,20325100,0.0,0.0,0.0
2022-02-01,127.58999633789062,127.81999969482422,127.05000305175781,127.7300033569336,106.47665405273438,17587300,0.242,0.0,0.0
2022-02-02,127.94000244140625,128.3000030517578,127.61000061035156,127.73999786376953,106.4849853515625,22644800,0.0,0.0,0.0
2022-02-03,126.81999969482422,126.93000030517578,126.45999908447266,126.70999908447266,105.62638092041016,23396800,0.0,0.0,0.0
2022-02-04,125.68000030517578,125.80000305175781,125.11000061035156,125.44999694824219,104.57601165771484,26115800,0.0,0.0,0.0
2022-02-07,125.33000183105469,125.80999755859375,125.19999694824219,125.68000030517578,104.7677230834961,12756600,0.0,0.0,0.0
2022-02-08,125.54000091552734,125.68000030517578,125.20999908447266,125.20999908447266,104.37596130371094,22126100,0.0,0.0,0.0
2022-02-09,125.72000122070312,126.08000183105469,125.5999984741211,125.62999725341797,104.72606658935547,19616400,0.0,0.0,0.0
2022-02-10,124.95999908447266,125.19000244140625,123.9000015258789,123.91999816894531,103.30059814453125,39583900,0.0,0.0,0.0
2022-02-11,124.19000244140625,124.95999908447266,123.69999694824219,124.83999633789062,104.0675277709961,21553500,0.0,0.0,0.0
2022-02-14,124.1500015258789,124.30000305175781,123.66000366210938,123.7300033569336,103.1422348022461,22793600,0.0,0.0,0.0
2022-02-15,123.58999633789062,123.8499984741211,123.11000061035156,123.11000061035156,102.6253662109375,15673700,0.0,0.0,0.0
2022-02-16,123.47000122070312,123.48999786376953,122.62000274658203,123.29000091552734,102.7754135131836,27148800,0.0,0.0,0.0
2022-02-17,123.44000244140625,123.7699966430664,123.08999633789062,123.37999725341797,102.85045623779297,24384600,0.0,0.0,0.0
2022-02-18,123.76000213623047,124.13999938964844,123.26000213623047,123.68000030517578,103.10053253173828,19233800,0.0,0.0,0.0
2022-02-22,123.25,123.52999877929688,123.12000274658203,123.5199966430664,102.9671401977539,18011000,0.0,0.0,0.0
2022-02-23,123.2300033569336,123.3499984741211,122.37000274658203,122.4000015258789,102.03350830078125,16579900,0.0,0.0,0.0
2022-02-24,122.47000122070312,123.08000183105469,122.22000122070312,122.9800033569336,102.51699829101562,29245000,0.0,0.0,0.0
2022-02-25,123.31999969482422,124.08000183105469,123.0199966430664,123.4800033569336,102.93379974365234,19073700,0.0,0.0,0.0
2022-02-28,123.94000244140625,125.0,123.94000244140625,124.80000305175781,104.03416442871094,23474500,0.0,0.0,0.0
2022-03-01,124.83999633789062,125.83999633789062,124.80000305175781,124.97000122070312,104.39000701904297,28504600,0.256,0.0,0.0
2022-03-02,124.12999725341797,124.30000305175781,123.04000091552734,123.06999969482422,102.80291748046875,24849900,0.0,0.0,0.0
2022-03-03,123.52999877929688,123.86000061035156,123.23999786376953,123.5199966430664,103.17880249023438,14144600,0.0,0.0,0.0
2022-03-04,124.33000183105469,124.44999694824219,123.56999969482422,123.63999938964844,103.27906036376953,17402800,0.0,0.0,0.0
2022-03-07,122.88999938964844,123.29000091552734,122.0,122.13999938964844,102.02605438232422,16164900,0.0,0.0,0.0
2022-03-08,121.31999969482422,121.83000183105469,120.80999755859375,121.41000366210938,101.41629028320312,20045200,0.0,0.0,0.0
2022-03-09,121.55999755859375,122.0,121.41999816894531,121.62000274658203,101.59168243408203,27652200,0.0,0.0,0.0
2022-03-10,120.87999725341797,120.93000030517578,119.79000091552734,120.2300033569336,100.43060302734375,34185900,0.0,0.0,0.0
2022-03-11,120.30000305175781,120.41999816894531,120.06999969482422,120.18000030517578,100.38884735107422,20701300,0.0,0.0,0.0
2022-03-14,119.11000061035156,119.56999969482422,118.4000015258789,118.44000244140625,98.93537139892578,18624900,0.0,0.0,0.0
2022-03-15,119.01000213623047,119.47000122070312,118.81999969482422,119.37000274658203,99.71221160888672,24022000,0.0,0.0,0.0
2022-03-16,119.9000015258789,120.44999694824219,118.66999816894531,120.38999938964844,100.56425476074219,32561800,0.0,0.0,0.0
2022-03-17,121.01000213623047,121.87999725341797,120.83000183105469,121.56999969482422,101.54991149902344,23878300,0.0,0.0,0.0
2022-03-18,121.1500015258789,121.98999786376953,121.1500015258789,121.80999755859375,101.75041198730469,21675100,0.0,0.0,0.0
2022-03-21,120.88999938964844,121.16000366210938,119.95999908447266,120.12000274658203,100.33872985839844,17919300,0.0,0.0,0.0
2022-03-22,119.73999786376953,119.98999786376953,119.58999633789062,119.83000183105469,100.09646606445312,16780900,0.0,0.0,0.0
2022-03-23,120.05000305175781,120.33000183105469,119.6500015258789,120.16999816894531,100.3804702758789,16949300,0.0,0.0,0.0
2022-03-24,119.4000015258789,120.4000015258789,118.83999633789062,120.22000122070312,100.42223358154297,20466500,0.0,0.0,0.0
2022-03-25,119.77999877929688,119.80999755859375,118.83999633789062,119.2699966430664,99.62869262695312,23247400,0.0,0.0,0.0
2022-03-28,119.4800033569336,120.12000274658203,119.33000183105469,119.93000030517578,100.18000793457031,18691100,0.0,0.0,0.0
2022-03-29,120.55000305175781,121.01000213623047,120.29000091552734,120.94000244140625,101.0236587524414,23812400,0.0,0.0,0.0
2022-03-30,120.48999786376953,121.3499984741211,120.43000030517578,121.22000122070312,101.257568359375,17696700,0.0,0.0,0.0
2022-03-31,121.2699966430664,121.55999755859375,120.72000122070312,120.94000244140625,101.0236587524414,19905200,0.0,0.0,0.0
2022-04-01,120.05999755859375,121.4000015258789,119.94999694824219,121.08999633789062,101.3626937866211,16506800,0.255,0.0,0.0
2022-04-04,121.16999816894531,121.55000305175781,120.77999877929688,121.51000213623047,101.71427917480469,19647900,0.0,0.0,0.0
2022-04-05,121.13999938964844,121.19000244140625,119.36000061035156,119.37999725341797,99.93128204345703,22750400,0.0,0.0,0.0
2022-04-06,118.11000061035156,119.23999786376953,117.80000305175781,118.68000030517578,99.34532928466797,25447400,0.0,0.0,0.0
2022-04-07,118.52999877929688,118.62000274658203,117.91000366210938,118.12999725341797,98.88492584228516,21292700,0.0,0.0,0.0
2022-04-08,117.25,117.55999755859375,116.8499984741211,117.19999694824219,98.10640716552734,16072800,0.0,0.0,0.0
2022-04-11,116.5,116.58999633789062,115.77999877929688,116.05999755859375,97.15216064453125,20685500,0.0,0.0,0.0
2022-04-12,116.83999633789062,117.16999816894531,116.12999725341797,116.13999938964844,97.21913146972656,25029100,0.0,0.0,0.0
2022-04-13,116.1500015258789,116.80999755859375,116.0999984741211,116.73999786376953,97.72136688232422,21276200,0.0,0.0,0.0
2022-04-14,116.66999816894531,116.69999694824219,115.2699966430664,115.37999725341797,96.58295440673828,19717700,0.0,0.0,0.0
2022-04-18,115.13999938964844,115.33000183105469,114.38999938964844,114.5,95.84630584716797,16576000,0.0,0.0,0.0
2022-04-19,113.93000030517578,114.16999816894531,113.5199966430664,113.58999633789062,95.08454132080078,19775400,0.0,0.0,0.0
2022-04-20,114.33000183105469,115.08999633789062,114.30999755859375,114.7699966430664,96.07232666015625,21119400,0.0,0.0,0.0
2022-04-21,114.5,114.58000183105469,113.22000122070312,113.55000305175781,95.05109405517578,25288700,0.0,0.0,0.0
2022-04-22,113.11000061035156,113.70999908447266,112.80999755859375,113.41999816894531,94.94226837158203,19927300,0.0,0.0,0.0
2022-04-25,114.02999877929688,114.86000061035156,114.0199966430664,114.68000030517578,95.99696350097656,22261500,0.0,0.0,0.0
2022-04-26,115.23999786376953,115.2699966430664,114.4800033569336,114.62000274658203,95.94673156738281,22695300,0.0,0.0,0.0
2022-04-27,114.4000015258789,114.80999755859375,113.47000122070312,113.5199966430664,95.02596282958984,19426200,0.0,0.0,0.0
2022-04-28,113.2699966430664,113.87000274658203,113.0199966430664,113.86000061035156,95.31059265136719,19645500,0.0,0.0,0.0
2022-04-29,112.91000366210938,113.5199966430664,112.37999725341797,112.5999984741211,94.25585174560547,20257300,0.0,0.0,0.0
2022-05-02,111.69000244140625,111.91999816894531,111.30000305175781,111.68000030517578,93.69705200195312,17184100,0.254,0.0,0.0
2022-05-03,112.77999877929688,113.33999633789062,112.29000091552734,112.4000015258789,94.3011474609375,20914600,0.0,0.0,0.0
2022-05-04,112.38999938964844,113.86000061035156,111.77999877929688,113.5,95.2240219116211,34240700,0.0,0.0,0.0
2022-05-05,112.44000244140625,112.48999786376953,110.88999938964844,111.76000213623047,93.76419830322266,34356900,0.0,0.0,0.0
2022-05-06,110.8499984741211,111.5199966430664,110.66000366210938,110.80999755859375,92.96714782714844,15550400,0.0,0.0,0.0
2022-05-09,110.41999816894531,111.31999969482422,110.19000244140625,111.19999694824219,93.29438018798828,17185900,0.0,0.0,0.0
2022-05-10,112.08000183105469,112.36000061035156,111.56999969482422,111.66999816894531,93.68867492675781,25650800,0.0,0.0,0.0
2022-05-11,111.19999694824219,112.45999908447266,111.04000091552734,112.19000244140625,94.12496185302734,25053500,0.0,0.0,0.0
2022-05-12,112.45999908447266,112.87999725341797,112.16000366210938,112.23999786376953,94.16691589355469,22156400,0.0,0.0,0.0
2022-05-13,112.06999969482422,112.16000366210938,111.41999816894531,111.6500015258789,93.67190551757812,16107900,0.0,0.0,0.0
2022-05-16,111.8499984741211,112.30999755859375,111.73999786376953,111.80000305175781,93.7977523803711,11980500,0.0,0.0,0.0
2022-05-17,111.16999816894531,111.4000015258789,110.94999694824219,111.16000366210938,93.26083374023438,16562600,0.0,0.0,0.0
2022-05-18,110.88999938964844,111.62000274658203,110.88999938964844,111.56999969482422,93.60482788085938,16146400,0.0,0.0,0.0
2022-05-19,112.2699966430664,112.62000274658203,111.70999908447266,111.87000274658203,93.85648345947266,21212500,0.0,0.0,0.0
2022-05-20,112.18000030517578,112.45999908447266,111.9800033569336,112.41999816894531,94.31790924072266,13906700,0.0,0.0,0.0
2022-05-23,112.06999969482422,112.51000213623047,111.77999877929688,112.0199966430664,93.9823226928711,14892400,0.0,0.0,0.0
2022-05-24,112.48999786376953,113.61000061035156,112.41000366210938,113.48999786376953,95.21563720703125,17210400,0.0,0.0,0.0
2022-05-25,114.0199966430664,114.68000030517578,113.91999816894531,114.66000366210938,96.19721984863281,25637000,0.0,0.0,0.0
2022-05-26,114.83000183105469,115.2699966430664,114.43000030517578,114.69000244140625,96.22240447998047,34022300,0.0,0.0,0.0
2022-05-27,115.16999816894531,115.66000366210938,114.87000274658203,115.29000091552734,96.72581481933594,9246100,0.0,0.0,0.0
2022-05-31,114.26000213623047,114.66000366210938,113.70999908447266,114.44000244140625,96.01266479492188,20336900,0.0,0.0,0.0
2022-06-01,114.66000366210938,114.9000015258789,113.08999633789062,113.5,95.45256805419922,22403900,0.274,0.0,0.0
2022-06-02,113.66000366210938,113.79000091552734,112.88999938964844,113.55000305175781,95.49462890625,14823300,0.0,0.0,0.0
2022-06-03,112.73999786376953,113.19999694824219,112.73999786376953,113.19000244140625,95.19187927246094,11440900,0.0,0.0,0.0
2022-06-06,113.11000061035156,113.19000244140625,112.30999755859375,112.38999938964844,94.51905059814453,12213900,0.0,0.0,0.0
2022-06-07,112.69000244140625,113.29000091552734,112.61000061035156,112.98999786376953,95.02366638183594,11291400,0.0,0.0,0.0
2022-06-08,112.76000213623047,113.08999633789062,112.33000183105469,112.33999633789062,94.47700500488281,13730800,0.0,0.0,0.0
2022-06-09,112.05999755859375,112.33999633789062,111.54000091552734,111.5999984741211,93.85467529296875,24846700,0.0,0.0,0.0
2022-06-10,111.01000213623047,111.13999938964844,109.86000061035156,110.5199966430664,92.94638061523438,36297900,0.0,0.0,0.0
2022-06-13,108.37000274658203,108.8499984741211,107.0999984741211,107.97000122070312,90.8018798828125,34771900,0.0,0.0,0.0
2022-06-14,108.45999908447266,108.81999969482422,107.16000366210938,107.41000366210938,90.33091735839844,27320800,0.0,0.0,0.0
2022-06-15,108.66000366210938,109.19000244140625,107.73999786376953,109.08999633789062,91.7437973022461,31581500,0.0,0.0,0.0
2022-06-16,107.58999633789062,109.4800033569336,107.29000091552734,109.20999908447266,91.8447036743164,30588300,0.0,0.0,0.0
2022-06-17,109.5199966430664,109.70999908447266,108.7699966430664,109.43000030517578,92.02970886230469,17319600,0.0,0.0,0.0
2022-06-21,108.94000244140625,109.41999816894531,108.20999908447266,108.33000183105469,91.10467529296875,17031500,0.0,0.0,0.0
2022-06-22,109.45999908447266,109.66999816894531,109.05999755859375,109.12000274658203,91.76901245117188,18943300,0.0,0.0,0.0
2022-06-23,109.63999938964844,110.81999969482422,109.58999633789062,109.95999908447266,92.47541809082031,30742100,0.0,0.0,0.0
2022-06-24,109.87999725341797,110.66999816894531,109.8499984741211,110.08999633789062,92.58479309082031,18668900,0.0,0.0,0.0
2022-06-27,109.4800033569336,109.70999908447266,109.0199966430664,109.08000183105469,91.73539733886719,20847000,0.0,0.0,0.0
2022-06-28,108.9000015258789,109.11000061035156,108.5199966430664,109.05000305175781,91.71015930175781,18998400,0.0,0.0,0.0
2022-06-29,109.0999984741211,109.70999908447266,109.0199966430664,109.69999694824219,92.25679779052734,10747100,0.0,0.0,0.0
2022-06-30,109.7699966430664,110.9000015258789,109.7699966430664,110.02999877929688,92.5343246459961,16570800,0.0,0.0,0.0
2022-07-01,110.66000366210938,111.45999908447266,110.47000122070312,111.12000274658203,93.70391082763672,20179400,0.297,0.0,0.0
2022-07-05,111.19999694824219,111.30000305175781,110.83999633789062,111.08999633789062,93.67863464355469,16728000,0.0,0.0,0.0
2022-07-06,111.41000366210938,111.58000183105469,110.43000030517578,110.54000091552734,93.21480560302734,17291300,0.0,0.0,0.0
2022-07-07,110.95999908447266,111.13999938964844,110.33000183105469,110.52999877929688,93.20641326904297,15165800,0.0,0.0,0.0
2022-07-08,110.12000274658203,110.41000366210938,109.94999694824219,110.3499984741211,93.05462646484375,14384500,0.0,0.0,0.0
2022-07-11,110.81999969482422,111.16000366210938,110.5,110.66000366210938,93.31602478027344,9456900,0.0,0.0,0.0
2022-07-12,111.11000061035156,111.58000183105469,110.77999877929688,110.81999969482422,93.45094299316406,18053600,0.0,0.0,0.0
2022-07-13,109.72000122070312,111.77999877929688,109.70999908447266,111.6500015258789,94.15086364746094,25657200,0.0,0.0,0.0
2022-07-14,110.44000244140625,111.22000122070312,110.08999633789062,110.94000244140625,93.55213928222656,22978600,0.0,0.0,0.0
2022-07-15,110.86000061035156,112.05000305175781,110.86000061035156,111.83000183105469,94.30264282226562,15192500,0.0,0.0,0.0
2022-07-18,111.66000366210938,111.66999816894531,110.97000122070312,111.05000305175781,93.64488983154297,15665500,0.0,0.0,0.0
2022-07-19,111.20999908447266,111.47000122070312,110.81999969482422,111.36000061035156,93.9063491821289,15414500,0.0,0.0,0.0
2022-07-20,111.8499984741211,111.94000244140625,111.16000366210938,111.23999786376953,93.80513000488281,9888100,0.0,0.0,0.0
2022-07-21,111.51000213623047,112.7699966430664,111.51000213623047,112.76000213623047,95.08686828613281,25141900,0.0,0.0,0.0
2022-07-22,113.70999908447266,114.23999786376953,113.13999938964844,113.62999725341797,95.8205337524414,16062400,0.0,0.0,0.0
2022-07-25,112.83999633789062,113.01000213623047,112.4000015258789,112.66999816894531,95.01100158691406,25656700,0.0,0.0,0.0
2022-07-26,113.01000213623047,113.12000274658203,112.5999984741211,112.6500015258789,94.99413299560547,18514600,0.0,0.0,0.0
2022-07-27,113.16000366210938,114.05000305175781,113.12999725341797,113.4000015258789,95.62657928466797,16995200,0.0,0.0,0.0
2022-07-28,114.2300033569336,114.51000213623047,113.98999786376953,114.33999633789062,96.41923522949219,17266700,0.0,0.0,0.0
2022-07-29,114.27999877929688,115.08000183105469,114.13999938964844,114.61000061035156,96.64695739746094,14914000,0.0,0.0,0.0
2022-08-01,114.37999725341797,114.91000366210938,114.26000213623047,114.55999755859375,96.83795928955078,18348900,0.276,0.0,0.0
2022-08-02,114.52999877929688,114.68000030517578,113.06999969482422,113.16000366210938,95.6545639038086,22706500,0.0,0.0,0.0
2022-08-03,113.2300033569336,114.41999816894531,112.87000274658203,114.38999938964844,96.69428253173828,19416500,0.0,0.0,0.0
2022-08-04,114.26000213623047,114.62999725341797,113.91000366210938,114.56999969482422,96.84642791748047,22451000,0.0,0.0,0.0
2022-08-05,112.94999694824219,113.0999984741211,112.30999755859375,113.0199966430664,95.53621673583984,15893400,0.0,0.0,0.0
2022-08-08,113.58000183105469,113.94000244140625,113.41000366210938,113.47000122070312,95.91657257080078,11889800,0.0,0.0,0.0
2022-08-09,113.0199966430664,113.20999908447266,112.83000183105469,112.95999908447266,95.48548126220703,17809000,0.0,0.0,0.0
2022-08-10,113.55999755859375,114.30999755859375,113.54000091552734,114.02999877929688,96.38996887207031,25548100,0.0,0.0,0.0
2022-08-11,114.47000122070312,114.9800033569336,112.87999725341797,112.93000030517578,95.46012878417969,24970100,0.0,0.0,0.0
2022-08-12,113.54000091552734,114.26000213623047,113.2699966430664,114.23999786376953,96.56746673583984,16542900,0.0,0.0,0.0
2022-08-15,114.44000244140625,114.61000061035156,114.13999938964844,114.16000366210938,96.49983215332031,10750200,0.0,0.0,0.0
2022-08-16,113.80999755859375,113.87000274658203,113.12999725341797,113.72000122070312,96.12792205810547,15328900,0.0,0.0,0.0
2022-08-17,112.95999908447266,113.18000030517578,112.4000015258789,112.6500015258789,95.22341918945312,20836800,0.0,0.0,0.0
2022-08-18,113.01000213623047,113.31999969482422,112.87999725341797,112.94000244140625,95.46857452392578,13914300,0.0,0.0,0.0
2022-08-19,111.94000244140625,111.94000244140625,111.3499984741211,111.5999984741211,94.33586883544922,17996700,0.0,0.0,0.0
2022-08-22,111.29000091552734,111.30000305175781,110.7300033569336,110.8499984741211,93.701904296875,10208500,0.0,0.0,0.0
2022-08-23,110.72000122070312,111.48999786376953,110.61000061035156,110.97000122070312,93.8033447265625,14517700,0.0,0.0,0.0
2022-08-24,110.7300033569336,110.80000305175781,110.43000030517578,110.63999938964844,93.52438354492188,14441000,0.0,0.0,0.0
2022-08-25,111.2300033569336,112.04000091552734,110.75,111.77999877929688,94.4880142211914,33579200,0.0,0.0,0.0
2022-08-26,111.44999694824219,111.73999786376953,111.01000213623047,111.11000061035156,93.92167663574219,13942300,0.0,0.0,0.0
2022-08-29,110.62000274658203,110.62000274658203,110.1500015258789,110.29000091552734,93.22854614257812,18371900,0.0,0.0,0.0
2022-08-30,110.58000183105469,110.80000305175781,109.8499984741211,110.43000030517578,93.34687805175781,19251300,0.0,0.0,0.0
2022-08-31,110.19999694824219,110.37000274658203,109.20999908447266,109.2699966430664,92.36630249023438,19484300,0.0,0.0,0.0
2022-09-01,108.19000244140625,108.41999816894531,107.3499984741211,108.30999755859375,91.81024169921875,26706500,0.304,0.0,0.0
2022-09-02,108.8499984741211,109.25,108.37999725341797,108.38999938964844,91.8780746459961,14458700,0.0,0.0,0.0
2022-09-06,107.86000061035156,107.94000244140625,106.91999816894531,106.91999816894531,90.63200378417969,16455700,0.0,0.0,0.0
2022-09-07,107.41000366210938,108.48999786376953,107.38999938964844,108.37999725341797,91.86958312988281,21874300,0.0,0.0,0.0
2022-09-08,108.33999633789062,108.66999816894531,108.05000305175781,108.12999725341797,91.65766906738281,16871100,0.0,0.0,0.0
2022-09-09,108.55000305175781,108.98999786376953,108.3499984741211,108.37999725341797,91.86958312988281,11911700,0.0,0.0,0.0
2022-09-12,108.80000305175781,109.0199966430664,107.91999816894531,108.13999938964844,91.6661376953125,11084600,0.0,0.0,0.0
2022-09-13,107.05999755859375,107.5199966430664,106.91000366210938,107.36000061035156,91.00496673583984,19563400,0.0,0.0,0.0
2022-09-14,107.33000183105469,108.05999755859375,107.30000305175781,107.87000274658203,91.43728637695312,19360500,0.0,0.0,0.0
2022-09-15,107.62000274658203,107.76000213623047,107.19999694824219,107.3499984741211,90.99649810791016,12947800,0.0,0.0,0.0
2022-09-16,106.75,108.16000366210938,106.7300033569336,107.0999984741211,90.78457641601562,13980900,0.0,0.0,0.0
2022-09-19,106.62000274658203,107.38999938964844,106.52999877929688,107.27999877929688,90.93717193603516,13679600,0.0,0.0,0.0
2022-09-20,106.33999633789062,106.6500015258789,106.05999755859375,106.20999908447266,90.03015899658203,30310500,0.0,0.0,0.0
2022-09-21,106.62999725341797,106.9000015258789,105.5999984741211,106.61000061035156,90.36924743652344,23883200,0.0,0.0,0.0
2022-09-22,105.62000274658203,105.62999725341797,104.80999755859375,105.11000061035156,89.09774780273438,20982600,0.0,0.0,0.0
2022-09-23,104.87999725341797,105.06999969482422,104.33000183105469,104.80999755859375,88.84342956542969,18671200,0.0,0.0,0.0
2022-09-26,104.38999938964844,104.58999633789062,102.94000244140625,102.98999786376953,87.3006820678711,27606500,0.0,0.0,0.0
2022-09-27,103.05999755859375,103.2699966430664,101.4000015258789,101.44000244140625,85.98681640625,34683500,0.0,0.0,0.0
2022-09-28,102.48999786376953,103.56999969482422,102.2699966430664,103.4800033569336,87.71602630615234,39921300,0.0,0.0,0.0
2022-09-29,102.5199966430664,102.77999877929688,101.73999786376953,102.70999908447266,87.06333923339844,30873000,0.0,0.0,0.0
2022-09-30,103.05999755859375,103.56999969482422,102.44000244140625,102.44999694824219,86.8429183959961,24058300,0.0,0.0,0.0
2022-10-03,103.61000061035156,104.83999633789062,103.38999938964844,104.0,88.44951629638672,27200900,0.339,0.0,0.0
2022-10-04,104.80999755859375,105.12000274658203,104.36000061035156,104.4800033569336,88.85773468017578,21918800,0.0,0.0,0.0
2022-10-05,103.66999816894531,103.88999938964844,102.94999694824219,103.69000244140625,88.18585205078125,24999500,0.0,0.0,0.0
2022-10-06,103.68000030517578,103.94000244140625,103.19999694824219,103.44999694824219,87.98173522949219,22017200,0.0,0.0,0.0
2022-10-07,102.83999633789062,102.91000366210938,102.37000274658203,102.41999816894531,87.1057357788086,20895500,0.0,0.0,0.0
2022-10-10,102.38999938964844,102.44999694824219,101.08999633789062,101.5,86.32333374023438,6179400,0.0,0.0,0.0
2022-10-11,101.7699966430664,102.16999816894531,101.04000091552734,101.29000091552734,86.14472198486328,30332900,0.0,0.0,0.0
2022-10-12,101.16999816894531,101.4800033569336,100.83000183105469,101.16999816894531,86.04264068603516,18941200,0.0,0.0,0.0
2022-10-13,99.19999694824219,101.63999938964844,99.18000030517578,101.3499984741211,86.19573211669922,20727700,0.0,0.0,0.0
2022-10-14,101.98999786376953,101.98999786376953,100.2699966430664,100.37999725341797,85.37077331542969,20681900,0.0,0.0,0.0
2022-10-17,101.26000213623047,101.66999816894531,100.79000091552734,100.86000061035156,85.77899169921875,16585700,0.0,0.0,0.0
2022-10-18,101.47000122070312,101.61000061035156,100.51000213623047,101.45999908447266,86.28927612304688,23532600,0.0,0.0,0.0
2022-10-19,100.54000091552734,100.83999633789062,99.94000244140625,100.06999969482422,85.10713195800781,16461800,0.0,0.0,0.0
2022-10-20,99.81999969482422,100.37000274658203,99.0999984741211,99.19999694824219,84.36722564697266,21437300,0.0,0.0,0.0
2022-10-21,98.7300033569336,99.63999938964844,98.41000366210938,99.4800033569336,84.60535430908203,18871700,0.0,0.0,0.0
2022-10-24,99.37999725341797,99.9800033569336,98.83000183105469,99.43000030517578,84.56279754638672,16517100,0.0,0.0,0.0
2022-10-25,100.29000091552734,101.19000244140625,100.29000091552734,100.76000213623047,85.69396209716797,23143100,0.0,0.0,0.0
2022-10-26,101.01000213623047,101.72000122070312,100.91000366210938,101.22000122070312,86.08518981933594,22201400,0.0,0.0,0.0
2022-10-27,101.56999969482422,102.08999633789062,101.19999694824219,101.69000244140625,86.4848861694336,21002900,0.0,0.0,0.0
2022-10-28,101.29000091552734,102.05000305175781,101.23999786376953,101.9000015258789,86.66352844238281,19532300,0.0,0.0,0.0
2022-10-31,101.54000091552734,101.68000030517578,100.97000122070312,101.3499984741211,86.19573211669922,21884100,0.0,0.0,0.0
2022-11-01,102.0999984741211,102.19000244140625,101.19000244140625,101.7699966430664,86.81591796875,26415300,0.307,0.0,0.0
2022-11-02,101.91000366210938,102.91999816894531,101.0199966430664,101.27999877929688,86.39791870117188,23174200,0.0,0.0,0.0
2022-11-03,100.33000183105469,101.18000030517578,100.01000213623047,100.91999816894531,86.0908203125,52723900,0.0,0.0,0.0
2022-11-04,101.20999908447266,101.55000305175781,100.66000366210938,101.12000274658203,86.26141357421875,16698200,0.0,0.0,0.0
2022-11-07,101.16999816894531,101.2300033569336,100.54000091552734,100.75,85.94581604003906,13428300,0.0,0.0,0.0
2022-11-08,101.0,101.48999786376953,100.8499984741211,101.16999816894531,86.30406951904297,19206000,0.0,0.0,0.0
2022-11-09,100.86000061035156,101.41999816894531,100.6500015258789,100.91000366210938,86.08229064941406,12204000,0.0,0.0,0.0
2022-11-10,103.0999984741211,104.38999938964844,103.06999969482422,104.29000091552734,88.96562957763672,28447600,0.0,0.0,0.0
2022-11-11,104.12000274658203,104.73999786376953,103.9800033569336,104.56999969482422,89.20447540283203,8578600,0.0,0.0,0.0
2022-11-14,104.20999908447266,104.44999694824219,104.01000213623047,104.04000091552734,88.75236511230469,22576600,0.0,0.0,0.0
2022-11-15,105.12000274658203,105.52999877929688,104.81999969482422,105.48999786376953,89.9892807006836,25504400,0.0,0.0,0.0
2022-11-16,105.80000305175781,106.5999984741211,105.58000183105469,106.38999938964844,90.75706481933594,24648800,0.0,0.0,0.0
2022-11-17,105.5199966430664,105.91000366210938,105.22000122070312,105.81999969482422,90.27081298828125,24106600,0.0,0.0,0.0
2022-11-18,106.12999725341797,106.29000091552734,105.61000061035156,105.80999755859375,90.26227569580078,14214100,0.0,0.0,0.0
2022-11-21,106.19999694824219,106.36000061035156,105.63999938964844,105.6500015258789,90.12579345703125,9664100,0.0,0.0,0.0
2022-11-22,106.19000244140625,106.7300033569336,106.05999755859375,106.58999633789062,90.92767333984375,15050400,0.0,0.0,0.0
2022-11-23,106.95999908447266,107.69999694824219,106.91999816894531,107.66000366210938,91.84043884277344,12511500,0.0,0.0,0.0
2022-11-25,107.72000122070312,107.79000091552734,107.5,107.7699966430664,91.93425750732422,4413900,0.0,0.0,0.0
2022-11-28,107.8499984741211,107.87999725341797,106.88999938964844,106.98999786376953,91.26887512207031,18815800,0.0,0.0,0.0
2022-11-29,106.51000213623047,106.80999755859375,106.23999786376953,106.45999908447266,90.81675720214844,23040000,0.0,0.0,0.0
2022-11-30,106.4000015258789,107.77999877929688,105.98999786376953,107.76000213623047,91.92573547363281,20930100,0.0,0.0,0.0
2022-12-01,107.91999816894531,108.80999755859375,107.61000061035156,108.76000213623047,93.075927734375,30830200,0.344,0.0,0.0
2022-12-02,108.0,109.41999816894531,107.79000091552734,109.41999816894531,93.64075469970703,16908900,0.0,0.0,0.0
2022-12-05,108.70999908447266,108.70999908447266,108.0199966430664,108.48999786376953,92.84484100341797,19612000,0.0,0.0,0.0
2022-12-06,108.87000274658203,108.9800033569336,108.52999877929688,108.81999969482422,93.12728118896484,18220800,0.0,0.0,0.0
2022-12-07,109.38999938964844,110.08000183105469,109.27999877929688,110.02999877929688,94.16280364990234,22116700,0.0,0.0,0.0
2022-12-08,109.73999786376953,110.02999877929688,109.41000366210938,109.68000030517578,93.86325073242188,18285600,0.0,0.0,0.0
2022-12-09,109.30000305175781,109.4000015258789,108.81999969482422,108.86000061035156,93.16150665283203,15568800,0.0,0.0,0.0
2022-12-12,109.62000274658203,109.73999786376953,108.6500015258789,108.72000122070312,93.04170227050781,13988400,0.0,0.0,0.0
2022-12-13,110.76000213623047,110.88999938964844,109.4800033569336,109.66999816894531,93.85468292236328,19976000,0.0,0.0,0.0
2022-12-14,109.66000366210938,109.93000030517578,108.7699966430664,109.7699966430664,93.9402847290039,19894900,0.0,0.0,0.0
2022-12-15,109.52999877929688,109.72000122070312,109.16000366210938,109.52999877929688,94.0192642211914,16931200,0.332,0.0,0.0
2022-12-16,108.4800033569336,109.19999694824219,108.4800033569336,109.05999755859375,93.61579895019531,16643900,0.0,0.0,0.0
2022-12-19,108.43000030517578,108.44999694824219,107.69999694824219,107.95999908447266,92.67158508300781,14746200,0.0,0.0,0.0
2022-12-20,106.93000030517578,107.0199966430664,106.5199966430664,106.69000244140625,91.58141326904297,18678000,0.0,0.0,0.0
2022-12-21,107.37000274658203,107.5199966430664,107.01000213623047,107.41999816894531,92.20806884765625,15087800,0.0,0.0,0.0
2022-12-22,107.37000274658203,107.54000091552734,107.13999938964844,107.38999938964844,92.18231964111328,13957300,0.0,0.0,0.0
2022-12-23,106.95999908447266,107.30999755859375,106.83000183105469,107.05999755859375,91.8990707397461,5992400,0.0,0.0,0.0
2022-12-27,106.31999969482422,106.54000091552734,105.63999938964844,105.68000030517578,90.7144775390625,10456200,0.0,0.0,0.0
2022-12-28,106.06999969482422,106.2300033569336,105.3499984741211,105.3499984741211,90.43118286132812,10050900,0.0,0.0,0.0
2022-12-29,105.7300033569336,106.13999938964844,105.66000366210938,106.0999984741211,91.07500457763672,14253300,0.0,0.0,0.0
2022-12-30,105.80999755859375,105.94000244140625,105.16999816894531,105.43000030517578,90.4998779296875,8528200,0.0,0.0,0.0
2023-01-03,106.94999694824219,106.98999786376953,105.8499984741211,106.16000366210938,91.12648010253906,15589800,0.0,0.0,0.0
2023-01-04,107.02999877929688,107.0999984741211,106.5199966430664,106.93000030517578,91.78746032714844,13951700,0.0,0.0,0.0
2023-01-05,106.08999633789062,106.95999908447266,106.08999633789062,106.8499984741211,91.71876525878906,9848100,0.0,0.0,0.0
2023-01-06,107.02999877929688,108.7699966430664,106.88999938964844,108.5999984741211,93.2209701538086,20695600,0.0,0.0,0.0
2023-01-09,108.44000244140625,109.29000091552734,108.33999633789062,109.02999877929688,93.59003448486328,20449600,0.0,0.0,0.0
2023-01-10,108.51000213623047,108.83000183105469,108.25,108.66000366210938,93.2724609375,19225200,0.0,0.0,0.0
2023-01-11,109.31999969482422,109.63999938964844,109.16999816894531,109.58999633789062,94.07073974609375,19541700,0.0,0.0,0.0
2023-01-12,109.87999725341797,110.8499984741211,109.23999786376953,110.83000183105469,95.13516235351562,18372500,0.0,0.0,0.0
2023-01-13,110.44999694824219,110.88999938964844,110.30999755859375,110.47000122070312,94.8261489868164,21077700,0.0,0.0,0.0
2023-01-17,110.01000213623047,110.41000366210938,109.91999816894531,110.06999969482422,94.48280334472656,20745100,0.0,0.0,0.0
2023-01-18,111.68000030517578,111.94999694824219,110.87000274658203,111.36000061035156,95.59012603759766,27794600,0.0,0.0,0.0
2023-01-19,110.87000274658203,111.2300033569336,110.76000213623047,111.12999725341797,95.39269256591797,18085800,0.0,0.0,0.0
2023-01-20,110.58000183105469,110.68000030517578,110.12000274658203,110.55000305175781,94.89480590820312,15440000,0.0,0.0,0.0
2023-01-23,110.1500015258789,110.5199966430664,110.08000183105469,110.2300033569336,94.62012481689453,18814700,0.0,0.0,0.0
2023-01-24,110.29000091552734,110.94000244140625,109.91999816894531,110.80999755859375,95.11798858642578,12419700,0.0,0.0,0.0
2023-01-25,110.70999908447266,110.95999908447266,110.33000183105469,110.86000061035156,95.16090393066406,15450000,0.0,0.0,0.0
2023-01-26,110.93000030517578,111.08000183105469,110.37000274658203,110.81999969482422,95.1265869140625,13250300,0.0,0.0,0.0
2023-01-27,110.37000274658203,110.66000366210938,110.27999877929688,110.5,94.85189819335938,8924900,0.0,0.0,0.0
2023-01-30,110.16000366210938,110.62000274658203,110.01000213623047,110.08000183105469,94.49137115478516,20019800,0.0,0.0,0.0
2023-01-31,110.66999816894531,110.97000122070312,110.08000183105469,110.87000274658203,95.16950988769531,27212200,0.0,0.0,0.0
2023-02-01,110.87000274658203,111.9000015258789,110.27999877929688,111.6500015258789,96.13558959960938,29127300,0.342,0.0,0.0
2023-02-02,112.36000061035156,112.51000213623047,111.69999694824219,111.80999755859375,96.27334594726562,18958900,0.0,0.0,0.0
2023-02-03,110.69999694824219,110.9000015258789,110.29000091552734,110.54000091552734,95.1798095703125,16053900,0.0,0.0,0.0
2023-02-06,109.9800033569336,110.01000213623047,109.62000274658203,109.69000244140625,94.44795227050781,18455400,0.0,0.0,0.0
2023-02-07,109.5,110.12000274658203,109.19000244140625,109.33000183105469,94.13799285888672,25191300,0.0,0.0,0.0
2023-02-08,109.43000030517578,109.63999938964844,108.94999694824219,109.44000244140625,94.2326889038086,16484400,0.0,0.0,0.0
2023-02-09,109.95999908447266,109.97000122070312,108.45999908447266,108.5199966430664,93.44051361083984,21637500,0.0,0.0,0.0
2023-02-10,108.37999725341797,108.44999694824219,107.72000122070312,107.76000213623047,92.78611755371094,16092100,0.0,0.0,0.0
2023-02-13,107.86000061035156,108.16000366210938,107.7699966430664,108.16000366210938,93.13053131103516,32223500,0.0,0.0,0.0
2023-02-14,108.11000061035156,108.3499984741211,107.22000122070312,107.88999938964844,92.89805603027344,31922200,0.0,0.0,0.0
2023-02-15,107.72000122070312,107.79000091552734,107.20999908447266,107.4800033569336,92.54503631591797,24279600,0.0,0.0,0.0
2023-02-16,106.95999908447266,107.18000030517578,106.55999755859375,106.62000274658203,91.80452728271484,27909900,0.0,0.0,0.0
2023-02-17,106.2699966430664,107.04000091552734,106.22000122070312,107.04000091552734,92.16615295410156,18528900,0.0,0.0,0.0
2023-02-21,106.18000030517578,106.25,105.4800033569336,105.5199966430664,90.85739135742188,21136000,0.0,0.0,0.0
2023-02-22,105.94000244140625,106.2699966430664,105.7699966430664,105.81999969482422,91.11570739746094,20971700,0.0,0.0,0.0
2023-02-23,106.12999725341797,106.69000244140625,106.05000305175781,106.6500015258789,91.83037567138672,21144600,0.0,0.0,0.0
2023-02-24,105.8499984741211,106.05000305175781,105.58000183105469,105.8499984741211,91.14153289794922,26721100,0.0,0.0,0.0
2023-02-27,106.12999725341797,106.29000091552734,105.80000305175781,105.87999725341797,91.16737365722656,19660700,0.0,0.0,0.0
2023-02-28,105.44000244140625,106.0,105.2699966430664,105.91999816894531,91.20179748535156,18239100,0.0,0.0,0.0
2023-03-01,105.26000213623047,105.36000061035156,104.76000213623047,104.88999938964844,90.63323974609375,27249600,0.372,0.0,0.0
2023-03-02,104.43000030517578,104.9800033569336,104.33000183105469,104.9800033569336,90.71099853515625,23715100,0.0,0.0,0.0
2023-03-03,105.61000061035156,106.2300033569336,105.44000244140625,106.16999816894531,91.73924255371094,27316900,0.0,0.0,0.0
2023-03-06,106.5,106.54000091552734,105.81999969482422,105.87999725341797,91.48868560791016,14688600,0.0,0.0,0.0
2023-03-07,106.08999633789062,106.19999694824219,105.33999633789062,105.58000183105469,91.22944641113281,22431700,0.0,0.0,0.0
2023-03-08,105.9000015258789,106.16999816894531,105.1500015258789,105.41000366210938,91.08256530761719,29396500,0.0,0.0,0.0
2023-03-09,105.48999786376953,105.83000183105469,105.16000366210938,105.30999755859375,90.99615478515625,24552400,0.0,0.0,0.0
2023-03-10,106.5,107.13999938964844,106.25,106.81999969482422,92.30091094970703,36906000,0.0,0.0,0.0
2023-03-13,107.41000366210938,108.26000213623047,106.4800033569336,106.91000366210938,92.37866973876953,47445400,0.0,0.0,0.0
2023-03-14,106.83999633789062,107.56999969482422,106.43000030517578,106.58999633789062,92.10216522216797,49782100,0.0,0.0,0.0
2023-03-15,107.30000305175781,108.0999984741211,106.98999786376953,107.61000061035156,92.98352813720703,50591500,0.0,0.0,0.0
2023-03-16,108.05999755859375,108.30000305175781,107.12999725341797,107.44999694824219,92.84529113769531,37961900,0.0,0.0,0.0
2023-03-17,107.77999877929688,108.41999816894531,107.61000061035156,107.98999786376953,93.3118667602539,32011600,0.0,0.0,0.0
2023-03-20,108.08000183105469,108.27999877929688,107.55999755859375,107.66999816894531,93.03536987304688,24035100,0.0,0.0,0.0
2023-03-21,108.12000274658203,108.25,107.69999694824219,108.19000244140625,93.48469543457031,29109400,0.0,0.0,0.0
2023-03-22,108.11000061035156,109.58999633789062,107.80999755859375,108.81999969482422,94.0290756225586,31434700,0.0,0.0,0.0
2023-03-23,108.70999908447266,109.22000122070312,108.37999725341797,109.12999725341797,94.29692840576172,28703800,0.0,0.0,0.0
2023-03-24,109.43000030517578,109.69000244140625,109.18000030517578,109.47000122070312,94.59071350097656,26204100,0.0,0.0,0.0
2023-03-27,108.4800033569336,108.98999786376953,108.12999725341797,108.16000366210938,93.45875549316406,16527900,0.0,0.0,0.0
2023-03-28,108.04000091552734,108.20999908447266,107.73999786376953,107.9800033569336,93.30326080322266,14138000,0.0,0.0,0.0
2023-03-29,107.76000213623047,108.5199966430664,107.72000122070312,108.4800033569336,93.73528289794922,17506000,0.0,0.0,0.0
2023-03-30,108.4800033569336,108.8499984741211,108.45999908447266,108.62999725341797,93.8648910522461,18267200,0.0,0.0,0.0
2023-03-31,109.0999984741211,109.69000244140625,108.86000061035156,109.61000061035156,94.71170043945312,19187400,0.0,0.0,0.0
2023-04-03,109.16999816894531,110.0199966430664,109.0,109.93000030517578,95.28376007080078,20093500,0.34,0.0,0.0
2023-04-04,109.41999816894531,110.19999694824219,109.29000091552734,110.06999969482422,95.40511322021484,20317700,0.0,0.0,0.0
2023-04-05,110.22000122070312,110.58000183105469,110.05000305175781,110.43000030517578,95.71715545654297,14674800,0.0,0.0,0.0
2023-04-06,110.48999786376953,110.5999984741211,110.2300033569336,110.33000183105469,95.6304702758789,14191300,0.0,0.0,0.0
2023-04-10,109.77999877929688,109.88999938964844,109.3499984741211,109.81999969482422,95.18840789794922,10825500,0.0,0.0,0.0
2023-04-11,109.83999633789062,109.94999694824219,109.55000305175781,109.79000091552734,95.16242218017578,14510100,0.0,0.0,0.0
2023-04-12,110.26000213623047,110.30999755859375,109.38999938964844,109.55999755859375,94.96306610107422,20049200,0.0,0.0,0.0
2023-04-13,109.9000015258789,110.05000305175781,109.55000305175781,109.75,95.12773895263672,18589100,0.0,0.0,0.0
2023-04-14,109.44000244140625,109.56999969482422,109.02999877929688,109.38999938964844,94.81571197509766,16218900,0.0,0.0,0.0
2023-04-17,109.05999755859375,109.16999816894531,108.58000183105469,108.69999694824219,94.21762084960938,11891400,0.0,0.0,0.0
2023-04-18,108.91000366210938,109.2300033569336,108.9000015258789,109.05999755859375,94.52967071533203,10522400,0.0,0.0,0.0
2023-04-19,108.77999877929688,108.80000305175781,108.45999908447266,108.5199966430664,94.06161499023438,14023700,0.0,0.0,0.0
2023-04-20,108.7699966430664,109.0999984741211,108.75,108.93000030517578,94.41700744628906,16076100,0.0,0.0,0.0
2023-04-21,109.3499984741211,109.4000015258789,108.6500015258789,109.0,94.4776382446289,18480700,0.0,0.0,0.0
2023-04-24,109.0999984741211,109.51000213623047,109.0999984741211,109.4800033569336,94.89371490478516,7974300,0.0,0.0,0.0
2023-04-25,109.94999694824219,110.2300033569336,109.91000366210938,109.95999908447266,95.30975341796875,17038800,0.0,0.0,0.0
2023-04-26,110.06999969482422,110.12999725341797,109.37999725341797,109.4800033569336,94.89371490478516,19635200,0.0,0.0,0.0
2023-04-27,109.30000305175781,109.38999938964844,109.02999877929688,109.08000183105469,94.5470199584961,14629500,0.0,0.0,0.0
2023-04-28,109.81999969482422,109.98999786376953,109.51000213623047,109.93000030517578,95.28376007080078,18882100,0.0,0.0,0.0
2023-05-01,108.94000244140625,108.9800033569336,107.61000061035156,107.79000091552734,93.7461166381836,20789900,0.372,0.0,0.0
2023-05-02,108.18000030517578,109.11000061035156,108.05999755859375,109.08999633789062,94.87673950195312,21547100,0.0,0.0,0.0
2023-05-03,109.30000305175781,109.55000305175781,108.83999633789062,109.2699966430664,95.03326416015625,15750800,0.0,0.0,0.0
2023-05-04,108.66000366210938,109.26000213623047,108.55000305175781,108.97000122070312,94.77235412597656,17811700,0.0,0.0,0.0
2023-05-05,108.68000030517578,108.81999969482422,108.33999633789062,108.54000091552734,94.39838409423828,12130800,0.0,0.0,0.0
2023-05-08,107.94000244140625,108.02999877929688,107.62000274658203,107.76000213623047,93.72002410888672,16424800,0.0,0.0,0.0
2023-05-09,107.77999877929688,107.98999786376953,107.69000244140625,107.72000122070312,93.68525695800781,15860300,0.0,0.0,0.0
2023-05-10,108.41999816894531,108.58999633789062,108.25,108.56999969482422,94.42449188232422,15815700,0.0,0.0,0.0
2023-05-11,109.23999786376953,109.25,108.86000061035156,108.98999786376953,94.78976440429688,12261800,0.0,0.0,0.0
2023-05-12,108.98999786376953,109.06999969482422,108.30000305175781,108.31999969482422,94.20706939697266,10797200,0.0,0.0,0.0
2023-05-15,107.7699966430664,107.8499984741211,107.5999984741211,107.73999786376953,93.70262145996094,20334800,0.0,0.0,0.0
2023-05-16,107.27999877929688,107.38999938964844,107.08999633789062,107.19999694824219,93.23297882080078,25934500,0.0,0.0,0.0
2023-05-17,107.4000015258789,107.4800033569336,107.08000183105469,107.19000244140625,93.22428894042969,25387100,0.0,0.0,0.0
2023-05-18,106.93000030517578,106.93000030517578,106.58999633789062,106.73999786376953,92.8329086303711,21383500,0.0,0.0,0.0
2023-05-19,106.7300033569336,106.9000015258789,106.5,106.61000061035156,92.71986389160156,22194600,0.0,0.0,0.0
2023-05-22,106.68000030517578,106.93000030517578,106.5,106.56999969482422,92.68508911132812,15526700,0.0,0.0,0.0
2023-05-23,106.44999694824219,106.88999938964844,106.29000091552734,106.79000091552734,92.87638854980469,15529300,0.0,0.0,0.0
2023-05-24,106.8499984741211,106.88999938964844,106.30999755859375,106.37000274658203,92.51113891601562,16688900,0.0,0.0,0.0
2023-05-25,106.48999786376953,106.55999755859375,105.9800033569336,106.0199966430664,92.20671081542969,18743200,0.0,0.0,0.0
2023-05-26,106.04000091552734,106.51000213623047,105.95999908447266,106.47000122070312,92.59809112548828,15848500,0.0,0.0,0.0
2023-05-30,106.94000244140625,107.2699966430664,106.87999725341797,107.2699966430664,93.29385375976562,21581400,0.0,0.0,0.0
2023-05-31,107.23999786376953,107.73999786376953,107.06999969482422,107.62000274658203,93.59827423095703,24052300,0.0,0.0,0.0
2023-06-01,107.61000061035156,107.86000061035156,107.44000244140625,107.5999984741211,93.88534545898438,26084500,0.349,0.0,0.0
2023-06-02,107.69000244140625,107.76000213623047,107.22000122070312,107.30999755859375,93.63229370117188,17086600,0.0,0.0,0.0
2023-06-05,106.97000122070312,107.48999786376953,106.8499984741211,107.08000183105469,93.4316177368164,14211100,0.0,0.0,0.0
2023-06-06,107.11000061035156,107.31999969482422,106.81999969482422,107.29000091552734,93.61483001708984,25228400,0.0,0.0,0.0
2023-06-07,107.20999908447266,107.31999969482422,106.2699966430664,106.33000183105469,92.77720642089844,26526700,0.0,0.0,0.0
2023-06-08,106.44000244140625,107.0999984741211,106.41000366210938,107.04000091552734,93.39669799804688,16579800,0.0,0.0,0.0
2023-06-09,106.80999755859375,106.91999816894531,106.58000183105469,106.76000213623047,93.15242004394531,12060000,0.0,0.0,0.0
2023-06-12,106.98999786376953,107.11000061035156,106.41999816894531,107.0999984741211,93.44908142089844,14229300,0.0,0.0,0.0
2023-06-13,107.2699966430664,107.38999938964844,106.44999694824219,106.62000274658203,93.03023529052734,19385200,0.0,0.0,0.0
2023-06-14,106.93000030517578,107.22000122070312,106.43000030517578,106.94999694824219,93.31817626953125,30280100,0.0,0.0,0.0
2023-06-15,107.51000213623047,107.9000015258789,107.2699966430664,107.87999725341797,94.129638671875,23426200,0.0,0.0,0.0
2023-06-16,107.54000091552734,107.79000091552734,107.30000305175781,107.69000244140625,93.96385955810547,13184500,0.0,0.0,0.0
2023-06-20,107.8499984741211,108.19999694824219,107.8499984741211,108.08000183105469,94.30413818359375,22272700,0.0,0.0,0.0
2023-06-21,107.62999725341797,108.08999633789062,107.30999755859375,107.95999908447266,94.199462890625,17521700,0.0,0.0,0.0
2023-06-22,107.55999755859375,107.80000305175781,107.22000122070312,107.4000015258789,93.7108383178711,16007900,0.0,0.0,0.0
2023-06-23,108.12000274658203,108.12000274658203,107.5,107.69999694824219,93.97259521484375,13102800,0.0,0.0,0.0
2023-06-26,107.9800033569336,108.0199966430664,107.76000213623047,107.81999969482422,94.07730102539062,14642200,0.0,0.0,0.0
2023-06-27,107.93000030517578,108.12999725341797,107.45999908447266,107.69999694824219,93.97259521484375,15749300,0.0,0.0,0.0
2023-06-28,107.8499984741211,108.19000244140625,107.62999725341797,108.16999816894531,94.38268280029297,17806000,0.0,0.0,0.0
2023-06-29,107.37000274658203,107.45999908447266,107.01000213623047,107.3499984741211,93.66720581054688,25554500,0.0,0.0,0.0
2023-06-30,107.62999725341797,108.20999908447266,107.44000244140625,108.13999938964844,94.35649108886719,20938600,0.0,0.0,0.0
2023-07-03,107.87000274658203,108.16000366210938,107.48999786376953,107.48999786376953,94.09215545654297,11810800,0.348,0.0,0.0
2023-07-05,107.30999755859375,107.37999725341797,106.58999633789062,106.72000122070312,93.41812133789062,21463300,0.0,0.0,0.0
2023-07-06,105.87999725341797,105.94000244140625,105.3499984741211,105.63999938964844,92.47273254394531,35240800,0.0,0.0,0.0
2023-07-07,105.66999816894531,105.98999786376953,105.5199966430664,105.54000091552734,92.38518524169922,17148000,0.0,0.0,0.0
2023-07-10,105.68000030517578,106.19000244140625,105.58000183105469,106.08999633789062,92.86663818359375,16360600,0.0,0.0,0.0
2023-07-11,106.33999633789062,106.66000366210938,106.20999908447266,106.58999633789062,93.30430603027344,21693900,0.0,0.0,0.0
2023-07-12,107.12000274658203,107.68000030517578,107.12000274658203,107.52999877929688,94.12712860107422,23217300,0.0,0.0,0.0
2023-07-13,107.98999786376953,108.33000183105469,107.87000274658203,108.29000091552734,94.79241943359375,21637500,0.0,0.0,0.0
2023-07-14,108.12000274658203,108.23999786376953,107.41999816894531,107.44999694824219,94.05712890625,23784000,0.0,0.0,0.0
2023-07-17,107.43000030517578,107.72000122070312,107.3499984741211,107.62999725341797,94.21470642089844,12260100,0.0,0.0,0.0
2023-07-18,108.06999969482422,108.18000030517578,107.86000061035156,107.9000015258789,94.45103454589844,17403600,0.0,0.0,0.0
2023-07-19,108.26000213623047,108.5199966430664,108.08000183105469,108.51000213623047,94.9850082397461,20871600,0.0,0.0,0.0
2023-07-20,108.06999969482422,108.0999984741211,107.48999786376953,107.77999877929688,94.34598541259766,37868000,0.0,0.0,0.0
2023-07-21,108.18000030517578,108.20999908447266,107.87999725341797,107.97000122070312,94.5123062133789,16517800,0.0,0.0,0.0
2023-07-24,108.16000366210938,108.30000305175781,107.80999755859375,107.83999633789062,94.39852142333984,17999400,0.0,0.0,0.0
2023-07-25,107.55999755859375,107.88999938964844,107.54000091552734,107.66999816894531,94.24967193603516,15029800,0.0,0.0,0.0
2023-07-26,108.05999755859375,108.26000213623047,107.69000244140625,108.16999816894531,94.6873550415039,17816800,0.0,0.0,0.0
2023-07-27,108.04000091552734,108.12999725341797,106.72000122070312,106.8499984741211,93.53189849853516,29142600,0.0,0.0,0.0
2023-07-28,107.33000183105469,107.5999984741211,107.13999938964844,107.55000305175781,94.14466094970703,18719300,0.0,0.0,0.0
2023-07-31,107.58000183105469,108.02999877929688,107.58000183105469,107.8499984741211,94.40727233886719,24906600,0.0,0.0,0.0
2023-08-01,106.80000305175781,106.97000122070312,106.31999969482422,106.41000366210938,93.46656036376953,22977700,0.369,0.0,0.0
2023-08-02,105.80000305175781,105.87999725341797,105.38999938964844,105.76000213623047,92.89559936523438,28516700,0.0,0.0,0.0
2023-08-03,104.91000366210938,104.94999694824219,104.55999755859375,104.80999755859375,92.06114959716797,27632700,0.0,0.0,0.0
2023-08-04,105.19000244140625,106.04000091552734,105.18000030517578,105.9000015258789,93.01859283447266,19998900,0.0,0.0,0.0
2023-08-07,105.80999755859375,105.86000061035156,105.5,105.63999938964844,92.79020690917969,10726300,0.0,0.0,0.0
2023-08-08,106.12999725341797,106.30000305175781,105.91999816894531,106.05999755859375,93.15910339355469,17616200,0.0,0.0,0.0
2023-08-09,106.19999694824219,106.30999755859375,106.05999755859375,106.16000366210938,93.24694061279297,11514100,0.0,0.0,0.0
2023-08-10,106.29000091552734,106.55999755859375,105.37999725341797,105.41000366210938,92.58818054199219,22056400,0.0,0.0,0.0
2023-08-11,105.04000091552734,105.41000366210938,104.9800033569336,105.05000305175781,92.27195739746094,12803100,0.0,0.0,0.0
2023-08-14,105.0199966430664,105.30000305175781,104.70999908447266,105.01000213623047,92.23685455322266,9829300,0.0,0.0,0.0
2023-08-15,104.7699966430664,104.94999694824219,104.45999908447266,104.45999908447266,91.75374603271484,17279900,0.0,0.0,0.0
2023-08-16,104.37000274658203,104.66000366210938,103.86000061035156,103.98999786376953,91.34088897705078,20773700,0.0,0.0,0.0
2023-08-17,103.86000061035156,103.94999694824219,103.4000015258789,103.70999908447266,91.09496307373047,29797400,0.0,0.0,0.0
2023-08-18,103.7300033569336,104.20999908447266,103.62000274658203,104.0999984741211,91.43753051757812,17884100,0.0,0.0,0.0
2023-08-21,103.63999938964844,103.70999908447266,103.26000213623047,103.4800033569336,90.8929443359375,19065100,0.0,0.0,0.0
2023-08-22,103.58000183105469,103.87000274658203,103.43000030517578,103.80000305175781,91.17402648925781,18361500,0.0,0.0,0.0
2023-08-23,104.4800033569336,105.27999877929688,104.4800033569336,105.26000213623047,92.45643615722656,22620400,0.0,0.0,0.0
2023-08-24,105.08000183105469,105.22000122070312,104.87999725341797,104.9000015258789,92.1402359008789,20129900,0.0,0.0,0.0
2023-08-25,104.86000061035156,105.29000091552734,104.51000213623047,104.95999908447266,92.1928939819336,18521400,0.0,0.0,0.0
2023-08-28,105.44000244140625,105.44999694824219,105.04000091552734,105.29000091552734,92.48278045654297,15271000,0.0,0.0,0.0
2023-08-29,105.2300033569336,106.16999816894531,105.1500015258789,106.12999725341797,93.2206039428711,21843300,0.0,0.0,0.0
2023-08-30,106.18000030517578,106.26000213623047,105.94000244140625,105.9800033569336,93.0888442993164,21533500,0.0,0.0,0.0
2023-08-31,106.16000366210938,106.4000015258789,106.06999969482422,106.16000366210938,93.24694061279297,20534800,0.0,0.0,0.0
2023-09-01,105.77999877929688,105.80999755859375,104.91000366210938,105.02999877929688,92.58320617675781,16514200,0.377,0.0,0.0
2023-09-05,104.70999908447266,104.75,104.25,104.27999877929688,91.92208099365234,16272800,0.0,0.0,0.0
2023-09-06,104.41999816894531,104.44999694824219,103.94999694824219,104.18000030517578,91.83391571044922,17733800,0.0,0.0,0.0
2023-09-07,104.30999755859375,104.6500015258789,104.20999908447266,104.63999938964844,92.2394027709961,17295600,0.0,0.0,0.0
2023-09-08,104.91000366210938,105.18000030517578,104.72000122070312,104.72000122070312,92.30992126464844,18608800,0.0,0.0,0.0
2023-09-11,104.58999633789062,104.63999938964844,104.38999938964844,104.5199966430664,92.13362884521484,13686300,0.0,0.0,0.0
2023-09-12,104.52999877929688,104.55000305175781,104.30999755859375,104.48999786376953,92.10719299316406,15839800,0.0,0.0,0.0
2023-09-13,104.37999725341797,104.81999969482422,104.31999969482422,104.72000122070312,92.30992126464844,19975200,0.0,0.0,0.0
2023-09-14,104.80000305175781,104.9000015258789,104.47000122070312,104.52999877929688,92.1424560546875,16821000,0.0,0.0,0.0
2023-09-15,104.43000030517578,104.4800033569336,104.1500015258789,104.37000274658203,92.00142669677734,21796400,0.0,0.0,0.0
2023-09-18,104.16999816894531,104.5999984741211,104.16999816894531,104.56999969482422,92.17768859863281,12182200,0.0,0.0,0.0
2023-09-19,104.31999969482422,104.43000030517578,104.18000030517578,104.22000122070312,91.86919403076172,14577800,0.0,0.0,0.0
2023-09-20,104.55999755859375,104.77999877929688,104.23999786376953,104.26000213623047,91.9044418334961,23735800,0.0,0.0,0.0
2023-09-21,103.41000366210938,103.43000030517578,103.12999725341797,103.20999908447266,90.97887420654297,30183800,0.0,0.0,0.0
2023-09-22,103.44999694824219,103.94000244140625,103.31999969482422,103.83999633789062,91.53421783447266,21849000,0.0,0.0,0.0
2023-09-25,103.05999755859375,103.36000061035156,102.80000305175781,102.83000183105469,90.64389038085938,25968600,0.0,0.0,0.0
2023-09-26,103.05000305175781,103.12000274658203,102.4000015258789,102.54000091552734,90.38829040527344,39047500,0.0,0.0,0.0
2023-09-27,103.0199966430664,103.11000061035156,101.69999694824219,102.05999755859375,89.96515655517578,35741200,0.0,0.0,0.0
2023-09-28,101.62000274658203,102.26000213623047,101.30000305175781,102.23999786376953,90.12382507324219,34650100,0.0,0.0,0.0
2023-09-29,102.77999877929688,102.91999816894531,101.77999877929688,102.0199966430664,89.92989349365234,28143000,0.0,0.0,0.0
2023-10-02,101.12999725341797,101.30000305175781,100.5999984741211,100.69000244140625,89.10601043701172,18787800,0.399,0.0,0.0
2023-10-03,100.37000274658203,100.52999877929688,99.38999938964844,99.52999877929688,88.07946014404297,30830200,0.0,0.0,0.0
2023-10-04,100.08999633789062,100.44999694824219,99.66999816894531,100.4000015258789,88.84935760498047,25863600,0.0,0.0,0.0
2023-10-05,100.54000091552734,100.75,100.12000274658203,100.27999877929688,88.7431640625,21155700,0.0,0.0,0.0
2023-10-06,99.31999969482422,100.19999694824219,99.16999816894531,99.9800033569336,88.4776840209961,21667900,0.0,0.0,0.0
2023-10-09,100.4800033569336,101.25,100.30999755859375,101.22000122070312,89.57502746582031,6398600,0.0,0.0,0.0
2023-10-10,100.76000213623047,101.66000366210938,100.56999969482422,101.26000213623047,89.61043548583984,23168100,0.0,0.0,0.0
2023-10-11,101.86000061035156,101.94000244140625,101.43000030517578,101.87999725341797,90.1590805053711,22655800,0.0,0.0,0.0
2023-10-12,101.7300033569336,101.83999633789062,100.5999984741211,100.81999969482422,89.2210693359375,27899900,0.0,0.0,0.0
2023-10-13,101.6500015258789,101.7300033569336,101.18000030517578,101.37999725341797,89.71660614013672,20716300,0.0,0.0,0.0
2023-10-16,100.81999969482422,100.94999694824219,100.62999725341797,100.68000030517578,89.0971450805664,25991800,0.0,0.0,0.0
2023-10-17,99.80000305175781,100.22000122070312,99.55999755859375,99.87999725341797,88.38921356201172,24273500,0.0,0.0,0.0
2023-10-18,99.51000213623047,99.56999969482422,98.94999694824219,99.08000183105469,87.68123626708984,32144400,0.0,0.0,0.0
2023-10-19,98.91999816894531,99.2300033569336,98.2699966430664,98.27999877929688,86.97325897216797,41211800,0.0,0.0,0.0
2023-10-20,98.36000061035156,98.76000213623047,98.36000061035156,98.66999816894531,87.31837463378906,27130800,0.0,0.0,0.0
2023-10-23,98.37999725341797,99.70999908447266,98.23999786376953,99.44000244140625,87.99979400634766,21103000,0.0,0.0,0.0
2023-10-24,99.58999633789062,100.05999755859375,99.41999816894531,100.0,88.4953842163086,24517600,0.0,0.0,0.0
2023-10-25,99.44000244140625,99.5,98.86000061035156,99.08999633789062,87.69007873535156,20957000,0.0,0.0,0.0
2023-10-26,99.18000030517578,99.87000274658203,99.02999877929688,99.80999755859375,88.3272476196289,28046100,0.0,0.0,0.0
2023-10-27,99.69000244140625,99.81999969482422,99.30999755859375,99.61000061035156,88.1502685546875,21362800,0.0,0.0,0.0
2023-10-30,99.33000183105469,99.52999877929688,99.01000213623047,99.30999755859375,87.88475799560547,20961500,0.0,0.0,0.0
2023-10-31,99.44000244140625,99.9000015258789,99.13999938964844,99.16999816894531,87.76087188720703,28805700,0.0,0.0,0.0
2023-11-01,99.2699966430664,100.26000213623047,99.22000122070312,100.22000122070312,89.01678466796875,32111800,0.364,0.0,0.0
2023-11-02,101.19999694824219,101.48999786376953,101.02999877929688,101.41000366210938,90.07380676269531,31295500,0.0,0.0,0.0
2023-11-03,102.58000183105469,102.9000015258789,101.87999725341797,101.91000366210938,90.51790618896484,38496200,0.0,0.0,0.0
2023-11-06,101.7300033569336,101.7300033569336,101.25,101.37000274658203,90.03825378417969,17827700,0.0,0.0,0.0
2023-11-07,101.75,102.4000015258789,101.68000030517578,102.18000030517578,90.75769805908203,25518200,0.0,0.0,0.0
2023-11-08,102.33999633789062,102.79000091552734,102.33000183105469,102.69999694824219,91.2195816040039,26997000,0.0,0.0,0.0
2023-11-09,102.55999755859375,102.55999755859375,101.4800033569336,101.66000366210938,90.29585266113281,23864100,0.0,0.0,0.0
2023-11-10,102.30999755859375,102.33999633789062,101.97000122070312,102.16999816894531,90.74884033203125,18498900,0.0,0.0,0.0
2023-11-13,101.83000183105469,102.25,101.6500015258789,102.18000030517578,90.75769805908203,21439200,0.0,0.0,0.0
2023-11-14,103.80999755859375,104.05000305175781,103.66000366210938,103.77999877929688,92.17884826660156,28387800,0.0,0.0,0.0
2023-11-15,103.41999816894531,103.44999694824219,102.97000122070312,103.23999786376953,91.69922637939453,23895000,0.0,0.0,0.0
2023-11-16,103.7699966430664,104.13999938964844,103.69000244140625,104.08999633789062,92.45421600341797,21223000,0.0,0.0,0.0
2023-11-17,104.44999694824219,104.58000183105469,104.1500015258789,104.38999938964844,92.72067260742188,25810200,0.0,0.0,0.0
2023-11-20,104.26000213623047,104.87999725341797,104.23999786376953,104.80999755859375,93.09371185302734,18529400,0.0,0.0,0.0
2023-11-21,104.83000183105469,104.97000122070312,104.55000305175781,104.83999633789062,93.12036895751953,20273200,0.0,0.0,0.0
2023-11-22,105.23999786376953,105.37999725341797,104.8499984741211,105.26000213623047,93.49342346191406,18588000,0.0,0.0,0.0
2023-11-24,104.86000061035156,105.0199966430664,104.69999694824219,104.72000122070312,93.0137710571289,6391400,0.0,0.0,0.0
2023-11-27,105.05999755859375,105.58999633789062,104.87999725341797,105.56999969482422,93.76874542236328,17919500,0.0,0.0,0.0
2023-11-28,105.38999938964844,106.02999877929688,105.29000091552734,105.98999786376953,94.14179992675781,21320800,0.0,0.0,0.0
2023-11-29,106.54000091552734,106.91000366210938,106.4000015258789,106.8499984741211,94.90567016601562,20661800,0.0,0.0,0.0
2023-11-30,106.61000061035156,106.63999938964844,106.08000183105469,106.29000091552734,94.40827941894531,41950900,0.0,0.0,0.0
2023-12-01,106.04000091552734,107.22000122070312,105.9000015258789,107.16999816894531,95.54496765136719,27733500,0.395,0.0,0.0
2023-12-04,106.80999755859375,106.94999694824219,106.44999694824219,106.68000030517578,95.10810852050781,28914300,0.0,0.0,0.0
2023-12-05,107.16000366210938,107.66999816894531,107.02999877929688,107.52999877929688,95.86588287353516,33315200,0.0,0.0,0.0
2023-12-06,107.8499984741211,108.19000244140625,107.72000122070312,107.93000030517578,96.2225341796875,22544300,0.0,0.0,0.0
2023-12-07,107.79000091552734,108.2300033569336,107.68000030517578,107.94000244140625,96.23145294189453,20253300,0.0,0.0,0.0
2023-12-08,107.33999633789062,107.62999725341797,107.18000030517578,107.36000061035156,95.71438598632812,21624200,0.0,0.0,0.0
2023-12-11,107.22000122070312,107.36000061035156,106.77999877929688,107.33000183105469,95.68761444091797,17714600,0.0,0.0,0.0
2023-12-12,107.31999969482422,107.9800033569336,107.13999938964844,107.94000244140625,96.23145294189453,22111100,0.0,0.0,0.0
2023-12-13,108.3499984741211,109.94999694824219,108.12999725341797,109.75,97.84510040283203,33623500,0.0,0.0,0.0
2023-12-14,110.23999786376953,110.87000274658203,110.12000274658203,110.5199966430664,98.88565826416016,28202300,0.393,0.0,0.0
2023-12-15,110.41999816894531,110.56999969482422,110.13999938964844,110.36000061035156,98.74252319335938,17904100,0.0,0.0,0.0
2023-12-18,110.04000091552734,110.16000366210938,109.83999633789062,109.9000015258789,98.33094787597656,19714500,0.0,0.0,0.0
2023-12-19,110.11000061035156,110.37000274658203,109.95999908447266,110.04000091552734,98.45620727539062,18086800,0.0,0.0,0.0
2023-12-20,110.25,110.41999816894531,109.91000366210938,110.33000183105469,98.71566009521484,23942000,0.0,0.0,0.0
2023-12-21,110.58999633789062,110.70999908447266,110.02999877929688,110.29000091552734,98.67990112304688,24168300,0.0,0.0,0.0
2023-12-22,110.44000244140625,110.5,109.94000244140625,110.0999984741211,98.5098648071289,11037100,0.0,0.0,0.0
2023-12-26,110.13999938964844,110.4000015258789,110.08999633789062,110.33000183105469,98.71566009521484,5816000,0.0,0.0,0.0
2023-12-27,110.88999938964844,111.4000015258789,110.72000122070312,111.36000061035156,99.63726043701172,13646400,0.0,0.0,0.0
2023-12-28,111.20999908447266,111.38999938964844,110.91999816894531,111.06999969482422,99.3777847290039,14288800,0.0,0.0,0.0
2023-12-29,110.69999694824219,111.01000213623047,110.55999755859375,110.66000366210938,99.01092529296875,17956700,0.0,0.0,0.0
2024-01-02,109.94000244140625,110.16999816894531,109.79000091552734,109.91000366210938,98.33988189697266,20622000,0.0,0.0,0.0
2024-01-03,109.0999984741211,109.7699966430664,108.91999816894531,109.66000366210938,98.1162109375,35384900,0.0,0.0,0.0
2024-01-04,109.0,109.25,108.87000274658203,109.05000305175781,97.57042694091797,43111300,0.0,0.0,0.0
2024-01-05,108.72000122070312,109.56999969482422,108.58000183105469,108.66000366210938,97.22147369384766,24385500,0.0,0.0,0.0
2024-01-08,108.76000213623047,109.55000305175781,108.73999786376953,109.48999786376953,97.96411895751953,29182300,0.0,0.0,0.0
2024-01-09,109.31999969482422,109.79000091552734,109.2699966430664,109.68000030517578,98.13411712646484,55126300,0.0,0.0,0.0
2024-01-10,110.05000305175781,110.16000366210938,109.47000122070312,109.54000091552734,98.00884246826172,32323500,0.0,0.0,0.0
2024-01-11,109.7300033569336,110.33999633789062,109.38999938964844,110.19999694824219,98.59937286376953,50960900,0.0,0.0,0.0
2024-01-12,110.55000305175781,110.8499984741211,110.12999725341797,110.44000244140625,98.8140869140625,30479000,0.0,0.0,0.0
2024-01-16,109.8499984741211,109.98999786376953,109.0999984741211,109.31999969482422,97.81200408935547,27124600,0.0,0.0,0.0
2024-01-17,109.06999969482422,109.25,108.69999694824219,109.08999633789062,97.60621643066406,34414000,0.0,0.0,0.0
2024-01-18,109.26000213623047,109.33000183105469,108.76000213623047,108.87999725341797,97.41835021972656,28325100,0.0,0.0,0.0
2024-01-19,108.83999633789062,109.0199966430664,108.44999694824219,108.98999786376953,97.5167465209961,25621500,0.0,0.0,0.0
2024-01-22,109.48999786376953,109.56999969482422,109.16000366210938,109.29000091552734,97.78517150878906,17679900,0.0,0.0,0.0
2024-01-23,109.04000091552734,109.04000091552734,108.66999816894531,108.88999938964844,97.42725372314453,25439500,0.0,0.0,0.0
2024-01-24,109.38999938964844,109.44999694824219,108.58999633789062,108.68000030517578,97.23934936523438,26828300,0.0,0.0,0.0
2024-01-25,109.26000213623047,109.44000244140625,109.05000305175781,109.4000015258789,97.88359069824219,39484000,0.0,0.0,0.0
2024-01-26,109.44000244140625,109.44999694824219,109.05999755859375,109.08999633789062,97.60621643066406,26642300,0.0,0.0,0.0
2024-01-29,109.52999877929688,109.77999877929688,109.31999969482422,109.54000091552734,98.00884246826172,27060700,0.0,0.0,0.0
2024-01-30,109.81999969482422,109.91000366210938,109.33999633789062,109.88999938964844,98.32199096679688,30459200,0.0,0.0,0.0
2024-01-31,110.36000061035156,110.63999938964844,109.87000274658203,110.16999816894531,98.57252502441406,44733000,0.0,0.0,0.0
2024-02-01,110.51000213623047,110.91000366210938,110.0999984741211,110.62999725341797,99.3348388671875,42478500,0.389,0.0,0.0
2024-02-02,109.47000122070312,109.70999908447266,109.22000122070312,109.62000274658203,98.42796325683594,39604900,0.0,0.0,0.0
2024-02-05,108.8499984741211,108.86000061035156,108.31999969482422,108.56999969482422,97.48516082763672,39266800,0.0,0.0,0.0
2024-02-06,108.75,109.36000061035156,108.72000122070312,109.18000030517578,98.03287506103516,26095200,0.0,0.0,0.0
2024-02-07,108.91999816894531,109.30999755859375,108.76000213623047,108.86000061035156,97.74555206298828,23574200,0.0,0.0,0.0
2024-02-08,108.54000091552734,108.58000183105469,108.19000244140625,108.30000305175781,97.24273681640625,26063900,0.0,0.0,0.0
2024-02-09,108.0199966430664,108.23999786376953,108.0,108.16000366210938,97.11701202392578,19029200,0.0,0.0,0.0
2024-02-12,108.22000122070312,108.2699966430664,107.86000061035156,108.16999816894531,97.12598419189453,30378900,0.0,0.0,0.0
2024-02-13,107.19999694824219,107.38999938964844,106.87000274658203,106.9800033569336,96.05747985839844,41494100,0.0,0.0,0.0
2024-02-14,107.0999984741211,107.5199966430664,107.08000183105469,107.4800033569336,96.50645446777344,41932200,0.0,0.0,0.0
2024-02-15,108.08000183105469,108.0999984741211,107.62000274658203,107.87000274658203,96.85662841796875,33255200,0.0,0.0,0.0
2024-02-16,107.36000061035156,107.58999633789062,107.23999786376953,107.4800033569336,96.50645446777344,26189800,0.0,0.0,0.0
2024-02-20,107.83999633789062,107.94999694824219,107.62000274658203,107.83999633789062,96.82969665527344,22386600,0.0,0.0,0.0
2024-02-21,107.91999816894531,107.91999816894531,107.41999816894531,107.56999969482422,96.58728790283203,23606200,0.0,0.0,0.0
2024-02-22,107.7300033569336,107.93000030517578,107.5999984741211,107.73999786376953,96.73990631103516,28705900,0.0,0.0,0.0
2024-02-23,107.79000091552734,108.22000122070312,107.7300033569336,108.05999755859375,97.02723693847656,29856300,0.0,0.0,0.0
2024-02-26,108.08999633789062,108.08999633789062,107.4800033569336,107.72000122070312,96.72195434570312,26696200,0.0,0.0,0.0
2024-02-27,107.6500015258789,107.83999633789062,107.51000213623047,107.56999969482422,96.58728790283203,33453800,0.0,0.0,0.0
2024-02-28,107.44000244140625,107.62999725341797,107.4000015258789,107.55999755859375,96.5782699584961,32713500,0.0,0.0,0.0
2024-02-29,107.72000122070312,108.1500015258789,107.5199966430664,107.66000366210938,96.66808319091797,45656400,0.0,0.0,0.0
2024-03-01,107.04000091552734,108.02999877929688,106.75,107.91999816894531,97.25655364990234,42971500,0.393,0.0,0.0
2024-03-04,107.62999725341797,107.87000274658203,107.55000305175781,107.72000122070312,97.0763168334961,31472000,0.0,0.0,0.0
2024-03-05,108.29000091552734,108.5999984741211,108.13999938964844,108.30999755859375,97.60799407958984,33394200,0.0,0.0,0.0
2024-03-06,108.55000305175781,108.95999908447266,108.5199966430664,108.5999984741211,97.86936950683594,33176900,0.0,0.0,0.0
2024-03-07,108.98999786376953,109.02999877929688,108.5999984741211,108.87000274658203,98.1126708984375,22875700,0.0,0.0,0.0
2024-03-08,109.08999633789062,109.30000305175781,108.91999816894531,109.0199966430664,98.24785614013672,29591100,0.0,0.0,0.0
2024-03-11,109.04000091552734,109.29000091552734,108.87000274658203,109.04000091552734,98.26588439941406,25360200,0.0,0.0,0.0
2024-03-12,108.87000274658203,108.95999908447266,108.58999633789062,108.69000244140625,97.95049285888672,30852100,0.0,0.0,0.0
2024-03-13,108.72000122070312,108.94000244140625,108.54000091552734,108.58000183105469,97.8513412475586,31089900,0.0,0.0,0.0
2024-03-14,108.25,108.25,107.69999694824219,107.77999877929688,97.13037872314453,48815400,0.0,0.0,0.0
2024-03-15,107.83000183105469,107.95999908447266,107.62999725341797,107.80999755859375,97.15742492675781,34525600,0.0,0.0,0.0
2024-03-18,107.87000274658203,107.91999816894531,107.61000061035156,107.62999725341797,96.99520874023438,18279900,0.0,0.0,0.0
2024-03-19,107.80999755859375,108.18000030517578,107.75,107.94000244140625,97.27457427978516,22721000,0.0,0.0,0.0
2024-03-20,107.9800033569336,108.33000183105469,107.52999877929688,108.13999938964844,97.45482635498047,41915400,0.0,0.0,0.0
2024-03-21,108.47000122070312,108.55000305175781,108.12999725341797,108.30000305175781,97.5990219116211,26546700,0.0,0.0,0.0
2024-03-22,108.88999938964844,108.91999816894531,108.62000274658203,108.66999816894531,97.93246459960938,20877600,0.0,0.0,0.0
2024-03-25,108.66000366210938,108.66000366210938,108.23999786376953,108.30000305175781,97.5990219116211,23291000,0.0,0.0,0.0
2024-03-26,108.48999786376953,108.48999786376953,108.12999725341797,108.2699966430664,97.57196807861328,27266700,0.0,0.0,0.0
2024-03-27,108.41999816894531,109.0199966430664,108.3499984741211,109.0199966430664,98.24785614013672,30600500,0.0,0.0,0.0
2024-03-28,108.88999938964844,109.19000244140625,108.80000305175781,108.91999816894531,98.15772247314453,23066200,0.0,0.0,0.0
2024-04-01,108.0199966430664,108.02999877929688,107.37999725341797,107.47000122070312,97.21784973144531,20817100,0.411,0.0,0.0
2024-04-02,106.93000030517578,107.36000061035156,106.68000030517578,107.30999755859375,97.07311248779297,32433900,0.0,0.0,0.0
2024-04-03,106.91999816894531,107.55999755859375,106.75,107.37999725341797,97.1364517211914,25198700,0.0,0.0,0.0
2024-04-04,107.77999877929688,107.77999877929688,107.29000091552734,107.5,97.24498748779297,31423800,0.0,0.0,0.0
2024-04-05,107.08000183105469,107.37999725341797,106.9800033569336,107.02999877929688,96.81980895996094,25134900,0.0,0.0,0.0
2024-04-08,106.93000030517578,107.22000122070312,106.86000061035156,107.0199966430664,96.810791015625,37054400,0.0,0.0,0.0
2024-04-09,107.44999694824219,107.62999725341797,107.38999938964844,107.56999969482422,97.30834197998047,21967300,0.0,0.0,0.0
2024-04-10,106.73999786376953,106.73999786376953,105.87999725341797,106.04000091552734,95.92425537109375,45351600,0.0,0.0,0.0
2024-04-11,106.30999755859375,106.4000015258789,105.61000061035156,105.81999969482422,95.72526550292969,38047900,0.0,0.0,0.0
2024-04-12,106.29000091552734,106.33000183105469,106.0199966430664,106.05999755859375,95.94235229492188,35119700,0.0,0.0,0.0
2024-04-15,105.48999786376953,105.48999786376953,104.75,104.88999938964844,94.88397216796875,27018500,0.0,0.0,0.0
2024-04-16,104.45999908447266,104.66000366210938,104.18000030517578,104.54000091552734,94.56735229492188,34191600,0.0,0.0,0.0
2024-04-17,105.04000091552734,105.27999877929688,104.80999755859375,105.11000061035156,95.08299255371094,26726300,0.0,0.0,0.0
2024-04-18,105.18000030517578,105.20999908447266,104.7300033569336,104.9000015258789,94.89303588867188,25997900,0.0,0.0,0.0
2024-04-19,105.2699966430664,105.29000091552734,104.91000366210938,105.01000213623047,94.99252319335938,20265600,0.0,0.0,0.0
2024-04-22,104.97000122070312,105.30999755859375,104.91999816894531,105.2699966430664,95.22773742675781,26642400,0.0,0.0,0.0
2024-04-23,105.16999816894531,105.87000274658203,105.0199966430664,105.44999694824219,95.39054107666016,26338800,0.0,0.0,0.0
2024-04-24,105.22000122070312,105.27999877929688,104.73999786376953,105.04000091552734,95.01968383789062,24538400,0.0,0.0,0.0
2024-04-25,104.30000305175781,104.77999877929688,104.13999938964844,104.7300033569336,94.7392349243164,29826400,0.0,0.0,0.0
2024-04-26,105.12999725341797,105.31999969482422,105.05999755859375,105.12999725341797,95.10108184814453,11784100,0.0,0.0,0.0
2024-04-29,105.43000030517578,105.66999816894531,105.30000305175781,105.56999969482422,95.49909210205078,18052100,0.0,0.0,0.0
2024-04-30,105.13999938964844,105.4000015258789,104.9000015258789,104.98999786376953,94.97441864013672,26008100,0.0,0.0,0.0
2024-05-01,104.87999725341797,105.55000305175781,104.6500015258789,105.01000213623047,95.36949157714844,30342900,0.415,0.0,0.0
2024-05-02,105.08999633789062,105.72000122070312,104.93000030517578,105.66000366210938,95.9598388671875,28044200,0.0,0.0,0.0
2024-05-03,106.43000030517578,106.79000091552734,106.0,106.4000015258789,96.63188171386719,24166800,0.0,0.0,0.0
2024-05-06,106.5199966430664,106.70999908447266,106.44999694824219,106.69999694824219,96.90433502197266,18519800,0.0,0.0,0.0
2024-05-07,107.0,107.16000366210938,106.6500015258789,106.75,96.94976043701172,28680400,0.0,0.0,0.0
2024-05-08,106.5,106.6500015258789,106.41000366210938,106.4800033569336,96.70455932617188,19916700,0.0,0.0,0.0
2024-05-09,106.4000015258789,106.7699966430664,106.29000091552734,106.6500015258789,96.85895538330078,25583500,0.0,0.0,0.0
2024-05-10,106.44000244140625,106.5199966430664,106.19000244140625,106.30999755859375,96.5501480102539,16291500,0.0,0.0,0.0
2024-05-13,106.55999755859375,106.6500015258789,106.31999969482422,106.3499984741211,96.58646392822266,20464200,0.0,0.0,0.0
2024-05-14,106.62999725341797,106.77999877929688,106.5,106.66000366210938,96.86801147460938,25440400,0.0,0.0,0.0
2024-05-15,107.5,107.77999877929688,107.25,107.61000061035156,97.73081970214844,33780900,0.0,0.0,0.0
2024-05-16,107.76000213623047,107.77999877929688,107.38999938964844,107.44000244140625,97.5763931274414,23586600,0.0,0.0,0.0
2024-05-17,107.25,107.44999694824219,107.16000366210938,107.19000244140625,97.34937286376953,21862800,0.0,0.0,0.0
2024-05-20,107.11000061035156,107.2300033569336,107.05999755859375,107.13999938964844,97.30397033691406,17885200,0.0,0.0,0.0
2024-05-21,107.44000244140625,107.4800033569336,107.26000213623047,107.31999969482422,97.46742248535156,17411900,0.0,0.0,0.0
2024-05-22,107.01000213623047,107.31999969482422,107.0,107.16000366210938,97.32210540771484,26735600,0.0,0.0,0.0
2024-05-23,107.30000305175781,107.33000183105469,106.56999969482422,106.69000244140625,96.89525604248047,24876100,0.0,0.0,0.0
2024-05-24,106.70999908447266,106.98999786376953,106.62000274658203,106.9800033569336,97.15863037109375,11189500,0.0,0.0,0.0
2024-05-28,107.12999725341797,107.12999725341797,106.2699966430664,106.33999633789062,96.57740020751953,15989600,0.0,0.0,0.0
2024-05-29,105.95999908447266,105.97000122070312,105.55000305175781,105.7699966430664,96.0597152709961,30015700,0.0,0.0,0.0
2024-05-30,106.19999694824219,106.44999694824219,106.12999725341797,106.41999816894531,96.6500473022461,21036300,0.0,0.0,0.0
2024-05-31,106.83999633789062,107.0199966430664,106.66999816894531,106.88999938964844,97.07691955566406,19901400,0.0,0.0,0.0
2024-06-03,106.80999755859375,107.23999786376953,106.76000213623047,107.22000122070312,97.74696350097656,20154900,0.405,0.0,0.0
2024-06-04,107.5199966430664,107.80000305175781,107.3499984741211,107.63999938964844,98.12984466552734,24545200,0.0,0.0,0.0
2024-06-05,107.81999969482422,108.02999877929688,107.43000030517578,108.0,98.45806121826172,26584700,0.0,0.0,0.0
2024-06-06,107.83000183105469,108.02999877929688,107.79000091552734,107.93000030517578,98.39423370361328,22687100,0.0,0.0,0.0
2024-06-07,107.02999877929688,107.19999694824219,106.87000274658203,106.95999908447266,97.50994873046875,26228700,0.0,0.0,0.0
2024-06-10,106.75,106.83999633789062,106.6500015258789,106.73999786376953,97.30937957763672,19415700,0.0,0.0,0.0
2024-06-11,106.80000305175781,107.2699966430664,106.7300033569336,107.19999694824219,97.72872924804688,19042600,0.0,0.0,0.0
2024-06-12,108.27999877929688,108.55999755859375,107.81999969482422,107.86000061035156,98.33042907714844,27209400,0.0,0.0,0.0
2024-06-13,108.3499984741211,108.55000305175781,108.05999755859375,108.37000274658203,98.79536437988281,26782700,0.0,0.0,0.0
2024-06-14,108.43000030517578,108.58000183105469,108.25,108.45999908447266,98.8774185180664,28561900,0.0,0.0,0.0
2024-06-17,107.81999969482422,108.01000213623047,107.7300033569336,107.94999694824219,98.4124526977539,24678700,0.0,0.0,0.0
2024-06-18,108.18000030517578,108.55000305175781,108.13999938964844,108.44999694824219,98.86829376220703,25576600,0.0,0.0,0.0
2024-06-20,107.83999633789062,108.11000061035156,107.77999877929688,108.08999633789062,98.54009246826172,21206300,0.0,0.0,0.0
2024-06-21,108.19000244140625,108.3499984741211,107.86000061035156,108.12000274658203,98.56745147705078,21091200,0.0,0.0,0.0
2024-06-24,108.2300033569336,108.41999816894531,108.16999816894531,108.2300033569336,98.6677474975586,18597600,0.0,0.0,0.0
2024-06-25,108.1500015258789,108.29000091552734,108.0199966430664,108.19000244140625,98.63127136230469,16251600,0.0,0.0,0.0
2024-06-26,107.5,107.69999694824219,107.38999938964844,107.5999984741211,98.0934066772461,26381300,0.0,0.0,0.0
2024-06-27,107.93000030517578,107.9800033569336,107.77999877929688,107.80999755859375,98.28485107421875,19939400,0.0,0.0,0.0
2024-06-28,108.08000183105469,108.11000061035156,107.08999633789062,107.12000274658203,97.65582275390625,27395800,0.0,0.0,0.0
2024-07-01,106.33999633789062,106.69999694824219,106.05000305175781,106.11000061035156,97.07575988769531,22429100,0.376,0.0,0.0
2024-07-02,106.6500015258789,106.81999969482422,106.41000366210938,106.79000091552734,97.69786834716797,19845700,0.0,0.0,0.0
2024-07-03,107.1500015258789,107.58000183105469,107.04000091552734,107.58000183105469,98.42062377929688,14318900,0.0,0.0,0.0
2024-07-05,107.98999786376953,108.19999694824219,107.69999694824219,108.13999938964844,98.9329605102539,18800300,0.0,0.0,0.0
2024-07-08,108.22000122070312,108.30999755859375,107.9800033569336,108.12999725341797,98.92378234863281,18136600,0.0,0.0,0.0
2024-07-09,107.94999694824219,108.12000274658203,107.69000244140625,107.93000030517578,98.7408218383789,20384700,0.0,0.0,0.0
2024-07-10,108.05999755859375,108.20999908447266,107.9000015258789,108.19000244140625,98.97869873046875,17263200,0.0,0.0,0.0
2024-07-11,108.86000061035156,109.0199966430664,108.68000030517578,108.7699966430664,99.5093002319336,31411700,0.0,0.0,0.0
2024-07-12,108.83000183105469,109.16999816894531,108.7300033569336,109.16999816894531,99.87523651123047,20301300,0.0,0.0,0.0
2024-07-15,108.80000305175781,108.95999908447266,108.55000305175781,108.56999969482422,99.32633209228516,18291500,0.0,0.0,0.0
2024-07-16,108.83000183105469,109.22000122070312,108.73999786376953,109.19999694824219,99.90270233154297,20090700,0.0,0.0,0.0
2024-07-17,108.9000015258789,109.30000305175781,108.83999633789062,109.25,99.94844818115234,21313500,0.0,0.0,0.0
2024-07-18,108.98999786376953,109.23999786376953,108.73999786376953,108.77999877929688,99.51844024658203,28091700,0.0,0.0,0.0
2024-07-19,108.56999969482422,108.58000183105469,108.30999755859375,108.37999725341797,99.15250396728516,16576600,0.0,0.0,0.0
2024-07-22,108.72000122070312,108.76000213623047,108.19999694824219,108.31999969482422,99.09761047363281,22556800,0.0,0.0,0.0
2024-07-23,108.45999908447266,108.56999969482422,108.23999786376953,108.23999786376953,99.02442932128906,24425700,0.0,0.0,0.0
2024-07-24,108.37000274658203,108.47000122070312,107.58000183105469,107.58000183105469,98.42062377929688,28026100,0.0,0.0,0.0
2024-07-25,107.79000091552734,108.27999877929688,107.7699966430664,108.01000213623047,98.81402587890625,29760400,0.0,0.0,0.0
2024-07-26,108.61000061035156,108.66000366210938,108.3499984741211,108.61000061035156,99.36292266845703,21119900,0.0,0.0,0.0
2024-07-29,108.93000030517578,108.97000122070312,108.62000274658203,108.83999633789062,99.57335662841797,24734600,0.0,0.0,0.0
2024-07-30,108.91999816894531,108.98999786376953,108.69000244140625,108.93000030517578,99.65567779541016,14952000,0.0,0.0,0.0
2024-07-31,109.38999938964844,109.58999633789062,109.08999633789062,109.55999755859375,100.23204040527344,29226900,0.0,0.0,0.0
2024-08-01,109.55999755859375,109.83999633789062,109.44999694824219,109.52999877929688,100.56439971923828,34564600,0.392,0.0,0.0
2024-08-02,110.11000061035156,110.69000244140625,110.11000061035156,110.5999984741211,101.54682159423828,46697900,0.0,0.0,0.0
2024-08-05,110.55999755859375,110.66000366210938,110.01000213623047,110.31999969482422,101.28972625732422,56991100,0.0,0.0,0.0
2024-08-06,110.19999694824219,110.23999786376953,109.58000183105469,109.5999984741211,100.62870025634766,47432500,0.0,0.0,0.0
2024-08-07,109.54000091552734,109.7699966430664,108.94000244140625,109.0999984741211,100.16960144042969,46819000,0.0,0.0,0.0
2024-08-08,109.04000091552734,109.22000122070312,108.83999633789062,109.1500015258789,100.21552276611328,23536800,0.0,0.0,0.0
2024-08-09,109.88999938964844,109.91999816894531,109.61000061035156,109.70999908447266,100.72966766357422,23199700,0.0,0.0,0.0
2024-08-12,109.66000366210938,110.05999755859375,109.55000305175781,109.94000244140625,100.94084930419922,24281800,0.0,0.0,0.0
2024-08-13,110.45999908447266,110.70999908447266,110.30000305175781,110.70999908447266,101.64784240722656,31245000,0.0,0.0,0.0
2024-08-14,110.83999633789062,111.33999633789062,110.83000183105469,111.19999694824219,102.09772491455078,28985600,0.0,0.0,0.0
2024-08-15,110.51000213623047,111.01000213623047,110.44000244140625,110.86000061035156,101.78553009033203,29546000,0.0,0.0,0.0
2024-08-16,110.9800033569336,111.26000213623047,110.41999816894531,111.19000244140625,102.08853149414062,21411500,0.0,0.0,0.0
2024-08-19,111.16999816894531,111.56999969482422,111.1500015258789,111.44999694824219,102.3272476196289,16004100,0.0,0.0,0.0
2024-08-20,111.63999938964844,111.80000305175781,111.44999694824219,111.73999786376953,102.59349822998047,27114000,0.0,0.0,0.0
2024-08-21,111.83000183105469,112.27999877929688,111.66999816894531,111.98999786376953,102.82306671142578,23819100,0.0,0.0,0.0
2024-08-22,111.73999786376953,111.81999969482422,111.29000091552734,111.52999877929688,102.40069580078125,17926300,0.0,0.0,0.0
2024-08-23,111.8499984741211,112.30000305175781,111.70999908447266,112.16999816894531,102.98831939697266,22650200,0.0,0.0,0.0
2024-08-26,112.4000015258789,112.4000015258789,111.98999786376953,112.02999877929688,102.8597640991211,15312500,0.0,0.0,0.0
2024-08-27,111.58000183105469,111.98999786376953,111.54000091552734,111.94000244140625,102.77714538574219,15922700,0.0,0.0,0.0
2024-08-28,111.87000274658203,111.95999908447266,111.63999938964844,111.70999908447266,102.56597900390625,22104600,0.0,0.0,0.0
2024-08-29,111.48999786376953,111.63999938964844,111.33999633789062,111.5199966430664,102.39152526855469,20079400,0.0,0.0,0.0
2024-08-30,111.66000366210938,111.80999755859375,111.16999816894531,111.20999908447266,102.10689544677734,25275500,0.0,0.0,0.0
2024-09-03,111.29000091552734,111.5199966430664,110.97000122070312,111.13999938964844,102.41561126708984,27734500,0.405,0.0,0.0
2024-09-04,111.20999908447266,111.87000274658203,111.19000244140625,111.83000183105469,103.05142974853516,31915900,0.0,0.0,0.0
2024-09-05,112.16000366210938,112.41000366210938,111.73999786376953,112.37999725341797,103.55828094482422,35538500,0.0,0.0,0.0
2024-09-06,112.4000015258789,113.05999755859375,112.12999725341797,112.33000183105469,103.51219940185547,42004600,0.0,0.0,0.0
2024-09-09,112.30999755859375,112.69000244140625,112.18000030517578,112.58000183105469,103.74256896972656,35440300,0.0,0.0,0.0
2024-09-10,112.62999725341797,112.91000366210938,112.51000213623047,112.88999938964844,104.02824401855469,30489500,0.0,0.0,0.0
2024-09-11,112.66000366210938,113.11000061035156,112.56999969482422,112.94000244140625,104.07430267333984,36948000,0.0,0.0,0.0
2024-09-12,112.86000061035156,112.94999694824219,112.55999755859375,112.86000061035156,104.0005874633789,30255700,0.0,0.0,0.0
2024-09-13,113.22000122070312,113.37000274658203,113.0999984741211,113.20999908447266,104.32311248779297,25536600,0.0,0.0,0.0
2024-09-16,113.3499984741211,113.79000091552734,113.22000122070312,113.70999908447266,104.78385925292969,25722000,0.0,0.0,0.0
2024-09-17,113.9000015258789,113.91999816894531,113.54000091552734,113.72000122070312,104.79308319091797,31732800,0.0,0.0,0.0
2024-09-18,113.44000244140625,114.06999969482422,113.22000122070312,113.25,104.35997009277344,35015500,0.0,0.0,0.0
2024-09-19,113.30000305175781,113.55999755859375,113.13999938964844,113.3499984741211,104.4521255493164,31216900,0.0,0.0,0.0
2024-09-20,113.18000030517578,113.5,112.98999786376953,113.44999694824219,104.54425811767578,29958900,0.0,0.0,0.0
2024-09-23,113.0999984741211,113.5199966430664,112.95999908447266,113.29000091552734,104.39683532714844,22919400,0.0,0.0,0.0
2024-09-24,113.0,113.56999969482422,112.9000015258789,113.4800033569336,104.57191467285156,24719900,0.0,0.0,0.0
2024-09-25,113.16000366210938,113.19999694824219,112.77999877929688,112.80999755859375,103.95450592041016,32881300,0.0,0.0,0.0
2024-09-26,113.01000213623047,113.08999633789062,112.5199966430664,112.80999755859375,103.95450592041016,20877100,0.0,0.0,0.0
2024-09-27,113.12999725341797,113.3499984741211,113.05000305175781,113.26000213623047,104.36920166015625,25232000,0.0,0.0,0.0
2024-09-30,113.19999694824219,113.31999969482422,112.83000183105469,112.9800033569336,104.11116790771484,22728400,0.0,0.0,0.0
2024-10-01,113.0999984741211,113.29000091552734,112.87000274658203,113.11000061035156,104.61150360107422,36591300,0.411,0.0,0.0
2024-10-02,112.44000244140625,112.87999725341797,112.38999938964844,112.86000061035156,104.38030242919922,29446700,0.0,0.0,0.0
2024-10-03,112.58000183105469,112.62999725341797,112.12999725341797,112.12999725341797,103.70514678955078,24163200,0.0,0.0,0.0
2024-10-04,111.55000305175781,111.63999938964844,111.38999938964844,111.5199966430664,103.14098358154297,33618100,0.0,0.0,0.0
2024-10-07,111.12000274658203,111.33000183105469,110.87999725341797,110.94999694824219,102.61378479003906,27106300,0.0,0.0,0.0
2024-10-08,110.81999969482422,111.16999816894531,110.66999816894531,111.16999816894531,102.81726837158203,27316000,0.0,0.0,0.0
2024-10-09,110.93000030517578,111.06999969482422,110.75,110.94999694824219,102.61378479003906,29951900,0.0,0.0,0.0
2024-10-10,110.7300033569336,110.88999938964844,110.5,110.83000183105469,102.50281524658203,25932500,0.0,0.0,0.0
2024-10-11,110.66999816894531,111.0199966430664,110.56999969482422,110.80999755859375,102.48431396484375,20079000,0.0,0.0,0.0
2024-10-14,110.5,110.83999633789062,110.37000274658203,110.81999969482422,102.49358367919922,4335400,0.0,0.0,0.0
2024-10-15,111.05000305175781,111.47000122070312,111.05000305175781,111.36000061035156,102.9930191040039,28673200,0.0,0.0,0.0
2024-10-16,111.66999816894531,111.79000091552734,111.48999786376953,111.70999908447266,103.31670379638672,20474300,0.0,0.0,0.0
2024-10-17,111.27999877929688,111.31999969482422,110.83000183105469,110.87999725341797,102.54906463623047,31476700,0.0,0.0,0.0
2024-10-18,111.05999755859375,111.1500015258789,110.7300033569336,110.75,102.42884063720703,27372400,0.0,0.0,0.0
2024-10-21,110.20999908447266,110.27999877929688,109.58000183105469,109.62000274658203,101.38374328613281,28320400,0.0,0.0,0.0
2024-10-22,109.72000122070312,109.73999786376953,109.3499984741211,109.61000061035156,101.37445831298828,26001200,0.0,0.0,0.0
2024-10-23,109.23999786376953,109.45999908447266,109.08000183105469,109.23999786376953,101.03228759765625,25425800,0.0,0.0,0.0
2024-10-24,109.41000366210938,109.7699966430664,109.2699966430664,109.56999969482422,101.33749389648438,21021100,0.0,0.0,0.0
2024-10-25,109.87999725341797,109.94000244140625,109.25,109.30999755859375,101.09703063964844,16040900,0.0,0.0,0.0
2024-10-28,109.43000030517578,109.48999786376953,108.97000122070312,109.22000122070312,101.0137939453125,20935200,0.0,0.0,0.0
2024-10-29,108.73999786376953,109.37999725341797,108.66000366210938,109.3499984741211,101.13401794433594,24075800,0.0,0.0,0.0
2024-10-30,109.68000030517578,109.94999694824219,109.16000366210938,109.20999908447266,101.00455474853516,25259100,0.0,0.0,0.0
2024-10-31,109.02999877929688,109.31999969482422,108.72000122070312,108.98999786376953,100.80106353759766,29424400,0.0,0.0,0.0
2024-11-01,108.9000015258789,109.06999969482422,107.95999908447266,108.01000213623047,100.24882507324219,25142200,0.385,0.0,0.0
2024-11-04,108.9000015258789,109.08000183105469,108.5199966430664,108.80999755859375,100.9913330078125,24713500,0.0,0.0,0.0
2024-11-05,108.76000213623047,109.3499984741211,108.5,109.33000183105469,101.47398376464844,23732500,0.0,0.0,0.0
2024-11-06,108.06999969482422,108.6500015258789,107.91000366210938,108.19000244140625,100.4158935546875,38097900,0.0,0.0,0.0
2024-11-07,108.83000183105469,109.58999633789062,108.72000122070312,109.47000122070312,101.6039047241211,24596700,0.0,0.0,0.0
2024-11-08,109.70999908447266,110.08000183105469,109.58999633789062,109.8499984741211,101.95657348632812,21113600,0.0,0.0,0.0
2024-11-11,109.6500015258789,109.7300033569336,109.45999908447266,109.63999938964844,101.76168823242188,7971100,0.0,0.0,0.0
2024-11-12,109.16999816894531,109.4000015258789,108.55999755859375,108.6500015258789,100.84283447265625,36203300,0.0,0.0,0.0
2024-11-13,109.23999786376953,109.25,108.16999816894531,108.23999786376953,100.4622802734375,22942500,0.0,0.0,0.0
2024-11-14,108.52999877929688,108.72000122070312,108.0999984741211,108.20999908447266,100.43445587158203,26889100,0.0,0.0,0.0
2024-11-15,107.91000366210938,108.5199966430664,107.5999984741211,108.26000213623047,100.48087310791016,27276300,0.0,0.0,0.0
2024-11-18,108.12999725341797,108.63999938964844,108.04000091552734,108.45999908447266,100.6664810180664,19399100,0.0,0.0,0.0
2024-11-19,108.72000122070312,108.91000366210938,108.61000061035156,108.69000244140625,100.87995910644531,21473200,0.0,0.0,0.0
2024-11-20,108.30999755859375,108.5999984741211,108.2699966430664,108.43000030517578,100.63865661621094,24792000,0.0,0.0,0.0
2024-11-21,108.47000122070312,108.75,108.20999908447266,108.30000305175781,100.51799011230469,22507400,0.0,0.0,0.0
2024-11-22,108.4800033569336,108.58999633789062,108.22000122070312,108.4000015258789,100.61079406738281,13813000,0.0,0.0,0.0
2024-11-25,109.55999755859375,109.80999755859375,109.41999816894531,109.75,101.8637924194336,21678000,0.0,0.0,0.0
2024-11-26,109.48999786376953,109.5199966430664,109.11000061035156,109.47000122070312,101.6039047241211,25005000,0.0,0.0,0.0
2024-11-27,109.79000091552734,109.9800033569336,109.55999755859375,109.87000274658203,101.97516632080078,23584000,0.0,0.0,0.0
2024-11-29,110.33999633789062,110.56999969482422,110.29000091552734,110.55000305175781,102.6063232421875,11838900,0.0,0.0,0.0
2024-12-02,110.3499984741211,110.43000030517578,109.80999755859375,110.33999633789062,102.7674331665039,33409400,0.383,0.0,0.0
2024-12-03,110.45999908447266,110.54000091552734,109.88999938964844,109.94999694824219,102.40419006347656,27394800,0.0,0.0,0.0
2024-12-04,109.75,110.58999633789062,109.69999694824219,110.4800033569336,102.89783477783203,22704100,0.0,0.0,0.0
2024-12-05,110.20999908447266,110.54000091552734,110.16999816894531,110.44999694824219,102.8698959350586,16792500,0.0,0.0,0.0
2024-12-06,110.91999816894531,110.93000030517578,110.44000244140625,110.69999694824219,103.10272216796875,16668800,0.0,0.0,0.0
2024-12-09,110.54000091552734,110.5999984741211,110.33000183105469,110.41999816894531,102.8419418334961,21149300,0.0,0.0,0.0
2024-12-10,110.16999816894531,110.4000015258789,110.11000061035156,110.25,102.68362426757812,19497500,0.0,0.0,0.0
2024-12-11,110.44999694824219,110.58999633789062,109.93000030517578,109.94999694824219,102.40419006347656,24516500,0.0,0.0,0.0
2024-12-12,109.69000244140625,109.72000122070312,109.25,109.33000183105469,101.82675170898438,24747600,0.0,0.0,0.0
2024-12-13,109.18000030517578,109.19000244140625,108.6500015258789,108.72000122070312,101.25862884521484,13195000,0.0,0.0,0.0
2024-12-16,109.02999877929688,109.05999755859375,108.69999694824219,108.86000061035156,101.38900756835938,18893000,0.0,0.0,0.0
2024-12-17,108.83999633789062,109.0199966430664,108.75,108.87000274658203,101.3983154296875,29945700,0.0,0.0,0.0
2024-12-18,108.36000061035156,108.58999633789062,107.05000305175781,107.13999938964844,100.14118194580078,36753900,0.385,0.0,0.0
2024-12-19,106.86000061035156,107.0,106.33000183105469,106.55999755859375,99.59906005859375,40479900,0.0,0.0,0.0
2024-12-20,107.08999633789062,107.47000122070312,106.80999755859375,106.9800033569336,99.99163055419922,27608300,0.0,0.0,0.0
2024-12-23,107.01000213623047,107.08000183105469,106.55000305175781,106.66999816894531,99.70188903808594,13091800,0.0,0.0,0.0
2024-12-24,106.45999908447266,107.01000213623047,106.41999816894531,107.0,100.01033782958984,6215300,0.0,0.0,0.0
2024-12-26,106.5,107.13999938964844,106.5,107.0999984741211,100.10380554199219,12454800,0.0,0.0,0.0
2024-12-27,106.91000366210938,107.04000091552734,106.61000061035156,106.6500015258789,99.68319702148438,13908400,0.0,0.0,0.0
2024-12-30,107.02999877929688,107.18000030517578,106.97000122070312,107.11000061035156,100.11312866210938,9141400,0.0,0.0,0.0
2024-12-31,107.29000091552734,107.38999938964844,106.66999816894531,106.83999633789062,99.86076354980469,10768700,0.0,0.0,0.0
2025-01-02,107.12000274658203,107.30999755859375,106.62000274658203,106.8499984741211,99.8701400756836,19098100,0.0,0.0,0.0
2025-01-03,107.0,107.05999755859375,106.54000091552734,106.5999984741211,99.636474609375,22610500,0.0,0.0,0.0
2025-01-06,106.5199966430664,106.58999633789062,106.2699966430664,106.33000183105469,99.38410186767578,24302200,0.0,0.0,0.0
2025-01-07,106.19000244140625,106.30999755859375,105.66999816894531,105.83999633789062,98.92609405517578,25115700,0.0,0.0,0.0
2025-01-08,105.70999908447266,106.11000061035156,105.62999725341797,106.01000213623047,99.08501434326172,30143800,0.0,0.0,0.0
2025-01-10,105.3499984741211,105.73999786376953,105.22000122070312,105.4000015258789,98.51484680175781,24613500,0.0,0.0,0.0
2025-01-13,105.3499984741211,105.37000274658203,105.02999877929688,105.0999984741211,98.23445129394531,18873300,0.0,0.0,0.0
2025-01-14,105.19999694824219,105.27999877929688,104.94000244140625,105.22000122070312,98.34661865234375,27585200,0.0,0.0,0.0
2025-01-15,106.41999816894531,106.63999938964844,106.22000122070312,106.4800033569336,99.5243148803711,32123600,0.0,0.0,0.0
2025-01-16,106.43000030517578,106.91000366210938,106.20999908447266,106.69000244140625,99.7205810546875,24583300,0.0,0.0,0.0
2025-01-17,106.9800033569336,107.01000213623047,106.70999908447266,106.77999877929688,99.80469512939453,18912000,0.0,0.0,0.0
2025-01-21,107.2300033569336,107.41999816894531,107.12000274658203,107.4000015258789,100.38420104980469,20670600,0.0,0.0,0.0
2025-01-22,107.4000015258789,107.51000213623047,107.05000305175781,107.05999755859375,100.06642150878906,18418900,0.0,0.0,0.0
2025-01-23,106.58999633789062,106.91999816894531,106.56999969482422,106.91000366210938,99.92622375488281,18118300,0.0,0.0,0.0
2025-01-24,106.87000274658203,107.23999786376953,106.76000213623047,107.12000274658203,100.12250518798828,13020200,0.0,0.0,0.0
2025-01-27,107.6500015258789,107.88999938964844,107.51000213623047,107.86000061035156,100.81416320800781,18954300,0.0,0.0,0.0
2025-01-28,107.58000183105469,107.7699966430664,107.4800033569336,107.70999908447266,100.67393493652344,22253100,0.0,0.0,0.0
2025-01-29,107.88999938964844,107.91999816894531,107.2300033569336,107.56999969482422,100.54309844970703,24969100,0.0,0.0,0.0
2025-01-30,107.86000061035156,108.01000213623047,107.66000366210938,107.80999755859375,100.76741790771484,22709300,0.0,0.0,0.0
2025-01-31,107.9000015258789,108.0199966430664,107.23999786376953,107.45999908447266,100.4402847290039,28454600,0.0,0.0,0.0
2025-02-03,107.36000061035156,107.68000030517578,107.0199966430664,107.23999786376953,100.59881591796875,21155000,0.389,0.0,0.0
2025-02-04,106.9800033569336,107.56999969482422,106.94000244140625,107.44999694824219,100.7957992553711,25086200,0.0,0.0,0.0
2025-02-05,108.04000091552734,108.43000030517578,107.7699966430664,108.19999694824219,101.49935913085938,30119200,0.0,0.0,0.0
2025-02-06,108.12999725341797,108.29000091552734,107.88999938964844,108.0,101.31175231933594,22557700,0.0,0.0,0.0
2025-02-07,107.63999938964844,107.72000122070312,107.4000015258789,107.52999877929688,100.87083435058594,23911000,0.0,0.0,0.0
2025-02-10,107.62999725341797,107.8499984741211,107.44999694824219,107.55999755859375,100.89900207519531,15302300,0.0,0.0,0.0
2025-02-11,107.2300033569336,107.4000015258789,107.19999694824219,107.31999969482422,100.6738510131836,19478800,0.0,0.0,0.0
2025-02-12,106.56999969482422,106.87000274658203,106.36000061035156,106.73999786376953,100.12976837158203,31480600,0.0,0.0,0.0
2025-02-13,107.31999969482422,107.76000213623047,107.27999877929688,107.56999969482422,100.90837097167969,20735100,0.0,0.0,0.0
2025-02-14,108.12999725341797,108.3499984741211,107.98999786376953,107.98999786376953,101.3023681640625,14409400,0.0,0.0,0.0
2025-02-18,107.8499984741211,107.95999908447266,107.47000122070312,107.55000305175781,100.8896255493164,17640000,0.0,0.0,0.0
2025-02-19,107.51000213623047,107.7699966430664,107.4000015258789,107.61000061035156,100.9458999633789,26007400,0.0,0.0,0.0
2025-02-20,107.77999877929688,107.94999694824219,107.70999908447266,107.87000274658203,101.18981170654297,23814800,0.0,0.0,0.0
2025-02-21,108.0199966430664,108.58000183105469,107.98999786376953,108.25,101.54627227783203,30130700,0.0,0.0,0.0
2025-02-24,108.30999755859375,108.68000030517578,108.18000030517578,108.52999877929688,101.80892181396484,23399500,0.0,0.0,0.0
2025-02-25,109.20999908447266,109.4000015258789,109.05999755859375,109.36000061035156,102.58753204345703,26835200,0.0,0.0,0.0
2025-02-26,109.4000015258789,109.63999938964844,109.19000244140625,109.58999633789062,102.80328369140625,22983100,0.0,0.0,0.0
2025-02-27,109.27999877929688,109.44999694824219,109.06999969482422,109.12999725341797,102.37175750732422,27258200,0.0,0.0,0.0
2025-02-28,109.51000213623047,109.66000366210938,109.1500015258789,109.61000061035156,102.82203674316406,29596100,0.0,0.0,0.0
2025-03-03,108.94000244140625,109.54000091552734,108.87000274658203,109.54000091552734,103.14691162109375,42545300,0.415,0.0,0.0
2025-03-04,109.36000061035156,109.55000305175781,109.05000305175781,109.18000030517578,102.80792999267578,46053300,0.0,0.0,0.0
2025-03-05,109.33000183105469,109.44999694824219,108.7300033569336,108.83000183105469,102.47834777832031,45483500,0.0,0.0,0.0
2025-03-06,108.69000244140625,108.83999633789062,108.29000091552734,108.48999786376953,102.15819549560547,40519900,0.0,0.0,0.0
2025-03-07,109.02999877929688,109.02999877929688,108.19999694824219,108.31999969482422,101.99810028076172,30747100,0.0,0.0,0.0
2025-03-10,108.81999969482422,109.05999755859375,108.55000305175781,108.69000244140625,102.34651947021484,34294800,0.0,0.0,0.0
2025-03-11,108.61000061035156,108.68000030517578,107.94999694824219,107.9800033569336,101.677978515625,42262600,0.0,0.0,0.0
2025-03-12,108.02999877929688,108.05999755859375,107.62000274658203,107.66000366210938,101.37662506103516,35875600,0.0,0.0,0.0
2025-03-13,107.29000091552734,108.02999877929688,107.18000030517578,108.0,101.69679260253906,43907900,0.0,0.0,0.0
2025-03-14,108.0,108.20999908447266,107.87000274658203,107.94999694824219,101.64970397949219,31358100,0.0,0.0,0.0
2025-03-17,108.3499984741211,108.55999755859375,108.12000274658203,108.16999816894531,101.85687255859375,17561400,0.0,0.0,0.0
2025-03-18,108.13999938964844,108.66000366210938,108.0199966430664,108.43000030517578,102.10169219970703,27948100,0.0,0.0,0.0
2025-03-19,108.44999694824219,109.18000030517578,108.27999877929688,109.06999969482422,102.704345703125,27469800,0.0,0.0,0.0
2025-03-20,109.63999938964844,109.6500015258789,108.9000015258789,108.91000366210938,102.55369567871094,26937300,0.0,0.0,0.0
2025-03-21,108.9800033569336,109.0999984741211,108.69000244140625,108.76000213623047,102.41242980957031,26447400,0.0,0.0,0.0
2025-03-24,108.63999938964844,108.63999938964844,108.20999908447266,108.29000091552734,101.9698715209961,25243300,0.0,0.0,0.0
2025-03-25,108.29000091552734,108.62000274658203,108.19000244140625,108.4000015258789,102.07344055175781,22744000,0.0,0.0,0.0
2025-03-26,108.22000122070312,108.22000122070312,107.91000366210938,107.95999908447266,101.65914154052734,17115600,0.0,0.0,0.0
2025-03-27,107.7699966430664,107.87000274658203,107.63999938964844,107.83000183105469,101.53670501708984,22028900,0.0,0.0,0.0
2025-03-28,108.30000305175781,108.52999877929688,108.1500015258789,108.4800033569336,102.1487808227539,27257000,0.0,0.0,0.0
2025-03-31,108.75,108.81999969482422,108.30000305175781,108.69000244140625,102.34651947021484,29834300,0.0,0.0,0.0
2025-04-01,108.52999877929688,108.9000015258789,108.4800033569336,108.66000366210938,102.71233367919922,22059200,0.417,0.0,0.0
2025-04-02,109.01000213623047,109.01000213623047,108.3499984741211,108.91000366210938,102.94866180419922,24769000,0.0,0.0,0.0
2025-04-03,109.11000061035156,109.54000091552734,108.75,108.9000015258789,102.93919372558594,41675700,0.0,0.0,0.0
2025-04-04,109.12999725341797,109.47000122070312,108.5,108.77999877929688,102.82574462890625,60793800,0.0,0.0,0.0
2025-04-07,107.7699966430664,108.2699966430664,106.36000061035156,106.66000366210938,100.82181549072266,62583200,0.0,0.0,0.0
2025-04-08,106.83999633789062,106.91000366210938,104.97000122070312,105.30999755859375,99.54570007324219,56747700,0.0,0.0,0.0
2025-04-09,104.08999633789062,107.11000061035156,103.7699966430664,107.06999969482422,101.2093505859375,77380700,0.0,0.0,0.0
2025-04-10,105.95999908447266,106.3499984741211,105.05999755859375,105.25,99.48898315429688,55825000,0.0,0.0,0.0
2025-04-11,104.52999877929688,105.43000030517578,103.44999694824219,105.2300033569336,99.47008514404297,41686900,0.0,0.0,0.0
2025-04-14,105.98999786376953,106.08999633789062,105.4800033569336,105.87999725341797,100.0844955444336,28111900,0.0,0.0,0.0
2025-04-15,105.93000030517578,106.61000061035156,105.87999725341797,106.44999694824219,100.62330627441406,20502600,0.0,0.0,0.0
2025-04-16,106.55000305175781,106.91000366210938,106.27999877929688,106.9000015258789,101.04866027832031,24639800,0.0,0.0,0.0
2025-04-17,106.91000366210938,107.0,106.56999969482422,106.75,100.90686798095703,11483700,0.0,0.0,0.0
2025-04-21,106.20999908447266,106.37999725341797,105.51000213623047,105.5999984741211,99.81983184814453,23506700,0.0,0.0,0.0
2025-04-22,106.18000030517578,106.2300033569336,105.81999969482422,105.86000061035156,100.06558227539062,20939300,0.0,0.0,0.0
2025-04-23,107.55000305175781,107.66999816894531,106.30999755859375,106.33000183105469,100.50985717773438,31155900,0.0,0.0,0.0
2025-04-24,107.05999755859375,107.4800033569336,106.87000274658203,107.41999816894531,101.54021453857422,23838700,0.0,0.0,0.0
2025-04-25,107.83000183105469,108.04000091552734,107.6500015258789,107.98999786376953,102.0790023803711,14575300,0.0,0.0,0.0
2025-04-28,107.88999938964844,108.3499984741211,107.87999725341797,108.23999786376953,102.31532287597656,18297900,0.0,0.0,0.0
2025-04-29,108.05999755859375,108.5,108.05000305175781,108.48999786376953,102.5516357421875,19346200,0.0,0.0,0.0
2025-04-30,108.12999725341797,108.29000091552734,107.80999755859375,107.9800033569336,102.06957244873047,35129300,0.0,0.0,0.0
2025-05-01,107.76000213623047,107.76000213623047,107.08999633789062,107.16999816894531,101.71080017089844,28056300,0.432,0.0,0.0
2025-05-02,106.83999633789062,107.04000091552734,106.69999694824219,106.91000366210938,101.46406555175781,20302100,0.0,0.0,0.0
2025-05-05,106.63999938964844,106.80999755859375,106.30000305175781,106.76000213623047,101.32170104980469,20005800,0.0,0.0,0.0
2025-05-06,106.45999908447266,106.9800033569336,106.37000274658203,106.97000122070312,101.52099609375,29906500,0.0,0.0,0.0
2025-05-07,107.19000244140625,107.30000305175781,107.0,107.19000244140625,101.72980499267578,19892000,0.0,0.0,0.0
2025-05-08,107.3499984741211,107.43000030517578,106.6500015258789,106.6500015258789,101.21729278564453,25149700,0.0,0.0,0.0
2025-05-09,106.93000030517578,107.02999877929688,106.58000183105469,106.61000061035156,101.1793441772461,18254700,0.0,0.0,0.0
2025-05-12,106.58999633789062,106.83000183105469,106.48999786376953,106.58999633789062,101.16035461425781,28270900,0.0,0.0,0.0
2025-05-13,106.69000244140625,106.81999969482422,106.47000122070312,106.68000030517578,101.24576568603516,32005700,0.0,0.0,0.0
2025-05-14,106.58000183105469,106.70999908447266,106.0999984741211,106.13999938964844,100.73326110839844,25340600,0.0,0.0,0.0
2025-05-15,106.38999938964844,106.95999908447266,106.31999969482422,106.9000015258789,101.4545669555664,30008300,0.0,0.0,0.0
2025-05-16,107.38999938964844,107.4000015258789,106.94999694824219,107.0999984741211,101.6443862915039,21888400,0.0,0.0,0.0
2025-05-19,106.16000366210938,107.16999816894531,106.05999755859375,107.11000061035156,101.65385437011719,33615600,0.0,0.0,0.0
2025-05-20,106.80000305175781,106.9800033569336,106.61000061035156,106.8499984741211,101.4071044921875,23036200,0.0,0.0,0.0
2025-05-21,106.36000061035156,106.54000091552734,105.56999969482422,105.66000366210938,100.27774810791016,35452800,0.0,0.0,0.0
2025-05-22,105.54000091552734,106.25,105.38999938964844,106.19999694824219,100.79021453857422,34010700,0.0,0.0,0.0
2025-05-23,106.41000366210938,106.56999969482422,106.08999633789062,106.27999877929688,100.86614227294922,21447200,0.0,0.0,0.0
2025-05-27,106.91999816894531,107.33000183105469,106.5199966430664,107.23999786376953,101.77725219726562,29208400,0.0,0.0,0.0
2025-05-28,107.02999877929688,107.0999984741211,106.66999816894531,106.9800033569336,101.53048706054688,29079800,0.0,0.0,0.0
2025-05-29,107.33000183105469,107.55999755859375,107.19999694824219,107.45999908447266,101.98603820800781,31012800,0.0,0.0,0.0
2025-05-30,107.44999694824219,107.7699966430664,107.3499984741211,107.7699966430664,102.2802505493164,29890800,0.0,0.0,0.0
2025-06-02,106.98999786376953,107.08000183105469,106.69000244140625,107.06999969482422,101.99064636230469,24225900,0.396,0.0,0.0
2025-06-03,107.23999786376953,107.41000366210938,106.98999786376953,107.12000274658203,102.0383071899414,24080000,0.0,0.0,0.0
2025-06-04,107.62999725341797,108.05000305175781,107.5199966430664,107.9000015258789,102.78130340576172,28006400,0.0,0.0,0.0
2025-06-05,107.94000244140625,107.98999786376953,107.51000213623047,107.56999969482422,102.4669418334961,29760700,0.0,0.0,0.0
2025-06-06,107.22000122070312,107.3499984741211,106.91000366210938,106.91999816894531,101.84777069091797,31093100,0.0,0.0,0.0
2025-06-09,106.98999786376953,107.37999725341797,106.94000244140625,107.23999786376953,102.15261840820312,18850000,0.0,0.0,0.0
2025-06-10,107.6500015258789,107.69000244140625,107.26000213623047,107.5,102.40027618408203,20359000,0.0,0.0,0.0
2025-06-11,107.68000030517578,107.97000122070312,107.55999755859375,107.83999633789062,102.72413635253906,20584700,0.0,0.0,0.0
2025-06-12,108.2300033569336,108.44000244140625,108.08000183105469,108.44000244140625,103.29568481445312,26497300,0.0,0.0,0.0
2025-06-13,108.12000274658203,108.19000244140625,107.5,107.79000091552734,102.67650604248047,34794500,0.0,0.0,0.0
2025-06-16,107.80000305175781,108.12000274658203,107.58000183105469,107.5999984741211,102.49553680419922,21286000,0.0,0.0,0.0
2025-06-17,107.87999725341797,108.04000091552734,107.6500015258789,107.97000122070312,102.84796905517578,27241300,0.0,0.0,0.0
2025-06-18,108.22000122070312,108.41999816894531,107.8499984741211,108.05000305175781,102.92418670654297,29762000,0.0,0.0,0.0
2025-06-20,107.86000061035156,108.30999755859375,107.72000122070312,108.13999938964844,103.0098876953125,20437500,0.0,0.0,0.0
2025-06-23,108.38999938964844,108.69999694824219,108.30999755859375,108.41000366210938,103.26709747314453,34072400,0.0,0.0,0.0
2025-06-24,108.27999877929688,109.0199966430664,108.2699966430664,108.91999816894531,103.75289154052734,38185300,0.0,0.0,0.0
2025-06-25,108.70999908447266,108.8499984741211,108.52999877929688,108.79000091552734,103.62908172607422,30675200,0.0,0.0,0.0
2025-06-26,108.91000366210938,109.19999694824219,108.69000244140625,109.19000244140625,104.0101089477539,31026000,0.0,0.0,0.0
2025-06-27,109.0,109.4000015258789,108.87999725341797,109.01000213623047,103.83863067626953,24704800,0.0,0.0,0.0
2025-06-30,109.37000274658203,109.72000122070312,109.23999786376953,109.61000061035156,104.4101791381836,40575000,0.0,0.0,0.0
2025-07-01,109.26000213623047,109.41000366210938,109.02999877929688,109.33999633789062,104.5363540649414,28691300,0.402,0.0,0.0
2025-07-02,108.9800033569336,109.31999969482422,108.9000015258789,109.31999969482422,104.51726531982422,24284500,0.0,0.0,0.0
2025-07-03,109.1500015258789,109.27999877929688,108.9800033569336,109.05999755859375,104.2686767578125,17340500,0.0,0.0,0.0
2025-07-07,108.86000061035156,108.86000061035156,108.29000091552734,108.41000366210938,103.64722442626953,18303300,0.0,0.0,0.0
2025-07-08,108.16000366210938,108.19000244140625,108.01000213623047,108.0999984741211,103.35084533691406,29374900,0.0,0.0,0.0
2025-07-09,108.3499984741211,108.73999786376953,108.25,108.72000122070312,103.94361114501953,33182900,0.0,0.0,0.0
2025-07-10,108.68000030517578,108.83999633789062,108.47000122070312,108.73999786376953,103.96272277832031,29758900,0.0,0.0,0.0
2025-07-11,108.26000213623047,108.29000091552734,108.0,108.08000183105469,103.33172607421875,23776000,0.0,0.0,0.0
2025-07-14,108.0199966430664,108.19000244140625,107.86000061035156,108.05000305175781,103.30306243896484,18216500,0.0,0.0,0.0
2025-07-15,108.27999877929688,108.27999877929688,107.62000274658203,107.66000366210938,102.93018341064453,31329400,0.0,0.0,0.0
2025-07-16,107.91000366210938,108.0999984741211,107.33999633789062,107.83000183105469,103.09271240234375,41794100,0.0,0.0,0.0
2025-07-17,108.04000091552734,108.20999908447266,107.94999694824219,108.08999633789062,103.34130096435547,19396900,0.0,0.0,0.0
2025-07-18,108.38999938964844,108.43000030517578,108.16000366210938,108.29000091552734,103.53251647949219,17446200,0.0,0.0,0.0
2025-07-21,108.86000061035156,108.98999786376953,108.68000030517578,108.70999908447266,103.9340591430664,17147100,0.0,0.0,0.0
2025-07-22,108.76000213623047,109.02999877929688,108.72000122070312,108.97000122070312,104.18263244628906,19568700,0.0,0.0,0.0
2025-07-23,108.76000213623047,108.87999725341797,108.6500015258789,108.80000305175781,104.02010345458984,20810400,0.0,0.0,0.0
2025-07-24,108.44000244140625,108.86000061035156,108.41999816894531,108.63999938964844,103.86711883544922,23064800,0.0,0.0,0.0
2025-07-25,108.69000244140625,109.04000091552734,108.5999984741211,108.98999786376953,104.20173645019531,26008500,0.0,0.0,0.0
2025-07-28,108.86000061035156,108.94000244140625,108.7300033569336,108.7699966430664,103.99140930175781,21887900,0.0,0.0,0.0
2025-07-29,108.94999694824219,109.5,108.93000030517578,109.48999786376953,104.6797866821289,26131300,0.0,0.0,0.0
2025-07-30,109.08999633789062,109.44999694824219,108.9800033569336,109.08000183105469,104.28779602050781,23313300,0.0,0.0,0.0
2025-07-31,109.41000366210938,109.5,109.08999633789062,109.11000061035156,104.31648254394531,31745000,0.0,0.0,0.0
2025-08-01,109.31999969482422,109.69999694824219,109.12000274658203,109.62999725341797,105.24188232421875,46073800,0.444,0.0,0.0
2025-08-04,109.77999877929688,109.88999938964844,109.58000183105469,109.81999969482422,105.42428588867188,31779600,0.0,0.0,0.0
2025-08-05,109.62999725341797,109.93000030517578,109.61000061035156,109.9000015258789,105.50108337402344,25922900,0.0,0.0,0.0
2025-08-06,109.6500015258789,109.91999816894531,109.2300033569336,109.87000274658203,105.47228240966797,31825300,0.0,0.0,0.0
2025-08-07,109.91000366210938,110.08000183105469,109.69000244140625,109.76000213623047,105.36669158935547,29018100,0.0,0.0,0.0
2025-08-08,109.63999938964844,109.63999938964844,109.38999938964844,109.41000366210938,105.03070068359375,16946300,0.0,0.0,0.0
2025-08-11,109.56999969482422,109.72000122070312,109.44999694824219,109.58000183105469,105.19390106201172,24444300,0.0,0.0,0.0
2025-08-12,109.38999938964844,109.69999694824219,109.2699966430664,109.68000030517578,105.2898941040039,26380500,0.0,0.0,0.0
2025-08-13,110.05999755859375,110.31999969482422,110.05000305175781,110.26000213623047,105.84666442871094,27701400,0.0,0.0,0.0
2025-08-14,110.0,110.05999755859375,109.75,109.87999725341797,105.48188781738281,18817700,0.0,0.0,0.0
2025-08-15,109.83999633789062,109.93000030517578,109.62999725341797,109.73999786376953,105.34747314453125,20932000,0.0,0.0,0.0
2025-08-18,109.81999969482422,109.83999633789062,109.44000244140625,109.54000091552734,105.1554946899414,19579900,0.0,0.0,0.0
2025-08-19,109.68000030517578,109.77999877929688,109.61000061035156,109.70999908447266,105.31867980957031,26744200,0.0,0.0,0.0
2025-08-20,109.66999816894531,109.87000274658203,109.58999633789062,109.76000213623047,105.36669158935547,25054700,0.0,0.0,0.0
2025-08-21,109.55999755859375,109.56999969482422,109.19000244140625,109.33999633789062,104.96348571777344,25157900,0.0,0.0,0.0
2025-08-22,109.6500015258789,110.30999755859375,109.55999755859375,110.19999694824219,105.78907775878906,34562900,0.0,0.0,0.0
2025-08-25,109.97000122070312,110.13999938964844,109.87999725341797,109.91000366210938,105.51068878173828,18983100,0.0,0.0,0.0
2025-08-26,109.88999938964844,110.01000213623047,109.66000366210938,109.98999786376953,105.58747100830078,23246400,0.0,0.0,0.0
2025-08-27,109.68000030517578,110.05999755859375,109.58999633789062,110.02999877929688,105.62588500976562,25171700,0.0,0.0,0.0
2025-08-28,110.08000183105469,110.30999755859375,110.0,110.19999694824219,105.78907775878906,26892700,0.0,0.0,0.0
2025-08-29,109.98999786376953,110.01000213623047,109.75,109.80000305175781,105.40509796142578,32201100,0.0,0.0,0.0
2025-09-02,108.87999725341797,109.08999633789062,108.80999755859375,109.05000305175781,105.05249786376953,31044800,0.384,0.0,0.0
2025-09-03,109.26000213623047,109.83000183105469,109.23999786376953,109.69999694824219,105.67867279052734,34520600,0.0,0.0,0.0
2025-09-04,110.08000183105469,110.45999908447266,109.97000122070312,110.44999694824219,106.40117645263672,43026600,0.0,0.0,0.0
2025-09-05,111.20999908447266,111.30999755859375,111.05999755859375,111.16999816894531,107.09477233886719,36249000,0.0,0.0,0.0
2025-09-08,111.51000213623047,111.62999725341797,111.41999816894531,111.55999755859375,107.4704818725586,28998000,0.0,0.0,0.0
2025-09-09,111.44000244140625,111.55000305175781,111.12000274658203,111.36000061035156,107.27783203125,24412500,0.0,0.0,0.0
2025-09-10,111.58000183105469,111.98999786376953,111.55000305175781,111.69000244140625,107.5957260131836,30188100,0.0,0.0,0.0
2025-09-11,111.88999938964844,112.33000183105469,111.87000274658203,112.20999908447266,108.09666442871094,28405600,0.0,0.0,0.0
2025-09-12,111.97000122070312,112.04000091552734,111.70999908447266,112.01000213623047,107.90399169921875,26728500,0.0,0.0,0.0
2025-09-15,112.2300033569336,112.41999816894531,112.2300033569336,112.36000061035156,108.24115753173828,21863600,0.0,0.0,0.0
2025-09-16,112.29000091552734,112.4000015258789,112.16000366210938,112.26000213623047,108.14482116699219,28232600,0.0,0.0,0.0
2025-09-17,112.45999908447266,112.63999938964844,111.81999969482422,112.05999755859375,107.95216369628906,34969800,0.0,0.0,0.0
2025-09-18,111.72000122070312,111.87999725341797,111.5199966430664,111.83000183105469,107.73059844970703,37159300,0.0,0.0,0.0
2025-09-19,111.73999786376953,111.83999633789062,111.55999755859375,111.73999786376953,107.64389038085938,26845400,0.0,0.0,0.0
2025-09-22,111.63999938964844,111.69999694824219,111.43000030517578,111.48999786376953,107.40306091308594,25908600,0.0,0.0,0.0
2025-09-23,111.6500015258789,111.75,111.48999786376953,111.70999908447266,107.614990234375,31575400,0.0,0.0,0.0
2025-09-24,111.48999786376953,111.5199966430664,111.16999816894531,111.26000213623047,107.18148803710938,34756700,0.0,0.0,0.0
2025-09-25,111.0,111.08000183105469,110.68000030517578,111.05999755859375,106.98881530761719,36991200,0.0,0.0,0.0
2025-09-26,111.1500015258789,111.38999938964844,110.98999786376953,111.20999908447266,107.1333236694336,31962100,0.0,0.0,0.0
2025-09-29,111.45999908447266,111.69999694824219,111.41999816894531,111.58000183105469,107.48975372314453,31961900,0.0,0.0,0.0
2025-09-30,111.6500015258789,111.86000061035156,111.37999725341797,111.47000122070312,107.3837890625,34939700,0.0,0.0,0.0
2025-10-01,111.44000244140625,111.51000213623047,111.2300033569336,111.51000213623047,107.81501007080078,30262700,0.406,0.0,0.0
2025-10-02,111.48999786376953,111.7300033569336,111.41000366210938,111.69000244140625,107.98905181884766,18259400,0.0,0.0,0.0
2025-10-03,111.69000244140625,111.7699966430664,111.4800033569336,111.55000305175781,107.85368347167969,19971200,0.0,0.0,0.0
2025-10-06,111.23999786376953,111.47000122070312,111.16000366210938,111.19000244140625,107.50562286376953,19553600,0.0,0.0,0.0
2025-10-07,111.33999633789062,111.48999786376953,111.16999816894531,111.4000015258789,107.70864868164062,29459500,0.0,0.0,0.0
2025-10-08,111.61000061035156,111.62000274658203,111.25,111.26000213623047,107.57329559326172,22462100,0.0,0.0,0.0
2025-10-09,111.16999816894531,111.20999908447266,110.94999694824219,111.04000091552734,107.36058807373047,29660700,0.0,0.0,0.0
2025-10-10,111.4800033569336,111.55000305175781,111.27999877929688,111.3499984741211,107.6603012084961,39146400,0.0,0.0,0.0
2025-10-13,111.4000015258789,111.80000305175781,111.33000183105469,111.7300033569336,108.02771759033203,11235900,0.0,0.0,0.0
2025-10-14,111.5199966430664,112.12999725341797,111.4800033569336,112.0999984741211,108.38545227050781,43975300,0.0,0.0,0.0
2025-10-15,112.26000213623047,112.5,111.91000366210938,112.0999984741211,108.38545227050781,45017200,0.0,0.0,0.0
2025-10-16,112.05000305175781,112.44000244140625,111.9800033569336,112.41999816894531,108.69485473632812,39858400,0.0,0.0,0.0
2025-10-17,112.29000091552734,112.31999969482422,112.11000061035156,112.19999694824219,108.4821548461914,35433500,0.0,0.0,0.0
2025-10-20,112.45999908447266,112.55999755859375,112.41999816894531,112.54000091552734,108.81086730957031,26361100,0.0,0.0,0.0
2025-10-21,112.81999969482422,112.88999938964844,112.55000305175781,112.55999755859375,108.83020782470703,27353800,0.0,0.0,0.0
2025-10-22,112.55000305175781,112.68000030517578,112.41000366210938,112.66999816894531,108.93656921386719,41003600,0.0,0.0,0.0
2025-10-23,112.5199966430664,112.69000244140625,112.45999908447266,112.52999877929688,108.80121612548828,27558500,0.0,0.0,0.0
2025-10-24,112.77999877929688,112.79000091552734,112.55000305175781,112.72000122070312,108.98491668701172,29474600,0.0,0.0,0.0
2025-10-27,112.70999908447266,112.93000030517578,112.55000305175781,112.91000366210938,109.16863250732422,23513400,0.0,0.0,0.0
2025-10-28,112.8499984741211,112.93000030517578,112.69999694824219,112.91999816894531,109.17828369140625,34236300,0.0,0.0,0.0
2025-10-29,112.86000061035156,112.88999938964844,112.19000244140625,112.27999877929688,108.55948638916016,36236000,0.0,0.0,0.0
2025-10-30,111.62000274658203,112.01000213623047,111.5199966430664,111.68000030517578,107.9793701171875,46045200,0.0,0.0,0.0
2025-10-31,111.77999877929688,111.77999877929688,111.19000244140625,111.2300033569336,107.54429626464844,57255300,0.0,0.0,0.0
2025-11-03,110.58999633789062,110.62000274658203,110.4000015258789,110.52999877929688,107.255126953125,53372100,0.402,0.0,0.0
2025-11-04,110.45999908447266,110.95999908447266,110.44999694824219,110.68000030517578,107.40067291259766,62636700,0.0,0.0,0.0
2025-11-05,110.6500015258789,110.72000122070312,110.33000183105469,110.3499984741211,107.0804443359375,43258300,0.0,0.0,0.0
2025-11-06,110.80000305175781,110.93000030517578,110.7300033569336,110.93000030517578,107.64326477050781,37814800,0.0,0.0,0.0
2025-11-07,110.6500015258789,110.83999633789062,110.58999633789062,110.70999908447266,107.42979431152344,42671600,0.0,0.0,0.0
2025-11-10,110.7699966430664,110.9000015258789,110.70999908447266,110.7699966430664,107.48800659179688,45229000,0.0,0.0,0.0
2025-11-11,111.05000305175781,111.29000091552734,110.9800033569336,111.20999908447266,107.91497039794922,11282600,0.0,0.0,0.0
2025-11-12,111.13999938964844,111.19000244140625,111.0,111.0999984741211,107.80823516845703,39067900,0.0,0.0,0.0
2025-11-13,110.79000091552734,110.91000366210938,110.55000305175781,110.55000305175781,107.27452850341797,34125900,0.0,0.0,0.0
2025-11-14,110.63999938964844,110.7300033569336,110.23999786376953,110.25,106.98341369628906,31437600,0.0,0.0,0.0
2025-11-17,110.30999755859375,110.58000183105469,110.25,110.31999969482422,107.05134582519531,34343300,0.0,0.0,0.0
2025-11-18,110.51000213623047,110.58000183105469,110.26000213623047,110.37000274658203,107.09986114501953,30566000,0.0,0.0,0.0
2025-11-19,110.5999984741211,110.66999816894531,110.31999969482422,110.37999725341797,107.10955047607422,29144800,0.0,0.0,0.0
2025-11-20,110.66999816894531,110.80999755859375,110.43000030517578,110.52999877929688,107.255126953125,49362200,0.0,0.0,0.0
2025-11-21,110.9000015258789,110.95999908447266,110.61000061035156,110.91999816894531,107.63356018066406,41000500,0.0,0.0,0.0
2025-11-24,111.18000030517578,111.36000061035156,111.08999633789062,111.36000061035156,108.06053161621094,28437900,0.0,0.0,0.0
2025-11-25,111.43000030517578,111.9000015258789,111.4000015258789,111.66999816894531,108.361328125,47560900,0.0,0.0,0.0
2025-11-26,111.66999816894531,112.05999755859375,111.54000091552734,112.05000305175781,108.73009490966797,24585400,0.0,0.0,0.0
2025-11-28,111.9800033569336,112.0199966430664,111.68000030517578,111.86000061035156,108.54570007324219,25471200,0.0,0.0,0.0
2025-12-01,110.7699966430664,110.88999938964844,110.66000366210938,110.8499984741211,107.96424102783203,24610100,0.413,0.0,0.0
2025-12-02,110.83999633789062,111.05000305175781,110.75,110.91999816894531,108.03242492675781,34955000,0.0,0.0,0.0
2025-12-03,111.0,111.2699966430664,110.94999694824219,111.16999816894531,108.27591705322266,20997800,0.0,0.0,0.0
2025-12-04,111.04000091552734,111.05999755859375,110.86000061035156,110.97000122070312,108.08111572265625,29846500,0.0,0.0,0.0
2025-12-05,111.0199966430664,111.02999877929688,110.69999694824219,110.86000061035156,107.9739990234375,25470000,0.0,0.0,0.0
2025-12-08,110.87999725341797,110.88999938964844,110.41000366210938,110.62999725341797,107.7499771118164,28815200,0.0,0.0,0.0
2025-12-09,110.86000061035156,110.87999725341797,110.4000015258789,110.48999786376953,107.6136245727539,29239900,0.0,0.0,0.0
2025-12-10,110.45999908447266,111.05999755859375,110.43000030517578,111.0,108.1103515625,34019300,0.0,0.0,0.0
2025-12-11,111.19000244140625,111.30999755859375,110.79000091552734,110.83999633789062,107.95449829101562,41927200,0.0,0.0,0.0
2025-12-12,110.30000305175781,110.41000366210938,110.0999984741211,110.16999816894531,107.30195617675781,39040100,0.0,0.0,0.0
2025-12-15,110.52999877929688,110.61000061035156,110.22000122070312,110.30000305175781,107.42857360839844,22151200,0.0,0.0,0.0
2025-12-16,110.18000030517578,110.58999633789062,110.12000274658203,110.55000305175781,107.67205810546875,31692600,0.0,0.0,0.0
2025-12-17,110.43000030517578,110.58000183105469,110.3499984741211,110.43000030517578,107.55519104003906,22248000,0.0,0.0,0.0
2025-12-18,110.8499984741211,110.94000244140625,110.63999938964844,110.8499984741211,107.96424102783203,31844300,0.0,0.0,0.0
2025-12-19,110.27999877929688,110.33999633789062,110.0999984741211,110.12999725341797,107.68655395507812,28594900,0.436,0.0,0.0
2025-12-22,110.18000030517578,110.20999908447266,110.01000213623047,110.11000061035156,107.66700744628906,17335000,0.0,0.0,0.0
2025-12-23,109.91000366210938,110.2699966430664,109.8499984741211,110.22000122070312,107.7745590209961,16137300,0.0,0.0,0.0
2025-12-24,110.43000030517578,110.6500015258789,110.33999633789062,110.6500015258789,108.19500732421875,6400600,0.0,0.0,0.0
2025-12-26,110.75,110.80000305175781,110.47000122070312,110.63999938964844,108.18523406982422,10589300,0.0,0.0,0.0
2025-12-29,110.69000244140625,110.79000091552734,110.58999633789062,110.79000091552734,108.33191680908203,18943900,0.0,0.0,0.0
2025-12-30,110.56999969482422,110.76000213623047,110.4800033569336,110.66000366210938,108.20479583740234,21486400,0.0,0.0,0.0
2025-12-31,110.52999877929688,110.62999725341797,110.19000244140625,110.19000244140625,107.74522399902344,19124600,0.0,0.0,0.0
2026-01-02,110.31999969482422,110.4000015258789,110.04000091552734,110.16000366210938,107.71588897705078,25676200,0.0,0.0,0.0
2026-01-05,110.30000305175781,110.51000213623047,110.16999816894531,110.47000122070312,108.01901245117188,27771000,0.0,0.0,0.0
2026-01-06,110.30999755859375,110.4800033569336,110.12999725341797,110.47000122070312,108.01901245117188,31037300,0.0,0.0,0.0
2026-01-07,110.75,110.80000305175781,110.52999877929688,110.55000305175781,108.09723663330078,28107400,0.0,0.0,0.0
2026-01-08,110.19999694824219,110.38999938964844,110.19000244140625,110.23999786376953,107.79410552978516,26395600,0.0,0.0,0.0
2026-01-09,110.31999969482422,110.68000030517578,110.22000122070312,110.63999938964844,108.18523406982422,29660300,0.0,0.0,0.0
2026-01-12,110.37000274658203,110.6500015258789,110.31999969482422,110.51000213623047,108.0581283569336,28990100,0.0,0.0,0.0
2026-01-13,110.70999908447266,110.79000091552734,110.52999877929688,110.75,108.29280090332031,31139200,0.0,0.0,0.0
2026-01-14,110.80000305175781,111.04000091552734,110.7699966430664,111.02999877929688,108.56658935546875,27251900,0.0,0.0,0.0
2026-01-15,111.18000030517578,111.19999694824219,110.83999633789062,110.88999938964844,108.42969512939453,34534800,0.0,0.0,0.0
2026-01-16,110.81999969482422,110.87000274658203,110.55000305175781,110.56999969482422,108.11679077148438,38762100,0.0,0.0,0.0
2026-01-20,109.8499984741211,110.1500015258789,109.80999755859375,109.9000015258789,107.46166229248047,43500200,0.0,0.0,0.0
2026-01-21,110.12999725341797,110.66000366210938,110.02999877929688,110.55999755859375,108.10700225830078,38616500,0.0,0.0,0.0
2026-01-22,110.58000183105469,110.87000274658203,110.4800033569336,110.7699966430664,108.31234741210938,36342900,0.0,0.0,0.0
2026-01-23,110.76000213623047,110.86000061035156,110.51000213623047,110.83999633789062,108.38079071044922,30615300,0.0,0.0,0.0
2026-01-26,111.05000305175781,111.12000274658203,110.88999938964844,110.93000030517578,108.46881103515625,23629800,0.0,0.0,0.0
2026-01-27,110.83999633789062,111.0,110.73999786376953,110.80999755859375,108.3514633178711,27166000,0.0,0.0,0.0
2026-01-28,110.70999908447266,110.73999786376953,110.45999908447266,110.6500015258789,108.19500732421875,31045900,0.0,0.0,0.0
2026-01-29,110.43000030517578,110.70999908447266,110.31999969482422,110.68000030517578,108.2243423461914,45815500,0.0,0.0,0.0
2026-01-30,110.5999984741211,110.73999786376953,110.5199966430664,110.56999969482422,108.11679077148438,39631400,0.0,0.0,0.0
2026-02-02,110.1500015258789,110.31999969482422,110.02999877929688,110.05999755859375,108.01667022705078,35480300,0.408,0.0,0.0
2026-02-03,110.04000091552734,110.13999938964844,109.9000015258789,110.11000061035156,108.06576538085938,32761700,0.0,0.0,0.0
2026-02-04,109.97000122070312,110.05000305175781,109.83000183105469,109.97000122070312,107.9283447265625,31344400,0.0,0.0,0.0
2026-02-05,110.19000244140625,110.54000091552734,110.12000274658203,110.5,108.4485092163086,23929700,0.0,0.0,0.0
2026-02-06,110.47000122070312,110.5999984741211,110.30999755859375,110.55999755859375,108.50739288330078,29022200,0.0,0.0,0.0
2026-02-09,110.37000274658203,110.61000061035156,110.29000091552734,110.55999755859375,108.50739288330078,27356900,0.0,0.0,0.0
2026-02-10,110.9000015258789,111.04000091552734,110.7699966430664,110.81999969482422,108.7625732421875,34509800,0.0,0.0,0.0
2026-02-11,110.62999725341797,110.91000366210938,110.5999984741211,110.69999694824219,108.6447982788086,29955300,0.0,0.0,0.0
2026-02-12,110.98999786376953,111.29000091552734,110.97000122070312,111.22000122070312,109.15515899658203,39724200,0.0,0.0,0.0
2026-02-13,111.55000305175781,111.5999984741211,111.41999816894531,111.58999633789062,109.51827239990234,33609900,0.0,0.0,0.0
2026-02-17,111.56999969482422,111.73999786376953,111.48999786376953,111.69999694824219,109.62623596191406,33132600,0.0,0.0,0.0
2026-02-18,111.56999969482422,111.7300033569336,111.51000213623047,111.58999633789062,109.51827239990234,40087000,0.0,0.0,0.0
2026-02-19,111.41000366210938,111.68000030517578,111.4000015258789,111.68000030517578,109.60661315917969,30394400,0.0,0.0,0.0
2026-02-20,111.62000274658203,111.69000244140625,111.4000015258789,111.58999633789062,109.51827239990234,44837400,0.0,0.0,0.0
2026-02-23,111.62000274658203,111.83000183105469,111.58000183105469,111.70999908447266,109.63604736328125,33323600,0.0,0.0,0.0
2026-02-24,111.62999725341797,111.73999786376953,111.47000122070312,111.68000030517578,109.60661315917969,37797100,0.0,0.0,0.0
2026-02-25,111.5999984741211,111.7699966430664,111.56999969482422,111.6500015258789,109.57715606689453,33682200,0.0,0.0,0.0
2026-02-26,111.63999938964844,111.73999786376953,111.54000091552734,111.72000122070312,109.6458740234375,33031800,0.0,0.0,0.0
2026-02-27,111.69999694824219,111.93000030517578,111.66000366210938,111.68000030517578,109.60661315917969,48343700,0.0,0.0,0.0
2026-03-02,110.83999633789062,110.9800033569336,110.68000030517578,110.91999816894531,109.2353286743164,54854600,0.383,0.0,0.0
2026-03-03,110.16999816894531,111.12999725341797,110.16999816894531,110.87000274658203,109.18608856201172,78775000,0.0,0.0,0.0
2026-03-04,110.93000030517578,111.16999816894531,110.83000183105469,110.97000122070312,109.2845687866211,49023300,0.0,0.0,0.0
2026-03-05,110.41999816894531,110.5999984741211,110.29000091552734,110.52999877929688,108.85125732421875,47318400,0.0,0.0,0.0
2026-03-06,109.95999908447266,110.5199966430664,109.7699966430664,110.16000366210938,108.48687744140625,58242900,0.0,0.0,0.0
2026-03-09,109.83999633789062,110.87000274658203,109.83999633789062,110.81999969482422,109.13684844970703,44312100,0.0,0.0,0.0
2026-03-10,110.4000015258789,110.69999694824219,110.05000305175781,110.05999755859375,108.38838958740234,71501200,0.0,0.0,0.0
2026-03-11,109.63999938964844,109.76000213623047,109.01000213623047,109.16000366210938,107.50206756591797,66523500,0.0,0.0,0.0
2026-03-12,108.95999908447266,108.9800033569336,108.3499984741211,108.56999969482422,106.92102813720703,72750200,0.0,0.0,0.0
2026-03-13,108.79000091552734,108.98999786376953,108.0199966430664,108.16999816894531,106.52709197998047,54605100,0.0,0.0,0.0
2026-03-16,108.9000015258789,109.02999877929688,108.55999755859375,108.69000244140625,107.03919982910156,65430000,0.0,0.0,0.0
2026-03-17,109.01000213623047,109.33000183105469,108.98999786376953,109.30000305175781,107.63993835449219,53953900,0.0,0.0,0.0
2026-03-18,109.12999725341797,109.31999969482422,108.70999908447266,108.70999908447266,107.05889129638672,60360000,0.0,0.0,0.0
2026-03-19,108.30999755859375,109.3499984741211,108.30999755859375,109.19000244140625,107.53160858154297,60271200,0.0,0.0,0.0
2026-03-20,108.69000244140625,108.80000305175781,107.75,107.8499984741211,106.21195983886719,66608900,0.0,0.0,0.0
2026-03-23,108.19999694824219,108.91000366210938,108.05000305175781,108.55999755859375,106.91116333007812,54512800,0.0,0.0,0.0
2026-03-24,108.06999969482422,108.62999725341797,107.94999694824219,108.33999633789062,106.69451141357422,46515300,0.0,0.0,0.0
2026-03-25,109.0,109.05000305175781,108.69000244140625,108.7300033569336,107.0785903930664,48616300,0.0,0.0,0.0
2026-03-26,108.27999877929688,108.58000183105469,107.83999633789062,107.87999725341797,106.24149322509766,42072700,0.0,0.0,0.0
2026-03-27,107.47000122070312,107.87000274658203,107.36000061035156,107.62000274658203,105.9854507446289,42578500,0.0,0.0,0.0
2026-03-30,108.44000244140625,108.58999633789062,108.19999694824219,108.30999755859375,106.66497039794922,42677000,0.0,0.0,0.0
2026-03-31,108.72000122070312,109.19999694824219,108.5999984741211,108.98999786376953,107.33463287353516,57883800,0.0,0.0,0.0
2026-04-01,108.48999786376953,108.94999694824219,108.48999786376953,108.66000366210938,107.44935607910156,37445300,0.446,0.0,0.0
2026-04-02,108.41000366210938,109.25,108.37000274658203,109.12000274658203,107.90422058105469,27148600,0.0,0.0,0.0
2026-04-06,108.87000274658203,109.26000213623047,108.87000274658203,108.94999694824219,107.7361068725586,29080500,0.0,0.0,0.0
2026-04-07,108.86000061035156,109.1500015258789,108.2699966430664,109.06999969482422,107.85478210449219,41258900,0.0,0.0,0.0
2026-04-08,109.9800033569336,110.0,109.29000091552734,109.48999786376953,108.27009582519531,63694700,0.0,0.0,0.0
2026-04-09,109.30999755859375,109.79000091552734,109.16000366210938,109.48999786376953,108.27009582519531,39122000,0.0,0.0,0.0
2026-04-10,109.47000122070312,109.55000305175781,109.1500015258789,109.19999694824219,107.98332977294922,22857000,0.0,0.0,0.0
2026-04-13,109.13999938964844,109.68000030517578,109.11000061035156,109.62000274658203,108.39865112304688,19904200,0.0,0.0,0.0
2026-04-14,109.72000122070312,110.08000183105469,109.66999816894531,109.9800033569336,108.754638671875,29507800,0.0,0.0,0.0
2026-04-15,109.8499984741211,109.95999908447266,109.76000213623047,109.94000244140625,108.71508026123047,30074300,0.0,0.0,0.0
2026-04-16,110.01000213623047,110.0199966430664,109.41000366210938,109.43000030517578,108.21076202392578,25833300,0.0,0.0,0.0
2026-04-17,110.12999725341797,110.29000091552734,109.97000122070312,110.04000091552734,108.81397247314453,44767700,0.0,0.0,0.0
2026-04-20,110.04000091552734,110.12000274658203,109.80000305175781,110.02999877929688,108.8040771484375,19935900,0.0,0.0,0.0
2026-04-21,109.94000244140625,110.02999877929688,109.58000183105469,109.61000061035156,108.38876342773438,26008100,0.0,0.0,0.0
2026-04-22,109.95999908447266,110.11000061035156,109.77999877929688,109.81999969482422,108.59642028808594,17815000,0.0,0.0,0.0
2026-04-23,109.80000305175781,109.94999694824219,109.26000213623047,109.5199966430664,108.29975891113281,25668600,0.0,0.0,0.0
2026-04-24,109.5,109.7300033569336,109.31999969482422,109.5999984741211,108.37886810302734,23212600,0.0,0.0,0.0
2026-04-27,109.5199966430664,109.58999633789062,109.19999694824219,109.29000091552734,108.07233428955078,21833200,0.0,0.0,0.0
2026-04-28,109.06999969482422,109.33999633789062,108.94999694824219,109.33999633789062,108.12177276611328,25603500,0.0,0.0,0.0
2026-04-29,109.04000091552734,109.04000091552734,108.56999969482422,108.7300033569336,107.5185775756836,21800900,0.0,0.0,0.0
2026-04-30,108.88999938964844,109.06999969482422,108.73999786376953,108.8499984741211,107.63722229003906,45530700,0.0,0.0,0.0
2026-05-01,108.55000305175781,109.01000213623047,108.45999908447266,108.5999984741211,107.81095886230469,34755500,0.425,0.0,0.0
2026-05-04,108.45999908447266,108.47000122070312,107.91999816894531,108.25,107.4635009765625,21983900,0.0,0.0,0.0
2026-05-05,108.47000122070312,108.79000091552734,108.41000366210938,108.6500015258789,107.860595703125,33609700,0.0,0.0,0.0
2026-05-06,109.18000030517578,109.31999969482422,109.0999984741211,109.19000244140625,108.39667510986328,28417400,0.0,0.0,0.0
2026-05-07,109.37000274658203,109.38999938964844,108.68000030517578,108.73999786376953,107.94994354248047,24184900,0.0,0.0,0.0
2026-05-08,109.1500015258789,109.29000091552734,109.08999633789062,109.19999694824219,108.40660095214844,17503300,0.0,0.0,0.0
2026-05-11,109.04000091552734,109.18000030517578,108.88999938964844,108.93000030517578,108.13856506347656,23050600,0.0,0.0,0.0
2026-05-12,108.61000061035156,108.66000366210938,108.44999694824219,108.55999755859375,107.77124786376953,26579400,0.0,0.0,0.0
2026-05-13,108.52999877929688,108.62999725341797,108.30000305175781,108.62000274658203,107.83081817626953,19083000,0.0,0.0,0.0
2026-05-14,108.88999938964844,108.94000244140625,108.52999877929688,108.55000305175781,107.7613296508789,18038000,0.0,0.0,0.0
2026-05-15,107.87000274658203,107.94999694824219,107.69000244140625,107.86000061035156,107.07633209228516,49718000,0.0,0.0,0.0
2026-05-18,107.95999908447266,108.11000061035156,107.5,107.66000366210938,106.87779235839844,31145200,0.0,0.0,0.0
2026-05-19,107.22000122070312,107.4000015258789,106.93000030517578,107.12000274658203,106.34171295166016,36965500,0.0,0.0,0.0
2026-05-20,107.16999816894531,108.08000183105469,107.16999816894531,107.94999694824219,107.16567993164062,34281700,0.0,0.0,0.0
2026-05-21,107.6500015258789,108.18000030517578,107.45999908447266,108.16999816894531,107.38408660888672,25440400,0.0,0.0,0.0
2026-05-22,108.52999877929688,108.52999877929688,108.0999984741211,108.37000274658203,107.58263397216797,19668800,0.0,0.0,0.0
2026-05-26,108.97000122070312,109.0,108.68000030517578,108.77999877929688,107.98965454101562,23730300,0.0,0.0,0.0
2026-05-27,108.91000366210938,109.06999969482422,108.81999969482422,108.93000030517578,108.13856506347656,16208400,0.0,0.0,0.0
2026-05-28,108.98999786376953,109.41000366210938,108.87000274658203,109.26000213623047,108.4661636352539,24176800,0.0,0.0,0.0
2026-05-29,109.38999938964844,109.5999984741211,109.29000091552734,109.36000061035156,108.56543731689453,26551200,0.0,0.0,0.0
2026-06-01,108.55999755859375,108.95999908447266,108.43000030517578,108.93000030517578,108.54849243164062,19298000,0.413,0.0,0.0
2026-06-02,109.05999755859375,109.13999938964844,108.88999938964844,108.91999816894531,108.53852844238281,14394700,0.0,0.0,0.0
2026-06-03,108.58999633789062,108.69999694824219,108.47000122070312,108.62000274658203,108.23957824707031,24018700,0.0,0.0,0.0
2026-06-04,108.87999725341797,108.97000122070312,108.80000305175781,108.8499984741211,108.4687728881836,17881600,0.0,0.0,0.0
2026-06-05,108.41000366210938,108.47000122070312,108.13999938964844,108.16999816894531,107.79115295410156,30790300,0.0,0.0,0.0
2026-06-08,108.43000030517578,108.48999786376953,108.02999877929688,108.05999755859375,107.6815414428711,21944000,0.0,0.0,0.0
2026-06-09,108.31999969482422,108.44999694824219,108.05000305175781,108.41000366210938,108.03031921386719,37925400,0.0,0.0,0.0
2026-06-10,108.3499984741211,108.51000213623047,108.08000183105469,108.16000366210938,107.78119659423828,20870100,0.0,0.0,0.0
2026-06-11,108.43000030517578,109.1500015258789,108.25,109.08000183105469,108.69796752929688,34849400,0.0,0.0,0.0
2026-06-12,108.87999725341797,109.06999969482422,108.63999938964844,109.01000213623047,108.62821197509766,23423000,0.0,0.0,0.0
2026-06-15,109.27999877929688,109.33999633789062,108.9800033569336,108.98999786376953,108.60828399658203,27040500,0.0,0.0,0.0
2026-06-16,109.11000061035156,109.33000183105469,109.05000305175781,109.12000274658203,108.73783111572266,24297100,0.0,0.0,0.0
2026-06-17,109.08000183105469,109.30999755859375,108.70999908447266,108.7699966430664,108.38905334472656,31079300,0.0,0.0,0.0
2026-06-18,109.44000244140625,109.45999908447266,109.02999877929688,109.06999969482422,108.68800354003906,41725500,0.0,0.0,0.0
2026-06-22,108.7300033569336,108.80999755859375,108.58999633789062,108.77999877929688,108.39901733398438,22557300,0.0,0.0,0.0
2026-06-23,108.77999877929688,109.12000274658203,108.72000122070312,108.91000366210938,108.528564453125,27509300,0.0,0.0,0.0
2026-06-24,109.38999938964844,109.61000061035156,109.30999755859375,109.41000366210938,109.02681732177734,31462200,0.0,0.0,0.0
2026-06-25,109.58000183105469,109.70999908447266,109.41999816894531,109.5,109.11650085449219,33772500,0.0,0.0,0.0
2026-06-26,109.29000091552734,109.6500015258789,109.26000213623047,109.5,109.11650085449219,26033500,0.0,0.0,0.0
2026-06-29,109.62000274658203,109.73999786376953,109.54000091552734,109.69999694824219,109.3157958984375,43883300,0.0,0.0,0.0
2026-06-30,109.5,109.55999755859375,109.05000305175781,109.06999969482422,108.68800354003906,32665400,0.0,0.0,0.0
2026-07-01,108.33999633789062,108.66000366210938,108.26000213623047,108.45999908447266,108.45999908447266,25563100,0.382,0.0,0.0
2026-07-02,108.56999969482422,108.72000122070312,108.41999816894531,108.63999938964844,108.63999938964844,18406000,0.0,0.0,0.0
2026-07-06,108.61000061035156,108.68000030517578,108.44000244140625,108.66999816894531,108.66999816894531,17471600,0.0,0.0,0.0
2026-07-07,108.29000091552734,108.33999633789062,107.7699966430664,107.87999725341797,107.87999725341797,32025000,0.0,0.0,0.0
2026-07-08,107.68000030517578,107.75,107.38999938964844,107.66999816894531,107.66999816894531,31080600,0.0,0.0,0.0
2026-07-09,107.70999908447266,108.01000213623047,107.63999938964844,107.70999908447266,107.70999908447266,24612700,0.0,0.0,0.0
2026-07-10,107.72000122070312,107.72000122070312,107.31999969482422,107.45999908447266,107.45999908447266,34114000,0.0,0.0,0.0
2026-07-13,107.3499984741211,107.43000030517578,106.94000244140625,106.95999908447266,106.95999908447266,29936100,0.0,0.0,0.0
2026-07-14,107.16000366210938,107.38999938964844,107.0199966430664,107.20999908447266,107.20999908447266,33688900,0.0,0.0,0.0
2026-07-15,107.2699966430664,107.66000366210938,107.2699966430664,107.58000183105469,107.58000183105469,27178700,0.0,0.0,0.0
2026-07-16,107.3499984741211,107.56999969482422,107.26000213623047,107.5,107.5,33413200,0.0,0.0,0.0
2026-07-17,107.66999816894531,107.79000091552734,107.52999877929688,107.55999755859375,107.55999755859375,25761500,0.0,0.0,0.0
2026-07-20,107.52999877929688,107.55999755859375,107.11000061035156,107.1500015258789,107.1500015258789,29445700,0.0,0.0,0.0
2026-07-21,107.01000213623047,107.05000305175781,106.7699966430664,106.8499984741211,106.8499984741211,26033300,0.0,0.0,0.0
2026-07-22,106.76000213623047,106.83000183105469,106.62000274658203,106.66999816894531,106.66999816894531,20115500,0.0,0.0,0.0
2026-07-23,106.12999725341797,106.31999969482422,106.06999969482422,106.26000213623047,106.26000213623047,35690700,0.0,0.0,0.0
2026-07-24,106.08000183105469,106.48999786376953,106.08000183105469,106.2300033569336,106.2300033569336,27980000,0.0,0.0,0.0
2026-07-27,106.55999755859375,106.62000274658203,106.43000030517578,106.51000213623047,106.51000213623047,33698100,0.0,0.0,0.0
2026-07-28,106.62000274658203,106.94000244140625,106.56999969482422,106.83000183105469,106.83000183105469,23347600,0.0,0.0,0.0
2026-07-29,106.72000122070312,106.80000305175781,106.1500015258789,106.22000122070312,106.22000122070312,44523200,0.0,0.0,0.0
2026-07-30,106.3499984741211,106.55000305175781,106.30000305175781,106.41000366210938,106.41000366210938,30975700,0.0,0.0,0.0
2026-07-31,106.23999786376953,106.3499984741211,106.0,106.25,106.25,40904000,0.0,0.0,0.0
