Date,Open,High,Low,Close,Adj Close,Volume,Dividends,Stock Splits,Capital Gains
1993-01-29,43.96875,43.96875,43.75,43.9375,24.11326789855957,1003200,0.0,0.0,0.0
1993-02-01,43.96875,44.25,43.96875,44.25,24.284767150878906,480500,0.0,0.0,0.0
1993-02-02,44.21875,44.375,44.125,44.34375,24.336217880249023,201300,0.0,0.0,0.0
1993-02-03,44.40625,44.84375,44.375,44.8125,24.59346580505371,529400,0.0,0.0,0.0
1993-02-04,44.96875,45.09375,44.46875,45.0,24.696374893188477,531500,0.0,0.0,0.0
1993-02-05,44.96875,45.0625,44.71875,44.96875,24.67922592163086,492100,0.0,0.0,0.0
1993-02-08,44.96875,45.125,44.90625,44.96875,24.67922592163086,596100,0.0,0.0,0.0
1993-02-09,44.8125,44.8125,44.5625,44.65625,24.507732391357422,122100,0.0,0.0,0.0
1993-02-10,44.65625,44.75,44.53125,44.71875,24.54202651977539,379600,0.0,0.0,0.0
1993-02-11,44.78125,45.125,44.78125,44.9375,24.66206932067871,19500,0.0,0.0,0.0
1993-02-12,44.875,44.875,44.59375,44.59375,24.47341537475586,42500,0.0,0.0,0.0
1993-02-16,44.46875,44.46875,43.40625,43.46875,23.856006622314453,374800,0.0,0.0,0.0
1993-02-17,43.46875,43.53125,43.28125,43.4375,23.8388729095459,210900,0.0,0.0,0.0
1993-02-18,43.9375,43.9375,42.8125,43.40625,23.821693420410156,378100,0.0,0.0,0.0
1993-02-19,43.40625,43.5625,43.34375,43.5625,23.90744972229004,34900,0.0,0.0,0.0
1993-02-22,43.6875,43.78125,43.5625,43.71875,23.993209838867188,513600,0.0,0.0,0.0
1993-02-23,43.84375,43.875,43.46875,43.6875,23.976062774658203,373700,0.0,0.0,0.0
1993-02-24,43.71875,44.25,43.71875,44.25,24.284767150878906,26300,0.0,0.0,0.0
1993-02-25,44.21875,44.375,44.125,44.34375,24.336217880249023,44500,0.0,0.0,0.0
1993-02-26,44.4375,44.4375,44.1875,44.40625,24.370515823364258,66200,0.0,0.0,0.0
1993-03-01,44.5625,44.5625,44.21875,44.28125,24.30191421508789,66500,0.0,0.0,0.0
1993-03-02,44.3125,44.9375,44.25,44.9375,24.66206932067871,182400,0.0,0.0,0.0
1993-03-03,45.0,45.15625,44.9375,45.125,24.764968872070312,280100,0.0,0.0,0.0
1993-03-04,45.1875,45.1875,44.875,44.875,24.627763748168945,89500,0.0,0.0,0.0
1993-03-05,44.9375,45.125,44.71875,44.75,24.55916404724121,40000,0.0,0.0,0.0
1993-03-08,44.84375,45.75,44.84375,45.75,25.10796546936035,50800,0.0,0.0,0.0
1993-03-09,45.65625,45.6875,45.5,45.59375,25.022216796875,169300,0.0,0.0,0.0
1993-03-10,45.59375,45.6875,45.40625,45.6875,25.073671340942383,194400,0.0,0.0,0.0
1993-03-11,45.71875,45.84375,45.5,45.5625,25.00507164001465,70900,0.0,0.0,0.0
1993-03-12,45.1875,45.21875,44.8125,45.09375,24.747825622558594,643600,0.0,0.0,0.0
1993-03-15,45.0625,45.3125,45.0625,45.3125,24.867877960205078,310800,0.0,0.0,0.0
1993-03-16,45.3125,45.4375,45.3125,45.3125,24.867877960205078,30800,0.0,0.0,0.0
1993-03-17,45.25,45.25,44.96875,45.03125,24.71352767944336,21800,0.0,0.0,0.0
1993-03-18,45.21875,45.5,45.21875,45.3125,24.867877960205078,59300,0.0,0.0,0.0
1993-03-19,45.28125,45.28125,45.03125,45.03125,24.83025550842285,66900,0.213,0.0,0.0
1993-03-22,44.59375,44.875,44.5625,44.78125,24.69239044189453,183400,0.0,0.0,0.0
1993-03-23,44.90625,44.9375,44.8125,44.875,24.74409294128418,55200,0.0,0.0,0.0
1993-03-24,44.8125,45.0625,44.59375,44.875,24.74409294128418,37200,0.0,0.0,0.0
1993-03-25,44.90625,45.25,44.84375,45.15625,24.899154663085938,110100,0.0,0.0,0.0
1993-03-26,45.125,45.15625,44.875,44.90625,24.761306762695312,101500,0.0,0.0,0.0
1993-03-29,44.9375,45.3125,44.9375,45.09375,24.864709854125977,87100,0.0,0.0,0.0
1993-03-30,45.15625,45.21875,45.09375,45.21875,24.933629989624023,56000,0.0,0.0,0.0
1993-03-31,45.34375,45.46875,45.1875,45.1875,24.916385650634766,111600,0.0,0.0,0.0
1993-04-01,45.25,45.25,44.9375,45.03125,24.83025550842285,129500,0.0,0.0,0.0
1993-04-02,44.65625,44.65625,44.09375,44.09375,24.313304901123047,59400,0.0,0.0,0.0
1993-04-05,44.4375,44.4375,44.1875,44.3125,24.433923721313477,172200,0.0,0.0,0.0
1993-04-06,44.40625,44.40625,44.0625,44.1875,24.364994049072266,129700,0.0,0.0,0.0
1993-04-07,44.25,44.34375,44.15625,44.34375,24.451156616210938,28000,0.0,0.0,0.0
1993-04-08,44.53125,44.53125,44.09375,44.28125,24.416677474975586,180800,0.0,0.0,0.0
1993-04-12,44.71875,44.9375,44.65625,44.90625,24.761306762695312,348500,0.0,0.0,0.0
1993-04-13,44.875,45.15625,44.84375,45.0,24.813018798828125,146100,0.0,0.0,0.0
1993-04-14,45.03125,45.0625,44.90625,44.9375,24.778549194335938,119600,0.0,0.0,0.0
1993-04-15,44.90625,45.03125,44.75,44.9375,24.778549194335938,148600,0.0,0.0,0.0
1993-04-16,44.96875,45.03125,44.875,44.9375,24.778549194335938,47900,0.0,0.0,0.0
1993-04-19,44.9375,45.0625,44.71875,44.75,24.67514419555664,157000,0.0,0.0,0.0
1993-04-20,44.6875,44.75,44.25,44.53125,24.554548263549805,279500,0.0,0.0,0.0
1993-04-21,44.625,44.625,44.375,44.5,24.53731346130371,67900,0.0,0.0,0.0
1993-04-22,44.3125,44.6875,43.9375,43.9375,24.227144241333008,97700,0.0,0.0,0.0
1993-04-23,43.84375,43.96875,43.6875,43.75,24.123750686645508,106000,0.0,0.0,0.0
1993-04-26,43.78125,43.9375,43.28125,43.40625,23.93421745300293,62600,0.0,0.0,0.0
1993-04-27,43.34375,43.875,43.34375,43.875,24.192676544189453,156800,0.0,0.0,0.0
1993-04-28,43.8125,43.90625,43.71875,43.78125,24.140989303588867,85900,0.0,0.0,0.0
1993-04-29,43.875,43.96875,43.625,43.96875,24.244365692138672,85000,0.0,0.0,0.0
1993-04-30,44.125,44.28125,44.03125,44.03125,24.278831481933594,88500,0.0,0.0,0.0
1993-05-03,44.09375,44.3125,43.90625,44.3125,24.433923721313477,80500,0.0,0.0,0.0
1993-05-04,44.40625,44.625,44.34375,44.46875,24.52007293701172,149100,0.0,0.0,0.0
1993-05-05,44.46875,44.75,44.46875,44.59375,24.58899688720703,109000,0.0,0.0,0.0
1993-05-06,44.53125,44.5625,44.40625,44.4375,24.502857208251953,54700,0.0,0.0,0.0
1993-05-07,44.46875,44.46875,44.28125,44.34375,24.451156616210938,68000,0.0,0.0,0.0
1993-05-10,44.40625,44.6875,44.40625,44.4375,24.502857208251953,113900,0.0,0.0,0.0
1993-05-11,44.4375,44.625,44.3125,44.625,24.60624122619629,42600,0.0,0.0,0.0
1993-05-12,44.4375,44.59375,44.4375,44.5625,24.57177734375,31000,0.0,0.0,0.0
1993-05-13,44.375,44.375,44.0,44.03125,24.278831481933594,129100,0.0,0.0,0.0
1993-05-14,44.03125,44.15625,43.96875,44.0,24.261608123779297,63500,0.0,0.0,0.0
1993-05-17,44.125,44.15625,43.9375,44.15625,24.347768783569336,34000,0.0,0.0,0.0
1993-05-18,44.1875,44.21875,43.96875,44.125,24.330535888671875,105200,0.0,0.0,0.0
1993-05-19,44.125,45.03125,43.84375,45.03125,24.83025550842285,50200,0.0,0.0,0.0
1993-05-20,45.03125,45.15625,44.9375,45.15625,24.899154663085938,98200,0.0,0.0,0.0
1993-05-21,45.1875,45.25,44.71875,44.75,24.67514419555664,221400,0.0,0.0,0.0
1993-05-24,44.84375,45.09375,44.84375,44.9375,24.778549194335938,30500,0.0,0.0,0.0
1993-05-25,45.125,45.125,45.03125,45.03125,24.83025550842285,191800,0.0,0.0,0.0
1993-05-26,45.15625,45.625,45.125,45.59375,25.140405654907227,102400,0.0,0.0,0.0
1993-05-27,45.65625,45.65625,45.375,45.4375,25.05424690246582,53800,0.0,0.0,0.0
1993-05-28,45.40625,45.40625,45.0,45.21875,24.933629989624023,79100,0.0,0.0,0.0
1993-06-01,45.375,45.8125,45.3125,45.65625,25.17487335205078,28300,0.0,0.0,0.0
1993-06-02,45.53125,45.75,45.34375,45.59375,25.140405654907227,20300,0.0,0.0,0.0
1993-06-03,45.5,45.5,45.34375,45.4375,25.05424690246582,21600,0.0,0.0,0.0
1993-06-04,45.3125,45.3125,45.09375,45.28125,24.968082427978516,32000,0.0,0.0,0.0
1993-06-07,45.375,45.375,45.125,45.125,24.88193130493164,121400,0.0,0.0,0.0
1993-06-08,45.0,45.0,44.71875,44.71875,24.657926559448242,104500,0.0,0.0,0.0
1993-06-09,44.875,45.0625,44.8125,44.875,24.74409294128418,43300,0.0,0.0,0.0
1993-06-10,44.84375,44.9375,44.75,44.90625,24.761306762695312,17900,0.0,0.0,0.0
1993-06-11,45.0625,45.15625,44.90625,45.09375,24.864709854125977,647400,0.0,0.0,0.0
1993-06-14,45.15625,45.1875,45.03125,45.03125,24.83025550842285,64200,0.0,0.0,0.0
1993-06-15,45.09375,45.125,44.9375,44.9375,24.778549194335938,142400,0.0,0.0,0.0
1993-06-16,44.9375,45.03125,44.8125,45.03125,24.83025550842285,330900,0.0,0.0,0.0
1993-06-17,45.125,45.1875,45.03125,45.1875,24.916385650634766,37400,0.0,0.0,0.0
1993-06-18,44.84375,44.84375,44.5,44.5,24.711212158203125,58500,0.318,0.0,0.0
1993-06-21,44.625,44.625,44.53125,44.59375,24.763269424438477,29300,0.0,0.0,0.0
1993-06-22,44.65625,44.65625,44.5625,44.625,24.780620574951172,137500,0.0,0.0,0.0
1993-06-23,44.625,44.625,44.21875,44.21875,24.555030822753906,227600,0.0,0.0,0.0
1993-06-24,44.34375,44.8125,44.34375,44.8125,24.88475227355957,243700,0.0,0.0,0.0
1993-06-25,44.78125,44.90625,44.75,44.78125,24.867399215698242,44800,0.0,0.0,0.0
1993-06-28,45.0,45.28125,44.9375,45.28125,25.14503288269043,439900,0.0,0.0,0.0
1993-06-29,45.21875,45.21875,45.0,45.0625,25.0235595703125,207500,0.0,0.0,0.0
1993-06-30,45.125,45.21875,45.0,45.0625,25.0235595703125,437600,0.0,0.0,0.0
1993-07-01,45.125,45.125,44.875,44.9375,24.954164505004883,605700,0.0,0.0,0.0
1993-07-02,44.78125,44.8125,44.53125,44.6875,24.81532859802246,285400,0.0,0.0,0.0
1993-07-06,44.625,44.75,44.15625,44.21875,24.555030822753906,246400,0.0,0.0,0.0
1993-07-07,44.1875,44.40625,44.1875,44.34375,24.624439239501953,343700,0.0,0.0,0.0
1993-07-08,44.375,44.9375,44.3125,44.84375,24.902099609375,248200,0.0,0.0,0.0
1993-07-09,44.84375,44.96875,44.75,44.96875,24.971519470214844,378200,0.0,0.0,0.0
1993-07-12,44.90625,44.96875,44.84375,44.9375,24.954164505004883,373700,0.0,0.0,0.0
1993-07-13,44.96875,45.09375,44.65625,44.90625,24.936786651611328,389600,0.0,0.0,0.0
1993-07-14,44.9375,45.1875,44.90625,45.0625,25.0235595703125,617300,0.0,0.0,0.0
1993-07-15,45.03125,45.03125,44.78125,44.875,24.9194393157959,443800,0.0,0.0,0.0
1993-07-16,44.90625,44.9375,44.6875,44.75,24.85003662109375,216400,0.0,0.0,0.0
1993-07-19,44.75,44.75,44.59375,44.71875,24.832679748535156,188200,0.0,0.0,0.0
1993-07-20,44.6875,44.84375,44.46875,44.84375,24.902099609375,68500,0.0,0.0,0.0
1993-07-21,44.78125,44.8125,44.65625,44.8125,24.88475227355957,142700,0.0,0.0,0.0
1993-07-22,44.75,44.8125,44.5,44.5,24.711212158203125,632400,0.0,0.0,0.0
1993-07-23,44.59375,44.71875,44.5625,44.71875,24.832679748535156,286200,0.0,0.0,0.0
1993-07-26,44.84375,45.0625,44.84375,44.96875,24.971519470214844,121300,0.0,0.0,0.0
1993-07-27,45.0,45.03125,44.78125,44.9375,24.954164505004883,92800,0.0,0.0,0.0
1993-07-28,44.84375,44.9375,44.78125,44.84375,24.902099609375,30800,0.0,0.0,0.0
1993-07-29,44.9375,45.21875,44.875,45.09375,25.04092025756836,331000,0.0,0.0,0.0
1993-07-30,45.09375,45.09375,44.78125,44.84375,24.902099609375,75300,0.0,0.0,0.0
1993-08-02,44.90625,45.125,44.90625,44.96875,24.971519470214844,41300,0.0,0.0,0.0
1993-08-03,45.0625,45.1875,44.84375,45.0,24.988861083984375,81600,0.0,0.0,0.0
1993-08-04,45.0,45.09375,44.875,45.0,24.988861083984375,434000,0.0,0.0,0.0
1993-08-05,45.0,45.0,44.84375,44.90625,24.936786651611328,36800,0.0,0.0,0.0
1993-08-06,45.03125,45.0625,44.90625,44.96875,24.971519470214844,402300,0.0,0.0,0.0
1993-08-09,45.09375,45.34375,45.0,45.21875,25.11033058166504,828200,0.0,0.0,0.0
1993-08-10,45.1875,45.21875,45.125,45.1875,25.092985153198242,604900,0.0,0.0,0.0
1993-08-11,45.15625,45.3125,45.15625,45.1875,25.092985153198242,542200,0.0,0.0,0.0
1993-08-12,45.3125,45.3125,44.90625,45.0625,25.0235595703125,303700,0.0,0.0,0.0
1993-08-13,45.09375,45.15625,45.09375,45.125,25.05828094482422,103500,0.0,0.0,0.0
1993-08-16,45.15625,45.5,45.15625,45.375,25.197107315063477,241800,0.0,0.0,0.0
1993-08-17,45.34375,45.53125,45.34375,45.53125,25.28388023376465,369300,0.0,0.0,0.0
1993-08-18,45.6875,45.875,45.65625,45.78125,25.422691345214844,414300,0.0,0.0,0.0
1993-08-19,45.8125,45.8125,45.71875,45.78125,25.422691345214844,28500,0.0,0.0,0.0
1993-08-20,45.6875,45.8125,45.65625,45.8125,25.440065383911133,80700,0.0,0.0,0.0
1993-08-23,45.625,45.75,45.625,45.71875,25.387983322143555,15600,0.0,0.0,0.0
1993-08-24,45.71875,46.21875,45.71875,46.21875,25.665645599365234,273400,0.0,0.0,0.0
1993-08-25,46.21875,46.4375,46.15625,46.25,25.682992935180664,242300,0.0,0.0,0.0
1993-08-26,46.28125,46.53125,46.09375,46.28125,25.700353622436523,120000,0.0,0.0,0.0
1993-08-27,46.15625,46.25,46.15625,46.25,25.682992935180664,25700,0.0,0.0,0.0
1993-08-30,46.28125,46.5,46.28125,46.4375,25.787132263183594,183500,0.0,0.0,0.0
1993-08-31,46.40625,46.5625,46.34375,46.5625,25.856538772583008,66500,0.0,0.0,0.0
1993-09-01,46.40625,46.59375,46.40625,46.5,25.82183074951172,136500,0.0,0.0,0.0
1993-09-02,46.53125,46.59375,46.3125,46.34375,25.73505210876465,472400,0.0,0.0,0.0
1993-09-03,46.3125,46.4375,46.25,46.375,25.75240707397461,630500,0.0,0.0,0.0
1993-09-07,46.375,46.4375,46.0,46.0625,25.578861236572266,196400,0.0,0.0,0.0
1993-09-08,46.0625,46.0625,45.59375,45.90625,25.49212646484375,269900,0.0,0.0,0.0
1993-09-09,45.71875,46.03125,45.71875,46.0,25.544178009033203,239200,0.0,0.0,0.0
1993-09-10,46.125,46.4375,46.0625,46.40625,25.769771575927734,106500,0.0,0.0,0.0
1993-09-13,46.5625,46.5625,46.4375,46.4375,25.787132263183594,66900,0.0,0.0,0.0
1993-09-14,46.3125,46.3125,46.09375,46.25,25.682992935180664,184500,0.0,0.0,0.0
1993-09-15,46.0625,46.40625,45.90625,46.375,25.75240707397461,101000,0.0,0.0,0.0
1993-09-16,46.3125,46.34375,46.15625,46.1875,25.648300170898438,54300,0.0,0.0,0.0
1993-09-17,45.875,45.90625,45.75,45.8125,25.59857177734375,200900,0.286,0.0,0.0
1993-09-20,45.875,45.96875,45.4375,45.4375,25.389026641845703,57800,0.0,0.0,0.0
1993-09-21,45.5,45.5625,44.8125,45.28125,25.301712036132812,318200,0.0,0.0,0.0
1993-09-22,45.4375,45.71875,45.375,45.65625,25.511240005493164,439700,0.0,0.0,0.0
1993-09-23,45.78125,45.9375,45.71875,45.90625,25.65094757080078,88500,0.0,0.0,0.0
1993-09-24,45.84375,45.875,45.71875,45.78125,25.581100463867188,53500,0.0,0.0,0.0
1993-09-27,46.125,46.28125,46.125,46.28125,25.86048698425293,274600,0.0,0.0,0.0
1993-09-28,46.3125,46.3125,46.15625,46.1875,25.80809783935547,158300,0.0,0.0,0.0
1993-09-29,46.1875,46.3125,45.96875,46.03125,25.72080421447754,221000,0.0,0.0,0.0
1993-09-30,46.03125,46.125,45.84375,45.9375,25.668413162231445,99300,0.0,0.0,0.0
1993-10-01,45.875,46.21875,45.8125,46.15625,25.790637969970703,22700,0.0,0.0,0.0
1993-10-04,46.21875,46.21875,46.09375,46.21875,25.825546264648438,1038500,0.0,0.0,0.0
1993-10-05,46.3125,46.3125,46.0,46.15625,25.790637969970703,436500,0.0,0.0,0.0
1993-10-06,46.1875,46.375,46.125,46.125,25.773174285888672,209200,0.0,0.0,0.0
1993-10-07,46.1875,46.1875,45.96875,46.0,25.70332908630371,59400,0.0,0.0,0.0
1993-10-08,46.125,46.15625,45.71875,46.0625,25.738245010375977,54400,0.0,0.0,0.0
1993-10-11,46.15625,46.25,46.15625,46.15625,25.790637969970703,467100,0.0,0.0,0.0
1993-10-12,46.21875,46.25,46.1875,46.21875,25.825546264648438,26200,0.0,0.0,0.0
1993-10-13,46.25,46.25,46.15625,46.21875,25.825546264648438,139100,0.0,0.0,0.0
1993-10-14,46.40625,46.8125,46.28125,46.8125,26.157329559326172,108100,0.0,0.0,0.0
1993-10-15,47.03125,47.15625,46.90625,47.0625,26.297008514404297,1502500,0.0,0.0,0.0
1993-10-18,47.03125,47.03125,46.875,46.9375,26.227169036865234,722400,0.0,0.0,0.0
1993-10-19,46.875,46.96875,46.59375,46.59375,26.03508949279785,880100,0.0,0.0,0.0
1993-10-20,46.75,46.75,46.5625,46.65625,26.07002067565918,230400,0.0,0.0,0.0
1993-10-21,46.6875,46.6875,46.53125,46.59375,26.03508949279785,56200,0.0,0.0,0.0
1993-10-22,46.65625,46.84375,46.375,46.375,25.912870407104492,390700,0.0,0.0,0.0
1993-10-25,46.40625,46.5625,46.28125,46.5,25.982709884643555,114500,0.0,0.0,0.0
1993-10-26,46.46875,46.5,46.3125,46.46875,25.96526527404785,186200,0.0,0.0,0.0
1993-10-27,46.40625,46.53125,46.40625,46.5,25.982709884643555,118400,0.0,0.0,0.0
1993-10-28,46.5625,46.96875,46.5625,46.84375,26.174793243408203,129600,0.0,0.0,0.0
1993-10-29,46.8125,46.875,46.78125,46.84375,26.174793243408203,80700,0.0,0.0,0.0
1993-11-01,46.78125,47.0,46.78125,46.96875,26.244640350341797,36400,0.0,0.0,0.0
1993-11-02,46.90625,47.0,46.65625,46.9375,26.227169036865234,262100,0.0,0.0,0.0
1993-11-03,46.90625,46.90625,46.125,46.34375,25.89539909362793,479100,0.0,0.0,0.0
1993-11-04,46.34375,46.34375,45.8125,45.84375,25.616031646728516,130400,0.0,0.0,0.0
1993-11-05,45.71875,46.0625,45.53125,46.0625,25.738245010375977,363200,0.0,0.0,0.0
1993-11-08,46.09375,46.25,45.96875,46.125,25.773174285888672,367600,0.0,0.0,0.0
1993-11-09,46.4375,46.46875,46.125,46.15625,25.790637969970703,246900,0.0,0.0,0.0
1993-11-10,46.15625,46.5,46.03125,46.5,25.982709884643555,46500,0.0,0.0,0.0
1993-11-11,46.5,46.625,46.34375,46.375,25.912870407104492,88900,0.0,0.0,0.0
1993-11-12,46.46875,46.75,46.4375,46.59375,26.03508949279785,108200,0.0,0.0,0.0
1993-11-15,46.6875,46.6875,46.4375,46.5625,26.017627716064453,243300,0.0,0.0,0.0
1993-11-16,46.65625,46.8125,46.46875,46.78125,26.13987159729004,492600,0.0,0.0,0.0
1993-11-17,46.8125,46.8125,46.40625,46.53125,26.000181198120117,39600,0.0,0.0,0.0
1993-11-18,46.46875,46.5625,46.28125,46.40625,25.93033218383789,240800,0.0,0.0,0.0
1993-11-19,46.25,46.375,46.21875,46.3125,25.87795639038086,106000,0.0,0.0,0.0
1993-11-22,46.1875,46.21875,45.875,46.03125,25.72080421447754,165300,0.0,0.0,0.0
1993-11-23,46.28125,46.3125,46.03125,46.28125,25.86048698425293,89700,0.0,0.0,0.0
1993-11-24,46.40625,46.5,46.34375,46.46875,25.96526527404785,77200,0.0,0.0,0.0
1993-11-26,46.59375,46.59375,46.46875,46.5,25.982709884643555,1019800,0.0,0.0,0.0
1993-11-29,46.625,46.71875,46.3125,46.3125,25.87795639038086,517500,0.0,0.0,0.0
1993-11-30,46.28125,46.5625,46.25,46.34375,25.89539909362793,230000,0.0,0.0,0.0
1993-12-01,46.59375,46.625,46.40625,46.40625,25.93033218383789,379200,0.0,0.0,0.0
1993-12-02,46.5,46.5625,46.40625,46.53125,26.000181198120117,352000,0.0,0.0,0.0
1993-12-03,46.5,46.71875,46.5,46.71875,26.104930877685547,306000,0.0,0.0,0.0
1993-12-06,46.78125,46.9375,46.78125,46.875,26.19224739074707,99500,0.0,0.0,0.0
1993-12-07,46.875,46.90625,46.78125,46.84375,26.174793243408203,88800,0.0,0.0,0.0
1993-12-08,46.84375,46.84375,46.78125,46.84375,26.174793243408203,146700,0.0,0.0,0.0
1993-12-09,46.84375,46.90625,46.625,46.6875,26.087480545043945,416500,0.0,0.0,0.0
1993-12-10,46.71875,46.71875,46.5,46.59375,26.03508949279785,412900,0.0,0.0,0.0
1993-12-13,46.59375,46.875,46.53125,46.875,26.19224739074707,273200,0.0,0.0,0.0
1993-12-14,46.90625,46.90625,46.53125,46.53125,26.000181198120117,41900,0.0,0.0,0.0
1993-12-15,46.59375,46.625,46.46875,46.46875,25.96526527404785,82600,0.0,0.0,0.0
1993-12-16,46.65625,46.65625,46.5625,46.625,26.052553176879883,78200,0.0,0.0,0.0
1993-12-17,46.40625,46.59375,46.375,46.5625,26.19573211669922,104700,0.317,0.0,0.0
1993-12-20,46.53125,46.65625,46.5,46.625,26.23089027404785,68800,0.0,0.0,0.0
1993-12-21,46.5625,46.5625,46.40625,46.46875,26.14301300048828,205700,0.0,0.0,0.0
1993-12-22,46.59375,46.8125,46.5,46.78125,26.318809509277344,410300,0.0,0.0,0.0
1993-12-23,46.75,46.84375,46.6875,46.75,26.301231384277344,533800,0.0,0.0,0.0
1993-12-27,46.75,47.0,46.75,47.0,26.441869735717773,447100,0.0,0.0,0.0
1993-12-28,46.96875,47.125,46.9375,47.09375,26.494604110717773,880600,0.0,0.0,0.0
1993-12-29,47.125,47.15625,47.0,47.03125,26.459455490112305,266700,0.0,0.0,0.0
1993-12-30,47.0,47.0,46.75,46.84375,26.353967666625977,219900,0.0,0.0,0.0
1993-12-31,46.9375,47.0,46.5625,46.59375,26.213315963745117,312900,0.0,0.0,0.0
1994-01-03,46.59375,46.65625,46.40625,46.46875,26.14301300048828,960900,0.0,0.0,0.0
1994-01-04,46.53125,46.65625,46.46875,46.65625,26.24848175048828,164300,0.0,0.0,0.0
1994-01-05,46.71875,46.78125,46.53125,46.75,26.301231384277344,710900,0.0,0.0,0.0
1994-01-06,46.8125,46.84375,46.6875,46.75,26.301231384277344,201000,0.0,0.0,0.0
1994-01-07,46.84375,47.0625,46.71875,47.03125,26.459455490112305,775500,0.0,0.0,0.0
1994-01-10,47.09375,47.59375,46.96875,47.59375,26.77591323852539,593700,0.0,0.0,0.0
1994-01-11,47.5625,47.5625,47.34375,47.5,26.723161697387695,295200,0.0,0.0,0.0
1994-01-12,47.53125,47.53125,47.1875,47.34375,26.635269165039062,158400,0.0,0.0,0.0
1994-01-13,47.21875,47.3125,47.15625,47.21875,26.56493377685547,244300,0.0,0.0,0.0
1994-01-14,47.375,47.5,47.375,47.40625,26.670440673828125,137200,0.0,0.0,0.0
1994-01-17,47.40625,47.46875,47.3125,47.40625,26.670440673828125,17700,0.0,0.0,0.0
1994-01-18,47.46875,47.53125,47.375,47.46875,26.70559310913086,166400,0.0,0.0,0.0
1994-01-19,47.40625,47.46875,47.25,47.34375,26.635269165039062,200800,0.0,0.0,0.0
1994-01-20,47.40625,47.5,47.375,47.46875,26.70559310913086,281100,0.0,0.0,0.0
1994-01-21,47.53125,47.53125,47.34375,47.375,26.652849197387695,85600,0.0,0.0,0.0
1994-01-24,47.34375,47.5625,47.1875,47.1875,26.5473690032959,373800,0.0,0.0,0.0
1994-01-25,47.21875,47.25,47.09375,47.1875,26.5473690032959,310400,0.0,0.0,0.0
1994-01-26,47.1875,47.34375,47.125,47.3125,26.6176815032959,145100,0.0,0.0,0.0
1994-01-27,47.40625,47.8125,47.34375,47.75,26.86382293701172,344500,0.0,0.0,0.0
1994-01-28,47.9375,48.03125,47.875,47.875,26.93415069580078,356500,0.0,0.0,0.0
1994-01-31,48.0625,48.3125,48.0,48.21875,27.12752914428711,313800,0.0,0.0,0.0
1994-02-01,48.15625,48.15625,47.90625,47.96875,26.98688507080078,303600,0.0,0.0,0.0
1994-02-02,48.125,48.28125,48.09375,48.28125,27.162694931030273,307600,0.0,0.0,0.0
1994-02-03,48.1875,48.1875,47.90625,48.0625,27.039630889892578,466100,0.0,0.0,0.0
1994-02-04,48.0625,48.125,46.96875,46.96875,26.424301147460938,1403200,0.0,0.0,0.0
1994-02-07,46.84375,47.3125,46.84375,47.1875,26.5473690032959,516400,0.0,0.0,0.0
1994-02-08,47.28125,47.28125,47.03125,47.21875,26.56493377685547,188200,0.0,0.0,0.0
1994-02-09,47.25,47.4375,47.1875,47.40625,26.670440673828125,144600,0.0,0.0,0.0
1994-02-10,47.375,47.40625,47.0,47.0,26.441869735717773,883900,0.0,0.0,0.0
1994-02-11,47.03125,47.28125,46.8125,47.15625,26.5297794342041,519400,0.0,0.0,0.0
1994-02-14,47.0625,47.375,47.0,47.21875,26.56493377685547,2742100,0.0,0.0,0.0
1994-02-15,47.3125,47.5,47.25,47.46875,26.70559310913086,374700,0.0,0.0,0.0
1994-02-16,47.53125,47.53125,47.34375,47.4375,26.688003540039062,287600,0.0,0.0,0.0
1994-02-17,47.65625,47.6875,47.03125,47.15625,26.5297794342041,342400,0.0,0.0,0.0
1994-02-18,47.1875,47.21875,46.75,46.875,26.37155532836914,313300,0.0,0.0,0.0
1994-02-22,47.0,47.34375,47.0,47.34375,26.635269165039062,154500,0.0,0.0,0.0
1994-02-23,47.40625,47.4375,47.0625,47.21875,26.56493377685547,391700,0.0,0.0,0.0
1994-02-24,47.0625,47.0625,46.5625,46.59375,26.213315963745117,770800,0.0,0.0,0.0
1994-02-25,46.65625,46.8125,46.5625,46.8125,26.336393356323242,531300,0.0,0.0,0.0
1994-02-28,46.9375,47.0625,46.8125,46.8125,26.336393356323242,333000,0.0,0.0,0.0
1994-03-01,46.8125,46.90625,46.375,46.625,26.23089027404785,423600,0.0,0.0,0.0
1994-03-02,46.03125,46.6875,45.90625,46.6875,26.266067504882812,581500,0.0,0.0,0.0
1994-03-03,46.625,46.625,46.4375,46.5625,26.19573211669922,223200,0.0,0.0,0.0
1994-03-04,46.5625,46.8125,46.40625,46.6875,26.266067504882812,595800,0.0,0.0,0.0
1994-03-07,46.84375,47.0,46.84375,46.9375,26.40671157836914,539800,0.0,0.0,0.0
1994-03-08,46.96875,46.96875,46.6875,46.75,26.301231384277344,880300,0.0,0.0,0.0
1994-03-09,46.8125,47.0,46.59375,46.96875,26.424301147460938,2500100,0.0,0.0,0.0
1994-03-10,46.9375,46.9375,46.4375,46.59375,26.213315963745117,207400,0.0,0.0,0.0
1994-03-11,46.65625,46.90625,46.40625,46.84375,26.353967666625977,576600,0.0,0.0,0.0
1994-03-14,47.03125,47.03125,46.84375,46.90625,26.38911247253418,345900,0.0,0.0,0.0
1994-03-15,47.0,47.09375,46.84375,46.875,26.37155532836914,748600,0.0,0.0,0.0
1994-03-16,46.9375,47.25,46.78125,47.25,26.582517623901367,455500,0.0,0.0,0.0
1994-03-17,47.09375,47.3125,47.09375,47.25,26.582517623901367,133000,0.0,0.0,0.0
1994-03-18,46.75,47.03125,46.71875,46.96875,26.576732635498047,365500,0.271,0.0,0.0
1994-03-21,46.8125,46.9375,46.71875,46.84375,26.505992889404297,324800,0.0,0.0,0.0
1994-03-22,46.84375,47.0625,46.75,46.96875,26.576732635498047,435700,0.0,0.0,0.0
1994-03-23,46.9375,47.0625,46.90625,46.9375,26.559036254882812,698500,0.0,0.0,0.0
1994-03-24,46.75,46.84375,46.15625,46.375,26.24075698852539,1200500,0.0,0.0,0.0
1994-03-25,46.40625,46.53125,45.9375,45.9375,25.99321746826172,100900,0.0,0.0,0.0
1994-03-28,46.0,46.0625,45.59375,46.0,26.028581619262695,1117200,0.0,0.0,0.0
1994-03-29,46.0,46.03125,45.09375,45.09375,25.51577377319336,338400,0.0,0.0,0.0
1994-03-30,45.125,45.25,44.46875,44.46875,25.162132263183594,1123900,0.0,0.0,0.0
1994-03-31,44.46875,44.6875,43.53125,44.59375,25.232864379882812,788800,0.0,0.0,0.0
1994-04-04,43.34375,44.03125,43.34375,43.90625,24.84383201599121,2627300,0.0,0.0,0.0
1994-04-05,44.34375,44.8125,44.34375,44.8125,25.35663604736328,1179000,0.0,0.0,0.0
1994-04-06,44.875,44.90625,44.5,44.8125,25.35663604736328,516500,0.0,0.0,0.0
1994-04-07,44.78125,45.125,44.53125,45.03125,25.480424880981445,666100,0.0,0.0,0.0
1994-04-08,44.9375,44.9375,44.46875,44.6875,25.285898208618164,242400,0.0,0.0,0.0
1994-04-11,44.8125,45.0625,44.703125,44.875,25.392004013061523,203300,0.0,0.0,0.0
1994-04-12,44.921875,45.0,44.71875,44.8125,25.35663604736328,1409200,0.0,0.0,0.0
1994-04-13,44.796875,44.90625,44.25,44.578125,25.224023818969727,364100,0.0,0.0,0.0
1994-04-14,44.5,44.828125,44.40625,44.59375,25.232864379882812,419900,0.0,0.0,0.0
1994-04-15,44.578125,44.78125,44.515625,44.59375,25.232864379882812,387300,0.0,0.0,0.0
1994-04-18,44.640625,44.765625,44.15625,44.296875,25.064868927001953,369100,0.0,0.0,0.0
1994-04-19,44.25,44.53125,43.984375,44.359375,25.100248336791992,472200,0.0,0.0,0.0
1994-04-20,44.40625,44.515625,44.078125,44.3125,25.073734283447266,508000,0.0,0.0,0.0
1994-04-21,44.5,44.96875,44.34375,44.90625,25.409685134887695,200300,0.0,0.0,0.0
1994-04-22,45.015625,45.046875,44.734375,44.859375,25.383163452148438,301800,0.0,0.0,0.0
1994-04-25,44.84375,45.359375,44.84375,45.328125,25.648391723632812,394600,0.0,0.0,0.0
1994-04-26,45.265625,45.34375,45.1875,45.28125,25.621877670288086,399000,0.0,0.0,0.0
1994-04-28,45.1875,45.25,44.8125,44.953125,25.436208724975586,287000,0.0,0.0,0.0
1994-04-29,44.875,45.15625,44.8125,45.09375,25.51577377319336,481900,0.0,0.0,0.0
1994-05-02,45.09375,45.71875,44.9375,45.375,25.674924850463867,275000,0.0,0.0,0.0
1994-05-03,45.390625,45.40625,45.0625,45.328125,25.648391723632812,183400,0.0,0.0,0.0
1994-05-04,45.421875,45.421875,45.078125,45.25,25.604188919067383,401900,0.0,0.0,0.0
1994-05-05,45.296875,45.375,45.1875,45.1875,25.568817138671875,659800,0.0,0.0,0.0
1994-05-06,44.96875,44.96875,44.59375,44.75,25.32126808166504,216300,0.0,0.0,0.0
1994-05-09,44.625,44.75,44.28125,44.359375,25.100248336791992,499300,0.0,0.0,0.0
1994-05-10,44.578125,44.84375,44.546875,44.703125,25.294729232788086,583400,0.0,0.0,0.0
1994-05-11,44.65625,44.71875,44.171875,44.296875,25.064868927001953,210600,0.0,0.0,0.0
1994-05-12,44.578125,44.625,44.40625,44.515625,25.188642501831055,305200,0.0,0.0,0.0
1994-05-13,44.640625,44.640625,44.296875,44.515625,25.188642501831055,321300,0.0,0.0,0.0
1994-05-16,44.609375,44.75,44.515625,44.53125,25.197498321533203,450400,0.0,0.0,0.0
1994-05-17,44.5625,45.1875,44.5,45.1875,25.568817138671875,470200,0.0,0.0,0.0
1994-05-18,45.21875,45.6875,45.015625,45.515625,25.754484176635742,824800,0.0,0.0,0.0
1994-05-19,45.421875,45.859375,45.421875,45.734375,25.878271102905273,531000,0.0,0.0,0.0
1994-05-20,45.65625,45.6875,45.5,45.5625,25.78101921081543,370400,0.0,0.0,0.0
1994-05-23,45.515625,45.53125,45.34375,45.484375,25.736797332763672,262700,0.0,0.0,0.0
1994-05-24,45.609375,45.84375,45.609375,45.671875,25.842893600463867,549600,0.0,0.0,0.0
1994-05-25,45.5,45.828125,45.34375,45.796875,25.913625717163086,738200,0.0,0.0,0.0
1994-05-26,45.78125,45.9375,45.734375,45.828125,25.93130874633789,369600,0.0,0.0,0.0
1994-05-27,45.75,45.875,45.671875,45.875,25.957836151123047,162000,0.0,0.0,0.0
1994-05-31,45.734375,45.90625,45.65625,45.8125,25.922462463378906,160000,0.0,0.0,0.0
1994-06-01,45.703125,46.015625,45.5625,46.015625,26.037416458129883,200500,0.0,0.0,0.0
1994-06-02,46.046875,46.046875,45.890625,45.96875,26.010889053344727,55100,0.0,0.0,0.0
1994-06-03,46.0,46.390625,45.859375,46.234375,26.161176681518555,550400,0.0,0.0,0.0
1994-06-06,46.328125,46.46875,46.1875,46.21875,26.152347564697266,99300,0.0,0.0,0.0
1994-06-07,46.140625,46.21875,46.03125,46.15625,26.116975784301758,120600,0.0,0.0,0.0
1994-06-08,46.265625,46.265625,45.78125,45.78125,25.904773712158203,131900,0.0,0.0,0.0
1994-06-09,45.984375,46.03125,45.890625,46.03125,26.046255111694336,80500,0.0,0.0,0.0
1994-06-10,46.078125,46.203125,46.078125,46.109375,26.090456008911133,83100,0.0,0.0,0.0
1994-06-13,46.046875,46.1875,46.03125,46.171875,26.125812530517578,109700,0.0,0.0,0.0
1994-06-14,46.3125,46.546875,46.3125,46.53125,26.32916831970215,161000,0.0,0.0,0.0
1994-06-15,46.546875,46.5625,46.3125,46.34375,26.223066329956055,142800,0.0,0.0,0.0
1994-06-16,46.34375,46.46875,46.296875,46.4375,26.276124954223633,44000,0.0,0.0,0.0
1994-06-17,46.15625,46.203125,45.8125,45.875,26.12945556640625,403800,0.305,0.0,0.0
1994-06-20,45.546875,45.625,45.4375,45.484375,25.906963348388672,137400,0.0,0.0,0.0
1994-06-21,45.453125,45.453125,44.90625,45.09375,25.684476852416992,139200,0.0,0.0,0.0
1994-06-22,45.21875,45.421875,45.171875,45.265625,25.78236198425293,279900,0.0,0.0,0.0
1994-06-23,45.34375,45.40625,44.9375,45.0,25.631084442138672,922500,0.0,0.0,0.0
1994-06-24,44.78125,44.78125,44.0,44.0625,25.097091674804688,353800,0.0,0.0,0.0
1994-06-27,44.234375,44.828125,44.015625,44.828125,25.533178329467773,371200,0.0,0.0,0.0
1994-06-28,44.84375,44.84375,44.25,44.609375,25.4085750579834,5382300,0.0,0.0,0.0
1994-06-29,44.671875,45.015625,44.625,44.75,25.488670349121094,311800,0.0,0.0,0.0
1994-06-30,44.828125,44.84375,44.3125,44.46875,25.328481674194336,271900,0.0,0.0,0.0
1994-07-01,44.6875,44.6875,44.375,44.5625,25.38189125061035,406900,0.0,0.0,0.0
1994-07-05,44.65625,44.859375,44.515625,44.796875,25.515369415283203,112000,0.0,0.0,0.0
1994-07-06,44.625,44.8125,44.46875,44.734375,25.479780197143555,174800,0.0,0.0,0.0
1994-07-07,44.734375,44.921875,44.6875,44.921875,25.58656883239746,66700,0.0,0.0,0.0
1994-07-08,44.640625,44.984375,44.625,44.90625,25.57767105102539,148400,0.0,0.0,0.0
1994-07-11,44.9375,45.015625,44.53125,44.75,25.488670349121094,124000,0.0,0.0,0.0
1994-07-12,44.765625,44.828125,44.515625,44.8125,25.524259567260742,257300,0.0,0.0,0.0
1994-07-13,44.828125,45.03125,44.828125,44.890625,25.568756103515625,532700,0.0,0.0,0.0
1994-07-14,45.109375,45.46875,45.078125,45.375,25.844667434692383,494200,0.0,0.0,0.0
1994-07-15,45.34375,45.484375,45.328125,45.390625,25.85356330871582,49100,0.0,0.0,0.0
1994-07-18,45.390625,45.578125,45.390625,45.46875,25.8980712890625,72300,0.0,0.0,0.0
1994-07-19,45.546875,45.5625,45.375,45.375,25.844667434692383,609500,0.0,0.0,0.0
1994-07-20,45.40625,45.40625,45.0625,45.171875,25.72896385192871,185300,0.0,0.0,0.0
1994-07-21,45.171875,45.296875,45.078125,45.265625,25.78236198425293,86300,0.0,0.0,0.0
1994-07-22,45.375,45.40625,45.25,45.34375,25.826862335205078,151600,0.0,0.0,0.0
1994-07-25,45.359375,45.453125,45.3125,45.40625,25.862457275390625,120900,0.0,0.0,0.0
1994-07-26,45.390625,45.421875,45.3125,45.359375,25.83575439453125,489600,0.0,0.0,0.0
1994-07-27,45.359375,45.359375,45.171875,45.359375,25.83575439453125,83200,0.0,0.0,0.0
1994-07-28,45.359375,45.578125,45.359375,45.453125,25.889163970947266,828200,0.0,0.0,0.0
1994-07-29,45.765625,46.046875,45.75,45.90625,26.14724349975586,459100,0.0,0.0,0.0
1994-08-01,45.9375,46.15625,45.890625,46.125,26.271833419799805,486300,0.0,0.0,0.0
1994-08-02,46.28125,46.375,46.03125,46.1875,26.30744743347168,505500,0.0,0.0,0.0
1994-08-03,46.171875,46.234375,46.09375,46.203125,26.31635284423828,144100,0.0,0.0,0.0
1994-08-04,46.171875,46.21875,45.921875,45.9375,26.1650447845459,231700,0.0,0.0,0.0
1994-08-05,45.703125,45.84375,45.65625,45.78125,26.0760555267334,138400,0.0,0.0,0.0
1994-08-08,45.828125,45.9375,45.78125,45.890625,26.138351440429688,328600,0.0,0.0,0.0
1994-08-09,45.71875,45.96875,45.71875,45.96875,26.18284797668457,105900,0.0,0.0,0.0
1994-08-10,46.0,46.1875,45.9375,46.140625,26.280746459960938,840300,0.0,0.0,0.0
1994-08-11,46.03125,46.234375,45.734375,45.96875,26.18284797668457,876200,0.0,0.0,0.0
1994-08-12,46.046875,46.34375,46.046875,46.328125,26.387548446655273,184100,0.0,0.0,0.0
1994-08-15,46.375,46.484375,46.3125,46.3125,26.3786563873291,325900,0.0,0.0,0.0
1994-08-16,46.34375,46.6875,46.15625,46.640625,26.565526962280273,1089500,0.0,0.0,0.0
1994-08-17,46.703125,46.734375,46.578125,46.609375,26.547754287719727,133700,0.0,0.0,0.0
1994-08-18,46.453125,46.5625,46.40625,46.453125,26.458744049072266,620000,0.0,0.0,0.0
1994-08-19,46.46875,46.515625,46.3125,46.421875,26.44094467163086,103200,0.0,0.0,0.0
1994-08-22,46.4375,46.4375,46.28125,46.375,26.414236068725586,79700,0.0,0.0,0.0
1994-08-23,46.578125,46.859375,46.515625,46.640625,26.565526962280273,268600,0.0,0.0,0.0
1994-08-24,46.6875,47.140625,46.671875,47.140625,26.850324630737305,254700,0.0,0.0,0.0
1994-08-25,47.09375,47.203125,46.890625,47.015625,26.779129028320312,147400,0.0,0.0,0.0
1994-08-26,47.125,47.78125,47.125,47.6875,27.161823272705078,339500,0.0,0.0,0.0
1994-08-29,47.8125,47.984375,47.640625,47.65625,27.14402961730957,350300,0.0,0.0,0.0
1994-08-30,47.640625,47.859375,47.578125,47.78125,27.215213775634766,36000,0.0,0.0,0.0
1994-08-31,47.703125,47.890625,47.59375,47.65625,27.14402961730957,356200,0.0,0.0,0.0
1994-09-01,47.5,47.53125,47.328125,47.5,27.05503273010254,294600,0.0,0.0,0.0
1994-09-02,47.71875,47.71875,47.21875,47.296875,26.93932342529297,99600,0.0,0.0,0.0
1994-09-06,47.265625,47.359375,47.125,47.3125,26.948225021362305,229800,0.0,0.0,0.0
1994-09-07,47.421875,47.421875,47.21875,47.265625,26.921533584594727,27900,0.0,0.0,0.0
1994-09-08,47.359375,47.5625,47.34375,47.5,27.05503273010254,284800,0.0,0.0,0.0
1994-09-09,47.03125,47.125,46.8125,47.0,26.77021026611328,488400,0.0,0.0,0.0
1994-09-12,47.0,47.0625,46.78125,46.859375,26.69013786315918,129400,0.0,0.0,0.0
1994-09-13,46.953125,47.125,46.859375,47.0,26.77021026611328,389200,0.0,0.0,0.0
1994-09-14,46.84375,47.109375,46.84375,47.046875,26.79692268371582,423500,0.0,0.0,0.0
1994-09-15,47.171875,47.640625,47.171875,47.640625,27.135114669799805,779800,0.0,0.0,0.0
1994-09-16,47.0,47.140625,46.84375,47.015625,26.942012786865234,571300,0.288,0.0,0.0
1994-09-19,47.125,47.328125,47.015625,47.0625,26.968870162963867,167300,0.0,0.0,0.0
1994-09-20,46.8125,46.859375,46.171875,46.171875,26.458484649658203,355600,0.0,0.0,0.0
1994-09-21,46.3125,46.3125,45.734375,46.171875,26.458484649658203,397500,0.0,0.0,0.0
1994-09-22,46.28125,46.28125,46.015625,46.0625,26.39582633972168,266400,0.0,0.0,0.0
1994-09-23,46.078125,46.171875,45.828125,45.90625,26.306272506713867,176600,0.0,0.0,0.0
1994-09-26,46.078125,46.171875,45.984375,46.140625,26.440593719482422,223000,0.0,0.0,0.0
1994-09-27,46.140625,46.265625,46.0,46.109375,26.422683715820312,479500,0.0,0.0,0.0
1994-09-28,46.359375,46.53125,46.328125,46.46875,26.628623962402344,324000,0.0,0.0,0.0
1994-09-29,46.46875,46.46875,46.09375,46.234375,26.494304656982422,195900,0.0,0.0,0.0
1994-09-30,46.21875,46.4375,46.171875,46.171875,26.458484649658203,5200,0.0,0.0,0.0
1994-10-03,46.203125,46.25,45.984375,46.0625,26.39582633972168,72600,0.0,0.0,0.0
1994-10-04,46.296875,46.296875,45.34375,45.375,26.001853942871094,84200,0.0,0.0,0.0
1994-10-05,45.296875,45.390625,45.0,45.390625,26.010799407958984,461900,0.0,0.0,0.0
1994-10-06,45.421875,45.453125,45.171875,45.25,25.930217742919922,345200,0.0,0.0,0.0
1994-10-07,45.25,45.578125,45.203125,45.453125,26.046627044677734,188700,0.0,0.0,0.0
1994-10-10,45.65625,46.015625,45.640625,45.9375,26.32418441772461,213600,0.0,0.0,0.0
1994-10-11,46.140625,46.75,46.140625,46.625,26.718154907226562,461400,0.0,0.0,0.0
1994-10-12,46.6875,46.75,46.578125,46.6875,26.753969192504883,162400,0.0,0.0,0.0
1994-10-13,47.21875,47.328125,46.796875,46.84375,26.843507766723633,1564500,0.0,0.0,0.0
1994-10-14,47.0,47.0625,46.6875,47.046875,26.959911346435547,72800,0.0,0.0,0.0
1994-10-17,47.0,47.0625,46.90625,46.953125,26.906171798706055,282300,0.0,0.0,0.0
1994-10-18,46.90625,46.90625,46.6875,46.84375,26.843507766723633,132100,0.0,0.0,0.0
1994-10-19,46.671875,47.234375,46.65625,47.0625,26.968870162963867,136700,0.0,0.0,0.0
1994-10-20,47.0625,47.0625,46.609375,46.75,26.789775848388672,290300,0.0,0.0,0.0
1994-10-21,46.625,46.6875,46.359375,46.5625,26.68233871459961,87800,0.0,0.0,0.0
1994-10-24,46.578125,46.765625,46.15625,46.171875,26.458484649658203,149600,0.0,0.0,0.0
1994-10-25,46.015625,46.3125,46.0,46.21875,26.4853515625,91800,0.0,0.0,0.0
1994-10-26,46.390625,46.4375,46.171875,46.390625,26.583850860595703,201000,0.0,0.0,0.0
1994-10-27,46.5625,46.671875,46.453125,46.671875,26.745014190673828,210300,0.0,0.0,0.0
1994-10-28,46.765625,47.703125,46.765625,47.65625,27.309097290039062,192100,0.0,0.0,0.0
1994-10-31,47.546875,47.59375,47.46875,47.484375,27.210617065429688,36300,0.0,0.0,0.0
1994-11-01,47.28125,47.28125,46.9375,46.953125,26.906171798706055,435200,0.0,0.0,0.0
1994-11-02,46.8125,47.234375,46.6875,46.6875,26.753969192504883,115600,0.0,0.0,0.0
1994-11-03,46.84375,47.015625,46.78125,46.9375,26.897235870361328,87000,0.0,0.0,0.0
1994-11-04,47.15625,47.15625,46.328125,46.328125,26.54802131652832,124400,0.0,0.0,0.0
1994-11-07,46.4375,46.59375,46.3125,46.46875,26.628623962402344,115000,0.0,0.0,0.0
1994-11-08,46.625,46.984375,46.546875,46.828125,26.83456039428711,308300,0.0,0.0,0.0
1994-11-09,47.328125,47.328125,46.5,46.90625,26.879322052001953,318500,0.0,0.0,0.0
1994-11-10,46.9375,47.03125,46.546875,46.578125,26.6912899017334,172100,0.0,0.0,0.0
1994-11-11,46.515625,46.5625,46.28125,46.40625,26.59280014038086,302200,0.0,0.0,0.0
1994-11-14,46.609375,46.859375,46.609375,46.84375,26.843507766723633,181400,0.0,0.0,0.0
1994-11-15,46.796875,47.09375,46.328125,46.6875,26.753969192504883,316900,0.0,0.0,0.0
1994-11-16,46.765625,46.84375,46.609375,46.84375,26.843507766723633,106900,0.0,0.0,0.0
1994-11-17,46.875,46.875,46.34375,46.53125,26.66444206237793,104700,0.0,0.0,0.0
1994-11-18,46.546875,46.625,46.265625,46.46875,26.628623962402344,269300,0.0,0.0,0.0
1994-11-21,46.4375,46.578125,46.0,46.0,26.359994888305664,283100,0.0,0.0,0.0
1994-11-22,45.828125,46.0,45.0,45.0,25.786975860595703,483600,0.0,0.0,0.0
1994-11-23,45.03125,45.265625,44.609375,45.25,25.930217742919922,601600,0.0,0.0,0.0
1994-11-25,45.28125,45.53125,45.28125,45.46875,26.055572509765625,77300,0.0,0.0,0.0
1994-11-28,45.453125,45.6875,45.34375,45.671875,26.171964645385742,79900,0.0,0.0,0.0
1994-11-29,45.65625,45.75,45.5,45.65625,26.16302490234375,105500,0.0,0.0,0.0
1994-11-30,45.890625,45.953125,45.59375,45.59375,26.127208709716797,218800,0.0,0.0,0.0
1994-12-01,45.640625,45.640625,45.046875,45.140625,25.867549896240234,439000,0.0,0.0,0.0
1994-12-02,45.046875,45.5625,45.046875,45.5625,26.109291076660156,318500,0.0,0.0,0.0
1994-12-05,45.65625,45.8125,45.5,45.609375,26.13616371154785,139200,0.0,0.0,0.0
1994-12-06,45.4375,45.65625,45.359375,45.640625,26.15406036376953,249900,0.0,0.0,0.0
1994-12-07,45.359375,45.5,45.265625,45.3125,25.966047286987305,531900,0.0,0.0,0.0
1994-12-08,45.5,45.5625,44.75,44.875,25.715330123901367,261500,0.0,0.0,0.0
1994-12-09,44.875,45.078125,44.6875,45.046875,25.81382179260254,235900,0.0,0.0,0.0
1994-12-12,44.953125,45.34375,44.953125,45.34375,25.98394775390625,151100,0.0,0.0,0.0
1994-12-13,45.3125,45.53125,45.3125,45.515625,26.08243751525879,70900,0.0,0.0,0.0
1994-12-14,45.453125,45.953125,45.453125,45.75,26.216739654541016,203300,0.0,0.0,0.0
1994-12-15,45.8125,46.03125,45.8125,45.890625,26.297319412231445,130100,0.0,0.0,0.0
1994-12-16,45.671875,45.84375,45.625,45.75,26.425769805908203,266100,0.363,0.0,0.0
1994-12-19,45.75,45.84375,45.609375,45.8125,26.461875915527344,1120200,0.0,0.0,0.0
1994-12-20,45.859375,45.890625,45.671875,45.671875,26.380651473999023,675600,0.0,0.0,0.0
1994-12-21,45.703125,46.265625,45.703125,46.15625,26.660430908203125,544500,0.0,0.0,0.0
1994-12-22,46.15625,46.203125,45.96875,46.015625,26.579198837280273,222000,0.0,0.0,0.0
1994-12-23,45.984375,46.171875,45.984375,46.0625,26.606277465820312,125800,0.0,0.0,0.0
1994-12-27,46.21875,46.40625,46.1875,46.3125,26.750682830810547,95200,0.0,0.0,0.0
1994-12-28,46.359375,46.359375,45.96875,46.078125,26.61530303955078,358200,0.0,0.0,0.0
1994-12-29,46.25,46.25,46.0625,46.109375,26.63334846496582,220100,0.0,0.0,0.0
1994-12-30,46.203125,46.25,45.5625,45.5625,26.317476272583008,2209500,0.0,0.0,0.0
1995-01-03,45.703125,45.84375,45.6875,45.78125,26.443830490112305,324300,0.0,0.0,0.0
1995-01-04,45.984375,46.0,45.75,46.0,26.570178985595703,351800,0.0,0.0,0.0
1995-01-05,46.03125,46.109375,45.953125,46.0,26.570178985595703,89800,0.0,0.0,0.0
1995-01-06,46.09375,46.25,45.90625,46.046875,26.597240447998047,448400,0.0,0.0,0.0
1995-01-09,46.03125,46.09375,46.0,46.09375,26.62433433532715,36800,0.0,0.0,0.0
1995-01-10,46.203125,46.390625,46.140625,46.140625,26.651411056518555,229800,0.0,0.0,0.0
1995-01-11,46.296875,46.296875,45.8125,46.171875,26.66944694519043,222400,0.0,0.0,0.0
1995-01-12,46.125,46.21875,46.03125,46.1875,26.6784725189209,40300,0.0,0.0,0.0
1995-01-13,46.4375,46.734375,46.375,46.734375,26.994361877441406,170600,0.0,0.0,0.0
1995-01-16,46.71875,47.03125,46.71875,47.015625,27.156829833984375,105100,0.0,0.0,0.0
1995-01-17,46.921875,47.0625,46.859375,47.03125,27.165842056274414,89500,0.0,0.0,0.0
1995-01-18,47.0,47.078125,46.875,46.984375,27.138755798339844,84500,0.0,0.0,0.0
1995-01-19,46.828125,46.875,46.6875,46.71875,26.985326766967773,139100,0.0,0.0,0.0
1995-01-20,46.65625,46.671875,46.453125,46.546875,26.886062622070312,78700,0.0,0.0,0.0
1995-01-23,46.234375,46.6875,46.203125,46.6875,26.96728515625,53700,0.0,0.0,0.0
1995-01-24,46.671875,46.75,46.640625,46.75,27.003395080566406,32400,0.0,0.0,0.0
1995-01-25,46.515625,47.046875,46.515625,46.875,27.075580596923828,15700,0.0,0.0,0.0
1995-01-26,46.84375,46.984375,46.75,46.921875,27.102676391601562,9800,0.0,0.0,0.0
1995-01-27,47.234375,47.234375,46.921875,47.109375,27.210968017578125,91200,0.0,0.0,0.0
1995-01-30,47.015625,47.046875,46.84375,46.90625,27.093650817871094,26600,0.0,0.0,0.0
1995-01-31,47.0,47.171875,46.921875,47.09375,27.201932907104492,127500,0.0,0.0,0.0
1995-02-01,47.15625,47.328125,47.0,47.078125,27.192920684814453,380200,0.0,0.0,0.0
1995-02-02,47.0625,47.359375,47.0625,47.359375,27.35536766052246,131700,0.0,0.0,0.0
1995-02-03,47.65625,48.109375,47.578125,48.03125,27.743438720703125,405100,0.0,0.0,0.0
1995-02-06,48.015625,48.375,47.96875,48.234375,27.860780715942383,405400,0.0,0.0,0.0
1995-02-07,48.3125,48.3125,48.140625,48.296875,27.89688491821289,702900,0.0,0.0,0.0
1995-02-08,48.234375,48.46875,48.203125,48.296875,27.89688491821289,521500,0.0,0.0,0.0
1995-02-09,48.21875,48.296875,48.125,48.296875,27.89688491821289,390700,0.0,0.0,0.0
1995-02-10,48.234375,48.359375,48.09375,48.359375,27.932954788208008,148300,0.0,0.0,0.0
1995-02-13,48.328125,48.46875,48.328125,48.375,27.942001342773438,79700,0.0,0.0,0.0
1995-02-14,48.53125,48.53125,48.25,48.4375,27.97810935974121,170200,0.0,0.0,0.0
1995-02-15,48.4375,48.765625,48.390625,48.703125,28.13154411315918,431500,0.0,0.0,0.0
1995-02-16,48.640625,48.6875,48.5,48.640625,28.09543228149414,99300,0.0,0.0,0.0
1995-02-17,48.59375,48.625,48.4375,48.453125,27.98713493347168,49100,0.0,0.0,0.0
1995-02-21,48.453125,48.53125,48.421875,48.4375,27.97810935974121,168000,0.0,0.0,0.0
1995-02-22,48.484375,48.796875,48.453125,48.796875,28.185693740844727,386400,0.0,0.0,0.0
1995-02-23,48.984375,49.15625,48.859375,48.875,28.230798721313477,402800,0.0,0.0,0.0
1995-02-24,48.9375,49.015625,48.8125,49.0,28.303024291992188,307600,0.0,0.0,0.0
1995-02-27,48.859375,49.0,48.53125,48.609375,28.077381134033203,280900,0.0,0.0,0.0
1995-02-28,48.5625,49.015625,48.5625,49.015625,28.312047958374023,493500,0.0,0.0,0.0
1995-03-01,48.96875,49.03125,48.65625,48.703125,28.13154411315918,242600,0.0,0.0,0.0
1995-03-02,48.6875,48.765625,48.546875,48.765625,28.16764259338379,488600,0.0,0.0,0.0
1995-03-03,48.609375,48.78125,48.484375,48.78125,28.176673889160156,290000,0.0,0.0,0.0
1995-03-06,48.453125,48.8125,48.390625,48.8125,28.194711685180664,85700,0.0,0.0,0.0
1995-03-07,48.640625,48.75,48.21875,48.4375,27.97810935974121,180900,0.0,0.0,0.0
1995-03-08,48.515625,48.625,48.34375,48.5625,28.050310134887695,155900,0.0,0.0,0.0
1995-03-09,48.546875,48.59375,48.421875,48.546875,28.041278839111328,63500,0.0,0.0,0.0
1995-03-10,48.59375,49.390625,48.53125,49.265625,28.456445693969727,192100,0.0,0.0,0.0
1995-03-13,49.234375,49.390625,49.171875,49.21875,28.429372787475586,261300,0.0,0.0,0.0
1995-03-14,49.359375,49.640625,49.359375,49.578125,28.636953353881836,223300,0.0,0.0,0.0
1995-03-15,49.5,49.578125,49.296875,49.484375,28.582801818847656,278500,0.0,0.0,0.0
1995-03-16,49.4375,49.8125,49.4375,49.78125,28.754270553588867,20400,0.0,0.0,0.0
1995-03-17,49.4375,49.625,49.40625,49.5625,28.78288459777832,89900,0.268,0.0,0.0
1995-03-20,49.625,49.625,49.46875,49.5625,28.78288459777832,91700,0.0,0.0,0.0
1995-03-21,49.5625,49.875,49.359375,49.4375,28.71027946472168,104400,0.0,0.0,0.0
1995-03-22,49.53125,49.53125,49.328125,49.484375,28.737512588500977,74900,0.0,0.0,0.0
1995-03-23,49.421875,49.65625,49.359375,49.515625,28.755672454833984,220500,0.0,0.0,0.0
1995-03-24,49.671875,50.21875,49.671875,50.21875,29.163991928100586,134000,0.0,0.0,0.0
1995-03-27,50.296875,50.421875,50.171875,50.421875,29.281944274902344,132100,0.0,0.0,0.0
1995-03-28,50.296875,50.421875,50.234375,50.421875,29.281944274902344,121900,0.0,0.0,0.0
1995-03-29,50.375,50.890625,50.125,50.40625,29.272865295410156,246100,0.0,0.0,0.0
1995-03-30,50.515625,50.515625,50.109375,50.3125,29.21844482421875,298400,0.0,0.0,0.0
1995-03-31,49.921875,50.171875,49.546875,50.109375,29.100452423095703,541300,0.0,0.0,0.0
1995-04-03,50.09375,50.234375,50.0625,50.234375,29.173065185546875,193300,0.0,0.0,0.0
1995-04-04,50.25,50.5625,50.25,50.5625,29.363618850708008,66900,0.0,0.0,0.0
1995-04-05,50.453125,50.609375,50.421875,50.5625,29.363618850708008,107200,0.0,0.0,0.0
1995-04-06,50.6875,50.796875,50.59375,50.75,29.472497940063477,352500,0.0,0.0,0.0
1995-04-07,50.859375,50.859375,50.46875,50.703125,29.44529151916504,361400,0.0,0.0,0.0
1995-04-10,50.625,50.796875,50.59375,50.796875,29.49973487854004,285400,0.0,0.0,0.0
1995-04-11,50.921875,50.9375,50.59375,50.625,29.39991569519043,250300,0.0,0.0,0.0
1995-04-12,50.703125,50.796875,50.609375,50.796875,29.49973487854004,150900,0.0,0.0,0.0
1995-04-13,50.890625,51.09375,50.859375,51.078125,29.663057327270508,243400,0.0,0.0,0.0
1995-04-17,51.265625,51.3125,50.625,50.78125,29.490657806396484,178900,0.0,0.0,0.0
1995-04-18,50.828125,50.828125,50.484375,50.609375,29.390836715698242,329500,0.0,0.0,0.0
1995-04-19,50.609375,50.71875,50.296875,50.5625,29.363618850708008,223000,0.0,0.0,0.0
1995-04-20,50.703125,50.78125,50.4375,50.640625,29.408987045288086,207900,0.0,0.0,0.0
1995-04-21,50.65625,50.90625,50.65625,50.890625,29.55417823791504,145000,0.0,0.0,0.0
1995-04-24,50.859375,51.484375,50.859375,51.484375,29.898977279663086,169000,0.0,0.0,0.0
1995-04-25,51.40625,51.484375,51.3125,51.34375,29.81731414794922,293200,0.0,0.0,0.0
1995-04-26,51.25,51.421875,51.125,51.390625,29.844545364379883,204400,0.0,0.0,0.0
1995-04-27,51.3125,51.546875,51.28125,51.515625,29.917129516601562,502200,0.0,0.0,0.0
1995-04-28,51.5,51.671875,51.171875,51.59375,29.962493896484375,130800,0.0,0.0,0.0
1995-05-01,51.546875,51.65625,51.453125,51.453125,29.880840301513672,518700,0.0,0.0,0.0
1995-05-02,51.5,51.640625,51.390625,51.5625,29.944347381591797,228400,0.0,0.0,0.0
1995-05-03,51.734375,52.28125,51.734375,52.28125,30.361751556396484,724700,0.0,0.0,0.0
1995-05-04,52.34375,52.6875,52.125,52.25,30.34361457824707,311400,0.0,0.0,0.0
1995-05-05,52.46875,52.46875,52.078125,52.1875,30.30731201171875,314900,0.0,0.0,0.0
1995-05-08,52.140625,52.734375,52.09375,52.5625,30.525104522705078,183100,0.0,0.0,0.0
1995-05-09,52.78125,52.84375,52.4375,52.515625,30.497861862182617,180600,0.0,0.0,0.0
1995-05-10,52.65625,52.671875,52.328125,52.578125,30.534160614013672,330300,0.0,0.0,0.0
1995-05-11,52.65625,52.71875,52.484375,52.71875,30.615827560424805,351700,0.0,0.0,0.0
1995-05-12,52.515625,52.875,52.5,52.75,30.633974075317383,94600,0.0,0.0,0.0
1995-05-15,52.890625,53.0,52.78125,53.0,30.779178619384766,147200,0.0,0.0,0.0
1995-05-16,52.984375,53.15625,52.890625,53.03125,30.797317504882812,221600,0.0,0.0,0.0
1995-05-17,53.03125,53.046875,52.78125,52.828125,30.67934799194336,189200,0.0,0.0,0.0
1995-05-18,52.734375,52.765625,52.0625,52.0625,30.234729766845703,577800,0.0,0.0,0.0
1995-05-19,51.984375,52.1875,51.90625,52.09375,30.25286102294922,363900,0.0,0.0,0.0
1995-05-22,52.265625,52.75,52.234375,52.671875,30.5886173248291,216000,0.0,0.0,0.0
1995-05-23,52.765625,53.15625,52.609375,53.15625,30.869905471801758,136800,0.0,0.0,0.0
1995-05-24,53.25,53.421875,52.796875,53.125,30.851760864257812,370800,0.0,0.0,0.0
1995-05-25,52.96875,53.21875,52.71875,53.171875,30.878969192504883,379900,0.0,0.0,0.0
1995-05-26,52.96875,52.984375,52.359375,52.5625,30.525104522705078,518600,0.0,0.0,0.0
1995-05-30,52.6875,52.828125,52.375,52.546875,30.51601791381836,61500,0.0,0.0,0.0
1995-05-31,52.453125,53.640625,52.453125,53.640625,31.15118980407715,564500,0.0,0.0,0.0
1995-06-01,53.40625,53.90625,53.25,53.5,31.069530487060547,810100,0.0,0.0,0.0
1995-06-02,53.28125,53.921875,53.09375,53.546875,31.09676170349121,112900,0.0,0.0,0.0
1995-06-05,53.546875,54.046875,53.5,53.875,31.28732681274414,257200,0.0,0.0,0.0
1995-06-06,53.828125,54.015625,53.78125,53.78125,31.232885360717773,165800,0.0,0.0,0.0
1995-06-07,53.671875,53.703125,53.4375,53.5,31.069530487060547,41900,0.0,0.0,0.0
1995-06-08,53.484375,53.640625,53.375,53.375,30.996944427490234,141100,0.0,0.0,0.0
1995-06-09,53.265625,53.328125,52.75,53.0625,30.815458297729492,304900,0.0,0.0,0.0
1995-06-12,53.234375,53.578125,53.203125,53.359375,30.987869262695312,378500,0.0,0.0,0.0
1995-06-13,53.609375,53.96875,53.5625,53.9375,31.3236141204834,120000,0.0,0.0,0.0
1995-06-14,53.859375,53.953125,53.6875,53.890625,31.2963924407959,389400,0.0,0.0,0.0
1995-06-15,53.96875,54.234375,53.875,54.125,31.432491302490234,274500,0.0,0.0,0.0
1995-06-16,53.703125,53.96875,53.703125,53.96875,31.525815963745117,325100,0.316,0.0,0.0
1995-06-19,54.125,54.609375,54.09375,54.578125,31.88178253173828,134600,0.0,0.0,0.0
1995-06-20,54.421875,54.609375,54.390625,54.4375,31.799638748168945,287800,0.0,0.0,0.0
1995-06-21,54.609375,54.65625,54.40625,54.40625,31.781381607055664,158200,0.0,0.0,0.0
1995-06-22,54.640625,55.15625,54.640625,55.125,32.20124435424805,297000,0.0,0.0,0.0
1995-06-23,55.0,55.03125,54.84375,55.015625,32.13733673095703,315400,0.0,0.0,0.0
1995-06-26,54.859375,54.953125,54.359375,54.359375,31.75400161743164,132900,0.0,0.0,0.0
1995-06-27,54.34375,54.703125,54.21875,54.25,31.690101623535156,127700,0.0,0.0,0.0
1995-06-28,54.25,54.75,54.078125,54.53125,31.85439109802246,212600,0.0,0.0,0.0
1995-06-29,54.53125,54.671875,54.0625,54.4375,31.799638748168945,89200,0.0,0.0,0.0
1995-06-30,54.546875,54.734375,54.296875,54.40625,31.781381607055664,714100,0.0,0.0,0.0
1995-07-03,54.46875,54.609375,54.46875,54.609375,31.90004539489746,9500,0.0,0.0,0.0
1995-07-05,54.765625,55.0625,54.640625,54.8125,32.018680572509766,409300,0.0,0.0,0.0
1995-07-06,54.828125,55.515625,54.71875,55.515625,32.42941665649414,202500,0.0,0.0,0.0
1995-07-07,55.40625,55.78125,55.375,55.765625,32.575443267822266,481700,0.0,0.0,0.0
1995-07-10,55.8125,55.953125,55.703125,55.796875,32.593719482421875,400400,0.0,0.0,0.0
1995-07-11,55.75,55.796875,55.453125,55.53125,32.43856430053711,420500,0.0,0.0,0.0
1995-07-12,55.640625,56.3125,55.53125,56.21875,32.84014892578125,203400,0.0,0.0,0.0
1995-07-13,56.140625,56.265625,56.03125,56.09375,32.76713943481445,215600,0.0,0.0,0.0
1995-07-14,55.796875,56.09375,55.75,56.046875,32.739742279052734,543700,0.0,0.0,0.0
1995-07-17,56.125,56.421875,56.078125,56.359375,32.92230224609375,171500,0.0,0.0,0.0
1995-07-18,56.265625,56.265625,55.828125,55.875,32.63934326171875,221200,0.0,0.0,0.0
1995-07-19,55.65625,55.71875,54.203125,55.265625,32.28339385986328,486600,0.0,0.0,0.0
1995-07-20,55.328125,55.578125,55.03125,55.46875,32.40205001831055,318900,0.0,0.0,0.0
1995-07-21,55.421875,55.625,55.1875,55.40625,32.36553955078125,94000,0.0,0.0,0.0
1995-07-24,55.484375,55.875,55.484375,55.8125,32.60284423828125,108400,0.0,0.0,0.0
1995-07-25,55.875,56.3125,55.703125,56.234375,32.84928512573242,107400,0.0,0.0,0.0
1995-07-26,56.203125,56.46875,56.171875,56.1875,32.8218994140625,167800,0.0,0.0,0.0
1995-07-27,56.453125,56.703125,56.453125,56.65625,33.09571838378906,187700,0.0,0.0,0.0
1995-07-28,56.703125,56.703125,56.25,56.296875,32.885799407958984,415600,0.0,0.0,0.0
1995-07-31,56.34375,56.390625,56.03125,56.15625,32.80363845825195,342500,0.0,0.0,0.0
1995-08-01,56.234375,56.234375,55.75,56.0625,32.748878479003906,141000,0.0,0.0,0.0
1995-08-02,56.390625,56.796875,55.84375,55.9375,32.675865173339844,240400,0.0,0.0,0.0
1995-08-03,55.546875,55.953125,55.453125,55.921875,32.66673278808594,1193600,0.0,0.0,0.0
1995-08-04,56.03125,56.078125,55.921875,55.984375,32.7032585144043,240500,0.0,0.0,0.0
1995-08-07,56.109375,56.28125,56.078125,56.109375,32.776248931884766,193100,0.0,0.0,0.0
1995-08-08,56.140625,56.3125,55.9375,56.109375,32.776248931884766,951900,0.0,0.0,0.0
1995-08-09,56.296875,56.296875,56.046875,56.09375,32.76713943481445,107100,0.0,0.0,0.0
1995-08-10,56.15625,56.28125,55.734375,55.96875,32.69410705566406,280800,0.0,0.0,0.0
1995-08-11,55.921875,55.984375,55.421875,55.65625,32.511558532714844,257200,0.0,0.0,0.0
1995-08-14,55.796875,56.15625,55.671875,56.15625,32.80363845825195,254800,0.0,0.0,0.0
1995-08-15,56.140625,56.140625,55.65625,56.046875,32.739742279052734,44400,0.0,0.0,0.0
1995-08-16,56.0,56.203125,55.9375,56.203125,32.831016540527344,374900,0.0,0.0,0.0
1995-08-17,56.234375,56.234375,55.90625,56.109375,32.776248931884766,353800,0.0,0.0,0.0
1995-08-18,56.390625,56.40625,56.125,56.171875,32.812774658203125,85400,0.0,0.0,0.0
1995-08-21,56.40625,56.640625,56.0,56.015625,32.72149658203125,266700,0.0,0.0,0.0
1995-08-22,56.09375,56.21875,55.8125,56.125,32.785396575927734,220200,0.0,0.0,0.0
1995-08-23,56.171875,56.203125,55.921875,55.921875,32.66673278808594,176500,0.0,0.0,0.0
1995-08-24,55.9375,56.09375,55.75,55.984375,32.7032585144043,167400,0.0,0.0,0.0
1995-08-25,56.078125,56.390625,56.078125,56.296875,32.885799407958984,195000,0.0,0.0,0.0
1995-08-28,56.453125,56.453125,56.0,56.09375,32.76713943481445,293000,0.0,0.0,0.0
1995-08-29,56.15625,56.25,55.765625,56.234375,32.84928512573242,1133100,0.0,0.0,0.0
1995-08-30,56.28125,56.421875,56.21875,56.359375,32.92230224609375,437400,0.0,0.0,0.0
1995-08-31,56.34375,56.5,56.296875,56.40625,32.9496955871582,491900,0.0,0.0,0.0
1995-09-01,56.390625,56.75,56.34375,56.65625,33.09571838378906,629900,0.0,0.0,0.0
1995-09-05,56.828125,57.21875,56.734375,57.1875,33.40604782104492,272200,0.0,0.0,0.0
1995-09-06,57.234375,57.359375,57.21875,57.296875,33.469940185546875,214500,0.0,0.0,0.0
1995-09-07,57.359375,57.390625,57.25,57.328125,33.488182067871094,258800,0.0,0.0,0.0
1995-09-08,57.546875,57.546875,57.171875,57.546875,33.615970611572266,107300,0.0,0.0,0.0
1995-09-11,57.640625,57.8125,57.640625,57.703125,33.70722961425781,260700,0.0,0.0,0.0
1995-09-12,57.71875,57.96875,57.578125,57.96875,33.86241149902344,139500,0.0,0.0,0.0
1995-09-13,57.90625,58.3125,57.890625,58.234375,34.017574310302734,239800,0.0,0.0,0.0
1995-09-14,58.4375,58.8125,58.28125,58.765625,34.32790756225586,457600,0.0,0.0,0.0
1995-09-15,58.40625,58.578125,58.203125,58.4375,34.318443298339844,431200,0.312,0.0,0.0
1995-09-18,58.234375,58.265625,57.9375,58.21875,34.189979553222656,307500,0.0,0.0,0.0
1995-09-19,58.328125,58.53125,58.125,58.5,34.355133056640625,549600,0.0,0.0,0.0
1995-09-20,58.59375,58.78125,58.546875,58.78125,34.520301818847656,290800,0.0,0.0,0.0
1995-09-21,58.703125,58.75,58.0625,58.296875,34.23584747314453,508500,0.0,0.0,0.0
1995-09-22,57.828125,58.375,57.78125,58.3125,34.245033264160156,449900,0.0,0.0,0.0
1995-09-25,58.375,58.375,58.015625,58.21875,34.189979553222656,130000,0.0,0.0,0.0
1995-09-26,58.390625,58.53125,58.0625,58.203125,34.180789947509766,466600,0.0,0.0,0.0
1995-09-27,57.953125,58.1875,57.59375,58.15625,34.15325927734375,654400,0.0,0.0,0.0
1995-09-28,58.203125,58.59375,58.15625,58.59375,34.410213470458984,456200,0.0,0.0,0.0
1995-09-29,58.546875,58.90625,58.40625,58.484375,34.34597396850586,606600,0.0,0.0,0.0
1995-10-02,58.484375,58.625,58.046875,58.1875,34.171630859375,293100,0.0,0.0,0.0
1995-10-03,58.1875,58.34375,57.953125,58.25,34.20832824707031,839700,0.0,0.0,0.0
1995-10-04,58.28125,58.28125,58.109375,58.1875,34.171630859375,248800,0.0,0.0,0.0
1995-10-05,58.25,58.359375,58.09375,58.359375,34.272552490234375,268800,0.0,0.0,0.0
1995-10-06,58.390625,58.578125,58.390625,58.40625,34.300086975097656,75300,0.0,0.0,0.0
1995-10-09,58.1875,58.21875,57.8125,57.921875,34.015628814697266,358200,0.0,0.0,0.0
1995-10-10,57.328125,57.890625,57.265625,57.890625,33.99728775024414,360800,0.0,0.0,0.0
1995-10-11,58.09375,58.09375,57.875,58.078125,34.107391357421875,228100,0.0,0.0,0.0
1995-10-12,58.125,58.46875,58.125,58.4375,34.318443298339844,199800,0.0,0.0,0.0
1995-10-13,58.703125,58.859375,58.625,58.625,34.428531646728516,488100,0.0,0.0,0.0
1995-10-16,58.453125,58.5625,58.34375,58.34375,34.263389587402344,443600,0.0,0.0,0.0
1995-10-17,58.40625,58.796875,58.296875,58.734375,34.49279022216797,146000,0.0,0.0,0.0
1995-10-18,59.015625,59.09375,58.71875,58.90625,34.593719482421875,228100,0.0,0.0,0.0
1995-10-19,58.875,59.1875,58.796875,59.1875,34.75889205932617,500600,0.0,0.0,0.0
1995-10-20,59.140625,59.1875,58.828125,58.828125,34.54782485961914,748400,0.0,0.0,0.0
1995-10-23,58.546875,58.8125,58.546875,58.703125,34.47442626953125,533000,0.0,0.0,0.0
1995-10-24,58.78125,58.84375,58.625,58.765625,34.51111602783203,172200,0.0,0.0,0.0
1995-10-25,58.8125,58.890625,58.28125,58.28125,34.22667694091797,302700,0.0,0.0,0.0
1995-10-26,58.375,58.421875,57.28125,57.75,33.91468811035156,606800,0.0,0.0,0.0
1995-10-27,57.6875,58.1875,57.421875,58.1875,34.171630859375,905800,0.0,0.0,0.0
1995-10-30,58.328125,58.59375,58.328125,58.5625,34.3918571472168,488700,0.0,0.0,0.0
1995-10-31,58.71875,58.84375,58.3125,58.3125,34.245033264160156,508200,0.0,0.0,0.0
1995-11-01,58.28125,58.78125,58.234375,58.78125,34.520301818847656,415700,0.0,0.0,0.0
1995-11-02,58.6875,59.15625,58.6875,59.15625,34.74052810668945,326000,0.0,0.0,0.0
1995-11-03,59.234375,59.25,59.0625,59.234375,34.786415100097656,615000,0.0,0.0,0.0
1995-11-06,59.21875,59.21875,59.015625,59.03125,34.66710662841797,311200,0.0,0.0,0.0
1995-11-07,59.0,59.0,58.625,58.8125,34.53866195678711,358200,0.0,0.0,0.0
1995-11-08,58.890625,59.375,58.890625,59.34375,34.85064697265625,357200,0.0,0.0,0.0
1995-11-09,59.578125,59.578125,59.28125,59.5625,34.97911834716797,503700,0.0,0.0,0.0
1995-11-10,59.234375,59.609375,59.21875,59.53125,34.96075439453125,795600,0.0,0.0,0.0
1995-11-13,59.421875,59.65625,59.3125,59.46875,34.92405700683594,818500,0.0,0.0,0.0
1995-11-14,59.359375,59.484375,59.078125,59.078125,34.69466018676758,341800,0.0,0.0,0.0
1995-11-15,59.140625,59.6875,59.109375,59.671875,35.043365478515625,584700,0.0,0.0,0.0
1995-11-16,59.671875,60.0625,59.65625,60.0,35.23604965209961,577700,0.0,0.0,0.0
1995-11-17,60.09375,60.203125,60.015625,60.1875,35.34614944458008,267000,0.0,0.0,0.0
1995-11-20,60.28125,60.296875,59.859375,59.875,35.16264343261719,448800,0.0,0.0,0.0
1995-11-21,59.9375,60.359375,59.921875,60.359375,35.44708251953125,119200,0.0,0.0,0.0
1995-11-22,60.3125,60.375,60.171875,60.171875,35.336978912353516,351600,0.0,0.0,0.0
1995-11-24,60.234375,60.328125,60.1875,60.328125,35.42874526977539,62400,0.0,0.0,0.0
1995-11-27,60.453125,60.640625,60.34375,60.34375,35.43791580200195,273000,0.0,0.0,0.0
1995-11-28,60.296875,60.984375,60.15625,60.984375,35.81413650512695,479000,0.0,0.0,0.0
1995-11-29,61.09375,61.09375,60.84375,61.046875,35.85084533691406,549200,0.0,0.0,0.0
1995-11-30,61.046875,61.203125,60.84375,60.90625,35.768245697021484,286200,0.0,0.0,0.0
1995-12-01,60.984375,61.078125,60.84375,60.984375,35.81413650512695,465200,0.0,0.0,0.0
1995-12-04,61.125,61.734375,61.046875,61.734375,36.25458908081055,631700,0.0,0.0,0.0
1995-12-05,61.671875,62.203125,61.625,62.140625,36.493167877197266,567700,0.0,0.0,0.0
1995-12-06,62.296875,62.53125,62.0,62.28125,36.57575225830078,272800,0.0,0.0,0.0
1995-12-07,62.203125,62.28125,61.90625,61.953125,36.38303756713867,289700,0.0,0.0,0.0
1995-12-08,62.21875,62.234375,61.765625,62.15625,36.50232696533203,296900,0.0,0.0,0.0
1995-12-11,62.28125,62.546875,62.15625,62.421875,36.658321380615234,186500,0.0,0.0,0.0
1995-12-12,62.140625,62.359375,62.140625,62.234375,36.54823303222656,299400,0.0,0.0,0.0
1995-12-13,62.3125,62.703125,62.3125,62.625,36.77761459350586,390700,0.0,0.0,0.0
1995-12-14,62.6875,62.796875,62.015625,62.171875,36.511505126953125,395000,0.0,0.0,0.0
1995-12-15,61.875,61.875,61.59375,61.8125,36.52488708496094,416700,0.382,0.0,0.0
1995-12-18,61.265625,61.265625,60.609375,60.625,35.82320022583008,862300,0.0,0.0,0.0
1995-12-19,60.65625,61.34375,60.578125,61.265625,36.20173645019531,1022600,0.0,0.0,0.0
1995-12-20,61.453125,61.515625,60.671875,60.671875,35.850894927978516,1349800,0.0,0.0,0.0
1995-12-21,61.03125,61.171875,60.75,60.984375,36.03554916381836,857600,0.0,0.0,0.0
1995-12-22,61.3125,61.375,61.140625,61.203125,36.1648063659668,332800,0.0,0.0,0.0
1995-12-26,61.453125,61.53125,61.328125,61.5,36.34024429321289,432200,0.0,0.0,0.0
1995-12-27,61.65625,61.65625,61.359375,61.46875,36.3217658996582,151800,0.0,0.0,0.0
1995-12-28,61.34375,61.65625,61.25,61.40625,36.28481674194336,256200,0.0,0.0,0.0
1995-12-29,61.46875,61.53125,61.25,61.484375,36.33100128173828,339200,0.0,0.0,0.0
1996-01-02,61.40625,62.140625,61.34375,62.140625,36.7187614440918,514400,0.0,0.0,0.0
1996-01-03,62.34375,62.5,62.0,62.3125,36.82032012939453,610300,0.0,0.0,0.0
1996-01-04,62.390625,62.625,61.21875,61.71875,36.46947479248047,1129700,0.0,0.0,0.0
1996-01-05,61.3125,61.75,61.171875,61.59375,36.3956184387207,302400,0.0,0.0,0.0
1996-01-08,61.8125,61.90625,61.734375,61.828125,36.53412628173828,179900,0.0,0.0,0.0
1996-01-09,62.015625,62.0625,60.625,60.765625,35.906272888183594,415500,0.0,0.0,0.0
1996-01-10,60.6875,60.8125,59.640625,59.96875,35.43541717529297,787700,0.0,0.0,0.0
1996-01-11,60.0625,60.328125,59.78125,60.328125,35.64778137207031,513200,0.0,0.0,0.0
1996-01-12,60.484375,60.5,59.671875,60.234375,35.59239959716797,390400,0.0,0.0,0.0
1996-01-15,60.25,60.453125,59.859375,60.109375,35.51851272583008,154200,0.0,0.0,0.0
1996-01-16,60.40625,60.890625,59.890625,60.84375,35.95244216918945,454600,0.0,0.0,0.0
1996-01-17,60.703125,61.125,60.453125,60.65625,35.84165954589844,407600,0.0,0.0,0.0
1996-01-18,60.890625,60.90625,60.375,60.859375,35.96168899536133,425600,0.0,0.0,0.0
1996-01-19,60.859375,61.421875,60.796875,61.265625,36.20173645019531,169800,0.0,0.0,0.0
1996-01-22,61.21875,61.421875,61.109375,61.28125,36.210994720458984,288200,0.0,0.0,0.0
1996-01-23,61.25,61.421875,61.125,61.421875,36.294063568115234,362200,0.0,0.0,0.0
1996-01-24,61.515625,62.046875,61.484375,61.921875,36.589508056640625,1506500,0.0,0.0,0.0
1996-01-25,61.96875,62.0,61.625,61.703125,36.460262298583984,298400,0.0,0.0,0.0
1996-01-26,61.65625,62.265625,61.578125,62.234375,36.774173736572266,726300,0.0,0.0,0.0
1996-01-29,62.1875,62.484375,62.140625,62.484375,36.921897888183594,254800,0.0,0.0,0.0
1996-01-30,62.609375,63.140625,62.53125,63.015625,37.23582077026367,272100,0.0,0.0,0.0
1996-01-31,63.0,63.6875,62.96875,63.671875,37.623573303222656,498000,0.0,0.0,0.0
1996-02-01,63.609375,63.90625,63.5625,63.90625,37.7620849609375,373900,0.0,0.0,0.0
1996-02-02,63.875,64.015625,63.5,63.640625,37.60511779785156,496200,0.0,0.0,0.0
1996-02-05,63.53125,64.25,63.4375,64.15625,37.9098014831543,295300,0.0,0.0,0.0
1996-02-06,64.1875,64.828125,64.09375,64.765625,38.26985549926758,301600,0.0,0.0,0.0
1996-02-07,64.75,65.140625,64.6875,65.140625,38.49146270751953,585100,0.0,0.0,0.0
1996-02-08,65.046875,65.90625,64.921875,65.84375,38.906951904296875,1526600,0.0,0.0,0.0
1996-02-09,65.8125,66.375,65.515625,65.828125,38.897708892822266,804600,0.0,0.0,0.0
1996-02-12,65.953125,66.625,65.890625,66.328125,39.19316482543945,626500,0.0,0.0,0.0
1996-02-13,66.046875,66.6875,66.0,66.1875,39.11006164550781,1045900,0.0,0.0,0.0
1996-02-14,66.140625,66.359375,65.578125,65.609375,38.76844024658203,431400,0.0,0.0,0.0
1996-02-15,65.46875,65.90625,65.125,65.203125,38.52840042114258,889500,0.0,0.0,0.0
1996-02-16,65.078125,65.234375,64.734375,64.9375,38.37145233154297,606100,0.0,0.0,0.0
1996-02-20,64.4375,64.625,63.875,64.296875,37.992897033691406,492300,0.0,0.0,0.0
1996-02-21,64.421875,65.140625,64.421875,65.09375,38.463768005371094,434000,0.0,0.0,0.0
1996-02-22,65.453125,66.328125,65.40625,66.125,39.0731201171875,721400,0.0,0.0,0.0
1996-02-23,66.5,66.609375,65.328125,65.9375,38.962337493896484,1430400,0.0,0.0,0.0
1996-02-26,65.75,65.890625,64.96875,65.0,38.408363342285156,1408400,0.0,0.0,0.0
1996-02-27,65.15625,65.171875,64.5,64.796875,38.28833770751953,601000,0.0,0.0,0.0
1996-02-28,65.3125,65.734375,64.5,64.5,38.112937927246094,865900,0.0,0.0,0.0
1996-02-29,64.125,64.953125,63.875,63.875,37.743614196777344,914300,0.0,0.0,0.0
1996-03-01,64.640625,64.890625,63.609375,64.890625,38.34371566772461,1452600,0.0,0.0,0.0
1996-03-04,65.03125,65.65625,64.8125,65.265625,38.565338134765625,652600,0.0,0.0,0.0
1996-03-05,65.109375,65.875,65.078125,65.875,38.92540740966797,402000,0.0,0.0,0.0
1996-03-06,65.78125,65.96875,65.296875,65.296875,38.58381652832031,624700,0.0,0.0,0.0
1996-03-07,65.421875,65.65625,65.234375,65.625,38.777679443359375,534200,0.0,0.0,0.0
1996-03-08,64.1875,64.875,62.0,63.5,37.52204895019531,2289900,0.0,0.0,0.0
1996-03-11,63.25,64.328125,63.0625,64.234375,37.955963134765625,1511400,0.0,0.0,0.0
1996-03-12,63.8125,64.046875,62.90625,63.734375,37.6605339050293,1385300,0.0,0.0,0.0
1996-03-13,64.15625,64.4375,63.796875,64.171875,37.91902160644531,1019300,0.0,0.0,0.0
1996-03-14,64.265625,64.8125,64.234375,64.453125,38.08525085449219,725600,0.0,0.0,0.0
1996-03-15,64.0625,64.328125,63.75,64.125,38.05962371826172,869200,0.285,0.0,0.0
1996-03-18,64.71875,65.359375,64.578125,65.359375,38.79225158691406,917600,0.0,0.0,0.0
1996-03-19,65.9375,65.9375,65.0,65.21875,38.708805084228516,858300,0.0,0.0,0.0
1996-03-20,65.53125,65.53125,64.640625,65.140625,38.66242980957031,744300,0.0,0.0,0.0
1996-03-21,65.21875,65.25,64.765625,64.984375,38.569698333740234,650800,0.0,0.0,0.0
1996-03-22,65.015625,65.328125,64.9375,65.15625,38.67171096801758,344500,0.0,0.0,0.0
1996-03-25,65.75,65.8125,64.859375,65.03125,38.59750747680664,802400,0.0,0.0,0.0
1996-03-26,64.921875,65.515625,64.859375,65.34375,38.78297424316406,969400,0.0,0.0,0.0
1996-03-27,65.4375,65.484375,64.6875,64.75,38.43057632446289,809600,0.0,0.0,0.0
1996-03-28,64.515625,65.03125,64.5,65.0,38.57895278930664,1001300,0.0,0.0,0.0
1996-03-29,65.1875,65.1875,64.375,64.6875,38.39348602294922,457700,0.0,0.0,0.0
1996-04-01,65.0,65.453125,64.796875,65.4375,38.838619232177734,773400,0.0,0.0,0.0
1996-04-02,65.515625,65.5625,65.296875,65.5625,38.91282272338867,638800,0.0,0.0,0.0
1996-04-03,65.328125,65.609375,65.171875,65.5625,38.91282272338867,288000,0.0,0.0,0.0
1996-04-04,65.5625,65.71875,65.5,65.515625,38.88499069213867,934900,0.0,0.0,0.0
1996-04-08,63.875,64.390625,63.59375,64.390625,38.21729278564453,2217200,0.0,0.0,0.0
1996-04-09,64.640625,64.640625,64.015625,64.140625,38.06889724731445,1180900,0.0,0.0,0.0
1996-04-10,64.03125,64.3125,62.75,63.0,37.39190673828125,939500,0.0,0.0,0.0
1996-04-11,63.15625,63.46875,62.125,62.921875,37.345550537109375,1276000,0.0,0.0,0.0
1996-04-12,63.359375,63.8125,63.171875,63.71875,37.818519592285156,411300,0.0,0.0,0.0
1996-04-15,64.046875,64.328125,63.84375,64.25,38.133827209472656,484200,0.0,0.0,0.0
1996-04-16,64.375,64.65625,64.234375,64.4375,38.2451171875,429700,0.0,0.0,0.0
1996-04-17,64.375,64.5625,63.84375,64.28125,38.152366638183594,525300,0.0,0.0,0.0
1996-04-18,64.4375,64.578125,64.09375,64.375,38.20802688598633,818600,0.0,0.0,0.0
1996-04-19,64.6875,64.859375,64.421875,64.53125,38.300743103027344,885100,0.0,0.0,0.0
1996-04-22,65.125,65.28125,64.59375,65.03125,38.59750747680664,828900,0.0,0.0,0.0
1996-04-23,64.921875,65.28125,64.78125,65.234375,38.71806335449219,225400,0.0,0.0,0.0
1996-04-24,65.5625,65.5625,64.859375,65.0,38.57895278930664,699000,0.0,0.0,0.0
1996-04-25,65.140625,65.5625,64.75,65.296875,38.75517654418945,475500,0.0,0.0,0.0
1996-04-26,65.46875,65.8125,65.234375,65.4375,38.838619232177734,563300,0.0,0.0,0.0
1996-04-29,65.15625,65.5625,65.15625,65.4375,38.838619232177734,219900,0.0,0.0,0.0
1996-04-30,65.4375,65.5625,65.125,65.390625,38.8108024597168,184400,0.0,0.0,0.0
1996-05-01,65.375,65.796875,65.28125,65.53125,38.894256591796875,561900,0.0,0.0,0.0
1996-05-02,65.015625,65.375,64.09375,64.40625,38.2265625,1299600,0.0,0.0,0.0
1996-05-03,64.78125,64.984375,63.75,64.3125,38.17092514038086,1329300,0.0,0.0,0.0
1996-05-06,64.5625,64.5625,63.6875,64.25,38.133827209472656,647500,0.0,0.0,0.0
1996-05-07,64.25,64.25,63.765625,63.984375,37.976165771484375,582100,0.0,0.0,0.0
1996-05-08,63.671875,64.78125,63.078125,64.78125,38.44914245605469,1694700,0.0,0.0,0.0
1996-05-09,64.5625,65.0625,64.5,64.734375,38.42131423950195,593400,0.0,0.0,0.0
1996-05-10,65.375,65.59375,65.0625,65.375,38.801517486572266,925100,0.0,0.0,0.0
1996-05-13,65.53125,66.640625,65.46875,66.359375,39.38578414916992,867500,0.0,0.0,0.0
1996-05-14,66.625,66.9375,66.5625,66.765625,39.62691116333008,632300,0.0,0.0,0.0
1996-05-15,66.78125,67.3125,66.640625,66.6875,39.58053970336914,466100,0.0,0.0,0.0
1996-05-16,66.3125,66.9375,66.28125,66.828125,39.66399383544922,514400,0.0,0.0,0.0
1996-05-17,67.0,67.296875,67.0,67.1875,39.877281188964844,427700,0.0,0.0,0.0
1996-05-20,67.65625,67.75,66.984375,67.640625,40.14623260498047,788500,0.0,0.0,0.0
1996-05-21,67.75,67.875,67.5,67.546875,40.09060287475586,352700,0.0,0.0,0.0
1996-05-22,67.625,68.1875,67.390625,68.1875,40.47081756591797,1218100,0.0,0.0,0.0
1996-05-23,68.28125,68.4375,67.53125,67.90625,40.30388259887695,967900,0.0,0.0,0.0
1996-05-24,67.96875,68.328125,67.9375,68.171875,40.46152877807617,659100,0.0,0.0,0.0
1996-05-28,68.375,68.375,67.3125,67.484375,40.053489685058594,456400,0.0,0.0,0.0
1996-05-29,67.625,67.6875,66.8125,67.03125,39.78455352783203,649600,0.0,0.0,0.0
1996-05-30,66.9375,67.71875,66.75,67.375,39.98859405517578,895800,0.0,0.0,0.0
1996-05-31,67.359375,67.640625,66.875,66.875,39.69181442260742,923500,0.0,0.0,0.0
1996-06-03,66.890625,67.109375,66.703125,67.0625,39.8031120300293,503100,0.0,0.0,0.0
1996-06-04,67.375,67.59375,67.25,67.53125,40.0813102722168,627100,0.0,0.0,0.0
1996-06-05,67.5625,68.203125,67.421875,68.125,40.43372344970703,428000,0.0,0.0,0.0
1996-06-06,68.5,68.5,67.5,67.625,40.136940002441406,523300,0.0,0.0,0.0
1996-06-07,66.1875,67.640625,66.1875,67.625,40.136940002441406,1422800,0.0,0.0,0.0
1996-06-10,67.53125,67.734375,67.296875,67.40625,40.00712585449219,548800,0.0,0.0,0.0
1996-06-11,67.65625,68.03125,67.34375,67.34375,39.97001647949219,688700,0.0,0.0,0.0
1996-06-12,67.5625,67.734375,67.109375,67.21875,39.89582824707031,1120600,0.0,0.0,0.0
1996-06-13,67.375,67.46875,66.828125,67.21875,39.89582824707031,1502000,0.0,0.0,0.0
1996-06-14,67.25,67.25,66.71875,66.9375,39.72890853881836,1468200,0.0,0.0,0.0
1996-06-17,66.96875,67.21875,66.71875,66.890625,39.701080322265625,1101000,0.0,0.0,0.0
1996-06-18,66.84375,67.03125,66.328125,66.34375,39.37651062011719,718000,0.0,0.0,0.0
1996-06-19,66.65625,67.0,66.421875,66.640625,39.5527229309082,552100,0.0,0.0,0.0
1996-06-20,66.703125,66.921875,66.1875,66.59375,39.52488708496094,1234400,0.0,0.0,0.0
1996-06-21,66.5625,66.8125,66.375,66.8125,39.864845275878906,573300,0.351,0.0,0.0
1996-06-24,66.96875,67.21875,66.84375,66.9375,39.93942642211914,416500,0.0,0.0,0.0
1996-06-25,67.125,67.171875,66.78125,66.859375,39.89280700683594,454400,0.0,0.0,0.0
1996-06-26,66.78125,66.921875,66.390625,66.40625,39.6224479675293,838200,0.0,0.0,0.0
1996-06-27,66.40625,67.046875,66.15625,66.875,39.90212631225586,1090500,0.0,0.0,0.0
1996-06-28,67.15625,67.5,66.96875,67.109375,40.041988372802734,1060800,0.0,0.0,0.0
1996-07-01,67.28125,67.703125,67.1875,67.6875,40.38694381713867,471300,0.0,0.0,0.0
1996-07-02,67.625,67.640625,67.328125,67.4375,40.23775863647461,389400,0.0,0.0,0.0
1996-07-03,67.40625,67.5,67.0625,67.296875,40.15385437011719,308300,0.0,0.0,0.0
1996-07-05,66.125,66.4375,65.375,65.578125,39.12834548950195,842900,0.0,0.0,0.0
1996-07-08,65.625,65.984375,65.125,65.3125,38.96985626220703,942000,0.0,0.0,0.0
1996-07-09,65.609375,65.8125,65.375,65.578125,39.12834548950195,716300,0.0,0.0,0.0
1996-07-10,65.5625,65.84375,64.921875,65.84375,39.286827087402344,1132300,0.0,0.0,0.0
1996-07-11,65.5625,65.6875,63.875,64.515625,38.49436569213867,1587400,0.0,0.0,0.0
1996-07-12,64.625,64.90625,64.078125,64.5625,38.52232360839844,1312000,0.0,0.0,0.0
1996-07-15,64.71875,64.71875,62.65625,62.65625,37.38493728637695,1951300,0.0,0.0,0.0
1996-07-16,62.84375,63.5,60.375,62.8125,37.47816848754883,4141000,0.0,0.0,0.0
1996-07-17,63.75,64.0,63.0,63.5625,37.9256706237793,1340500,0.0,0.0,0.0
1996-07-18,63.75,64.546875,63.328125,64.4375,38.44776153564453,1432500,0.0,0.0,0.0
1996-07-19,64.28125,64.375,63.625,63.96875,38.16805648803711,1216000,0.0,0.0,0.0
1996-07-22,63.53125,63.75,63.015625,63.5,37.888404846191406,519800,0.0,0.0,0.0
1996-07-23,63.59375,63.9375,62.578125,62.6875,37.40358352661133,1479800,0.0,0.0,0.0
1996-07-24,61.9375,63.1875,61.625,62.8125,37.47816848754883,2463400,0.0,0.0,0.0
1996-07-25,63.4375,63.5625,63.125,63.375,37.81378173828125,1989800,0.0,0.0,0.0
1996-07-26,63.5625,63.8125,63.390625,63.71875,38.01890563964844,642300,0.0,0.0,0.0
1996-07-29,63.625,63.71875,62.9375,63.015625,37.59937286376953,1297900,0.0,0.0,0.0
1996-07-30,63.4375,63.6875,62.9375,63.625,37.96296310424805,1868200,0.0,0.0,0.0
1996-07-31,63.671875,64.265625,63.515625,64.09375,38.24266052246094,767100,0.0,0.0,0.0
1996-08-01,64.15625,65.390625,64.0625,65.15625,38.876617431640625,1168600,0.0,0.0,0.0
1996-08-02,66.0,66.59375,65.75,66.5625,39.71566390991211,1098500,0.0,0.0,0.0
1996-08-05,66.578125,66.59375,65.96875,66.171875,39.48260498046875,710200,0.0,0.0,0.0
1996-08-06,66.15625,66.515625,65.796875,66.375,39.60379409790039,640000,0.0,0.0,0.0
1996-08-07,66.625,66.75,66.125,66.546875,39.706356048583984,917800,0.0,0.0,0.0
1996-08-08,66.5625,66.5625,66.1875,66.4375,39.641090393066406,925100,0.0,0.0,0.0
1996-08-09,66.671875,66.765625,66.0625,66.21875,39.51057052612305,648800,0.0,0.0,0.0
1996-08-12,66.25,66.859375,66.0,66.703125,39.79959487915039,764200,0.0,0.0,0.0
1996-08-13,66.578125,66.625,66.0,66.171875,39.48260498046875,805200,0.0,0.0,0.0
1996-08-14,66.1875,66.46875,66.0,66.40625,39.6224479675293,533800,0.0,0.0,0.0
1996-08-15,66.234375,66.625,66.203125,66.28125,39.54785919189453,632600,0.0,0.0,0.0
1996-08-16,66.46875,66.875,66.46875,66.84375,39.88348388671875,475100,0.0,0.0,0.0
1996-08-19,66.859375,66.921875,66.625,66.875,39.90212631225586,436400,0.0,0.0,0.0
1996-08-20,66.890625,66.90625,66.671875,66.828125,39.87417221069336,645700,0.0,0.0,0.0
1996-08-21,66.65625,66.8125,66.375,66.59375,39.73433303833008,266400,0.0,0.0,0.0
1996-08-22,66.75,67.34375,66.71875,67.21875,40.10722351074219,584800,0.0,0.0,0.0
1996-08-23,67.09375,67.203125,66.640625,66.859375,39.89280700683594,757100,0.0,0.0,0.0
1996-08-26,66.703125,66.78125,66.421875,66.53125,39.69703674316406,784700,0.0,0.0,0.0
1996-08-27,66.71875,66.84375,66.5,66.78125,39.846195220947266,389400,0.0,0.0,0.0
1996-08-28,66.9375,67.0,66.65625,66.671875,39.78092956542969,227600,0.0,0.0,0.0
1996-08-29,66.59375,66.59375,65.625,66.015625,39.389381408691406,680200,0.0,0.0,0.0
1996-08-30,66.0,66.015625,65.125,65.328125,38.97917175292969,1500900,0.0,0.0,0.0
1996-09-03,64.46875,65.84375,64.375,65.75,39.230873107910156,1782000,0.0,0.0,0.0
1996-09-04,65.75,66.75,65.484375,65.8125,39.26817321777344,930200,0.0,0.0,0.0
1996-09-05,65.5,65.765625,65.015625,65.015625,38.79270553588867,616600,0.0,0.0,0.0
1996-09-06,65.25,66.171875,65.140625,65.9375,39.34275817871094,804900,0.0,0.0,0.0
1996-09-09,66.1875,66.734375,66.078125,66.71875,39.80890655517578,719200,0.0,0.0,0.0
1996-09-10,66.625,66.90625,66.375,66.6875,39.79026794433594,669900,0.0,0.0,0.0
1996-09-11,66.5625,67.125,66.40625,67.0625,40.01402282714844,713500,0.0,0.0,0.0
1996-09-12,67.25,67.734375,67.15625,67.53125,40.29368591308594,713300,0.0,0.0,0.0
1996-09-13,68.3125,68.625,68.125,68.5625,40.908992767333984,2008800,0.0,0.0,0.0
1996-09-16,68.65625,69.15625,68.5625,68.8125,41.058170318603516,1220200,0.0,0.0,0.0
1996-09-17,68.875,68.984375,68.234375,68.65625,40.964962005615234,604700,0.0,0.0,0.0
1996-09-18,68.5625,68.75,68.21875,68.484375,40.862403869628906,225500,0.0,0.0,0.0
1996-09-19,68.375,68.796875,68.28125,68.75,41.02088928222656,410000,0.0,0.0,0.0
1996-09-20,68.59375,68.78125,68.375,68.640625,41.16640090942383,948400,0.352,0.0,0.0
1996-09-23,68.46875,68.75,68.15625,68.625,41.157020568847656,466800,0.0,0.0,0.0
1996-09-24,68.5625,69.25,68.3125,68.609375,41.14766311645508,1269800,0.0,0.0,0.0
1996-09-25,68.9375,68.9375,68.5,68.65625,41.17578125,1353300,0.0,0.0,0.0
1996-09-26,68.75,69.1875,68.390625,68.625,41.157020568847656,773200,0.0,0.0,0.0
1996-09-27,68.71875,68.71875,68.375,68.6875,41.19450759887695,407600,0.0,0.0,0.0
1996-09-30,68.78125,69.0625,68.578125,68.625,41.157020568847656,578200,0.0,0.0,0.0
1996-10-01,68.703125,69.046875,68.4375,69.0,41.381919860839844,561400,0.0,0.0,0.0
1996-10-02,69.25,69.59375,69.15625,69.46875,41.66304016113281,609000,0.0,0.0,0.0
1996-10-03,69.5,69.53125,69.203125,69.40625,41.62558364868164,342200,0.0,0.0,0.0
1996-10-04,69.6875,70.34375,69.5,70.34375,42.18781661987305,754100,0.0,0.0,0.0
1996-10-07,70.3125,70.625,70.25,70.421875,42.23469161987305,235100,0.0,0.0,0.0
1996-10-08,70.453125,70.6875,70.015625,70.140625,42.06602096557617,386200,0.0,0.0,0.0
1996-10-09,70.25,70.375,69.515625,69.59375,41.738033294677734,528800,0.0,0.0,0.0
1996-10-10,69.59375,69.859375,69.375,69.453125,41.653682708740234,1562200,0.0,0.0,0.0
1996-10-11,69.71875,70.3125,69.71875,70.3125,42.16904830932617,331300,0.0,0.0,0.0
1996-10-14,70.3125,70.6875,70.296875,70.40625,42.22531509399414,201600,0.0,0.0,0.0
1996-10-15,71.125,71.125,69.953125,70.3125,42.16904830932617,776900,0.0,0.0,0.0
1996-10-16,70.5,70.65625,69.9375,70.65625,42.375244140625,590100,0.0,0.0,0.0
1996-10-17,70.875,71.03125,70.546875,70.84375,42.487701416015625,792500,0.0,0.0,0.0
1996-10-18,70.875,71.3125,70.71875,71.21875,42.71258544921875,695800,0.0,0.0,0.0
1996-10-21,71.28125,71.625,70.9375,71.125,42.65637969970703,879200,0.0,0.0,0.0
1996-10-22,71.0625,71.078125,70.59375,70.625,42.35649490356445,848900,0.0,0.0,0.0
1996-10-23,70.46875,70.890625,70.1875,70.859375,42.49706268310547,735900,0.0,0.0,0.0
1996-10-24,70.859375,70.984375,70.21875,70.25,42.1316032409668,379300,0.0,0.0,0.0
1996-10-25,70.234375,70.5625,70.125,70.3125,42.16904830932617,568300,0.0,0.0,0.0
1996-10-28,70.375,70.734375,69.8125,69.84375,41.8879508972168,975400,0.0,0.0,0.0
1996-10-29,70.0625,70.578125,69.703125,70.40625,42.22531509399414,815900,0.0,0.0,0.0
1996-10-30,70.625,70.625,70.09375,70.171875,42.084747314453125,495400,0.0,0.0,0.0
1996-10-31,70.265625,70.875,70.1875,70.84375,42.487701416015625,726300,0.0,0.0,0.0
1996-11-01,70.984375,71.15625,70.265625,70.59375,42.33774185180664,821300,0.0,0.0,0.0
1996-11-04,70.6875,71.0625,70.53125,71.0625,42.618896484375,1608400,0.0,0.0,0.0
1996-11-05,71.296875,71.796875,71.28125,71.46875,42.86253356933594,764000,0.0,0.0,0.0
1996-11-06,71.59375,72.875,71.53125,72.84375,43.68717575073242,1665000,0.0,0.0,0.0
1996-11-07,72.625,73.296875,72.53125,73.015625,43.79025650024414,1446300,0.0,0.0,0.0
1996-11-08,73.03125,73.4375,72.75,73.421875,44.033897399902344,1355700,0.0,0.0,0.0
1996-11-11,73.25,73.515625,73.21875,73.34375,43.9870491027832,655900,0.0,0.0,0.0
1996-11-12,73.546875,73.59375,73.015625,73.125,43.8558349609375,719900,0.0,0.0,0.0
1996-11-13,73.203125,73.5625,73.015625,73.453125,44.05264663696289,481900,0.0,0.0,0.0
1996-11-14,73.1875,73.9375,73.15625,73.9375,44.3431282043457,558800,0.0,0.0,0.0
1996-11-15,74.125,74.5,73.71875,74.03125,44.39936828613281,2250900,0.0,0.0,0.0
1996-11-18,74.171875,74.25,73.734375,74.046875,44.408748626708984,1518200,0.0,0.0,0.0
1996-11-19,74.140625,74.59375,74.03125,74.578125,44.72734451293945,1029300,0.0,0.0,0.0
1996-11-20,74.5625,75.015625,74.3125,74.703125,44.80231475830078,730000,0.0,0.0,0.0
1996-11-21,74.796875,74.84375,74.375,74.59375,44.736717224121094,653000,0.0,0.0,0.0
1996-11-22,74.703125,75.25,74.703125,75.171875,45.08343505859375,965100,0.0,0.0,0.0
1996-11-25,75.25,76.15625,75.078125,76.125,45.65507507324219,2058800,0.0,0.0,0.0
1996-11-26,76.28125,76.6875,75.46875,75.875,45.50511169433594,2861800,0.0,0.0,0.0
1996-11-27,76.0625,76.1875,75.640625,75.734375,45.420799255371094,872000,0.0,0.0,0.0
1996-11-29,76.0,76.21875,75.859375,76.015625,45.58946228027344,1073400,0.0,0.0,0.0
1996-12-02,75.921875,76.125,75.390625,76.046875,45.60820770263672,1350600,0.0,0.0,0.0
1996-12-03,76.0625,76.578125,74.75,74.75,44.83042907714844,1777800,0.0,0.0,0.0
1996-12-04,74.875,75.0625,74.09375,74.953125,44.9522590637207,2365100,0.0,0.0,0.0
1996-12-05,74.84375,75.140625,74.53125,74.75,44.83042907714844,1697700,0.0,0.0,0.0
1996-12-06,73.25,74.75,72.65625,74.3125,44.56803894042969,3401800,0.0,0.0,0.0
1996-12-09,74.6875,75.421875,74.578125,75.40625,45.224002838134766,1864600,0.0,0.0,0.0
1996-12-10,75.5625,75.671875,74.96875,75.046875,45.00848388671875,1331600,0.0,0.0,0.0
1996-12-11,73.625,74.625,73.3125,74.359375,44.59613800048828,1847900,0.0,0.0,0.0
1996-12-12,74.78125,74.875,72.9375,73.125,43.8558349609375,2540200,0.0,0.0,0.0
1996-12-13,73.0625,73.578125,72.40625,73.3125,43.968292236328125,1678300,0.0,0.0,0.0
1996-12-16,73.5,73.6875,72.0625,72.375,43.40602493286133,1831100,0.0,0.0,0.0
1996-12-17,72.15625,73.28125,71.875,72.953125,43.75275802612305,2023200,0.0,0.0,0.0
1996-12-18,73.375,73.765625,73.265625,73.53125,44.09950637817383,1666800,0.0,0.0,0.0
1996-12-19,74.1875,75.125,73.890625,75.046875,45.00848388671875,2269300,0.0,0.0,0.0
1996-12-20,75.125,75.71875,74.75,74.84375,45.107215881347656,1543200,0.367,0.0,0.0
1996-12-23,75.09375,75.203125,74.328125,74.65625,44.994232177734375,1263700,0.0,0.0,0.0
1996-12-24,74.84375,75.203125,74.796875,75.203125,45.32381820678711,633000,0.0,0.0,0.0
1996-12-26,75.4375,75.828125,75.375,75.78125,45.67223358154297,1384300,0.0,0.0,0.0
1996-12-27,75.78125,76.03125,75.5,75.875,45.72874450683594,410400,0.0,0.0,0.0
1996-12-30,76.125,76.125,75.15625,75.21875,45.333229064941406,694100,0.0,0.0,0.0
1996-12-31,75.28125,75.375,73.84375,73.84375,44.504520416259766,1378100,0.0,0.0,0.0
1997-01-02,74.375,74.375,72.75,74.03125,44.617557525634766,2031900,0.0,0.0,0.0
1997-01-03,74.375,75.125,74.078125,75.09375,45.257896423339844,2123200,0.0,0.0,0.0
1997-01-06,75.09375,75.4375,74.3125,74.4375,44.86237716674805,1374100,0.0,0.0,0.0
1997-01-07,74.4375,75.46875,74.125,75.34375,45.408573150634766,939000,0.0,0.0,0.0
1997-01-08,75.75,75.78125,74.6875,74.6875,45.013057708740234,1802200,0.0,0.0,0.0
1997-01-09,75.0625,75.875,74.9375,75.3125,45.38972473144531,1415700,0.0,0.0,0.0
1997-01-10,74.25,76.25,74.25,76.125,45.87942886352539,2369500,0.0,0.0,0.0
1997-01-13,76.5,76.5,75.640625,76.015625,45.813499450683594,1364600,0.0,0.0,0.0
1997-01-14,76.6875,77.390625,76.5,76.96875,46.3879508972168,2111200,0.0,0.0,0.0
1997-01-15,76.71875,77.203125,76.375,76.78125,46.274940490722656,1583900,0.0,0.0,0.0
1997-01-16,77.03125,77.296875,76.5,77.09375,46.463294982910156,1308400,0.0,0.0,0.0
1997-01-17,77.203125,77.75,77.109375,77.5625,46.74577331542969,1604000,0.0,0.0,0.0
1997-01-20,77.75,78.09375,77.46875,77.65625,46.802268981933594,1889900,0.0,0.0,0.0
1997-01-21,77.375,78.546875,77.109375,78.28125,47.178955078125,2785800,0.0,0.0,0.0
1997-01-22,78.3125,78.84375,77.875,78.84375,47.517974853515625,1201600,0.0,0.0,0.0
1997-01-23,79.0625,79.6875,76.90625,77.75,46.858795166015625,2601100,0.0,0.0,0.0
1997-01-24,77.875,77.90625,76.75,76.75,46.256134033203125,2176000,0.0,0.0,0.0
1997-01-27,76.875,77.234375,76.375,76.53125,46.124263763427734,2108500,0.0,0.0,0.0
1997-01-28,77.625,77.84375,76.0,76.75,46.256134033203125,4376000,0.0,0.0,0.0
1997-01-29,76.875,77.5,76.59375,77.5,46.708099365234375,1122700,0.0,0.0,0.0
1997-01-30,77.875,78.53125,77.40625,78.5,47.31079864501953,2126300,0.0,0.0,0.0
1997-01-31,78.9375,79.40625,78.375,78.40625,47.254295349121094,3208100,0.0,0.0,0.0
1997-02-03,78.71875,78.890625,78.359375,78.640625,47.39556884765625,755000,0.0,0.0,0.0
1997-02-04,78.75,79.203125,78.4375,79.125,47.68748474121094,654100,0.0,0.0,0.0
1997-02-05,79.234375,79.46875,77.125,77.640625,46.792842864990234,2255400,0.0,0.0,0.0
1997-02-06,77.78125,78.203125,77.40625,78.15625,47.10363006591797,2483100,0.0,0.0,0.0
1997-02-07,78.8125,79.25,77.78125,79.21875,47.74396514892578,2321000,0.0,0.0,0.0
1997-02-10,79.25,79.53125,78.421875,78.46875,47.291969299316406,1670000,0.0,0.0,0.0
1997-02-11,78.78125,79.375,78.125,79.375,47.83814239501953,1664300,0.0,0.0,0.0
1997-02-12,79.375,80.640625,79.265625,80.5,48.51618194580078,2675400,0.0,0.0,0.0
1997-02-13,80.8125,81.5625,80.6875,81.375,49.04351043701172,1104800,0.0,0.0,0.0
1997-02-14,81.1875,81.46875,80.90625,81.1875,48.93052291870117,1112900,0.0,0.0,0.0
1997-02-18,81.34375,81.9375,80.75,81.875,49.3448600769043,833100,0.0,0.0,0.0
1997-02-19,81.65625,82.0,81.15625,81.328125,49.015262603759766,648100,0.0,0.0,0.0
1997-02-20,81.03125,81.359375,80.15625,80.34375,48.42197036743164,1193900,0.0,0.0,0.0
1997-02-21,80.40625,80.765625,80.140625,80.375,48.440826416015625,1844400,0.0,0.0,0.0
1997-02-24,79.96875,81.375,79.96875,81.328125,49.015262603759766,787300,0.0,0.0,0.0
1997-02-25,81.40625,81.53125,80.875,81.390625,49.05297088623047,1653900,0.0,0.0,0.0
1997-02-26,81.3125,81.4375,79.625,80.59375,48.57268524169922,1597800,0.0,0.0,0.0
1997-02-27,80.8125,80.8125,79.375,79.390625,47.84755325317383,1813100,0.0,0.0,0.0
1997-02-28,79.25,79.875,79.0625,79.15625,47.706302642822266,2961200,0.0,0.0,0.0
1997-03-03,78.75,79.75,78.6875,79.6875,48.02648162841797,1210400,0.0,0.0,0.0
1997-03-04,79.90625,80.125,79.09375,79.25,47.762786865234375,1478700,0.0,0.0,0.0
1997-03-05,79.71875,80.59375,79.453125,80.59375,48.57268524169922,1254800,0.0,0.0,0.0
1997-03-06,80.625,80.90625,79.875,80.125,48.29018020629883,1528500,0.0,0.0,0.0
1997-03-07,80.4375,81.15625,80.25,80.84375,48.72336196899414,1859300,0.0,0.0,0.0
1997-03-10,80.9375,81.6875,80.546875,81.6875,49.23186492919922,1074900,0.0,0.0,0.0
1997-03-11,81.75,81.796875,81.25,81.25,48.96818923950195,624600,0.0,0.0,0.0
1997-03-12,81.3125,81.34375,80.296875,80.53125,48.53501892089844,1055600,0.0,0.0,0.0
1997-03-13,80.25,80.46875,79.0625,79.28125,47.78165817260742,2514100,0.0,0.0,0.0
1997-03-14,79.640625,80.03125,79.25,79.6875,48.02648162841797,1642700,0.0,0.0,0.0
1997-03-17,79.25,80.03125,78.4375,79.90625,48.1583366394043,3013500,0.0,0.0,0.0
1997-03-18,80.0,80.109375,78.71875,79.046875,47.64039993286133,1352500,0.0,0.0,0.0
1997-03-19,78.84375,79.5,78.0625,78.78125,47.48030471801758,1510000,0.0,0.0,0.0
1997-03-20,78.75,79.0,77.875,78.375,47.235450744628906,1808200,0.0,0.0,0.0
1997-03-21,78.6875,78.75,78.34375,78.4375,47.45418930053711,2810600,0.299,0.0,0.0
1997-03-24,78.5,79.578125,78.09375,79.53125,48.11587142944336,2145600,0.0,0.0,0.0
1997-03-25,79.34375,79.96875,78.53125,78.75,47.643226623535156,2125800,0.0,0.0,0.0
1997-03-26,79.0625,79.65625,78.6875,79.09375,47.85116958618164,1335300,0.0,0.0,0.0
1997-03-27,79.375,79.375,76.15625,77.0,46.584510803222656,2898500,0.0,0.0,0.0
1997-03-31,76.90625,77.125,75.25,75.375,45.60136795043945,4270700,0.0,0.0,0.0
1997-04-01,75.25,76.1875,75.046875,75.859375,45.89442443847656,3210900,0.0,0.0,0.0
1997-04-02,75.625,75.9375,74.4375,74.5,45.07200622558594,2672700,0.0,0.0,0.0
1997-04-03,74.4375,75.125,74.1875,74.90625,45.31779479980469,2284200,0.0,0.0,0.0
1997-04-04,74.5,75.859375,74.15625,75.84375,45.88496780395508,3706700,0.0,0.0,0.0
1997-04-07,76.1875,76.625,76.140625,76.140625,46.06459045410156,2596200,0.0,0.0,0.0
1997-04-08,76.125,76.78125,75.84375,76.6875,46.395442962646484,1822700,0.0,0.0,0.0
1997-04-09,77.0,77.046875,75.84375,76.0625,46.01730728149414,2453200,0.0,0.0,0.0
1997-04-10,76.09375,76.546875,75.6875,75.78125,45.84714126586914,1996500,0.0,0.0,0.0
1997-04-11,75.0625,75.3125,73.375,73.375,44.39141082763672,4221600,0.0,0.0,0.0
1997-04-14,73.734375,74.453125,73.3125,74.359375,44.98691940307617,3988500,0.0,0.0,0.0
1997-04-15,75.25,75.640625,74.5,75.625,45.75261688232422,2760400,0.0,0.0,0.0
1997-04-16,75.375,76.609375,75.25,76.5,46.2819938659668,2273300,0.0,0.0,0.0
1997-04-17,76.5,77.0,76.0,76.1875,46.092952728271484,1386000,0.0,0.0,0.0
1997-04-18,76.8125,76.984375,76.25,76.5625,46.31981658935547,1702100,0.0,0.0,0.0
1997-04-21,76.75,76.90625,75.46875,76.0625,46.01730728149414,2809400,0.0,0.0,0.0
1997-04-22,76.109375,77.734375,76.0,77.734375,47.02878189086914,3215000,0.0,0.0,0.0
1997-04-23,77.65625,78.03125,77.1875,77.8125,47.07604217529297,2047700,0.0,0.0,0.0
1997-04-24,78.046875,78.28125,76.875,77.421875,46.839717864990234,2689900,0.0,0.0,0.0
1997-04-25,77.0625,77.203125,76.421875,76.53125,46.300899505615234,1606200,0.0,0.0,0.0
1997-04-28,76.5,77.8125,76.375,77.28125,46.754634857177734,1666500,0.0,0.0,0.0
1997-04-29,78.59375,79.78125,78.296875,79.71875,48.22929382324219,3197400,0.0,0.0,0.0
1997-04-30,79.25,80.6875,79.21875,80.09375,48.456207275390625,3372200,0.0,0.0,0.0
1997-05-01,80.21875,80.53125,79.3125,80.0,48.39942169189453,2149500,0.0,0.0,0.0
1997-05-02,80.28125,81.671875,80.0625,81.4375,49.26914978027344,1448300,0.0,0.0,0.0
1997-05-05,81.65625,83.5625,81.296875,83.375,50.44131088256836,3636200,0.0,0.0,0.0
1997-05-06,82.96875,83.46875,82.5,83.3125,50.40351486206055,1721100,0.0,0.0,0.0
1997-05-07,83.0,83.0,81.40625,81.5,49.30698013305664,2327200,0.0,0.0,0.0
1997-05-08,81.3125,83.21875,81.1875,82.0625,49.647254943847656,2923700,0.0,0.0,0.0
1997-05-09,82.96875,83.125,81.65625,82.625,49.987571716308594,2558200,0.0,0.0,0.0
1997-05-12,82.9375,84.25,82.875,84.0,50.81944274902344,2357900,0.0,0.0,0.0
1997-05-13,83.9375,84.09375,83.015625,83.65625,50.611488342285156,1195100,0.0,0.0,0.0
1997-05-14,84.234375,84.5,83.4375,83.8125,50.70600509643555,2772000,0.0,0.0,0.0
1997-05-15,83.8125,84.59375,83.515625,84.375,51.046329498291016,884100,0.0,0.0,0.0
1997-05-16,84.125,84.3125,83.0,83.21875,50.34679412841797,1934200,0.0,0.0,0.0
1997-05-19,83.3125,83.90625,83.0625,83.46875,50.498008728027344,1375800,0.0,0.0,0.0
1997-05-20,83.28125,84.6875,82.75,84.46875,51.10303497314453,1756400,0.0,0.0,0.0
1997-05-21,84.6875,84.984375,83.65625,84.28125,50.98958969116211,1208000,0.0,0.0,0.0
1997-05-22,84.375,84.46875,83.5625,84.0,50.81944274902344,907600,0.0,0.0,0.0
1997-05-23,84.375,85.21875,84.15625,84.78125,51.292076110839844,644400,0.0,0.0,0.0
1997-05-27,84.375,85.53125,84.265625,85.125,51.50007247924805,1531000,0.0,0.0,0.0
1997-05-28,85.125,85.453125,84.515625,85.109375,51.490596771240234,716700,0.0,0.0,0.0
1997-05-29,85.09375,85.25,84.5,84.609375,51.1881103515625,1282700,0.0,0.0,0.0
1997-05-30,83.21875,85.5625,83.125,85.15625,51.51897048950195,2143300,0.0,0.0,0.0
1997-06-02,85.34375,85.5,84.71875,84.78125,51.292076110839844,1479100,0.0,0.0,0.0
1997-06-03,84.40625,85.4375,84.34375,84.5,51.12194061279297,1562100,0.0,0.0,0.0
1997-06-04,84.53125,84.75,84.078125,84.40625,51.065250396728516,1063100,0.0,0.0,0.0
1997-06-05,84.59375,85.3125,84.421875,84.71875,51.25428009033203,1180800,0.0,0.0,0.0
1997-06-06,84.59375,86.4375,84.59375,86.375,52.256282806396484,1511100,0.0,0.0,0.0
1997-06-09,86.4375,86.875,86.34375,86.8125,52.520992279052734,1823400,0.0,0.0,0.0
1997-06-10,86.84375,87.40625,86.5,87.078125,52.68167495727539,1217500,0.0,0.0,0.0
1997-06-11,87.0,87.40625,86.828125,87.28125,52.804561614990234,1673800,0.0,0.0,0.0
1997-06-12,87.875,89.0,87.5625,88.96875,53.82550048828125,4273300,0.0,0.0,0.0
1997-06-13,89.0625,90.0,88.90625,89.71875,54.27927017211914,2132900,0.0,0.0,0.0
1997-06-16,89.75,90.0,89.46875,89.75,54.29816436767578,800400,0.0,0.0,0.0
1997-06-17,89.4375,90.234375,88.9375,89.625,54.2225227355957,2048100,0.0,0.0,0.0
1997-06-18,89.125,89.625,88.96875,89.3125,54.03346633911133,1971900,0.0,0.0,0.0
1997-06-19,89.609375,90.5,89.375,90.234375,54.591209411621094,2029900,0.0,0.0,0.0
1997-06-20,89.9375,90.34375,89.5,89.578125,54.405181884765625,1396900,0.35,0.0,0.0
1997-06-23,89.40625,89.90625,87.34375,87.40625,53.08609390258789,3991500,0.0,0.0,0.0
1997-06-24,88.25,89.875,88.0,89.625,54.433677673339844,4895100,0.0,0.0,0.0
1997-06-25,89.484375,90.25,87.9375,89.0,54.05409240722656,4708900,0.0,0.0,0.0
1997-06-26,88.84375,89.625,87.6875,88.5625,53.78834915161133,2569900,0.0,0.0,0.0
1997-06-27,88.96875,89.71875,88.6875,88.90625,53.99713897705078,2617900,0.0,0.0,0.0
1997-06-30,88.90625,89.46875,87.875,88.3125,53.63651657104492,2384900,0.0,0.0,0.0
1997-07-01,88.5,89.5625,88.390625,89.34375,54.26287078857422,1749000,0.0,0.0,0.0
1997-07-02,89.5625,90.8125,89.21875,90.8125,55.154869079589844,1961800,0.0,0.0,0.0
1997-07-03,91.875,92.15625,91.46875,92.0625,55.91407775878906,2539100,0.0,0.0,0.0
1997-07-07,92.375,92.5,90.90625,91.125,55.34468078613281,1158600,0.0,0.0,0.0
1997-07-08,91.25,92.1875,91.1875,92.078125,55.923587799072266,3396500,0.0,0.0,0.0
1997-07-09,92.3125,92.375,90.03125,91.0625,55.30673599243164,5390300,0.0,0.0,0.0
1997-07-10,91.125,91.84375,90.484375,91.46875,55.5534782409668,2072200,0.0,0.0,0.0
1997-07-11,91.59375,92.1875,91.375,91.78125,55.7432861328125,2258900,0.0,0.0,0.0
1997-07-14,91.890625,92.3125,91.21875,92.0625,55.91407775878906,3186400,0.0,0.0,0.0
1997-07-15,92.3125,92.765625,91.46875,92.53125,56.198787689208984,2983100,0.0,0.0,0.0
1997-07-16,93.125,94.09375,92.890625,93.75,56.93899917602539,2621300,0.0,0.0,0.0
1997-07-17,93.625,93.8125,92.78125,93.28125,56.65431213378906,1794800,0.0,0.0,0.0
1997-07-18,93.015625,93.21875,91.0625,91.296875,55.44905090332031,3961900,0.0,0.0,0.0
1997-07-21,91.28125,91.59375,90.6875,91.3125,55.458580017089844,3810300,0.0,0.0,0.0
1997-07-22,91.6875,93.796875,91.625,93.734375,56.929508209228516,4243400,0.0,0.0,0.0
1997-07-23,93.9375,94.484375,93.53125,93.65625,56.88203811645508,3204300,0.0,0.0,0.0
1997-07-24,93.9375,94.265625,92.6875,94.09375,57.14776611328125,4152700,0.0,0.0,0.0
1997-07-25,94.5625,94.8125,93.625,94.03125,57.10981750488281,2364800,0.0,0.0,0.0
1997-07-28,94.25,94.5625,93.5,93.96875,57.07183074951172,2794700,0.0,0.0,0.0
1997-07-29,93.625,94.46875,93.421875,94.28125,57.26163864135742,2737100,0.0,0.0,0.0
1997-07-30,94.5,95.625,94.40625,95.40625,57.944908142089844,4839800,0.0,0.0,0.0
1997-07-31,95.40625,96.03125,95.03125,95.3125,57.88795471191406,2138700,0.0,0.0,0.0
1997-08-01,95.5,95.71875,93.8125,94.9375,57.66020202636719,7077700,0.0,0.0,0.0
1997-08-04,94.78125,95.546875,94.40625,95.1875,57.81203079223633,2339500,0.0,0.0,0.0
1997-08-05,95.09375,95.6875,94.90625,95.25,57.8499870300293,1466700,0.0,0.0,0.0
1997-08-06,95.4375,96.53125,95.0625,96.03125,58.324493408203125,2478200,0.0,0.0,0.0
1997-08-07,96.5,96.625,95.125,95.3125,57.88795471191406,3641900,0.0,0.0,0.0
1997-08-08,94.3125,94.75,92.40625,93.375,56.71120834350586,7113100,0.0,0.0,0.0
1997-08-11,93.75,94.28125,92.625,94.0625,57.1287841796875,6355900,0.0,0.0,0.0
1997-08-12,94.21875,94.546875,92.46875,92.5625,56.217769622802734,6132500,0.0,0.0,0.0
1997-08-13,93.6875,93.84375,91.46875,92.28125,56.046913146972656,6982300,0.0,0.0,0.0
1997-08-14,93.09375,93.3125,91.71875,92.625,56.25572967529297,3462700,0.0,0.0,0.0
1997-08-15,92.125,92.125,89.625,89.78125,54.528564453125,4907100,0.0,0.0,0.0
1997-08-18,90.375,91.78125,89.34375,91.78125,55.7432861328125,5638900,0.0,0.0,0.0
1997-08-19,92.21875,92.90625,91.53125,92.84375,56.38859939575195,3802800,0.0,0.0,0.0
1997-08-20,92.9375,94.3125,92.609375,94.25,57.24268341064453,3564600,0.0,0.0,0.0
1997-08-21,94.125,94.25,92.09375,92.59375,56.23672866821289,5392600,0.0,0.0,0.0
1997-08-22,91.0,92.734375,90.5625,92.5625,56.217769622802734,8087800,0.0,0.0,0.0
1997-08-25,92.78125,93.40625,91.84375,92.21875,56.00899887084961,3888000,0.0,0.0,0.0
1997-08-26,92.0,92.5625,90.703125,90.859375,55.18337631225586,4290000,0.0,0.0,0.0
1997-08-27,91.0,91.96875,90.40625,91.40625,55.51547622680664,5484300,0.0,0.0,0.0
1997-08-28,91.1875,91.9375,90.0,90.015625,54.67091751098633,4287900,0.0,0.0,0.0
1997-08-29,90.125,91.109375,89.71875,90.375,54.88919448852539,2652300,0.0,0.0,0.0
1997-09-02,90.6875,93.359375,90.59375,93.3125,56.673248291015625,7294000,0.0,0.0,0.0
1997-09-03,93.296875,94.0,92.75,92.8125,56.369598388671875,2812500,0.0,0.0,0.0
1997-09-04,93.0625,93.71875,92.75,93.40625,56.730224609375,2473700,0.0,0.0,0.0
1997-09-05,93.96875,94.4375,92.59375,93.140625,56.56889724731445,3663300,0.0,0.0,0.0
1997-09-08,93.71875,94.0,93.3125,93.546875,56.81562423706055,803500,0.0,0.0,0.0
1997-09-09,93.21875,94.28125,92.90625,93.59375,56.8441047668457,1885200,0.0,0.0,0.0
1997-09-10,93.125,93.5,91.65625,91.65625,55.667320251464844,3623700,0.0,0.0,0.0
1997-09-11,91.78125,91.90625,90.25,91.1875,55.38264846801758,7055900,0.0,0.0,0.0
1997-09-12,92.0,92.96875,90.9375,92.65625,56.27469253540039,6708000,0.0,0.0,0.0
1997-09-15,92.65625,93.3125,92.1875,92.5,56.17980194091797,2060500,0.0,0.0,0.0
1997-09-16,93.3125,95.28125,93.03125,94.8125,57.584266662597656,6979000,0.0,0.0,0.0
1997-09-17,95.375,95.5,94.5,94.8125,57.584266662597656,2220000,0.0,0.0,0.0
1997-09-18,95.0,96.375,94.96875,95.21875,57.83104705810547,5045400,0.0,0.0,0.0
1997-09-19,94.65625,95.359375,94.40625,95.03125,57.928855895996094,1566400,0.348,0.0,0.0
1997-09-22,95.5,96.203125,95.21875,95.5625,58.252716064453125,3259000,0.0,0.0,0.0
1997-09-23,95.5625,95.703125,94.75,95.125,57.986000061035156,1872800,0.0,0.0,0.0
1997-09-24,95.375,96.109375,94.28125,94.34375,57.50978088378906,2793100,0.0,0.0,0.0
1997-09-25,94.25,94.75,93.625,93.6875,57.109764099121094,6327800,0.0,0.0,0.0
1997-09-26,94.4375,94.8125,94.1875,94.46875,57.585968017578125,3995800,0.0,0.0,0.0
1997-09-29,94.5,95.5625,94.15625,95.375,58.13839340209961,2065000,0.0,0.0,0.0
1997-09-30,95.0,95.6875,94.375,94.375,57.52885437011719,4137600,0.0,0.0,0.0
1997-10-01,95.25,95.8125,94.78125,95.625,58.29074478149414,3567500,0.0,0.0,0.0
1997-10-02,95.53125,96.1875,95.3125,96.15625,58.61463165283203,2577500,0.0,0.0,0.0
1997-10-03,97.46875,97.75,95.34375,96.640625,58.909889221191406,6499900,0.0,0.0,0.0
1997-10-06,97.3125,97.609375,96.90625,97.28125,59.3004035949707,2272100,0.0,0.0,0.0
1997-10-07,97.53125,98.5,97.203125,98.1875,59.85285568237305,1832800,0.0,0.0,0.0
1997-10-08,98.359375,98.375,96.734375,97.5,59.43373489379883,4439400,0.0,0.0,0.0
1997-10-09,96.78125,97.609375,96.21875,97.15625,59.22419357299805,3607600,0.0,0.0,0.0
1997-10-10,96.3125,96.984375,96.25,96.875,59.05278778076172,2858100,0.0,0.0,0.0
1997-10-13,97.34375,97.546875,96.71875,96.96875,59.10989761352539,1760300,0.0,0.0,0.0
1997-10-14,97.46875,97.5,96.1875,97.0,59.12895584106445,2235700,0.0,0.0,0.0
1997-10-15,96.3125,97.0625,96.28125,96.78125,58.9956169128418,2601700,0.0,0.0,0.0
1997-10-16,97.3125,97.5,95.0,95.25,58.06222915649414,9488100,0.0,0.0,0.0
1997-10-17,95.015625,95.375,93.0,94.28125,57.471683502197266,8151300,0.0,0.0,0.0
1997-10-20,94.84375,95.75,94.15625,95.625,58.29074478149414,3636400,0.0,0.0,0.0
1997-10-21,96.21875,97.5,96.03125,97.484375,59.42424011230469,5225400,0.0,0.0,0.0
1997-10-22,97.34375,97.390625,96.53125,96.84375,59.03372573852539,4485200,0.0,0.0,0.0
1997-10-23,94.9375,95.75,94.28125,94.9375,57.8717155456543,8054100,0.0,0.0,0.0
1997-10-24,96.15625,96.15625,93.671875,94.0,57.30023956298828,6778700,0.0,0.0,0.0
1997-10-27,93.015625,93.9375,86.84375,87.1875,53.14749526977539,10840700,0.0,0.0,0.0
1997-10-28,84.375,92.875,84.375,92.21875,56.21443176269531,19548000,0.0,0.0,0.0
1997-10-29,92.5,93.75,91.28125,91.96875,56.062068939208984,10134400,0.0,0.0,0.0
1997-10-30,90.625,92.5625,89.75,89.9375,54.823814392089844,9772900,0.0,0.0,0.0
1997-10-31,91.8125,92.5,90.4375,92.0625,56.119197845458984,7072700,0.0,0.0,0.0
1997-11-03,93.1875,94.375,92.875,94.0,57.30023956298828,5548500,0.0,0.0,0.0
1997-11-04,93.875,94.4375,93.28125,94.0,57.30023956298828,3455700,0.0,0.0,0.0
1997-11-05,94.1875,95.28125,93.84375,94.3125,57.490760803222656,4774900,0.0,0.0,0.0
1997-11-06,94.03125,94.34375,93.5,93.953125,57.27168273925781,3679800,0.0,0.0,0.0
1997-11-07,92.375,93.25,91.4375,92.9375,56.65257263183594,10606800,0.0,0.0,0.0
1997-11-10,93.625,93.84375,92.0,92.375,56.309654235839844,4347900,0.0,0.0,0.0
1997-11-11,92.6875,93.0625,92.03125,92.40625,56.3287239074707,3212400,0.0,0.0,0.0
1997-11-12,91.625,92.71875,90.375,90.5,55.16670227050781,6775300,0.0,0.0,0.0
1997-11-13,91.46875,92.15625,90.09375,91.8125,55.96678161621094,8589600,0.0,0.0,0.0
1997-11-14,92.3125,93.390625,91.609375,93.0625,56.728763580322266,5827900,0.0,0.0,0.0
1997-11-17,94.375,95.3125,94.03125,94.78125,57.77643585205078,5149900,0.0,0.0,0.0
1997-11-18,94.8125,95.09375,93.890625,94.1875,57.414512634277344,3433600,0.0,0.0,0.0
1997-11-19,93.6875,95.0625,92.75,94.65625,57.70026397705078,4387900,0.0,0.0,0.0
1997-11-20,95.3125,96.53125,95.28125,96.09375,58.57655715942383,4822700,0.0,0.0,0.0
1997-11-21,96.625,96.8125,95.65625,96.75,58.97654342651367,5436500,0.0,0.0,0.0
1997-11-24,96.0,96.34375,94.625,95.0,57.90979766845703,4337200,0.0,0.0,0.0
1997-11-25,95.625,95.8125,94.65625,95.25,58.06222915649414,4525000,0.0,0.0,0.0
1997-11-26,95.875,95.984375,95.3125,95.53125,58.233680725097656,2681100,0.0,0.0,0.0
1997-11-28,95.75,96.25,95.59375,95.625,58.29074478149414,1564700,0.0,0.0,0.0
1997-12-01,96.21875,98.09375,96.03125,98.09375,59.795711517333984,4850900,0.0,0.0,0.0
1997-12-02,97.6875,97.984375,97.25,97.5,59.43373489379883,1974900,0.0,0.0,0.0
1997-12-03,97.625,98.53125,96.875,97.78125,59.605220794677734,3302500,0.0,0.0,0.0
1997-12-04,98.5,98.71875,97.375,97.6875,59.548038482666016,2872500,0.0,0.0,0.0
1997-12-05,97.375,99.0,97.125,98.9375,60.310020446777344,3458800,0.0,0.0,0.0
1997-12-08,98.96875,99.0,98.25,98.65625,60.13859558105469,2289200,0.0,0.0,0.0
1997-12-09,98.21875,98.59375,97.625,98.0625,59.77665328979492,1703000,0.0,0.0,0.0
1997-12-10,97.5625,97.84375,96.46875,97.21875,59.262325286865234,3558400,0.0,0.0,0.0
1997-12-11,96.3125,96.59375,95.3125,95.5625,58.252716064453125,5072800,0.0,0.0,0.0
1997-12-12,96.4375,96.5,94.90625,95.75,58.36699676513672,4478400,0.0,0.0,0.0
1997-12-15,96.25,97.109375,95.875,96.71875,58.957515716552734,4674700,0.0,0.0,0.0
1997-12-16,97.21875,97.8125,96.875,97.3125,59.31946563720703,2885800,0.0,0.0,0.0
1997-12-17,97.84375,97.875,96.703125,96.8125,59.01468276977539,2236300,0.0,0.0,0.0
1997-12-18,96.9375,96.9375,95.21875,95.875,58.443206787109375,4658300,0.0,0.0,0.0
1997-12-19,94.53125,95.875,92.375,94.78125,58.00638961791992,8556000,0.38,0.0,0.0
1997-12-22,95.4375,95.90625,94.5625,95.390625,58.37934494018555,5136800,0.0,0.0,0.0
1997-12-23,95.4375,95.625,93.53125,93.6875,57.3370246887207,4436500,0.0,0.0,0.0
1997-12-24,94.4375,94.4375,93.25,93.40625,57.16487121582031,2019200,0.0,0.0,0.0
1997-12-26,94.125,94.125,93.40625,93.78125,57.394325256347656,941800,0.0,0.0,0.0
1997-12-29,94.59375,95.71875,94.4375,95.625,58.52277374267578,2080000,0.0,0.0,0.0
1997-12-30,95.9375,97.25,95.84375,97.125,59.440773010253906,3616000,0.0,0.0,0.0
1997-12-31,96.875,97.625,96.6875,97.0625,59.40251922607422,4359500,0.0,0.0,0.0
1998-01-02,97.3125,97.65625,96.53125,97.5625,59.70848846435547,2360900,0.0,0.0,0.0
1998-01-05,97.84375,98.4375,96.78125,97.78125,59.84239959716797,4191800,0.0,0.0,0.0
1998-01-06,97.25,97.28125,96.1875,96.21875,58.88615036010742,3154900,0.0,0.0,0.0
1998-01-07,96.09375,96.71875,95.21875,96.46875,59.03913497924805,4424200,0.0,0.0,0.0
1998-01-08,96.3125,96.3125,95.375,95.625,58.52277374267578,3831000,0.0,0.0,0.0
1998-01-09,95.25,95.5,91.90625,92.3125,56.49552536010742,10258800,0.0,0.0,0.0
1998-01-12,91.125,94.1875,90.90625,94.0,57.52825164794922,12097900,0.0,0.0,0.0
1998-01-13,94.625,95.375,94.21875,95.3125,58.33151626586914,5224900,0.0,0.0,0.0
1998-01-14,95.6875,95.96875,94.71875,95.75,58.5992317199707,3770400,0.0,0.0,0.0
1998-01-15,95.5,95.75,94.8125,94.953125,58.111572265625,2875400,0.0,0.0,0.0
1998-01-16,96.25,96.6875,95.65625,96.3125,58.943504333496094,4374800,0.0,0.0,0.0
1998-01-20,96.6875,98.015625,96.5,97.875,59.899723052978516,5091700,0.0,0.0,0.0
1998-01-21,97.21875,97.6875,96.15625,96.9375,59.32602310180664,4699400,0.0,0.0,0.0
1998-01-22,96.15625,96.875,95.875,96.078125,58.80007553100586,4543400,0.0,0.0,0.0
1998-01-23,96.5,96.78125,95.0,95.9375,58.7140007019043,6350300,0.0,0.0,0.0
1998-01-26,96.375,96.734375,95.40625,95.875,58.675743103027344,4362900,0.0,0.0,0.0
1998-01-27,95.8125,97.5,95.65625,96.84375,59.268619537353516,7044200,0.0,0.0,0.0
1998-01-28,97.40625,98.109375,97.1875,97.71875,59.80410385131836,4268600,0.0,0.0,0.0
1998-01-29,97.84375,99.5625,97.5625,98.25,60.1292610168457,8007700,0.0,0.0,0.0
1998-01-30,98.78125,98.96875,98.0,98.3125,60.16749572753906,3649100,0.0,0.0,0.0
1998-02-02,99.90625,100.5,99.75,99.9375,61.162017822265625,5756300,0.0,0.0,0.0
1998-02-03,100.0,100.8125,99.71875,100.6875,61.62102508544922,2759600,0.0,0.0,0.0
1998-02-04,100.28125,101.15625,99.9375,100.5625,61.544498443603516,3374000,0.0,0.0,0.0
1998-02-05,101.3125,101.59375,100.03125,100.5,61.50627136230469,5076200,0.0,0.0,0.0
1998-02-06,101.0,101.625,100.6875,101.625,62.19477462768555,5701200,0.0,0.0,0.0
1998-02-09,101.71875,101.75,100.71875,101.28125,61.98439407348633,2322200,0.0,0.0,0.0
1998-02-10,101.4375,102.46875,101.1875,102.25,62.57727813720703,3660400,0.0,0.0,0.0
1998-02-11,102.09375,102.34375,101.703125,102.15625,62.51990509033203,4073200,0.0,0.0,0.0
1998-02-12,101.71875,102.9375,100.875,102.59375,62.787635803222656,5024700,0.0,0.0,0.0
1998-02-13,102.1875,102.515625,101.875,102.0,62.42425537109375,2101300,0.0,0.0,0.0
1998-02-17,102.8125,103.09375,102.15625,102.5,62.73027420043945,3055500,0.0,0.0,0.0
1998-02-18,102.3125,103.484375,102.28125,103.4375,63.30401611328125,3007400,0.0,0.0,0.0
1998-02-19,103.25,103.40625,102.75,102.890625,62.969337463378906,3387800,0.0,0.0,0.0
1998-02-20,103.15625,103.71875,102.375,103.65625,63.43793869018555,3707000,0.0,0.0,0.0
1998-02-23,104.25,104.25,103.34375,104.0625,63.68653106689453,3227800,0.0,0.0,0.0
1998-02-24,103.90625,104.09375,102.9375,103.25,63.18928146362305,3386800,0.0,0.0,0.0
1998-02-25,103.75,104.875,103.625,104.53125,63.97336959838867,3481800,0.0,0.0,0.0
1998-02-26,104.4375,105.21875,104.1875,105.125,64.3367919921875,3187600,0.0,0.0,0.0
1998-02-27,104.96875,105.53125,104.53125,105.125,64.3367919921875,3442900,0.0,0.0,0.0
1998-03-02,105.25,105.75,104.625,104.90625,64.20288848876953,4252300,0.0,0.0,0.0
1998-03-03,104.53125,105.625,104.53125,105.5,64.56626892089844,3349200,0.0,0.0,0.0
1998-03-04,105.09375,105.40625,104.4375,104.8125,64.1454849243164,4404100,0.0,0.0,0.0
1998-03-05,103.5,104.4375,103.15625,103.84375,63.55268096923828,7268000,0.0,0.0,0.0
1998-03-06,104.5625,105.9375,104.4375,105.9375,64.8340072631836,6896300,0.0,0.0,0.0
1998-03-09,105.53125,106.21875,105.25,105.5625,64.60456085205078,3362800,0.0,0.0,0.0
1998-03-10,106.21875,106.84375,105.9375,106.5625,65.216552734375,5481900,0.0,0.0,0.0
1998-03-11,106.96875,107.3125,106.78125,107.0625,65.52256774902344,3439600,0.0,0.0,0.0
1998-03-12,107.09375,107.59375,106.5,107.5,65.7903060913086,3191300,0.0,0.0,0.0
1998-03-13,107.84375,108.0,106.875,107.09375,65.54166412353516,2879400,0.0,0.0,0.0
1998-03-16,107.84375,108.375,107.53125,108.25,66.24930572509766,3223600,0.0,0.0,0.0
1998-03-17,108.3125,108.5625,107.65625,108.5625,66.44053649902344,4581900,0.0,0.0,0.0
1998-03-18,108.25,108.96875,108.03125,108.96875,66.68914031982422,1944100,0.0,0.0,0.0
1998-03-19,108.96875,109.375,108.65625,109.25,66.86129760742188,2554800,0.0,0.0,0.0
1998-03-20,109.5625,110.1875,108.875,109.875,67.43695831298828,3123300,0.313,0.0,0.0
1998-03-23,109.71875,110.3125,109.40625,109.625,67.28355407714844,4453100,0.0,0.0,0.0
1998-03-24,110.0625,110.8125,109.9375,110.5625,67.85888671875,3333600,0.0,0.0,0.0
1998-03-25,111.40625,111.53125,109.1875,110.15625,67.60966491699219,4597600,0.0,0.0,0.0
1998-03-26,109.875,110.75,109.625,110.09375,67.57128143310547,3333500,0.0,0.0,0.0
1998-03-27,110.75,110.78125,109.0,109.625,67.28355407714844,2611300,0.0,0.0,0.0
1998-03-30,109.625,110.09375,108.96875,109.5625,67.24520874023438,3108700,0.0,0.0,0.0
1998-03-31,110.15625,111.1875,109.75,109.9375,67.475341796875,5926500,0.0,0.0,0.0
1998-04-01,110.3125,111.078125,109.40625,110.828125,68.02200317382812,2929000,0.0,0.0,0.0
1998-04-02,110.9375,112.25,110.75,112.03125,68.76045989990234,3920900,0.0,0.0,0.0
1998-04-03,112.34375,112.8125,111.84375,112.59375,69.10568237304688,3787600,0.0,0.0,0.0
1998-04-06,113.25,113.375,111.6875,111.6875,68.54948425292969,4550500,0.0,0.0,0.0
1998-04-07,111.75,111.9375,110.15625,110.9375,68.0891342163086,5583700,0.0,0.0,0.0
1998-04-08,111.21875,111.28125,109.75,110.3125,67.70552825927734,4854800,0.0,0.0,0.0
1998-04-09,110.5625,111.28125,110.53125,111.1875,68.2425537109375,4481200,0.0,0.0,0.0
1998-04-13,111.375,111.375,110.0,110.875,68.05074310302734,4350200,0.0,0.0,0.0
1998-04-14,111.125,111.8125,110.90625,111.8125,68.62615203857422,3279100,0.0,0.0,0.0
1998-04-15,111.96875,112.125,111.15625,112.125,68.81795501708984,3867200,0.0,0.0,0.0
1998-04-16,111.3125,111.5,110.5,110.8125,68.01238250732422,7177900,0.0,0.0,0.0
1998-04-17,110.71875,112.4375,110.4375,112.28125,68.91385650634766,5688800,0.0,0.0,0.0
1998-04-20,112.0,112.5625,111.875,112.25,68.89470672607422,3688300,0.0,0.0,0.0
1998-04-21,112.4375,113.15625,111.90625,112.78125,69.22075653076172,4573200,0.0,0.0,0.0
1998-04-22,112.875,113.4375,112.8125,113.09375,69.41253662109375,2386100,0.0,0.0,0.0
1998-04-23,112.625,113.0,111.75,112.0,68.7412338256836,5062000,0.0,0.0,0.0
1998-04-24,111.75,112.46875,110.34375,110.8125,68.01238250732422,11039700,0.0,0.0,0.0
1998-04-27,109.375,109.6875,107.625,108.71875,66.72731018066406,14510200,0.0,0.0,0.0
1998-04-28,109.78125,109.8125,108.125,108.5625,66.63143920898438,6511400,0.0,0.0,0.0
1998-04-29,109.03125,109.96875,108.4375,109.3125,67.09180450439453,7703100,0.0,0.0,0.0
1998-04-30,110.5625,111.921875,110.40625,111.34375,68.33846282958984,8684500,0.0,0.0,0.0
1998-05-01,111.75,112.59375,111.3125,112.59375,69.10568237304688,4008800,0.0,0.0,0.0
1998-05-04,112.71875,113.3125,112.15625,112.3125,68.93301391601562,4537200,0.0,0.0,0.0
1998-05-05,112.0,112.15625,111.125,111.53125,68.45354461669922,5146400,0.0,0.0,0.0
1998-05-06,112.125,112.125,110.1875,110.21875,67.64797973632812,5526100,0.0,0.0,0.0
1998-05-07,110.5,110.5625,109.34375,109.34375,67.1109390258789,6940400,0.0,0.0,0.0
1998-05-08,110.0,111.375,110.0,111.125,68.20421600341797,7951000,0.0,0.0,0.0
1998-05-11,111.5625,112.21875,110.375,110.75,67.9740219116211,6336300,0.0,0.0,0.0
1998-05-12,110.8125,111.96875,110.34375,111.9375,68.70287322998047,6045200,0.0,0.0,0.0
1998-05-13,112.0625,112.5625,111.59375,112.21875,68.87549591064453,4441500,0.0,0.0,0.0
1998-05-14,111.53125,112.6875,111.34375,111.65625,68.53024291992188,4187500,0.0,0.0,0.0
1998-05-15,112.0,112.21875,110.8125,111.03125,68.14665222167969,6716100,0.0,0.0,0.0
1998-05-18,110.71875,111.59375,109.828125,110.59375,67.87814331054688,4847200,0.0,0.0,0.0
1998-05-19,111.0,111.6875,110.78125,111.34375,68.33846282958984,5918700,0.0,0.0,0.0
1998-05-20,112.09375,112.5,110.875,112.40625,68.9905776977539,5716600,0.0,0.0,0.0
1998-05-21,112.375,112.78125,111.3125,111.6875,68.54948425292969,6301500,0.0,0.0,0.0
1998-05-22,111.75,112.0625,110.9375,111.25,68.2809066772461,4862200,0.0,0.0,0.0
1998-05-26,112.09375,112.09375,109.1875,109.46875,67.18766021728516,6899300,0.0,0.0,0.0
1998-05-27,108.53125,109.90625,107.578125,109.625,67.28355407714844,10202600,0.0,0.0,0.0
1998-05-28,109.875,110.375,109.0625,110.125,67.59043884277344,4907600,0.0,0.0,0.0
1998-05-29,110.625,110.8125,109.03125,109.03125,66.91915130615234,4772600,0.0,0.0,0.0
1998-06-01,108.96875,110.21875,108.5625,109.53125,67.22601318359375,6092200,0.0,0.0,0.0
1998-06-02,110.0,110.34375,109.15625,109.625,67.28355407714844,6701100,0.0,0.0,0.0
1998-06-03,109.875,110.1875,107.875,107.875,66.20945739746094,6445100,0.0,0.0,0.0
1998-06-04,108.25,110.0625,108.0625,109.875,67.43695831298828,6566300,0.0,0.0,0.0
1998-06-05,110.375,112.0,109.875,112.0,68.7412338256836,8463200,0.0,0.0,0.0
1998-06-08,111.9375,112.46875,111.65625,111.875,68.66451263427734,4159900,0.0,0.0,0.0
1998-06-09,111.71875,112.421875,111.40625,112.21875,68.87549591064453,2725300,0.0,0.0,0.0
1998-06-10,111.625,113.0625,111.25,111.5,68.43435668945312,6186900,0.0,0.0,0.0
1998-06-11,111.4375,111.875,109.375,109.40625,67.14928436279297,8056600,0.0,0.0,0.0
1998-06-12,109.875,110.4375,108.25,110.4375,67.7822036743164,9779000,0.0,0.0,0.0
1998-06-15,108.8125,109.90625,107.5,107.53125,65.99848175048828,10234200,0.0,0.0,0.0
1998-06-16,108.40625,109.21875,107.75,109.1875,67.01505279541016,7471500,0.0,0.0,0.0
1998-06-17,110.15625,111.78125,109.9375,111.46875,68.41515350341797,12057700,0.0,0.0,0.0
1998-06-18,111.1875,111.4375,110.75,110.96875,68.10832977294922,3844600,0.0,0.0,0.0
1998-06-19,111.0625,111.234375,109.625,110.0625,67.76704406738281,3549100,0.352,0.0,0.0
1998-06-22,110.25,111.0625,110.0625,110.59375,68.09416198730469,5438300,0.0,0.0,0.0
1998-06-23,111.09375,112.0625,111.0,111.90625,68.90225982666016,5004600,0.0,0.0,0.0
1998-06-24,112.15625,113.6875,111.609375,113.40625,69.82581329345703,8291900,0.0,0.0,0.0
1998-06-25,113.90625,114.4375,112.8125,113.21875,69.71038818359375,5854800,0.0,0.0,0.0
1998-06-26,113.3125,113.84375,113.125,113.6875,69.99899291992188,4833100,0.0,0.0,0.0
1998-06-29,114.25,114.6875,113.796875,114.09375,70.2491455078125,5953400,0.0,0.0,0.0
1998-06-30,113.90625,114.1875,113.0625,113.3125,69.76812744140625,4284800,0.0,0.0,0.0
1998-07-01,114.0625,114.9375,113.625,114.625,70.57625579833984,3489500,0.0,0.0,0.0
1998-07-02,114.71875,114.875,114.25,114.84375,70.7109375,3503900,0.0,0.0,0.0
1998-07-06,114.78125,116.0,114.5625,116.0,71.42283630371094,3144400,0.0,0.0,0.0
1998-07-07,115.984375,116.125,115.28125,115.78125,71.28814697265625,4920700,0.0,0.0,0.0
1998-07-08,115.875,116.9375,115.75,116.625,71.80767059326172,6875000,0.0,0.0,0.0
1998-07-09,116.28125,116.71875,115.625,115.84375,71.32662963867188,6942500,0.0,0.0,0.0
1998-07-10,116.03125,116.9375,115.0625,116.46875,71.7114486694336,7849700,0.0,0.0,0.0
1998-07-13,116.5625,116.84375,116.0625,116.5,71.73067474365234,6555100,0.0,0.0,0.0
1998-07-14,116.9375,118.15625,116.9375,117.8125,72.53881072998047,6983600,0.0,0.0,0.0
1998-07-15,118.0625,118.28125,117.53125,117.59375,72.40412902832031,4977500,0.0,0.0,0.0
1998-07-16,117.6875,118.59375,117.0625,118.40625,72.90438079833984,6315600,0.0,0.0,0.0
1998-07-17,118.625,119.0,118.3125,118.5625,73.0006332397461,3539500,0.0,0.0,0.0
1998-07-20,118.75,119.234375,117.9375,118.5625,73.0006332397461,2338400,0.0,0.0,0.0
1998-07-21,119.0,119.0,116.28125,116.5,71.73067474365234,5518600,0.0,0.0,0.0
1998-07-22,116.34375,116.984375,115.53125,116.5,71.73067474365234,10417300,0.0,0.0,0.0
1998-07-23,116.3125,116.59375,113.90625,114.1875,70.3068618774414,15110900,0.0,0.0,0.0
1998-07-24,114.96875,115.09375,112.875,114.09375,70.2491455078125,11540500,0.0,0.0,0.0
1998-07-27,113.625,115.0,112.84375,114.90625,70.74938201904297,9600000,0.0,0.0,0.0
1998-07-28,114.4375,114.65625,111.875,112.96875,69.55645751953125,13693000,0.0,0.0,0.0
1998-07-29,113.71875,114.125,112.25,112.53125,69.28709411621094,7462400,0.0,0.0,0.0
1998-07-30,113.625,114.59375,113.40625,114.21875,70.32610321044922,6821600,0.0,0.0,0.0
1998-07-31,114.34375,114.5,111.3125,111.78125,68.82530212402344,7680500,0.0,0.0,0.0
1998-08-03,111.78125,112.421875,111.03125,111.3125,68.53668212890625,10486500,0.0,0.0,0.0
1998-08-04,112.21875,112.21875,107.0,107.0,65.88140869140625,15091600,0.0,0.0,0.0
1998-08-05,107.9375,108.875,105.59375,108.46875,66.78575897216797,21718400,0.0,0.0,0.0
1998-08-06,108.125,109.5,107.5625,108.9375,67.0743408203125,13084400,0.0,0.0,0.0
1998-08-07,109.6875,110.59375,108.46875,109.125,67.1897964477539,12083800,0.0,0.0,0.0
1998-08-10,108.75,109.65625,108.1875,108.5,66.80497741699219,6273000,0.0,0.0,0.0
1998-08-11,106.78125,107.4375,105.5,106.875,65.80445098876953,14287100,0.0,0.0,0.0
1998-08-12,107.75,108.875,107.5,108.6875,66.92044830322266,11158400,0.0,0.0,0.0
1998-08-13,108.8125,109.65625,107.375,107.375,66.11227416992188,9073900,0.0,0.0,0.0
1998-08-14,108.34375,108.71875,105.78125,106.125,65.34264373779297,8628500,0.0,0.0,0.0
1998-08-17,106.0,108.9375,105.5,108.375,66.7280044555664,11290000,0.0,0.0,0.0
1998-08-18,109.0,110.59375,108.78125,110.375,67.9594497680664,7603900,0.0,0.0,0.0
1998-08-19,111.09375,111.09375,109.625,110.09375,67.78629302978516,6258600,0.0,0.0,0.0
1998-08-20,109.6875,110.40625,109.15625,109.4375,67.3822021484375,7402800,0.0,0.0,0.0
1998-08-21,108.1875,108.71875,105.5,108.5625,66.84349822998047,16685400,0.0,0.0,0.0
1998-08-24,109.25,109.9375,108.3125,109.25,67.26675415039062,7201700,0.0,0.0,0.0
1998-08-25,110.375,111.25,108.640625,109.5,67.4206771850586,9688300,0.0,0.0,0.0
1998-08-26,108.28125,109.625,107.75,108.875,67.03590393066406,9339700,0.0,0.0,0.0
1998-08-27,107.0,107.5625,103.46875,103.75,63.8803596496582,24887800,0.0,0.0,0.0
1998-08-28,104.96875,105.71875,102.15625,103.375,63.649417877197266,23735900,0.0,0.0,0.0
1998-08-31,103.75,104.015625,95.0,96.0,59.10855484008789,22563100,0.0,0.0,0.0
1998-09-01,96.0625,100.5625,93.625,100.0625,61.60991668701172,24748500,0.0,0.0,0.0
1998-09-02,99.8125,101.75,98.78125,99.34375,61.16734313964844,13843200,0.0,0.0,0.0
1998-09-03,97.625,99.375,96.75,98.5625,60.68632507324219,17311300,0.0,0.0,0.0
1998-09-04,99.4375,99.8125,95.75,97.75,60.18605041503906,17783800,0.0,0.0,0.0
1998-09-08,100.875,103.0,99.8125,103.0,63.4185676574707,14746500,0.0,0.0,0.0
1998-09-09,102.75,103.125,100.4375,100.5,61.87925338745117,12109700,0.0,0.0,0.0
1998-09-10,98.4375,99.34375,96.8125,98.5,60.64783477783203,19889300,0.0,0.0,0.0
1998-09-11,98.1875,101.6875,97.0,101.6875,62.61044692993164,20379800,0.0,0.0,0.0
1998-09-14,102.875,104.453125,102.09375,103.4375,63.687923431396484,10686800,0.0,0.0,0.0
1998-09-15,102.875,104.3125,102.28125,104.0625,64.07279205322266,8337900,0.0,0.0,0.0
1998-09-16,104.75,105.25,103.15625,105.0,64.64998626708984,11024900,0.0,0.0,0.0
1998-09-17,102.25,103.03125,101.78125,102.0,62.80282211303711,12945200,0.0,0.0,0.0
1998-09-18,102.375,102.40625,101.09375,102.09375,63.082611083984375,7019200,0.359,0.0,0.0
1998-09-21,99.625,103.40625,98.9375,102.03125,63.04399108886719,8834600,0.0,0.0,0.0
1998-09-22,103.5,103.65625,102.15625,102.875,63.56532669067383,7270100,0.0,0.0,0.0
1998-09-23,103.875,107.0,103.78125,107.0,66.11410522460938,13688500,0.0,0.0,0.0
1998-09-24,106.3125,106.8125,103.25,104.375,64.49217224121094,11129500,0.0,0.0,0.0
1998-09-25,103.125,105.421875,102.625,104.25,64.41492462158203,10247400,0.0,0.0,0.0
1998-09-28,105.3125,106.3125,104.25,105.1875,64.99415588378906,8847800,0.0,0.0,0.0
1998-09-29,105.375,105.9375,103.375,104.9375,64.83969116210938,10618100,0.0,0.0,0.0
1998-09-30,103.5,104.3125,101.375,101.75,62.870201110839844,7908400,0.0,0.0,0.0
1998-10-01,100.03125,101.546875,98.09375,98.8125,61.05513000488281,13335600,0.0,0.0,0.0
1998-10-02,98.875,100.875,97.21875,100.71875,62.23299026489258,14351800,0.0,0.0,0.0
1998-10-05,99.59375,99.96875,96.34375,98.6875,60.9779052734375,12807200,0.0,0.0,0.0
1998-10-06,100.75,101.28125,97.53125,98.59375,60.91996765136719,12621000,0.0,0.0,0.0
1998-10-07,98.625,100.03125,95.75,97.125,60.01243591308594,14348500,0.0,0.0,0.0
1998-10-08,94.5625,96.75,92.21875,96.59375,59.68418502807617,20625000,0.0,0.0,0.0
1998-10-09,97.0,98.78125,94.0625,98.53125,60.881343841552734,12708500,0.0,0.0,0.0
1998-10-12,100.625,101.4375,99.6875,99.96875,61.76961898803711,9508500,0.0,0.0,0.0
1998-10-13,99.5625,100.40625,98.75,99.625,61.557193756103516,6256800,0.0,0.0,0.0
1998-10-14,98.9375,101.8125,98.84375,100.5625,62.1364631652832,8176900,0.0,0.0,0.0
1998-10-15,100.125,107.25,99.9375,105.96875,65.47689819335938,20541100,0.0,0.0,0.0
1998-10-16,106.125,106.75,105.0,106.0,65.49620819091797,16573900,0.0,0.0,0.0
1998-10-19,105.6875,106.8125,105.5,106.375,65.72794342041016,7915900,0.0,0.0,0.0
1998-10-20,107.5625,108.796875,106.09375,107.0,66.11410522460938,14611600,0.0,0.0,0.0
1998-10-21,106.875,107.625,105.875,106.625,65.88239288330078,9178400,0.0,0.0,0.0
1998-10-22,106.78125,108.46875,106.15625,108.21875,66.86719512939453,8277500,0.0,0.0,0.0
1998-10-23,107.96875,108.0,106.78125,106.84375,66.01756286621094,6237200,0.0,0.0,0.0
1998-10-26,107.71875,108.46875,106.78125,107.625,66.50028228759766,5838600,0.0,0.0,0.0
1998-10-27,108.4375,108.96875,106.28125,107.0,66.11410522460938,10089700,0.0,0.0,0.0
1998-10-28,106.5625,107.53125,106.03125,106.8125,65.99824523925781,5650600,0.0,0.0,0.0
1998-10-29,107.09375,109.4375,106.625,109.40625,67.6009521484375,9625600,0.0,0.0,0.0
1998-10-30,110.125,110.90625,109.5,110.0,67.96775817871094,9872800,0.0,0.0,0.0
1998-11-02,110.8125,111.875,110.1875,111.875,69.12630462646484,6501400,0.0,0.0,0.0
1998-11-03,111.59375,111.8125,110.75,111.0625,68.62425994873047,6866000,0.0,0.0,0.0
1998-11-04,112.46875,113.09375,111.09375,112.25,69.35802459716797,8233600,0.0,0.0,0.0
1998-11-05,111.53125,113.9375,111.125,113.78125,70.30413818359375,6841500,0.0,0.0,0.0
1998-11-06,113.46875,114.5625,113.3125,114.125,70.51657104492188,5224800,0.0,0.0,0.0
1998-11-09,113.9375,114.25,112.5,113.3125,70.01454162597656,6188700,0.0,0.0,0.0
1998-11-10,113.0,113.9375,112.25,113.0,69.82145690917969,14015200,0.0,0.0,0.0
1998-11-11,113.8125,114.0,111.890625,112.25,69.35802459716797,10922400,0.0,0.0,0.0
1998-11-12,112.3125,113.125,111.6875,112.125,69.2807846069336,5457400,0.0,0.0,0.0
1998-11-13,112.21875,113.21875,112.125,113.21875,69.95659637451172,5524600,0.0,0.0,0.0
1998-11-16,114.21875,114.359375,112.890625,114.0625,70.47793579101562,6023700,0.0,0.0,0.0
1998-11-17,113.65625,115.625,113.0,114.0625,70.47793579101562,9058900,0.0,0.0,0.0
1998-11-18,114.3125,115.0,113.5,114.75,70.90275573730469,4567700,0.0,0.0,0.0
1998-11-19,115.28125,115.90625,114.625,115.75,71.52064514160156,5249300,0.0,0.0,0.0
1998-11-20,116.359375,116.75,115.84375,116.625,72.06128692626953,5562000,0.0,0.0,0.0
1998-11-23,117.46875,119.625,117.15625,119.375,73.76046752929688,7151300,0.0,0.0,0.0
1998-11-24,119.0,119.65625,118.453125,118.625,73.29706573486328,5323700,0.0,0.0,0.0
1998-11-25,118.9375,119.1875,118.21875,118.625,73.29706573486328,4393500,0.0,0.0,0.0
1998-11-27,119.46875,119.71875,119.015625,119.5,73.8377456665039,4557900,0.0,0.0,0.0
1998-11-30,119.015625,119.375,116.125,116.125,71.75231170654297,8705400,0.0,0.0,0.0
1998-12-01,116.125,118.03125,115.21875,117.625,72.67920684814453,8950600,0.0,0.0,0.0
1998-12-02,117.21875,117.90625,116.0,117.28125,72.4667739868164,7495500,0.0,0.0,0.0
1998-12-03,117.25,118.3125,115.09375,115.34375,71.26960754394531,12145300,0.0,0.0,0.0
1998-12-04,116.625,118.5,116.5,118.375,73.1426010131836,10339500,0.0,0.0,0.0
1998-12-07,118.0625,119.46875,118.0,118.9375,73.49017333984375,4290000,0.0,0.0,0.0
1998-12-08,118.53125,119.75,117.5,118.40625,73.16191101074219,10102600,0.0,0.0,0.0
1998-12-09,118.6875,118.96875,117.875,118.625,73.29706573486328,5327900,0.0,0.0,0.0
1998-12-10,118.84375,118.84375,116.71875,116.890625,72.22541809082031,5966600,0.0,0.0,0.0
1998-12-11,116.4375,117.34375,115.5625,117.125,72.37024688720703,8198200,0.0,0.0,0.0
1998-12-14,116.15625,116.40625,113.75,113.75,70.28485107421875,9521400,0.0,0.0,0.0
1998-12-15,114.6875,116.75,114.53125,116.6875,72.09989929199219,9631500,0.0,0.0,0.0
1998-12-16,117.125,117.125,115.75,116.53125,72.00336456298828,7260000,0.0,0.0,0.0
1998-12-17,117.21875,118.59375,117.03125,118.390625,73.15221405029297,6914700,0.0,0.0,0.0
1998-12-18,118.3125,119.125,117.875,118.5,73.4630355834961,4802400,0.392,0.0,0.0
1998-12-21,119.25,121.34375,119.0,120.15625,74.48983764648438,8580700,0.0,0.0,0.0
1998-12-22,120.40625,121.21875,119.1875,120.6875,74.8192138671875,5461100,0.0,0.0,0.0
1998-12-23,121.1875,123.21875,120.8125,123.21875,76.38841247558594,7791000,0.0,0.0,0.0
1998-12-24,123.15625,123.25,122.5,122.6875,76.05904388427734,1507100,0.0,0.0,0.0
1998-12-28,123.25,123.3125,122.0,122.375,75.8653335571289,4203600,0.0,0.0,0.0
1998-12-29,122.71875,124.484375,122.125,124.3125,77.06646728515625,3935800,0.0,0.0,0.0
1998-12-30,123.9375,124.75,123.03125,123.3125,76.44659423828125,6810700,0.0,0.0,0.0
1998-12-31,123.3125,123.9375,122.46875,123.3125,76.44659423828125,6790500,0.0,0.0,0.0
1999-01-04,123.375,125.21875,121.71875,123.03125,76.27218627929688,9450400,0.0,0.0,0.0
1999-01-05,122.9375,124.875,122.9375,124.4375,77.14397430419922,8031000,0.0,0.0,0.0
1999-01-06,125.8125,127.75,125.75,127.4375,79.00382232666016,7737700,0.0,0.0,0.0
1999-01-07,126.375,127.21875,125.78125,126.8125,78.61634063720703,5504900,0.0,0.0,0.0
1999-01-08,128.1875,128.5,125.96875,127.75,79.19754791259766,6224400,0.0,0.0,0.0
1999-01-11,127.6875,127.6875,125.21875,126.53125,78.44197082519531,7578300,0.0,0.0,0.0
1999-01-12,126.21875,126.21875,123.75,124.25,77.02771759033203,7768800,0.0,0.0,0.0
1999-01-13,120.40625,125.125,120.375,123.375,76.48529052734375,10810600,0.0,0.0,0.0
1999-01-14,123.625,123.90625,120.90625,121.21875,75.14854431152344,11400700,0.0,0.0,0.0
1999-01-15,122.375,124.78125,122.0625,124.375,77.1052474975586,7817700,0.0,0.0,0.0
1999-01-19,125.296875,125.625,123.5,125.1875,77.60895538330078,6535100,0.0,0.0,0.0
1999-01-20,126.09375,127.9375,125.03125,126.1875,78.2288589477539,6534400,0.0,0.0,0.0
1999-01-21,125.578125,125.84375,122.59375,122.84375,76.15593719482422,6937500,0.0,0.0,0.0
1999-01-22,122.125,123.84375,121.78125,122.5625,75.98158264160156,7522300,0.0,0.0,0.0
1999-01-25,123.28125,124.0,121.90625,123.8125,76.75650787353516,5700300,0.0,0.0,0.0
1999-01-26,124.125,126.0625,123.625,126.0625,78.15142059326172,6047000,0.0,0.0,0.0
1999-01-27,126.375,126.625,124.15625,124.59375,77.24082946777344,7399400,0.0,0.0,0.0
1999-01-28,125.25,126.96875,125.1875,126.6875,78.53882598876953,5961700,0.0,0.0,0.0
1999-01-29,127.34375,128.296875,125.40625,127.65625,79.139404296875,6456800,0.0,0.0,0.0
1999-02-01,128.6875,128.6875,126.90625,126.90625,78.67444610595703,9426800,0.0,0.0,0.0
1999-02-02,127.078125,127.21875,124.765625,126.125,78.19012451171875,9194500,0.0,0.0,0.0
1999-02-03,125.6875,127.9375,125.65625,127.40625,78.98443603515625,10290700,0.0,0.0,0.0
1999-02-04,127.375,127.5,124.78125,125.5,77.80266571044922,7761100,0.0,0.0,0.0
1999-02-05,125.65625,125.65625,123.21875,124.0625,76.9115219116211,7516100,0.0,0.0,0.0
1999-02-08,125.09375,125.09375,123.34375,124.3125,77.06646728515625,8528400,0.0,0.0,0.0
1999-02-09,124.375,124.5,121.515625,121.53125,75.34225463867188,8985700,0.0,0.0,0.0
1999-02-10,122.125,123.0,121.328125,122.3125,75.82661437988281,6936700,0.0,0.0,0.0
1999-02-11,123.0625,126.09375,122.5,125.125,77.57020568847656,9181800,0.0,0.0,0.0
1999-02-12,124.8125,125.5,122.625,123.625,76.64028930664062,10676600,0.0,0.0,0.0
1999-02-16,124.75,125.625,122.875,122.875,76.17535400390625,6915500,0.0,0.0,0.0
1999-02-17,123.1875,125.359375,122.25,122.75,76.0978012084961,7858100,0.0,0.0,0.0
1999-02-18,123.1875,124.375,122.21875,123.71875,76.6983871459961,9048900,0.0,0.0,0.0
1999-02-19,124.0,125.75,123.375,124.25,77.02771759033203,5312200,0.0,0.0,0.0
1999-02-22,124.4375,127.71875,124.28125,127.5625,79.08129119873047,10695800,0.0,0.0,0.0
1999-02-23,127.59375,128.5,126.59375,127.5,79.04256439208984,7770700,0.0,0.0,0.0
1999-02-24,127.84375,128.84375,125.0,125.25,77.64765930175781,7271000,0.0,0.0,0.0
1999-02-25,124.53125,125.28125,122.6875,124.0625,76.9115219116211,11633000,0.0,0.0,0.0
1999-02-26,124.75,124.84375,122.8125,123.5625,76.60155487060547,9621300,0.0,0.0,0.0
1999-03-01,123.65625,124.3125,122.375,123.90625,76.81466674804688,7607200,0.0,0.0,0.0
1999-03-02,124.5,125.3125,122.3125,122.8125,76.13654327392578,9651500,0.0,0.0,0.0
1999-03-03,123.09375,123.5625,121.78125,123.46875,76.54339599609375,7881400,0.0,0.0,0.0
1999-03-04,124.0625,125.484375,123.265625,125.03125,77.51205444335938,8256400,0.0,0.0,0.0
1999-03-05,127.5,128.125,126.5625,127.546875,79.07160949707031,10703100,0.0,0.0,0.0
1999-03-08,128.28125,128.796875,127.25,128.375,79.58500671386719,4802200,0.0,0.0,0.0
1999-03-09,128.125,129.9375,127.75,128.0625,79.3912353515625,7893400,0.0,0.0,0.0
1999-03-10,128.46875,129.25,127.78125,129.1875,80.0887222290039,3950000,0.0,0.0,0.0
1999-03-11,129.6875,131.1875,128.875,130.625,80.9798583984375,6583700,0.0,0.0,0.0
1999-03-12,131.0,131.03125,129.21875,129.375,80.20491027832031,5286500,0.0,0.0,0.0
1999-03-15,129.9375,131.25,129.5,131.21875,81.347900390625,5394400,0.0,0.0,0.0
1999-03-16,131.125,131.65625,130.46875,130.71875,81.03799438476562,4547500,0.0,0.0,0.0
1999-03-17,130.6875,130.9375,129.625,130.15625,80.68927764892578,4524100,0.0,0.0,0.0
1999-03-18,129.78125,132.375,129.75,132.25,81.98728942871094,3506300,0.0,0.0,0.0
1999-03-19,132.3125,132.625,129.6875,129.6875,80.59369659423828,5526700,0.32,0.0,0.0
1999-03-22,130.0625,130.59375,129.421875,129.9375,80.74900817871094,4603800,0.0,0.0,0.0
1999-03-23,129.3125,129.53125,125.703125,126.1875,78.41859436035156,9713800,0.0,0.0,0.0
1999-03-24,126.84375,127.171875,125.625,126.90625,78.86528015136719,6280900,0.0,0.0,0.0
1999-03-25,128.0625,129.5,127.75,129.5,80.47716522216797,6639600,0.0,0.0,0.0
1999-03-26,128.625,129.125,127.71875,128.5625,79.89459228515625,6159700,0.0,0.0,0.0
1999-03-29,129.15625,131.4375,129.15625,131.15625,81.50643157958984,5863900,0.0,0.0,0.0
1999-03-30,129.9375,131.21875,129.5625,130.46875,81.07920837402344,5401400,0.0,0.0,0.0
1999-03-31,131.15625,131.609375,128.3125,128.375,79.77802276611328,7413600,0.0,0.0,0.0
1999-04-01,129.6875,129.6875,128.125,129.34375,80.38007354736328,7683600,0.0,0.0,0.0
1999-04-05,130.9375,132.59375,130.25,132.40625,82.2832260131836,5791100,0.0,0.0,0.0
1999-04-06,132.1875,132.984375,131.15625,132.09375,82.08902740478516,5381300,0.0,0.0,0.0
1999-04-07,132.6875,133.375,131.375,133.15625,82.74932861328125,6248600,0.0,0.0,0.0
1999-04-08,133.1875,134.9375,132.28125,134.84375,83.79801177978516,5909100,0.0,0.0,0.0
1999-04-09,134.4375,135.5,133.59375,134.875,83.81742858886719,4365800,0.0,0.0,0.0
1999-04-12,133.46875,136.40625,133.21875,136.3125,84.71074676513672,8213200,0.0,0.0,0.0
1999-04-13,136.25,136.46875,134.5,135.4375,84.16700744628906,10071400,0.0,0.0,0.0
1999-04-14,136.0625,136.0625,132.6875,133.15625,82.74932861328125,11551700,0.0,0.0,0.0
1999-04-15,133.4375,133.5625,131.0,132.65625,82.4386215209961,11150000,0.0,0.0,0.0
1999-04-16,132.90625,132.90625,131.1875,131.53125,81.739501953125,6476200,0.0,0.0,0.0
1999-04-19,132.6875,134.53125,128.375,129.5,80.47716522216797,12487200,0.0,0.0,0.0
1999-04-20,129.8125,131.1875,129.0,131.125,81.48702239990234,9049600,0.0,0.0,0.0
1999-04-21,131.0625,135.625,130.40625,134.875,83.81742858886719,5772200,0.0,0.0,0.0
1999-04-22,135.125,136.375,134.390625,136.15625,84.61366271972656,6897400,0.0,0.0,0.0
1999-04-23,135.875,136.75,135.0,135.8125,84.4000473022461,4593100,0.0,0.0,0.0
1999-04-26,136.5,136.8125,135.46875,136.59375,84.88555145263672,3606500,0.0,0.0,0.0
1999-04-27,137.125,137.5,135.84375,137.25,85.29338073730469,5147200,0.0,0.0,0.0
1999-04-28,136.4375,137.25,135.0,135.375,84.12820434570312,5544300,0.0,0.0,0.0
1999-04-29,135.5625,136.0625,133.8125,134.34375,83.4873046875,9824300,0.0,0.0,0.0
1999-04-30,135.09375,135.625,131.5,133.25,82.80757904052734,10991900,0.0,0.0,0.0
1999-05-03,133.4375,135.84375,133.09375,135.6875,84.32235717773438,10709700,0.0,0.0,0.0
1999-05-04,135.125,135.8125,133.125,133.75,83.11831665039062,10509300,0.0,0.0,0.0
1999-05-05,133.9375,135.0625,131.84375,134.8125,83.77863311767578,10032300,0.0,0.0,0.0
1999-05-06,134.4375,135.125,132.375,133.984375,83.26396179199219,13507200,0.0,0.0,0.0
1999-05-07,134.5,135.125,133.4375,135.0,83.89506530761719,8680700,0.0,0.0,0.0
1999-05-10,134.84375,135.71875,133.53125,134.328125,83.47760772705078,5580100,0.0,0.0,0.0
1999-05-11,135.3125,136.875,134.71875,135.6875,84.32235717773438,7000600,0.0,0.0,0.0
1999-05-12,135.75,137.21875,131.5,136.75,84.98263549804688,13865800,0.0,0.0,0.0
1999-05-13,137.25,138.0,136.8125,137.34375,85.35159301757812,4485700,0.0,0.0,0.0
1999-05-14,134.5625,135.875,133.5,133.78125,83.13770294189453,8370100,0.0,0.0,0.0
1999-05-17,133.625,134.484375,132.375,134.1875,83.39019775390625,6268100,0.0,0.0,0.0
1999-05-18,134.53125,134.984375,132.625,133.9375,83.23483276367188,8218600,0.0,0.0,0.0
1999-05-19,134.46875,135.0,133.25,134.90625,83.83683013916016,5052400,0.0,0.0,0.0
1999-05-20,135.125,135.59375,134.0625,134.09375,83.33193969726562,4670400,0.0,0.0,0.0
1999-05-21,134.125,134.6875,132.59375,133.34375,82.86582946777344,6418200,0.0,0.0,0.0
1999-05-24,133.84375,133.84375,130.390625,131.125,81.48702239990234,7952000,0.0,0.0,0.0
1999-05-25,131.375,132.34375,128.4375,129.0,80.16641998291016,15406400,0.0,0.0,0.0
1999-05-26,129.3125,131.0,128.09375,130.4375,81.05975341796875,12575900,0.0,0.0,0.0
1999-05-27,129.84375,130.28125,128.0,128.5625,79.89459228515625,14515400,0.0,0.0,0.0
1999-05-28,129.0,130.75,128.59375,130.203125,80.91412353515625,8748000,0.0,0.0,0.0
1999-06-01,130.125,130.15625,128.375,129.75,80.63250732421875,6705300,0.0,0.0,0.0
1999-06-02,129.75,130.1875,128.015625,129.875,80.71019744873047,6981900,0.0,0.0,0.0
1999-06-03,130.6875,130.875,129.78125,130.59375,81.1568832397461,6076600,0.0,0.0,0.0
1999-06-04,131.46875,133.359375,130.9375,133.21875,82.78816223144531,9787200,0.0,0.0,0.0
1999-06-07,133.4375,134.1875,132.90625,133.5625,83.00177001953125,5299100,0.0,0.0,0.0
1999-06-08,133.375,133.796875,131.59375,132.25,82.1861343383789,4895700,0.0,0.0,0.0
1999-06-09,132.40625,133.09375,131.8125,132.125,82.10847473144531,7409700,0.0,0.0,0.0
1999-06-10,131.4375,131.46875,129.59375,130.90625,81.3510971069336,7040700,0.0,0.0,0.0
1999-06-11,131.21875,132.21875,129.09375,129.8125,80.67137145996094,12824800,0.0,0.0,0.0
1999-06-14,130.6875,130.75,129.546875,129.9375,80.74900817871094,6823500,0.0,0.0,0.0
1999-06-15,130.46875,131.65625,130.078125,130.8125,81.29280090332031,5700900,0.0,0.0,0.0
1999-06-16,132.375,133.875,132.375,133.3125,82.84639739990234,7865800,0.0,0.0,0.0
1999-06-17,132.875,135.5625,132.625,134.5625,83.62321472167969,8162800,0.0,0.0,0.0
1999-06-18,134.0625,134.6875,133.375,134.3125,83.71984100341797,2875100,0.405,0.0,0.0
1999-06-21,134.46875,135.25,133.65625,134.625,83.91464233398438,4646400,0.0,0.0,0.0
1999-06-22,134.0,135.1875,133.5,133.6875,83.33028411865234,5862400,0.0,0.0,0.0
1999-06-23,133.0,133.625,132.125,133.03125,82.92120361328125,9629200,0.0,0.0,0.0
1999-06-24,132.875,132.9375,130.65625,132.03125,82.29788208007812,9176900,0.0,0.0,0.0
1999-06-25,132.59375,133.015625,131.25,131.703125,82.09337615966797,4087000,0.0,0.0,0.0
1999-06-28,132.6875,133.625,132.5,133.3125,83.09648132324219,5028900,0.0,0.0,0.0
1999-06-29,133.0,135.1875,132.78125,134.5625,83.87569427490234,6956200,0.0,0.0,0.0
1999-06-30,134.625,137.5,133.84375,137.0,85.39502716064453,16856100,0.0,0.0,0.0
1999-07-01,137.0,138.5,136.0625,138.03125,86.03778839111328,9939500,0.0,0.0,0.0
1999-07-02,138.125,139.5,137.90625,139.40625,86.8948974609375,3772800,0.0,0.0,0.0
1999-07-06,139.25,140.75,138.59375,139.375,86.87540435791016,11221100,0.0,0.0,0.0
1999-07-07,139.0625,139.71875,138.515625,139.5625,86.99227142333984,3230700,0.0,0.0,0.0
1999-07-08,139.0625,140.625,138.75,139.671875,87.06044006347656,7101500,0.0,0.0,0.0
1999-07-09,140.0,140.59375,139.5625,140.5,87.5766372680664,2976800,0.0,0.0,0.0
1999-07-12,140.9375,140.9375,139.5,139.875,87.18707275390625,4436300,0.0,0.0,0.0
1999-07-13,139.375,139.921875,138.65625,139.375,86.87540435791016,6477600,0.0,0.0,0.0
1999-07-14,140.0,140.21875,138.75,140.15625,87.36237335205078,4382500,0.0,0.0,0.0
1999-07-15,140.78125,141.375,140.3125,141.046875,87.91751861572266,3348600,0.0,0.0,0.0
1999-07-16,141.25,142.15625,140.75,141.8125,88.39472198486328,2281500,0.0,0.0,0.0
1999-07-19,142.1875,142.25,140.5625,140.875,87.81037139892578,4287000,0.0,0.0,0.0
1999-07-20,140.125,140.40625,137.53125,137.984375,86.00863647460938,7060100,0.0,0.0,0.0
1999-07-21,138.09375,138.90625,137.3125,137.828125,85.91124725341797,4793700,0.0,0.0,0.0
1999-07-22,137.4375,138.0,135.46875,136.015625,84.78145599365234,7804100,0.0,0.0,0.0
1999-07-23,136.65625,137.0,135.125,135.75,84.61582946777344,4603000,0.0,0.0,0.0
1999-07-26,134.875,136.125,134.625,134.75,83.9925537109375,4333400,0.0,0.0,0.0
1999-07-27,136.0,137.203125,135.375,135.875,84.6938247680664,5908500,0.0,0.0,0.0
1999-07-28,136.25,137.3125,135.59375,136.3125,84.96647644042969,3955500,0.0,0.0,0.0
1999-07-29,134.9375,135.25,133.3125,134.40625,83.77828216552734,7760600,0.0,0.0,0.0
1999-07-30,134.8125,135.34375,132.5625,132.75,82.74590301513672,5994300,0.0,0.0,0.0
1999-08-02,132.75,134.75,132.5,133.0625,82.94068908691406,6065500,0.0,0.0,0.0
1999-08-03,133.71875,133.84375,131.375,132.4375,82.5511245727539,5445400,0.0,0.0,0.0
1999-08-04,132.71875,133.875,130.4375,130.625,81.42133331298828,6497900,0.0,0.0,0.0
1999-08-05,130.875,131.9375,128.84375,131.8125,82.16151428222656,10322000,0.0,0.0,0.0
1999-08-06,131.21875,132.0,129.5,130.375,81.26551818847656,7537700,0.0,0.0,0.0
1999-08-09,130.59375,131.796875,129.75,130.09375,81.0901870727539,5565900,0.0,0.0,0.0
1999-08-10,129.875,130.15625,127.0,128.65625,80.19416809082031,9793300,0.0,0.0,0.0
1999-08-11,129.6875,130.53125,128.625,130.21875,81.1681137084961,8003400,0.0,0.0,0.0
1999-08-12,130.6875,131.8125,129.90625,130.140625,81.11939239501953,7036800,0.0,0.0,0.0
1999-08-13,131.625,133.25,131.125,133.15625,82.99913787841797,5857700,0.0,0.0,0.0
1999-08-16,133.125,133.96875,132.25,133.75,83.36924743652344,3927000,0.0,0.0,0.0
1999-08-17,134.4375,134.84375,133.125,134.625,83.91464233398438,4808000,0.0,0.0,0.0
1999-08-18,134.203125,134.375,133.25,133.65625,83.31078338623047,4355500,0.0,0.0,0.0
1999-08-19,132.375,133.234375,131.6875,132.5625,82.62902069091797,6448100,0.0,0.0,0.0
1999-08-20,133.0625,134.125,132.6875,133.90625,83.4665756225586,3663700,0.0,0.0,0.0
1999-08-23,134.8125,136.546875,134.65625,136.46875,85.06385040283203,5637800,0.0,0.0,0.0
1999-08-24,136.0625,137.96875,135.375,136.96875,85.37554168701172,9279500,0.0,0.0,0.0
1999-08-25,137.1875,138.78125,136.15625,138.375,86.2520751953125,6005300,0.0,0.0,0.0
1999-08-26,138.28125,138.421875,136.5,136.71875,85.21971130371094,4322300,0.0,0.0,0.0
1999-08-27,136.875,137.0625,135.0625,135.0625,84.18733978271484,6247400,0.0,0.0,0.0
1999-08-30,135.34375,135.5,132.0,132.5625,82.62902069091797,4652000,0.0,0.0,0.0
1999-08-31,132.9375,133.75,130.875,132.0625,82.31734466552734,11453700,0.0,0.0,0.0
1999-09-01,132.9375,133.734375,132.3125,133.6875,83.33028411865234,6863900,0.0,0.0,0.0
1999-09-02,132.125,132.671875,130.65625,132.109375,82.34659576416016,10896300,0.0,0.0,0.0
1999-09-03,134.875,136.5,134.6875,135.96875,84.7522201538086,9160800,0.0,0.0,0.0
1999-09-07,136.0625,136.625,135.21875,135.46875,84.4405517578125,4560800,0.0,0.0,0.0
1999-09-08,134.84375,136.0625,134.03125,134.8125,84.03153991699219,6159600,0.0,0.0,0.0
1999-09-09,134.75,135.25,133.6875,134.75,83.9925537109375,6177800,0.0,0.0,0.0
1999-09-10,136.25,136.359375,134.9375,135.875,84.6938247680664,2934500,0.0,0.0,0.0
1999-09-13,135.125,135.46875,134.5,134.953125,84.11917877197266,2320500,0.0,0.0,0.0
1999-09-14,134.0625,134.5625,133.375,134.0625,83.56398010253906,3736000,0.0,0.0,0.0
1999-09-15,135.4375,135.4375,131.875,131.9375,82.23944854736328,6984500,0.0,0.0,0.0
1999-09-16,132.5,132.8125,130.3125,132.453125,82.56083679199219,15377600,0.0,0.0,0.0
1999-09-17,132.625,133.9375,132.15625,133.75,83.60401153564453,8542300,0.372,0.0,0.0
1999-09-20,133.9375,134.0,133.09375,133.5625,83.48682403564453,2803900,0.0,0.0,0.0
1999-09-21,132.25,132.46875,130.15625,130.75,81.72881317138672,9335200,0.0,0.0,0.0
1999-09-22,131.25,131.84375,129.75,130.609375,81.64088439941406,13009100,0.0,0.0,0.0
1999-09-23,131.8125,131.8125,127.625,127.875,79.93169403076172,12204100,0.0,0.0,0.0
1999-09-24,127.75,128.375,126.3125,127.75,79.85356140136719,13792900,0.0,0.0,0.0
1999-09-27,128.75,129.75,128.28125,128.59375,80.38099670410156,6970300,0.0,0.0,0.0
1999-09-28,127.9375,128.8125,125.5625,128.34375,80.22471618652344,11063400,0.0,0.0,0.0
1999-09-29,128.4375,129.125,126.75,126.8125,79.26753997802734,7580300,0.0,0.0,0.0
1999-09-30,127.4375,129.4375,126.96875,128.75,80.47862243652344,7498900,0.0,0.0,0.0
1999-10-01,127.9375,128.5625,126.625,128.46875,80.30284881591797,11127100,0.0,0.0,0.0
1999-10-04,129.1875,130.875,128.75,130.75,81.72881317138672,6341600,0.0,0.0,0.0
1999-10-05,130.71875,131.96875,128.6875,130.625,81.65068817138672,11976000,0.0,0.0,0.0
1999-10-06,130.75,132.8125,130.6875,132.625,82.90082550048828,10308200,0.0,0.0,0.0
1999-10-07,132.859375,133.0,131.5,131.875,82.43199157714844,6535600,0.0,0.0,0.0
1999-10-08,131.75,133.875,131.234375,133.875,83.68218231201172,9674300,0.0,0.0,0.0
1999-10-11,133.59375,134.125,133.3125,133.65625,83.54541778564453,4282000,0.0,0.0,0.0
1999-10-12,133.125,133.3125,131.1875,131.59375,82.25618743896484,8686100,0.0,0.0,0.0
1999-10-13,130.6875,131.3125,128.1875,128.1875,80.12702178955078,10469300,0.0,0.0,0.0
1999-10-14,128.484375,129.1875,126.75,128.15625,80.10751342773438,10562200,0.0,0.0,0.0
1999-10-15,126.0,126.75,124.5,124.875,78.05648040771484,14238700,0.0,0.0,0.0
1999-10-18,124.9375,125.9375,123.4375,125.78125,78.6229248046875,9758800,0.0,0.0,0.0
1999-10-19,127.1875,128.25,125.9375,127.0,79.3847427368164,14392900,0.0,0.0,0.0
1999-10-20,127.75,129.46875,127.125,128.25,80.16613006591797,9759400,0.0,0.0,0.0
1999-10-21,127.21875,129.0,126.625,129.0,80.63492584228516,9105400,0.0,0.0,0.0
1999-10-22,129.75,131.21875,129.5625,130.09375,81.31855773925781,8309600,0.0,0.0,0.0
1999-10-25,129.3125,130.46875,128.75,129.4375,80.90837097167969,8114300,0.0,0.0,0.0
1999-10-26,130.1875,130.6875,127.8125,127.8125,79.89263153076172,6256300,0.0,0.0,0.0
1999-10-27,128.375,130.3125,128.25,130.125,81.3381118774414,5433300,0.0,0.0,0.0
1999-10-28,132.4375,134.859375,132.1875,134.5625,84.11187744140625,10509700,0.0,0.0,0.0
1999-10-29,135.84375,137.6875,135.71875,137.0,85.63555145263672,10988600,0.0,0.0,0.0
1999-11-01,136.5,137.0,135.5625,135.5625,84.73699951171875,4006500,0.0,0.0,0.0
1999-11-02,135.96875,137.25,134.59375,134.59375,84.13141632080078,6516900,0.0,0.0,0.0
1999-11-03,136.0,136.375,135.125,135.5,84.69790649414062,7222300,0.0,0.0,0.0
1999-11-04,136.75,137.359375,135.765625,136.53125,85.34251403808594,7907500,0.0,0.0,0.0
1999-11-05,138.625,139.109375,136.78125,137.875,86.18246459960938,7431500,0.0,0.0,0.0
1999-11-08,137.0,138.375,136.75,138.0,86.2606201171875,4649200,0.0,0.0,0.0
1999-11-09,138.5,138.6875,136.28125,136.703125,85.44992065429688,4533700,0.0,0.0,0.0
1999-11-10,136.25,138.390625,136.078125,137.71875,86.08479309082031,6405600,0.0,0.0,0.0
1999-11-11,138.1875,138.5,137.46875,138.5,86.5731430053711,4794100,0.0,0.0,0.0
1999-11-12,139.25,139.984375,137.125,139.75,87.35447692871094,11802900,0.0,0.0,0.0
1999-11-15,139.84375,140.25,139.40625,140.078125,87.55961608886719,2187500,0.0,0.0,0.0
1999-11-16,140.5625,143.0,140.09375,141.25,88.29209899902344,7544800,0.0,0.0,0.0
1999-11-17,142.25,142.9375,141.3125,141.625,88.5265121459961,9459000,0.0,0.0,0.0
1999-11-18,142.4375,143.0,141.625,142.625,89.15156555175781,4491000,0.0,0.0,0.0
1999-11-19,142.40625,142.96875,142.0,142.5,89.07345581054688,4832100,0.0,0.0,0.0
1999-11-22,142.4375,143.0,141.5,142.46875,89.05387878417969,4155400,0.0,0.0,0.0
1999-11-23,142.84375,142.84375,140.375,141.21875,88.27254486083984,5918000,0.0,0.0,0.0
1999-11-24,140.75,142.4375,140.0,141.96875,88.7413558959961,4459700,0.0,0.0,0.0
1999-11-26,142.46875,142.875,141.25,141.4375,88.4093017578125,1693900,0.0,0.0,0.0
1999-11-29,140.875,141.921875,140.4375,140.9375,88.09676361083984,7348600,0.0,0.0,0.0
1999-11-30,140.75,142.3125,139.0,139.28125,87.06150817871094,7682000,0.0,0.0,0.0
1999-12-01,139.3125,140.5,139.0,140.40625,87.76469421386719,6980200,0.0,0.0,0.0
1999-12-02,140.625,141.375,140.375,141.25,88.29209899902344,6698300,0.0,0.0,0.0
1999-12-03,143.03125,145.34375,143.03125,143.84375,89.91338348388672,10045400,0.0,0.0,0.0
1999-12-06,143.53125,143.71875,142.25,142.78125,89.2492446899414,3138900,0.0,0.0,0.0
1999-12-07,143.28125,143.3125,141.375,141.625,88.5265121459961,10714200,0.0,0.0,0.0
1999-12-08,141.34375,142.0625,140.5,140.71875,87.96004486083984,4611400,0.0,0.0,0.0
1999-12-09,141.8125,142.21875,139.375,141.40625,88.38980102539062,6474700,0.0,0.0,0.0
1999-12-10,142.28125,142.8125,140.875,141.875,88.6827392578125,5127300,0.0,0.0,0.0
1999-12-13,141.4375,142.71875,141.28125,142.125,88.8390121459961,4210800,0.0,0.0,0.0
1999-12-14,141.625,142.484375,140.625,140.75,87.97953033447266,5739000,0.0,0.0,0.0
1999-12-15,140.375,142.203125,140.03125,141.5,88.44835662841797,6879100,0.0,0.0,0.0
1999-12-16,142.1875,142.65625,141.15625,142.125,88.8390121459961,5854900,0.0,0.0,0.0
1999-12-17,143.0,143.3125,142.0625,142.6875,89.4095687866211,4775400,0.348,0.0,0.0
1999-12-20,142.5625,143.1875,141.09375,141.65625,88.76332092285156,4608700,0.0,0.0,0.0
1999-12-21,141.59375,144.0625,141.34375,143.8125,90.1145248413086,7981300,0.0,0.0,0.0
1999-12-22,143.625,144.1875,142.96875,144.1875,90.34944152832031,5377500,0.0,0.0,0.0
1999-12-23,145.015625,146.484375,145.0,146.484375,91.78871154785156,5721700,0.0,0.0,0.0
1999-12-27,146.5,146.78125,145.0625,146.28125,91.66143035888672,2691000,0.0,0.0,0.0
1999-12-28,145.875,146.5,145.484375,146.1875,91.6026840209961,4084500,0.0,0.0,0.0
1999-12-29,146.3125,146.8125,145.3125,146.8125,91.99430847167969,3001000,0.0,0.0,0.0
1999-12-30,147.125,147.5625,146.1875,146.640625,91.88665771484375,3641300,0.0,0.0,0.0
1999-12-31,146.84375,147.5,146.25,146.875,92.03350067138672,3172700,0.0,0.0,0.0
2000-01-03,148.25,148.25,143.875,145.4375,91.13275909423828,8164300,0.0,0.0,0.0
2000-01-04,143.53125,144.0625,139.640625,139.75,87.56890106201172,8089800,0.0,0.0,0.0
2000-01-05,139.9375,141.53125,137.25,140.0,87.7255630493164,12177900,0.0,0.0,0.0
2000-01-06,139.625,141.5,137.75,137.75,86.31568145751953,6227200,0.0,0.0,0.0
2000-01-07,140.3125,145.75,140.0625,145.75,91.32860565185547,8066500,0.0,0.0,0.0
2000-01-10,146.25,146.90625,145.03125,146.25,91.6418228149414,5741700,0.0,0.0,0.0
2000-01-11,145.8125,146.09375,143.5,144.5,90.54530334472656,7503700,0.0,0.0,0.0
2000-01-12,144.59375,144.59375,142.875,143.0625,89.64449310302734,6907700,0.0,0.0,0.0
2000-01-13,144.46875,145.75,143.28125,145.0,90.8586196899414,5158300,0.0,0.0,0.0
2000-01-14,146.53125,147.46875,145.96875,146.96875,92.09222412109375,7437300,0.0,0.0,0.0
2000-01-18,145.34375,146.625,145.1875,145.8125,91.36773681640625,6488500,0.0,0.0,0.0
2000-01-19,145.3125,147.0,145.0,147.0,92.11185455322266,6157900,0.0,0.0,0.0
2000-01-20,146.96875,146.96875,143.8125,144.75,90.70198059082031,5800100,0.0,0.0,0.0
2000-01-21,145.5,145.5,144.0625,144.4375,90.50619506835938,6244800,0.0,0.0,0.0
2000-01-24,145.65625,145.84375,139.40625,140.34375,87.94095611572266,7896900,0.0,0.0,0.0
2000-01-25,140.515625,141.9375,139.0,141.9375,88.93962097167969,9942500,0.0,0.0,0.0
2000-01-26,141.0,141.546875,140.09375,140.8125,88.23468780517578,5158100,0.0,0.0,0.0
2000-01-27,141.84375,142.21875,138.125,140.25,87.88219451904297,10922700,0.0,0.0,0.0
2000-01-28,139.4375,140.0625,135.53125,135.875,85.14077758789062,11916200,0.0,0.0,0.0
2000-01-31,135.8125,139.671875,135.0,139.5625,87.45138549804688,10768700,0.0,0.0,0.0
2000-02-01,139.75,141.6875,138.53125,140.9375,88.3130111694336,8419900,0.0,0.0,0.0
2000-02-02,141.28125,142.25,140.375,141.0625,88.39131164550781,6205900,0.0,0.0,0.0
2000-02-03,140.875,143.25,140.0,143.1875,89.72286987304688,7997500,0.0,0.0,0.0
2000-02-04,143.1875,144.0,142.125,142.59375,89.35083770751953,4925400,0.0,0.0,0.0
2000-02-07,142.5625,142.78125,141.4375,142.375,89.2137222290039,5845800,0.0,0.0,0.0
2000-02-08,143.96875,144.5625,143.625,144.3125,90.427734375,4936400,0.0,0.0,0.0
2000-02-09,144.46875,144.46875,141.265625,141.28125,88.52845001220703,8511500,0.0,0.0,0.0
2000-02-10,141.625,142.5625,140.875,141.5625,88.7045669555664,6690600,0.0,0.0,0.0
2000-02-11,141.84375,141.9375,138.03125,138.6875,86.90315246582031,9849800,0.0,0.0,0.0
2000-02-14,139.78125,139.78125,138.3125,139.5,87.41222381591797,8528800,0.0,0.0,0.0
2000-02-15,139.25,141.21875,137.796875,141.078125,88.40113830566406,11078300,0.0,0.0,0.0
2000-02-16,140.375,140.9375,138.796875,139.0,87.09896087646484,8845400,0.0,0.0,0.0
2000-02-17,140.4375,140.4375,138.21875,138.28125,86.64857482910156,7584200,0.0,0.0,0.0
2000-02-18,138.875,138.875,134.625,135.3125,84.78831481933594,9409200,0.0,0.0,0.0
2000-02-22,135.1875,136.34375,133.53125,134.96875,84.57289123535156,16415400,0.0,0.0,0.0
2000-02-23,135.625,137.46875,134.5,136.5625,85.57158660888672,12119000,0.0,0.0,0.0
2000-02-24,136.6875,137.03125,133.09375,133.8125,83.84841918945312,17375000,0.0,0.0,0.0
2000-02-25,135.1875,136.71875,133.125,133.328125,83.54489135742188,10559900,0.0,0.0,0.0
2000-02-28,133.375,136.6875,132.71875,136.125,85.29742431640625,13397800,0.0,0.0,0.0
2000-02-29,136.0625,137.4375,135.75,137.4375,86.11981964111328,8242500,0.0,0.0,0.0
2000-03-01,137.625,139.0,137.21875,138.4375,86.74649047851562,6868000,0.0,0.0,0.0
2000-03-02,138.6875,139.125,137.34375,138.53125,86.80521392822266,7600200,0.0,0.0,0.0
2000-03-03,140.4375,141.71875,139.71875,141.125,88.43049621582031,12770300,0.0,0.0,0.0
2000-03-06,140.8125,141.34375,138.75,139.75,87.56890106201172,11967100,0.0,0.0,0.0
2000-03-07,140.0,140.15625,135.21875,137.046875,85.87511444091797,20062000,0.0,0.0,0.0
2000-03-08,136.46875,137.84375,135.03125,136.875,85.76740264892578,11808500,0.0,0.0,0.0
2000-03-09,137.25,140.875,136.125,140.875,88.27385711669922,5500900,0.0,0.0,0.0
2000-03-10,140.1875,142.0,139.53125,140.125,87.80387878417969,7924600,0.0,0.0,0.0
2000-03-13,136.6875,140.46875,135.6875,138.59375,86.84439849853516,10540500,0.0,0.0,0.0
2000-03-14,139.28125,140.09375,136.15625,136.625,85.6107406616211,8263900,0.0,0.0,0.0
2000-03-15,136.875,140.4375,136.0625,139.8125,87.60803985595703,10300800,0.0,0.0,0.0
2000-03-16,141.625,146.84375,140.875,146.34375,91.70061492919922,25601400,0.0,0.0,0.0
2000-03-17,145.8125,148.0,145.4375,146.9375,92.30670928955078,10272900,0.371,0.0,0.0
2000-03-20,146.875,147.34375,144.78125,146.1875,91.83551788330078,12502300,0.0,0.0,0.0
2000-03-21,145.53125,149.75,144.5,149.1875,93.72012329101562,13612600,0.0,0.0,0.0
2000-03-22,149.5625,150.84375,148.6875,150.09375,94.28941345214844,8260000,0.0,0.0,0.0
2000-03-23,149.15625,153.46875,149.15625,152.65625,95.89923095703125,11654500,0.0,0.0,0.0
2000-03-24,152.875,155.75,151.71875,153.5625,96.46854400634766,11462900,0.0,0.0,0.0
2000-03-27,153.375,153.78125,151.8125,151.9375,95.44770050048828,8798600,0.0,0.0,0.0
2000-03-28,151.25,152.984375,150.59375,151.0625,94.89801788330078,6334400,0.0,0.0,0.0
2000-03-29,151.5625,152.484375,149.65625,151.21875,94.9961929321289,6747500,0.0,0.0,0.0
2000-03-30,150.15625,151.921875,147.125,148.6875,93.40603637695312,9491900,0.0,0.0,0.0
2000-03-31,149.625,152.3125,148.4375,150.375,94.46612548828125,9249100,0.0,0.0,0.0
2000-04-03,150.125,151.25,148.6875,151.25,95.01577758789062,8508200,0.0,0.0,0.0
2000-04-04,151.75,153.0,141.390625,150.125,94.30905151367188,19585500,0.0,0.0,0.0
2000-04-05,147.875,150.8125,147.625,149.1875,93.72012329101562,8387200,0.0,0.0,0.0
2000-04-06,150.25,151.6875,149.0,150.484375,94.53485107421875,6378500,0.0,0.0,0.0
2000-04-07,151.5625,152.125,150.5,151.4375,95.13359832763672,6023600,0.0,0.0,0.0
2000-04-10,151.75,153.109375,150.3125,150.84375,94.76062774658203,9624200,0.0,0.0,0.0
2000-04-11,150.0,151.625,148.375,150.40625,94.48575592041016,9006400,0.0,0.0,0.0
2000-04-12,150.375,151.15625,146.15625,146.28125,91.89443969726562,10779200,0.0,0.0,0.0
2000-04-13,147.46875,148.15625,143.78125,144.25,90.61835479736328,12225800,0.0,0.0,0.0
2000-04-14,142.625,142.8125,133.5,136.0,85.4356918334961,29604000,0.0,0.0,0.0
2000-04-17,135.1875,140.75,134.6875,140.75,88.41968536376953,23918200,0.0,0.0,0.0
2000-04-18,140.5625,144.46875,139.78125,144.46875,90.75580596923828,11069200,0.0,0.0,0.0
2000-04-19,144.5,145.125,142.53125,143.125,89.91168212890625,6553700,0.0,0.0,0.0
2000-04-20,143.5625,143.9375,142.375,143.8125,90.34353637695312,8537600,0.0,0.0,0.0
2000-04-24,141.5,143.3125,140.5,142.25,89.36199188232422,12893100,0.0,0.0,0.0
2000-04-25,144.625,148.15625,144.4375,148.15625,93.07234191894531,14102000,0.0,0.0,0.0
2000-04-26,147.96875,148.75,146.0,146.484375,92.02201843261719,7711100,0.0,0.0,0.0
2000-04-27,143.0,147.34375,143.0,146.0,91.71772766113281,15595300,0.0,0.0,0.0
2000-04-28,147.0,147.859375,145.0625,145.09375,91.14839935302734,8743400,0.0,0.0,0.0
2000-05-01,146.5625,148.484375,145.84375,147.0625,92.38520812988281,7328300,0.0,0.0,0.0
2000-05-02,145.5,147.125,144.125,144.125,90.5399169921875,9411900,0.0,0.0,0.0
2000-05-03,144.0,144.0,139.78125,140.75,88.41968536376953,12630700,0.0,0.0,0.0
2000-05-04,142.0,142.359375,140.75,141.8125,89.08716583251953,5963600,0.0,0.0,0.0
2000-05-05,141.0625,144.0,140.9375,143.53125,90.16682434082031,7862400,0.0,0.0,0.0
2000-05-08,142.75,143.375,141.84375,142.453125,89.4895248413086,5064100,0.0,0.0,0.0
2000-05-09,143.0625,143.40625,140.265625,141.3125,88.77299499511719,5620300,0.0,0.0,0.0
2000-05-10,140.5,140.96875,137.75,138.125,86.77062225341797,10293900,0.0,0.0,0.0
2000-05-11,140.125,141.5,139.125,141.28125,88.75341033935547,7091100,0.0,0.0,0.0
2000-05-12,141.8125,143.46875,141.625,142.8125,89.71536254882812,5960800,0.0,0.0,0.0
2000-05-15,142.75,145.609375,142.0,145.28125,91.26618194580078,4441300,0.0,0.0,0.0
2000-05-16,146.5625,147.71875,145.3125,146.6875,92.14960479736328,8192200,0.0,0.0,0.0
2000-05-17,145.6875,146.1875,144.46875,145.15625,91.18766784667969,5907200,0.0,0.0,0.0
2000-05-18,145.625,146.3125,143.375,143.375,90.06871032714844,4325600,0.0,0.0,0.0
2000-05-19,142.5625,143.234375,140.40625,141.125,88.65524291992188,6518400,0.0,0.0,0.0
2000-05-22,141.25,141.46875,137.0,140.0625,87.98780822753906,10839400,0.0,0.0,0.0
2000-05-23,140.4375,140.8125,137.5625,138.0,86.69214630126953,7979200,0.0,0.0,0.0
2000-05-24,138.0,140.6875,136.5,140.25,88.10554504394531,11081500,0.0,0.0,0.0
2000-05-25,140.6875,141.8125,137.71875,137.84375,86.5939712524414,8278900,0.0,0.0,0.0
2000-05-26,138.8125,139.6875,137.328125,138.0,86.69214630126953,4814000,0.0,0.0,0.0
2000-05-30,140.0,142.9375,139.46875,142.5,89.51907348632812,5362700,0.0,0.0,0.0
2000-05-31,142.5625,144.0,142.09375,142.8125,89.71536254882812,6056500,0.0,0.0,0.0
2000-06-01,143.6875,145.4375,143.0,145.3125,91.28580474853516,8961600,0.0,0.0,0.0
2000-06-02,148.9375,149.09375,147.484375,147.84375,92.87596130371094,8962200,0.0,0.0,0.0
2000-06-05,147.46875,148.21875,146.875,147.125,92.42451477050781,6998100,0.0,0.0,0.0
2000-06-06,146.625,147.78125,145.90625,146.46875,92.01219177246094,4858900,0.0,0.0,0.0
2000-06-07,146.625,148.0,146.0,147.484375,92.65021514892578,4919500,0.0,0.0,0.0
2000-06-08,147.5,147.75,146.0625,146.90625,92.28702545166016,5723100,0.0,0.0,0.0
2000-06-09,147.5,147.96875,145.625,146.59375,92.09074401855469,3085300,0.0,0.0,0.0
2000-06-12,146.96875,146.96875,144.875,144.875,91.01105499267578,3678900,0.0,0.0,0.0
2000-06-13,144.8125,147.75,144.625,147.59375,92.71894073486328,6558700,0.0,0.0,0.0
2000-06-14,148.25,148.875,147.1875,147.84375,92.87596130371094,6420500,0.0,0.0,0.0
2000-06-15,148.125,148.75,146.84375,148.15625,93.07234191894531,5881200,0.0,0.0,0.0
2000-06-16,148.3125,148.3125,145.875,146.59375,92.30755615234375,5567900,0.348,0.0,0.0
2000-06-19,146.46875,149.15625,146.25,148.46875,93.48820495605469,5106900,0.0,0.0,0.0
2000-06-20,148.1875,148.875,147.0,147.9375,93.15365600585938,6480000,0.0,0.0,0.0
2000-06-21,146.9375,148.4375,146.890625,147.875,93.1143569946289,3115000,0.0,0.0,0.0
2000-06-22,147.5625,147.6875,145.0,145.625,91.69752502441406,7490500,0.0,0.0,0.0
2000-06-23,145.8125,146.125,143.875,144.375,90.91044616699219,4863300,0.0,0.0,0.0
2000-06-26,145.375,146.25,144.875,146.234375,92.08122253417969,5201300,0.0,0.0,0.0
2000-06-27,145.984375,146.71875,145.015625,145.15625,91.40235900878906,4159500,0.0,0.0,0.0
2000-06-28,145.625,146.984375,145.3125,145.5625,91.658203125,5347700,0.0,0.0,0.0
2000-06-29,144.75,145.75,143.515625,144.1875,90.79236602783203,6345700,0.0,0.0,0.0
2000-06-30,143.9375,145.59375,143.890625,145.28125,91.48107147216797,7420200,0.0,0.0,0.0
2000-07-03,145.4375,147.4375,145.1875,147.28125,92.7404556274414,1436600,0.0,0.0,0.0
2000-07-05,146.375,146.65625,144.375,144.625,91.06783294677734,2748200,0.0,0.0,0.0
2000-07-06,144.9375,146.46875,144.21875,145.75,91.77629089355469,5963200,0.0,0.0,0.0
2000-07-07,146.6875,148.78125,146.25,148.09375,93.2520751953125,3034800,0.0,0.0,0.0
2000-07-10,147.875,148.90625,147.53125,147.84375,93.09463500976562,2816100,0.0,0.0,0.0
2000-07-11,147.46875,149.125,147.15625,148.15625,93.2914810180664,5431600,0.0,0.0,0.0
2000-07-12,149.28125,150.125,148.6875,149.125,93.90141296386719,5883000,0.0,0.0,0.0
2000-07-13,149.984375,150.375,149.1875,149.78125,94.31463623046875,5356000,0.0,0.0,0.0
2000-07-14,150.4375,151.25,149.671875,151.25,95.23949432373047,5341900,0.0,0.0,0.0
2000-07-17,150.984375,151.984375,150.6875,151.0,95.08211517333984,4208300,0.0,0.0,0.0
2000-07-18,150.625,150.625,149.34375,149.765625,94.30484008789062,4262100,0.0,0.0,0.0
2000-07-19,149.46875,149.90625,148.25,148.5625,93.54722595214844,8506800,0.0,0.0,0.0
2000-07-20,149.0,150.625,148.8125,150.625,94.845947265625,4538900,0.0,0.0,0.0
2000-07-21,149.75,149.75,147.6875,147.6875,92.99628448486328,5656900,0.0,0.0,0.0
2000-07-24,148.125,148.859375,146.5625,146.84375,92.46497344970703,5628500,0.0,0.0,0.0
2000-07-25,147.75,147.84375,146.78125,147.3125,92.7601318359375,4757100,0.0,0.0,0.0
2000-07-26,146.96875,147.15625,145.640625,145.875,91.85498809814453,12062500,0.0,0.0,0.0
2000-07-27,145.9375,146.625,144.6875,145.375,91.54013061523438,7652600,0.0,0.0,0.0
2000-07-28,145.71875,145.90625,141.515625,142.09375,89.47394561767578,6229500,0.0,0.0,0.0
2000-07-31,142.9375,144.125,142.0625,143.0,90.04463195800781,5265500,0.0,0.0,0.0
2000-08-01,143.625,144.71875,143.125,143.875,90.59561920166016,3946600,0.0,0.0,0.0
2000-08-02,143.875,145.40625,143.625,144.59375,91.04816436767578,7439800,0.0,0.0,0.0
2000-08-03,142.875,145.8125,142.625,145.59375,91.67784118652344,4607100,0.0,0.0,0.0
2000-08-04,146.3125,146.71875,145.40625,146.375,92.16981506347656,3686600,0.0,0.0,0.0
2000-08-07,146.71875,148.4375,146.375,148.125,93.27174377441406,4159800,0.0,0.0,0.0
2000-08-08,147.5,148.8125,147.5,148.6875,93.62594604492188,3658700,0.0,0.0,0.0
2000-08-09,149.140625,149.21875,147.375,147.4375,92.83882141113281,5383800,0.0,0.0,0.0
2000-08-10,147.53125,147.859375,146.28125,146.71875,92.38626861572266,4193400,0.0,0.0,0.0
2000-08-11,146.625,148.0,145.5625,147.40625,92.81913757324219,5089400,0.0,0.0,0.0
2000-08-14,147.78125,149.5625,147.0625,149.28125,93.99979400634766,2966700,0.0,0.0,0.0
2000-08-15,149.34375,149.8125,148.5625,149.15625,93.92112731933594,5564600,0.0,0.0,0.0
2000-08-16,149.3125,149.9375,147.84375,148.625,93.58656311035156,5191600,0.0,0.0,0.0
2000-08-17,148.6875,150.4375,148.34375,150.1875,94.57048034667969,5652200,0.0,0.0,0.0
2000-08-18,150.375,150.375,149.21875,149.6875,94.2555923461914,4626400,0.0,0.0,0.0
2000-08-21,150.03125,150.71875,149.40625,150.5,94.76727294921875,2380600,0.0,0.0,0.0
2000-08-22,150.5625,151.3125,150.09375,150.25,94.60977935791016,3075300,0.0,0.0,0.0
2000-08-23,149.8125,151.28125,149.28125,150.84375,94.98373413085938,5483200,0.0,0.0,0.0
2000-08-24,151.15625,151.5,150.5,151.3125,95.27889251708984,4529000,0.0,0.0,0.0
2000-08-25,151.15625,151.625,150.9375,151.25,95.23949432373047,2822200,0.0,0.0,0.0
2000-08-28,151.25,152.90625,151.25,151.765625,95.564208984375,5518700,0.0,0.0,0.0
2000-08-29,151.4375,151.875,150.90625,151.796875,95.58387756347656,3561900,0.0,0.0,0.0
2000-08-30,151.3125,151.5,150.34375,150.34375,94.66886138916016,3964800,0.0,0.0,0.0
2000-08-31,151.0625,153.09375,150.90625,152.34375,95.92823791503906,4863100,0.0,0.0,0.0
2000-09-01,153.25,153.59375,152.0,152.5,96.02657318115234,3191200,0.0,0.0,0.0
2000-09-05,151.875,152.203125,150.8125,151.28125,95.25923156738281,3470800,0.0,0.0,0.0
2000-09-06,151.1875,151.953125,149.53125,149.5625,94.17694854736328,4322200,0.0,0.0,0.0
2000-09-07,150.25,151.078125,149.828125,150.84375,94.98373413085938,4265500,0.0,0.0,0.0
2000-09-08,150.28125,150.5,149.328125,149.8125,94.3343505859375,3518200,0.0,0.0,0.0
2000-09-11,149.75,151.1875,148.6875,149.59375,94.19659423828125,3937500,0.0,0.0,0.0
2000-09-12,149.75,150.25,148.4375,148.5,93.50789642333984,4769100,0.0,0.0,0.0
2000-09-13,148.0,149.34375,147.65625,148.890625,93.75386047363281,7691600,0.0,0.0,0.0
2000-09-14,149.875,149.9375,148.15625,149.640625,94.22606658935547,3397100,0.0,0.0,0.0
2000-09-15,148.1875,148.25,146.0,146.0,92.16462707519531,4085700,0.375,0.0,0.0
2000-09-18,146.375,146.96875,144.203125,144.65625,91.31636810302734,5109300,0.0,0.0,0.0
2000-09-19,145.125,146.3125,144.703125,145.96875,92.14496612548828,6588200,0.0,0.0,0.0
2000-09-20,145.6875,146.03125,143.15625,144.890625,91.46437072753906,6508100,0.0,0.0,0.0
2000-09-21,144.46875,145.5625,142.625,142.6875,90.07360076904297,5972300,0.0,0.0,0.0
2000-09-22,142.625,145.3125,142.421875,145.28125,91.71090698242188,7791300,0.0,0.0,0.0
2000-09-25,145.9375,146.0625,143.71875,144.25,91.05990600585938,9726300,0.0,0.0,0.0
2000-09-26,144.375,145.0,142.40625,142.40625,89.89608001708984,5302400,0.0,0.0,0.0
2000-09-27,143.5625,143.96875,142.125,143.15625,90.36946868896484,7186200,0.0,0.0,0.0
2000-09-28,143.1875,146.328125,142.890625,145.0,91.53337097167969,7036400,0.0,0.0,0.0
2000-09-29,145.46875,145.96875,143.625,143.625,90.66531372070312,9333600,0.0,0.0,0.0
2000-10-02,144.28125,144.90625,143.140625,143.84375,90.80345916748047,5517800,0.0,0.0,0.0
2000-10-03,144.53125,145.75,142.28125,142.5,89.95526885986328,9347200,0.0,0.0,0.0
2000-10-04,142.875,144.25,141.75,143.6875,90.70484161376953,6148900,0.0,0.0,0.0
2000-10-05,143.40625,144.84375,143.3125,144.1875,91.02047729492188,4566900,0.0,0.0,0.0
2000-10-06,143.875,144.640625,139.75,141.0625,89.04776763916016,10014900,0.0,0.0,0.0
2000-10-09,141.3125,141.3125,139.375,140.0,88.37702178955078,4508000,0.0,0.0,0.0
2000-10-10,140.09375,141.25,137.6875,137.6875,86.91724395751953,6104700,0.0,0.0,0.0
2000-10-11,137.625,138.625,135.125,136.53125,86.1873779296875,10346000,0.0,0.0,0.0
2000-10-12,137.28125,137.59375,132.78125,133.125,84.03710174560547,12336900,0.0,0.0,0.0
2000-10-13,132.9375,137.65625,132.875,137.5625,86.8383560180664,11778800,0.0,0.0,0.0
2000-10-16,137.40625,138.234375,136.6875,138.1875,87.23290252685547,5659000,0.0,0.0,0.0
2000-10-17,138.4375,138.5625,134.40625,134.75,85.06290435791016,7831700,0.0,0.0,0.0
2000-10-18,132.625,136.125,130.15625,134.25,84.74729919433594,10897300,0.0,0.0,0.0
2000-10-19,136.84375,139.453125,136.4375,139.3125,87.94306182861328,8767300,0.0,0.0,0.0
2000-10-20,138.375,141.1875,138.375,139.90625,88.31788635253906,7373500,0.0,0.0,0.0
2000-10-23,139.9375,141.03125,138.9375,140.53125,88.71240997314453,5290000,0.0,0.0,0.0
2000-10-24,140.96875,141.9375,139.0,139.59375,88.12060546875,5750700,0.0,0.0,0.0
2000-10-25,138.75,139.5625,136.125,136.3125,86.04928588867188,9137600,0.0,0.0,0.0
2000-10-26,137.125,137.65625,134.03125,136.6875,86.28594207763672,9345800,0.0,0.0,0.0
2000-10-27,137.875,139.28125,136.625,139.28125,87.92333221435547,9762900,0.0,0.0,0.0
2000-10-30,138.4375,141.09375,138.15625,140.53125,88.71240997314453,10154100,0.0,0.0,0.0
2000-10-31,141.015625,143.6875,140.0625,142.953125,90.24126434326172,7752400,0.0,0.0,0.0
2000-11-01,142.25,143.25,141.21875,142.46875,89.93547821044922,6753600,0.0,0.0,0.0
2000-11-02,143.15625,143.90625,142.515625,142.703125,90.08341979980469,11395100,0.0,0.0,0.0
2000-11-03,143.46875,143.75,142.375,142.78125,90.13272857666016,5187100,0.0,0.0,0.0
2000-11-06,143.15625,144.296875,143.03125,143.78125,90.7640151977539,4042500,0.0,0.0,0.0
2000-11-07,143.140625,144.0,142.5625,143.75,90.74429321289062,5231300,0.0,0.0,0.0
2000-11-08,144.0625,144.0625,140.5625,140.5625,88.73213958740234,6123300,0.0,0.0,0.0
2000-11-09,140.0,141.21875,137.25,140.03125,88.39677429199219,10635300,0.0,0.0,0.0
2000-11-10,139.0,139.46875,136.53125,136.625,86.2465591430664,8569500,0.0,0.0,0.0
2000-11-13,135.625,136.984375,133.015625,135.5625,85.5758056640625,17285300,0.0,0.0,0.0
2000-11-14,137.46875,139.625,137.0,139.125,87.8246841430664,7668900,0.0,0.0,0.0
2000-11-15,139.0625,140.109375,137.75,139.5625,88.10087585449219,8837700,0.0,0.0,0.0
2000-11-16,138.578125,139.875,137.3125,137.375,86.72000885009766,6684100,0.0,0.0,0.0
2000-11-17,137.3125,139.0,135.75,136.640625,86.25640106201172,6551100,0.0,0.0,0.0
2000-11-20,135.75,136.375,134.3125,134.6875,85.02349853515625,5458500,0.0,0.0,0.0
2000-11-21,134.875,136.1875,133.515625,135.375,85.45745086669922,7684300,0.0,0.0,0.0
2000-11-22,134.34375,134.875,132.125,132.140625,83.41573333740234,5736900,0.0,0.0,0.0
2000-11-24,133.625,134.96875,133.625,134.84375,85.12215423583984,3411600,0.0,0.0,0.0
2000-11-27,136.46875,136.6875,135.3125,136.03125,85.87167358398438,5992000,0.0,0.0,0.0
2000-11-28,135.125,136.59375,133.640625,133.6875,84.39219665527344,5336100,0.0,0.0,0.0
2000-11-29,134.375,135.90625,133.265625,133.4375,84.2343978881836,6914100,0.0,0.0,0.0
2000-11-30,132.5,133.5,129.75,132.28125,83.50446319580078,11201600,0.0,0.0,0.0
2000-12-01,133.1875,134.0625,131.0,132.21875,83.46501159667969,7587200,0.0,0.0,0.0
2000-12-04,131.875,133.875,131.5,133.34375,84.17517852783203,6996600,0.0,0.0,0.0
2000-12-05,134.875,138.25,134.40625,137.71875,86.93698120117188,8883400,0.0,0.0,0.0
2000-12-06,137.78125,138.34375,135.03125,135.515625,85.54623413085938,12888000,0.0,0.0,0.0
2000-12-07,134.875,135.875,133.65625,133.65625,84.37246704101562,6529100,0.0,0.0,0.0
2000-12-08,137.0625,139.46875,133.875,133.96875,84.56976318359375,10276300,0.0,0.0,0.0
2000-12-11,137.375,139.5625,136.71875,138.625,87.50909423828125,6405600,0.0,0.0,0.0
2000-12-12,138.1875,138.8125,137.375,138.03125,87.1342544555664,5022900,0.0,0.0,0.0
2000-12-13,139.25,139.40625,136.03125,136.140625,85.94072723388672,6070500,0.0,0.0,0.0
2000-12-14,135.875,136.5,134.03125,134.40625,84.8459243774414,7678400,0.0,0.0,0.0
2000-12-15,133.125,133.125,130.5625,130.96875,82.92951965332031,9065300,0.411,0.0,0.0
2000-12-18,132.0625,133.46875,131.765625,132.71875,84.03765106201172,7235400,0.0,0.0,0.0
2000-12-19,132.46875,134.96875,130.015625,130.015625,82.32601928710938,9616600,0.0,0.0,0.0
2000-12-20,128.625,128.9375,126.09375,126.25,79.94159698486328,9994300,0.0,0.0,0.0
2000-12-21,126.0,128.859375,125.53125,127.125,80.49565124511719,14331500,0.0,0.0,0.0
2000-12-22,129.0,131.109375,128.84375,130.9375,82.90974426269531,10182900,0.0,0.0,0.0
2000-12-26,130.84375,132.34375,130.28125,132.34375,83.80020141601562,4665300,0.0,0.0,0.0
2000-12-27,131.75,133.734375,131.25,133.3125,84.41358947753906,4854100,0.0,0.0,0.0
2000-12-28,132.8125,133.875,132.59375,133.71875,84.67086791992188,8358700,0.0,0.0,0.0
2000-12-29,134.0625,134.28125,131.1875,131.1875,83.06803131103516,8774600,0.0,0.0,0.0
2001-01-02,132.0,132.15625,127.5625,128.8125,81.564208984375,8737500,0.0,0.0,0.0
2001-01-03,128.3125,136.0,127.65625,135.0,85.4820785522461,19431600,0.0,0.0,0.0
2001-01-04,134.9375,135.46875,133.0,133.546875,84.5620346069336,9219000,0.0,0.0,0.0
2001-01-05,133.46875,133.625,129.1875,129.1875,81.80162811279297,12911400,0.0,0.0,0.0
2001-01-08,129.875,130.1875,127.6875,130.1875,82.4348373413086,6625300,0.0,0.0,0.0
2001-01-09,131.046875,131.5,129.421875,129.84375,82.21719360351562,5702400,0.0,0.0,0.0
2001-01-10,129.0,132.125,128.8125,132.125,83.66167449951172,8746100,0.0,0.0,0.0
2001-01-11,131.09375,133.484375,131.09375,132.25,83.7408218383789,7245100,0.0,0.0,0.0
2001-01-12,132.6875,133.71875,131.28125,132.0,83.5825424194336,7244000,0.0,0.0,0.0
2001-01-16,132.0,133.1875,131.515625,132.84375,84.1168212890625,8542200,0.0,0.0,0.0
2001-01-17,134.84375,135.046875,132.640625,133.453125,84.50265502929688,7851400,0.0,0.0,0.0
2001-01-18,133.4375,135.703125,132.9375,134.78125,85.3436279296875,8107000,0.0,0.0,0.0
2001-01-19,136.1875,136.1875,133.875,134.015625,84.85884094238281,7782500,0.0,0.0,0.0
2001-01-22,134.25,135.78125,133.5625,134.90625,85.42274475097656,7050900,0.0,0.0,0.0
2001-01-23,134.46875,136.65625,134.15625,135.96875,86.09556579589844,8463100,0.0,0.0,0.0
2001-01-24,136.25,137.3125,135.84375,136.375,86.35274505615234,6199900,0.0,0.0,0.0
2001-01-25,136.25,137.25,135.65625,136.03125,86.13507080078125,10818300,0.0,0.0,0.0
2001-01-26,135.15625,136.125,134.453125,135.875,86.03618621826172,7136800,0.0,0.0,0.0
2001-01-29,135.5,136.89999389648438,135.3699951171875,136.60000610351562,86.4952392578125,6705900,0.0,0.0,0.0
2001-01-30,136.3000030517578,137.9199981689453,135.7899932861328,137.8000030517578,87.2551040649414,7069100,0.0,0.0,0.0
2001-01-31,137.39999389648438,138.6999969482422,136.60000610351562,137.02000427246094,86.76119995117188,9706900,0.0,0.0,0.0
2001-02-01,137.10000610351562,137.9499969482422,136.25,137.92999267578125,87.3374252319336,8239100,0.0,0.0,0.0
2001-02-02,137.39999389648438,137.99000549316406,134.75,134.8000030517578,85.35548400878906,8276600,0.0,0.0,0.0
2001-02-05,134.8000030517578,135.94000244140625,134.75,135.7899932861328,85.98235321044922,4352900,0.0,0.0,0.0
2001-02-06,135.3000030517578,136.6999969482422,135.22000122070312,135.38999938964844,85.72905731201172,7106700,0.0,0.0,0.0
2001-02-07,134.72000122070312,135.39999389648438,133.67999267578125,134.69000244140625,85.28582000732422,5748700,0.0,0.0,0.0
2001-02-08,134.8000030517578,135.39999389648438,133.10000610351562,133.1199951171875,84.29173278808594,5943300,0.0,0.0,0.0
2001-02-09,133.35000610351562,133.35000610351562,131.25999450683594,131.83999633789062,83.48119354248047,9913000,0.0,0.0,0.0
2001-02-12,131.6999969482422,133.5,131.6999969482422,133.35000610351562,84.43731689453125,5804400,0.0,0.0,0.0
2001-02-13,133.6999969482422,134.1699981689453,132.0,132.25999450683594,83.7471694946289,6587600,0.0,0.0,0.0
2001-02-14,132.64999389648438,132.64999389648438,130.66000366210938,132.05999755859375,83.62047576904297,8400100,0.0,0.0,0.0
2001-02-15,132.83999633789062,133.52000427246094,131.99000549316406,133.33999633789062,84.43096160888672,5929800,0.0,0.0,0.0
2001-02-16,131.0,131.2899932861328,129.3000030517578,130.39999389648438,82.56939697265625,6434900,0.0,0.0,0.0
2001-02-20,131.0399932861328,131.13999938964844,128.10000610351562,128.38999938964844,81.2966537475586,5760000,0.0,0.0,0.0
2001-02-21,127.9000015258789,128.83999633789062,125.5,125.62000274658203,79.54270935058594,10910800,0.0,0.0,0.0
2001-02-22,126.3499984741211,126.54000091552734,123.0199966430664,125.80999755859375,79.66303253173828,21281600,0.0,0.0,0.0
2001-02-23,125.08000183105469,125.54000091552734,121.80000305175781,124.95999908447266,79.12480926513672,20173000,0.0,0.0,0.0
2001-02-26,125.80000305175781,127.62000274658203,124.5,127.62000274658203,80.80911254882812,11503700,0.0,0.0,0.0
2001-02-27,126.80000305175781,127.83999633789062,125.51000213623047,126.44000244140625,80.06193542480469,11415000,0.0,0.0,0.0
2001-02-28,126.75,126.83999633789062,123.2699966430664,123.94999694824219,78.48524475097656,14825800,0.0,0.0,0.0
2001-03-01,124.05000305175781,124.5999984741211,121.75,124.5999984741211,78.89686584472656,14672000,0.0,0.0,0.0
2001-03-02,122.5,125.6500015258789,122.30000305175781,123.61000061035156,78.26998901367188,12564300,0.0,0.0,0.0
2001-03-05,124.1500015258789,124.77999877929688,123.80999755859375,124.73999786376953,78.9854965209961,5293200,0.0,0.0,0.0
2001-03-06,126.3499984741211,127.75,125.48999786376953,126.08000183105469,79.83399963378906,6917000,0.0,0.0,0.0
2001-03-07,126.9000015258789,127.04000091552734,125.76000213623047,126.9800033569336,80.40387725830078,6371700,0.0,0.0,0.0
2001-03-08,126.5999984741211,127.23999786376953,126.13999938964844,127.12000274658203,80.49248504638672,6055000,0.0,0.0,0.0
2001-03-09,126.0999984741211,126.0999984741211,123.11000061035156,123.36000061035156,78.11166381835938,10020300,0.0,0.0,0.0
2001-03-12,122.33999633789062,122.5,117.75,118.08000183105469,74.76837921142578,13972900,0.0,0.0,0.0
2001-03-13,119.4000015258789,120.44000244140625,117.52999877929688,120.0199966430664,75.99675750732422,12888000,0.0,0.0,0.0
2001-03-14,117.05000305175781,119.29000091552734,115.75,117.6500015258789,74.49606323242188,19883400,0.0,0.0,0.0
2001-03-15,118.44999694824219,118.86000061035156,117.36000061035156,117.68000030517578,74.51509857177734,10370300,0.0,0.0,0.0
2001-03-16,117.12999725341797,117.4000015258789,114.80999755859375,115.01000213623047,73.0205307006836,58514600,0.316,0.0,0.0
2001-03-19,115.76000213623047,117.69000244140625,114.81999969482422,117.3499984741211,74.50617218017578,10067800,0.0,0.0,0.0
2001-03-20,117.9000015258789,118.45999908447266,114.11000061035156,114.19999694824219,72.50626373291016,15083900,0.0,0.0,0.0
2001-03-21,114.18000030517578,115.26000213623047,111.9000015258789,112.26000213623047,71.27452087402344,19004600,0.0,0.0,0.0
2001-03-22,112.0199966430664,112.5999984741211,108.04000091552734,111.12000274658203,70.55072784423828,28624800,0.0,0.0,0.0
2001-03-23,113.25,114.66000366210938,111.5,114.4800033569336,72.68403625488281,12861700,0.0,0.0,0.0
2001-03-26,115.69999694824219,116.2699966430664,114.7699966430664,115.94000244140625,73.61096954345703,9943800,0.0,0.0,0.0
2001-03-27,115.62000274658203,118.6500015258789,115.27999877929688,118.30999755859375,75.1156997680664,12880700,0.0,0.0,0.0
2001-03-28,116.9000015258789,116.94999694824219,114.9000015258789,115.04000091552734,73.03961181640625,10953300,0.0,0.0,0.0
2001-03-29,114.69999694824219,116.5,112.13999938964844,115.4800033569336,73.31891632080078,12060300,0.0,0.0,0.0
2001-03-30,115.55000305175781,116.69000244140625,114.5,116.69000244140625,74.08715057373047,9183600,0.0,0.0,0.0
2001-04-02,116.30000305175781,117.37999725341797,113.80000305175781,114.19999694824219,72.50626373291016,10561000,0.0,0.0,0.0
2001-04-03,113.9800033569336,114.1500015258789,110.05999755859375,110.38999938964844,70.08724212646484,12836000,0.0,0.0,0.0
2001-04-04,110.56999969482422,112.0999984741211,109.30000305175781,110.8499984741211,70.37928009033203,14884300,0.0,0.0,0.0
2001-04-05,113.30000305175781,115.48999786376953,112.5,115.05000305175781,73.04593658447266,21522800,0.0,0.0,0.0
2001-04-06,113.98999786376953,114.4000015258789,112.05999755859375,113.30000305175781,71.9348373413086,14937800,0.0,0.0,0.0
2001-04-09,114.0,114.98999786376953,112.77999877929688,114.55999755859375,72.73479461669922,9034300,0.0,0.0,0.0
2001-04-10,115.44999694824219,117.75,115.16999816894531,116.6500015258789,74.06177520751953,17873600,0.0,0.0,0.0
2001-04-11,118.77999877929688,118.98999786376953,116.13999938964844,116.7300033569336,74.1125717163086,12722300,0.0,0.0,0.0
2001-04-12,116.30000305175781,118.94000244140625,115.95999908447266,118.8499984741211,75.45853424072266,9233200,0.0,0.0,0.0
2001-04-16,118.29000091552734,118.88999938964844,116.91000366210938,117.5999984741211,74.66493225097656,7350000,0.0,0.0,0.0
2001-04-17,117.30999755859375,119.66000366210938,117.0199966430664,119.26000213623047,75.71888732910156,10924700,0.0,0.0,0.0
2001-04-18,121.05999755859375,126.0,120.69000244140625,124.0,78.72828674316406,32481600,0.0,0.0,0.0
2001-04-19,124.25,125.83999633789062,123.58000183105469,125.6500015258789,79.7759017944336,13809900,0.0,0.0,0.0
2001-04-20,124.9000015258789,125.4000015258789,123.66000366210938,124.5,79.0457534790039,7626700,0.0,0.0,0.0
2001-04-23,123.6500015258789,123.88999938964844,121.91000366210938,122.23999786376953,77.61090087890625,8451800,0.0,0.0,0.0
2001-04-24,122.5199966430664,123.6500015258789,121.0999984741211,121.58000183105469,77.1918716430664,10044700,0.0,0.0,0.0
2001-04-25,121.41999816894531,123.66999816894531,120.94999694824219,123.16999816894531,78.20136260986328,8249000,0.0,0.0,0.0
2001-04-26,123.7300033569336,125.22000122070312,123.5,123.72000122070312,78.55054473876953,10590400,0.0,0.0,0.0
2001-04-27,124.91999816894531,125.83999633789062,124.19999694824219,125.77999877929688,79.85841369628906,7938700,0.0,0.0,0.0
2001-04-30,126.44999694824219,127.2699966430664,124.66999816894531,126.66000366210938,80.4171371459961,10766900,0.0,0.0,0.0
2001-05-01,125.06999969482422,127.1500015258789,124.5999984741211,127.05000305175781,80.66478729248047,10578000,0.0,0.0,0.0
2001-05-02,127.41000366210938,127.69000244140625,126.0,126.81999969482422,80.51873779296875,9572900,0.0,0.0,0.0
2001-05-03,126.12999725341797,126.1500015258789,124.22000122070312,125.20999908447266,79.49654388427734,9926200,0.0,0.0,0.0
2001-05-04,123.6500015258789,127.3499984741211,123.44000244140625,127.33999633789062,80.84888458251953,12145300,0.0,0.0,0.0
2001-05-07,126.86000061035156,127.37999725341797,126.2300033569336,126.23999786376953,80.15049743652344,7185200,0.0,0.0,0.0
2001-05-08,126.86000061035156,127.0999984741211,125.55999755859375,126.18000030517578,80.11238861083984,6952600,0.0,0.0,0.0
2001-05-09,125.25,126.55000305175781,125.05999755859375,125.6500015258789,79.7759017944336,9507400,0.0,0.0,0.0
2001-05-10,127.26000213623047,127.5,125.7699966430664,126.0199966430664,80.01082611083984,6872400,0.0,0.0,0.0
2001-05-11,126.0,126.48999786376953,124.4000015258789,125.1500015258789,79.45848083496094,7734400,0.0,0.0,0.0
2001-05-14,124.9000015258789,125.44000244140625,124.45999908447266,125.4000015258789,79.61717987060547,7914000,0.0,0.0,0.0
2001-05-15,125.55000305175781,126.5,124.8499984741211,125.9800033569336,79.98542785644531,9782200,0.0,0.0,0.0
2001-05-16,124.83999633789062,129.1999969482422,124.62000274658203,128.9499969482422,81.87108612060547,14909000,0.0,0.0,0.0
2001-05-17,129.0,130.0800018310547,128.55999755859375,129.14999389648438,81.99809265136719,11824600,0.0,0.0,0.0
2001-05-18,129.08999633789062,129.74000549316406,128.10000610351562,129.74000549316406,82.37266540527344,6683100,0.0,0.0,0.0
2001-05-21,129.83999633789062,131.83999633789062,129.14999389648438,131.64999389648438,83.58533477783203,11531500,0.0,0.0,0.0
2001-05-22,131.8300018310547,132.08999633789062,131.07000732421875,131.47999572753906,83.47740936279297,8342700,0.0,0.0,0.0
2001-05-23,131.0500030517578,131.0500030517578,129.25,129.25,82.06156158447266,12330800,0.0,0.0,0.0
2001-05-24,129.47000122070312,130.0,128.5500030517578,129.6300048828125,82.3028564453125,7902800,0.0,0.0,0.0
2001-05-25,129.64999389648438,129.6999969482422,127.9000015258789,128.10000610351562,81.33146667480469,7425000,0.0,0.0,0.0
2001-05-29,128.22000122070312,128.35000610351562,126.9000015258789,127.08000183105469,80.68385314941406,9003900,0.0,0.0,0.0
2001-05-30,126.58999633789062,127.08999633789062,125.0,125.30000305175781,79.5536880493164,10041800,0.0,0.0,0.0
2001-05-31,125.43000030517578,126.76000213623047,125.26000213623047,125.94999694824219,79.96636962890625,9874200,0.0,0.0,0.0
2001-06-01,126.19999694824219,127.0999984741211,125.12000274658203,126.7300033569336,80.46161651611328,8848300,0.0,0.0,0.0
2001-06-04,126.80000305175781,127.43000030517578,126.08000183105469,127.33999633789062,80.84888458251953,5623500,0.0,0.0,0.0
2001-06-05,127.48999786376953,129.22999572753906,127.2699966430664,128.8000030517578,81.7759017944336,9115400,0.0,0.0,0.0
2001-06-06,128.8300018310547,128.8300018310547,127.36000061035156,127.7300033569336,81.09652709960938,12064900,0.0,0.0,0.0
2001-06-07,127.05000305175781,128.35000610351562,127.0,128.19000244140625,81.38860321044922,7355300,0.0,0.0,0.0
2001-06-08,127.69999694824219,127.87000274658203,126.13999938964844,127.0,80.6330337524414,8170600,0.0,0.0,0.0
2001-06-11,126.70999908447266,126.98999786376953,125.41000366210938,126.0999984741211,80.06163787841797,7012200,0.0,0.0,0.0
2001-06-12,124.86000061035156,126.73999786376953,124.04000091552734,125.87999725341797,79.92198181152344,9364400,0.0,0.0,0.0
2001-06-13,126.16999816894531,126.58000183105469,124.6500015258789,124.80000305175781,79.23623657226562,7629400,0.0,0.0,0.0
2001-06-14,124.18000030517578,124.30000305175781,121.75,122.0,77.4585189819336,12603000,0.0,0.0,0.0
2001-06-15,120.91000366210938,122.4000015258789,120.4000015258789,121.8499984741211,77.58329010009766,16821100,0.346,0.0,0.0
2001-06-18,121.6500015258789,122.44000244140625,120.91000366210938,121.26000213623047,77.2076416015625,11368300,0.0,0.0,0.0
2001-06-19,122.37999725341797,122.88999938964844,120.88999938964844,121.79000091552734,77.5450668334961,7732300,0.0,0.0,0.0
2001-06-20,121.19000244140625,122.86000061035156,121.0999984741211,122.43000030517578,77.95262145996094,8787200,0.0,0.0,0.0
2001-06-21,122.22000122070312,124.30999755859375,122.1500015258789,123.81999969482422,78.83763122558594,12259100,0.0,0.0,0.0
2001-06-22,123.48999786376953,123.58999633789062,122.16000366210938,122.8499984741211,78.22000122070312,12212000,0.0,0.0,0.0
2001-06-25,123.27999877929688,123.44000244140625,121.5,121.72000122070312,77.50054168701172,8406800,0.0,0.0,0.0
2001-06-26,120.9000015258789,122.38999938964844,120.56999969482422,121.55000305175781,77.39228820800781,8005800,0.0,0.0,0.0
2001-06-27,121.5999984741211,122.23999786376953,120.91000366210938,121.4800033569336,77.34773254394531,10105100,0.0,0.0,0.0
2001-06-28,122.0,123.94000244140625,121.93000030517578,122.1500015258789,77.77430725097656,10269300,0.0,0.0,0.0
2001-06-29,122.80000305175781,124.01000213623047,122.26000213623047,122.5999984741211,78.06084442138672,9824200,0.0,0.0,0.0
2001-07-02,122.80000305175781,124.31999969482422,122.62000274658203,124.12999725341797,79.03497314453125,8522200,0.0,0.0,0.0
2001-07-03,123.9800033569336,124.0999984741211,123.05000305175781,124.0999984741211,79.01591491699219,3303100,0.0,0.0,0.0
2001-07-05,123.06999969482422,123.6500015258789,121.66000366210938,121.68000030517578,77.4750747680664,5517900,0.0,0.0,0.0
2001-07-06,121.30999755859375,121.48999786376953,119.05000305175781,119.05000305175781,75.80050659179688,11665900,0.0,0.0,0.0
2001-07-09,119.48999786376953,120.54000091552734,119.19999694824219,119.69999694824219,76.21438598632812,8339300,0.0,0.0,0.0
2001-07-10,120.29000091552734,120.63999938964844,118.20999908447266,118.26000213623047,75.29749298095703,8630700,0.0,0.0,0.0
2001-07-11,118.0999984741211,118.88999938964844,117.08999633789062,118.37999725341797,75.37390899658203,15328600,0.0,0.0,0.0
2001-07-12,119.5,121.47000122070312,119.30999755859375,121.19000244140625,77.16310119628906,12002800,0.0,0.0,0.0
2001-07-13,120.83999633789062,122.31999969482422,120.62000274658203,122.23999786376953,77.83163452148438,10433800,0.0,0.0,0.0
2001-07-16,121.7699966430664,122.27999877929688,120.29000091552734,120.70999908447266,76.85748291015625,6915300,0.0,0.0,0.0
2001-07-17,120.19999694824219,121.94999694824219,119.83000183105469,121.83999633789062,77.57696533203125,7469800,0.0,0.0,0.0
2001-07-18,120.55999755859375,121.63999938964844,120.05999755859375,121.01000213623047,77.0484390258789,7709300,0.0,0.0,0.0
2001-07-19,122.18000030517578,122.9800033569336,120.76000213623047,122.06999969482422,77.72340393066406,10082900,0.0,0.0,0.0
2001-07-20,121.1500015258789,121.94000244140625,120.91999816894531,121.33999633789062,77.25859832763672,6705800,0.0,0.0,0.0
2001-07-23,121.80000305175781,121.87999725341797,118.94999694824219,118.94999694824219,75.7368392944336,8065200,0.0,0.0,0.0
2001-07-24,119.0,119.19999694824219,116.75,117.80000305175781,75.00462341308594,12269000,0.0,0.0,0.0
2001-07-25,117.91999816894531,119.4800033569336,117.45999908447266,119.0999984741211,75.83235168457031,12088500,0.0,0.0,0.0
2001-07-26,119.05999755859375,120.8499984741211,118.55999755859375,120.3499984741211,76.62823486328125,12898200,0.0,0.0,0.0
2001-07-27,120.83000183105469,121.3499984741211,119.91000366210938,120.80999755859375,76.92111206054688,8478800,0.0,0.0,0.0
2001-07-30,121.19000244140625,121.3499984741211,120.30000305175781,120.8499984741211,76.94659423828125,8547700,0.0,0.0,0.0
2001-07-31,121.0,122.68000030517578,120.80000305175781,121.3499984741211,77.26493072509766,11918100,0.0,0.0,0.0
2001-08-01,121.97000122070312,122.69999694824219,121.55000305175781,122.11000061035156,77.74881744384766,11940800,0.0,0.0,0.0
2001-08-02,123.2300033569336,123.25,121.88999938964844,122.61000061035156,78.06720733642578,11070100,0.0,0.0,0.0
2001-08-03,122.36000061035156,122.36000061035156,120.9000015258789,121.94000244140625,77.64061737060547,10816300,0.0,0.0,0.0
2001-08-06,121.3499984741211,121.51000213623047,120.0999984741211,120.30000305175781,76.59637451171875,8550100,0.0,0.0,0.0
2001-08-07,120.2699966430664,121.19999694824219,119.91000366210938,120.7699966430664,76.89563751220703,8865100,0.0,0.0,0.0
2001-08-08,120.12000274658203,121.16000366210938,118.43000030517578,118.52999877929688,75.46942138671875,15183800,0.0,0.0,0.0
2001-08-09,118.69999694824219,118.97000122070312,117.86000061035156,118.87999725341797,75.6922836303711,14118500,0.0,0.0,0.0
2001-08-10,118.80000305175781,119.83999633789062,117.33999633789062,119.29000091552734,75.95335388183594,11173300,0.0,0.0,0.0
2001-08-13,119.5999984741211,119.8499984741211,118.80999755859375,119.31999969482422,75.972412109375,7431600,0.0,0.0,0.0
2001-08-14,120.13999938964844,120.3499984741211,118.80000305175781,119.2699966430664,75.94061279296875,13178100,0.0,0.0,0.0
2001-08-15,119.2300033569336,119.61000061035156,118.08000183105469,118.23999786376953,75.2847900390625,8520600,0.0,0.0,0.0
2001-08-16,117.80000305175781,118.75,117.0,118.6500015258789,75.54586029052734,10734700,0.0,0.0,0.0
2001-08-17,117.6500015258789,117.87000274658203,116.01000213623047,116.75,74.33609771728516,11604600,0.0,0.0,0.0
2001-08-20,116.80000305175781,117.9000015258789,116.55000305175781,117.83000183105469,75.02369689941406,10417400,0.0,0.0,0.0
2001-08-21,117.80000305175781,118.54000091552734,115.80000305175781,115.81999969482422,73.74391174316406,14480800,0.0,0.0,0.0
2001-08-22,116.75,117.43000030517578,115.77999877929688,117.0199966430664,74.5079574584961,11752300,0.0,0.0,0.0
2001-08-23,116.95999908447266,117.5199966430664,116.48999786376953,116.5999984741211,74.2406005859375,8744100,0.0,0.0,0.0
2001-08-24,117.20999908447266,119.12999725341797,116.73999786376953,119.0199966430664,75.78140258789062,11687700,0.0,0.0,0.0
2001-08-27,118.97000122070312,119.19999694824219,118.26000213623047,118.30999755859375,75.32933807373047,7425100,0.0,0.0,0.0
2001-08-28,118.27999877929688,118.48999786376953,116.58000183105469,116.58000183105469,74.22782135009766,12046600,0.0,0.0,0.0
2001-08-29,117.12999725341797,117.18000030517578,115.16999816894531,115.54000091552734,73.56565856933594,16180000,0.0,0.0,0.0
2001-08-30,114.8499984741211,115.73999786376953,112.04000091552734,113.31999969482422,72.15216064453125,17692600,0.0,0.0,0.0
2001-08-31,113.4000015258789,114.7699966430664,113.12999725341797,114.1500015258789,72.6806411743164,15985400,0.0,0.0,0.0
2001-09-04,113.8499984741211,116.16999816894531,113.37000274658203,113.41999816894531,72.21583557128906,24473400,0.0,0.0,0.0
2001-09-05,113.69999694824219,114.19000244140625,111.94999694824219,113.69999694824219,72.3940658569336,21477100,0.0,0.0,0.0
2001-09-06,112.6500015258789,113.30000305175781,110.7699966430664,110.7699966430664,70.52851104736328,21653000,0.0,0.0,0.0
2001-09-07,110.0199966430664,111.25,108.62999725341797,108.72000122070312,69.22331237792969,33133900,0.0,0.0,0.0
2001-09-10,107.69999694824219,110.3499984741211,107.69999694824219,110.05000305175781,70.07010650634766,23408700,0.0,0.0,0.0
2001-09-17,101.0,106.4000015258789,100.0,104.30000305175781,66.40902709960938,32388700,0.0,0.0,0.0
2001-09-18,104.33000183105469,105.30000305175781,103.36000061035156,104.05000305175781,66.24981689453125,22029200,0.0,0.0,0.0
2001-09-19,104.0999984741211,104.5,98.55999755859375,101.94999694824219,64.91273498535156,42771800,0.0,0.0,0.0
2001-09-20,100.4000015258789,101.80999755859375,98.55999755859375,98.70999908447266,62.84980010986328,36210900,0.0,0.0,0.0
2001-09-21,94.27999877929688,98.98999786376953,93.80000305175781,97.27999877929688,62.17170715332031,49782100,0.369,0.0,0.0
2001-09-24,99.72000122070312,101.16000366210938,99.05999755859375,100.69999694824219,64.357421875,25549600,0.0,0.0,0.0
2001-09-25,100.75,102.0,99.9000015258789,101.75,65.02848052978516,25466200,0.0,0.0,0.0
2001-09-26,102.3499984741211,102.4000015258789,100.43000030517578,101.38999938964844,64.79841613769531,18587500,0.0,0.0,0.0
2001-09-27,101.25,102.29000091552734,100.0,102.2699966430664,65.36082458496094,20536800,0.0,0.0,0.0
2001-09-28,102.9800033569336,109.62000274658203,102.5,104.44000244140625,66.7477035522461,21687200,0.0,0.0,0.0
2001-10-01,103.9000015258789,104.31999969482422,102.83000183105469,104.2699966430664,66.6390151977539,20457400,0.0,0.0,0.0
2001-10-02,104.0,105.58000183105469,103.6500015258789,105.58000183105469,67.47625732421875,19833100,0.0,0.0,0.0
2001-10-03,104.5999984741211,107.87999725341797,104.3499984741211,107.3499984741211,68.60749816894531,32045800,0.0,0.0,0.0
2001-10-04,108.29000091552734,108.97000122070312,106.75,107.44000244140625,68.66498565673828,32674100,0.0,0.0,0.0
2001-10-05,107.25,107.62000274658203,105.5199966430664,107.2300033569336,68.53076934814453,29796100,0.0,0.0,0.0
2001-10-08,106.2699966430664,107.30000305175781,105.87000274658203,106.52999877929688,68.0833969116211,12970300,0.0,0.0,0.0
2001-10-09,106.61000061035156,106.75,105.5999984741211,105.95999908447266,67.7190933227539,15976300,0.0,0.0,0.0
2001-10-10,105.80000305175781,108.55000305175781,105.5199966430664,108.31999969482422,69.22734832763672,19987400,0.0,0.0,0.0
2001-10-11,108.94999694824219,110.30000305175781,108.94999694824219,110.0,70.30108642578125,23006300,0.0,0.0,0.0
2001-10-12,109.1500015258789,109.88999938964844,107.30000305175781,109.5,69.98152923583984,31360500,0.0,0.0,0.0
2001-10-15,108.62999725341797,109.44999694824219,108.05999755859375,109.30000305175781,69.85368347167969,16873000,0.0,0.0,0.0
2001-10-16,109.80000305175781,110.61000061035156,108.94999694824219,109.98999786376953,70.29470825195312,15877100,0.0,0.0,0.0
2001-10-17,111.06999969482422,111.1500015258789,107.6500015258789,107.6500015258789,68.79918670654297,28542300,0.0,0.0,0.0
2001-10-18,107.81999969482422,108.16000366210938,106.75,107.41999816894531,68.65221405029297,16510000,0.0,0.0,0.0
2001-10-19,107.0,107.91000366210938,106.01000213623047,107.3499984741211,68.60749816894531,21912500,0.0,0.0,0.0
2001-10-22,107.30000305175781,109.56999969482422,107.20999908447266,109.47000122070312,69.96231842041016,17540600,0.0,0.0,0.0
2001-10-23,109.95999908447266,110.27999877929688,108.37999725341797,108.91000366210938,69.60447692871094,22062500,0.0,0.0,0.0
2001-10-24,108.9800033569336,109.44999694824219,108.22000122070312,108.62000274658203,69.4190902709961,16065200,0.0,0.0,0.0
2001-10-25,107.44999694824219,110.5999984741211,106.73999786376953,110.56999969482422,70.66539001464844,27467900,0.0,0.0,0.0
2001-10-26,109.94999694824219,111.79000091552734,109.66999816894531,110.31999969482422,70.50560760498047,18623300,0.0,0.0,0.0
2001-10-29,110.16000366210938,110.55000305175781,107.44999694824219,107.44999694824219,68.6713638305664,18727500,0.0,0.0,0.0
2001-10-30,107.3499984741211,107.69999694824219,105.55999755859375,106.16000366210938,67.8469467163086,26178600,0.0,0.0,0.0
2001-10-31,106.9000015258789,107.86000061035156,105.80000305175781,105.80000305175781,67.61685180664062,28124200,0.0,0.0,0.0
2001-11-01,106.5999984741211,109.01000213623047,105.69999694824219,108.51000213623047,69.34879302978516,29806800,0.0,0.0,0.0
2001-11-02,108.44000244140625,109.37999725341797,107.87000274658203,109.25,69.8218002319336,17575900,0.0,0.0,0.0
2001-11-05,110.12000274658203,111.08999633789062,109.94999694824219,110.68000030517578,70.73565673828125,15929500,0.0,0.0,0.0
2001-11-06,110.3499984741211,112.4800033569336,109.8499984741211,112.4000015258789,71.8349380493164,23245800,0.0,0.0,0.0
2001-11-07,111.7699966430664,113.12000274658203,111.63999938964844,112.25,71.73905944824219,19716000,0.0,0.0,0.0
2001-11-08,112.87000274658203,114.08000183105469,111.9000015258789,112.5999984741211,71.96273803710938,22563500,0.0,0.0,0.0
2001-11-09,112.25,112.95999908447266,111.44000244140625,112.72000122070312,72.0394515991211,15895800,0.0,0.0,0.0
2001-11-12,111.0,112.6500015258789,110.0,112.02999877929688,71.59844207763672,26068800,0.0,0.0,0.0
2001-11-13,113.44000244140625,114.55000305175781,113.18000030517578,114.55000305175781,73.20899963378906,15296200,0.0,0.0,0.0
2001-11-14,115.16999816894531,115.4000015258789,113.70999908447266,114.66000366210938,73.27930450439453,17571300,0.0,0.0,0.0
2001-11-15,114.37000274658203,115.18000030517578,113.93000030517578,114.87000274658203,73.41349792480469,19470200,0.0,0.0,0.0
2001-11-16,115.08000183105469,115.0999984741211,113.4000015258789,114.36000061035156,73.08755493164062,18134900,0.0,0.0,0.0
2001-11-19,114.91999816894531,115.8499984741211,114.44999694824219,115.7699966430664,73.98868560791016,13625400,0.0,0.0,0.0
2001-11-20,115.37000274658203,115.80000305175781,114.63999938964844,114.80000305175781,73.36876678466797,16209700,0.0,0.0,0.0
2001-11-21,114.5,114.66999816894531,113.51000213623047,114.04000091552734,72.88304901123047,11470200,0.0,0.0,0.0
2001-11-23,114.04000091552734,115.75,114.0,115.68000030517578,73.93119812011719,6717100,0.0,0.0,0.0
2001-11-26,115.75,116.33999633789062,115.06999969482422,115.93000030517578,74.09093475341797,13726000,0.0,0.0,0.0
2001-11-27,115.62000274658203,116.9000015258789,114.08999633789062,115.43000030517578,73.77139282226562,19261400,0.0,0.0,0.0
2001-11-28,114.73999786376953,115.16999816894531,113.25,113.33999633789062,72.43566131591797,20195500,0.0,0.0,0.0
2001-11-29,113.66000366210938,114.91999816894531,113.0,114.87000274658203,73.41349792480469,16354700,0.0,0.0,0.0
2001-11-30,114.4000015258789,114.91000366210938,114.0199966430664,114.05000305175781,72.8894271850586,13680300,0.0,0.0,0.0
2001-12-03,113.6500015258789,114.08000183105469,113.01000213623047,113.37000274658203,72.45482635498047,15220400,0.0,0.0,0.0
2001-12-04,113.91999816894531,115.30000305175781,113.3499984741211,115.29000091552734,73.68191528320312,17239900,0.0,0.0,0.0
2001-12-05,115.61000061035156,118.0,115.55999755859375,117.4000015258789,75.03041076660156,25204000,0.0,0.0,0.0
2001-12-06,117.33999633789062,117.94000244140625,116.93000030517578,117.33999633789062,74.99209594726562,17972900,0.0,0.0,0.0
2001-12-07,116.9000015258789,117.08999633789062,115.69999694824219,116.55999755859375,74.49354553222656,18857800,0.0,0.0,0.0
2001-12-10,115.8499984741211,116.38999938964844,114.3499984741211,114.37999725341797,73.10032653808594,13862700,0.0,0.0,0.0
2001-12-11,114.9000015258789,115.72000122070312,113.9000015258789,114.1500015258789,72.95333862304688,20833300,0.0,0.0,0.0
2001-12-12,114.55000305175781,114.77999877929688,113.11000061035156,114.27999877929688,73.03641510009766,16171500,0.0,0.0,0.0
2001-12-13,113.44999694824219,113.69999694824219,112.04000091552734,112.05999755859375,71.61764526367188,19026700,0.0,0.0,0.0
2001-12-14,112.33000183105469,113.48999786376953,112.0,113.12999725341797,72.30146026611328,16721900,0.0,0.0,0.0
2001-12-17,112.98999786376953,114.36000061035156,112.9000015258789,114.30000305175781,73.0492172241211,13925900,0.0,0.0,0.0
2001-12-18,114.62999725341797,115.1500015258789,114.33999633789062,114.9800033569336,73.48381042480469,13663700,0.0,0.0,0.0
2001-12-19,114.08999633789062,115.91999816894531,114.0,115.79000091552734,74.00146484375,20143400,0.0,0.0,0.0
2001-12-20,115.5,115.80000305175781,114.55000305175781,114.6500015258789,73.27288818359375,14867900,0.0,0.0,0.0
2001-12-21,115.02999877929688,115.06999969482422,114.19999694824219,114.94999694824219,73.71729278564453,14037700,0.393,0.0,0.0
2001-12-24,114.83000183105469,115.04000091552734,114.61000061035156,114.7300033569336,73.57620239257812,5728800,0.0,0.0,0.0
2001-12-26,114.6500015258789,116.20999908447266,114.6500015258789,115.36000061035156,73.98023223876953,10304800,0.0,0.0,0.0
2001-12-27,115.30000305175781,116.08000183105469,115.25,116.05999755859375,74.42912292480469,9407300,0.0,0.0,0.0
2001-12-28,116.29000091552734,116.75,115.91999816894531,116.0,74.39066314697266,10593800,0.0,0.0,0.0
2001-12-31,116.1500015258789,116.38999938964844,114.2300033569336,114.30000305175781,73.30049133300781,14619500,0.0,0.0,0.0
2002-01-02,115.11000061035156,115.75,113.80999755859375,115.52999877929688,74.08924865722656,18651900,0.0,0.0,0.0
2002-01-03,115.6500015258789,116.94999694824219,115.54000091552734,116.83999633789062,74.92936706542969,15743000,0.0,0.0,0.0
2002-01-04,117.16999816894531,117.9800033569336,116.55000305175781,117.62000274658203,75.42960357666016,20140700,0.0,0.0,0.0
2002-01-07,117.69999694824219,117.98999786376953,116.55999755859375,116.79000091552734,74.89729309082031,13106500,0.0,0.0,0.0
2002-01-08,116.79000091552734,117.05999755859375,115.97000122070312,116.5199966430664,74.72415161132812,12683700,0.0,0.0,0.0
2002-01-09,116.68000030517578,117.77999877929688,115.33999633789062,115.56999969482422,74.11492156982422,16610300,0.0,0.0,0.0
2002-01-10,115.69000244140625,116.3499984741211,115.30000305175781,116.08000183105469,74.44195556640625,12823400,0.0,0.0,0.0
2002-01-11,116.20999908447266,116.27999877929688,114.69999694824219,114.94000244140625,73.7109146118164,13708400,0.0,0.0,0.0
2002-01-14,114.6500015258789,114.83999633789062,113.95999908447266,114.22000122070312,73.24917602539062,12301100,0.0,0.0,0.0
2002-01-15,114.55000305175781,115.38999938964844,113.9000015258789,115.1500015258789,73.8455581665039,20219900,0.0,0.0,0.0
2002-01-16,114.30000305175781,114.4000015258789,112.69000244140625,112.81999969482422,72.35133361816406,17067000,0.0,0.0,0.0
2002-01-17,113.76000213623047,114.23999786376953,113.4000015258789,113.66999816894531,72.89644622802734,17283400,0.0,0.0,0.0
2002-01-18,113.0,113.8499984741211,112.66999816894531,113.1500015258789,72.56295776367188,17028000,0.0,0.0,0.0
2002-01-22,113.75,113.93000030517578,112.0199966430664,112.37000274658203,72.06273651123047,11689300,0.0,0.0,0.0
2002-01-23,112.62999725341797,113.55000305175781,112.0199966430664,113.2300033569336,72.61428833007812,12438900,0.0,0.0,0.0
2002-01-24,113.63999938964844,114.25,113.31999969482422,113.58000183105469,72.83872985839844,12142800,0.0,0.0,0.0
2002-01-25,113.12000274658203,114.18000030517578,113.04000091552734,113.55000305175781,72.81951141357422,12810700,0.0,0.0,0.0
2002-01-28,113.9000015258789,114.19000244140625,112.91999816894531,113.86000061035156,73.018310546875,10589200,0.0,0.0,0.0
2002-01-29,113.8499984741211,114.12999725341797,110.05000305175781,110.27999877929688,70.72244262695312,27720800,0.0,0.0,0.0
2002-01-30,110.38999938964844,113.38999938964844,108.4000015258789,111.87000274658203,71.74213409423828,34711800,0.0,0.0,0.0
2002-01-31,112.1500015258789,113.30000305175781,111.62000274658203,113.18000030517578,72.58219146728516,19909200,0.0,0.0,0.0
2002-02-01,113.08999633789062,113.30000305175781,112.16999816894531,112.6500015258789,72.24234008789062,15838500,0.0,0.0,0.0
2002-02-04,112.2300033569336,112.2300033569336,109.44000244140625,109.8499984741211,70.4466781616211,24243400,0.0,0.0,0.0
2002-02-05,109.4000015258789,110.48999786376953,108.52999877929688,109.16999816894531,70.01060485839844,33614000,0.0,0.0,0.0
2002-02-06,109.6500015258789,109.73999786376953,108.05999755859375,108.69999694824219,69.70916748046875,29486000,0.0,0.0,0.0
2002-02-07,108.72000122070312,109.86000061035156,108.0,108.0199966430664,69.27310943603516,23445400,0.0,0.0,0.0
2002-02-08,108.62999725341797,110.75,108.30000305175781,110.08999633789062,70.60059356689453,19277800,0.0,0.0,0.0
2002-02-11,110.05000305175781,111.63999938964844,109.81999969482422,111.44000244140625,71.46636962890625,18792400,0.0,0.0,0.0
2002-02-12,110.95999908447266,111.70999908447266,110.02999877929688,111.08999633789062,71.24188232421875,13942500,0.0,0.0,0.0
2002-02-13,111.4800033569336,112.54000091552734,111.3499984741211,112.2699966430664,71.99859619140625,16781100,0.0,0.0,0.0
2002-02-14,112.51000213623047,112.97000122070312,111.58999633789062,112.05999755859375,71.86395263671875,20453800,0.0,0.0,0.0
2002-02-15,112.1500015258789,112.23999786376953,110.70999908447266,110.88999938964844,71.11363220214844,18366800,0.0,0.0,0.0
2002-02-19,110.1500015258789,110.29000091552734,108.61000061035156,108.76000213623047,69.74765014648438,15988100,0.0,0.0,0.0
2002-02-20,109.05000305175781,110.58999633789062,107.81999969482422,110.58999633789062,70.92122650146484,29242800,0.0,0.0,0.0
2002-02-21,109.93000030517578,110.62999725341797,108.26000213623047,108.30000305175781,69.45267486572266,26288600,0.0,0.0,0.0
2002-02-22,108.3499984741211,109.94000244140625,107.87000274658203,109.63999938964844,70.3120346069336,26572900,0.0,0.0,0.0
2002-02-25,109.73999786376953,111.80999755859375,109.69999694824219,111.44999694824219,71.47276306152344,17458700,0.0,0.0,0.0
2002-02-26,111.5999984741211,112.04000091552734,110.56999969482422,111.22000122070312,71.32525634765625,22346500,0.0,0.0,0.0
2002-02-27,111.95999908447266,112.86000061035156,110.6500015258789,111.6500015258789,71.60102081298828,28597900,0.0,0.0,0.0
2002-02-28,111.83000183105469,112.75,111.02999877929688,111.1500015258789,71.28032684326172,23755400,0.0,0.0,0.0
2002-03-01,111.72000122070312,113.8499984741211,111.51000213623047,113.73999786376953,72.94135284423828,26273600,0.0,0.0,0.0
2002-03-04,113.9000015258789,115.98999786376953,113.6500015258789,115.75,74.2303695678711,27184600,0.0,0.0,0.0
2002-03-05,115.33000183105469,116.4000015258789,114.97000122070312,115.37999725341797,73.99307250976562,22718900,0.0,0.0,0.0
2002-03-06,115.0999984741211,117.1500015258789,115.06999969482422,116.75,74.87163543701172,20143200,0.0,0.0,0.0
2002-03-07,117.36000061035156,117.5,115.56999969482422,116.5,74.71133422851562,19330800,0.0,0.0,0.0
2002-03-08,117.37999725341797,117.9000015258789,116.4800033569336,116.98999786376953,75.02556610107422,19930100,0.0,0.0,0.0
2002-03-11,116.88999938964844,117.9000015258789,116.43000030517578,117.23999786376953,75.1858901977539,15621800,0.0,0.0,0.0
2002-03-12,116.0999984741211,117.25,115.94000244140625,117.16999816894531,75.14100646972656,17153600,0.0,0.0,0.0
2002-03-13,116.62999725341797,116.75,115.63999938964844,116.04000091552734,74.41630554199219,17175300,0.0,0.0,0.0
2002-03-14,116.04000091552734,116.43000030517578,115.62999725341797,115.87999725341797,74.31372833251953,11168100,0.0,0.0,0.0
2002-03-15,115.97000122070312,116.94999694824219,115.9000015258789,116.6500015258789,75.02182006835938,21220100,0.331,0.0,0.0
2002-03-18,117.0999984741211,117.55999755859375,116.0999984741211,116.66999816894531,75.03471374511719,17548900,0.0,0.0,0.0
2002-03-19,117.30000305175781,117.73999786376953,116.81999969482422,117.44999694824219,75.53632354736328,17912000,0.0,0.0,0.0
2002-03-20,116.5,116.58000183105469,115.19000244140625,115.23999786376953,74.114990234375,17114500,0.0,0.0,0.0
2002-03-21,115.30000305175781,115.9000015258789,114.12000274658203,115.29000091552734,74.14715576171875,25846800,0.0,0.0,0.0
2002-03-22,115.5,115.94000244140625,114.69999694824219,115.04000091552734,73.98636627197266,15235400,0.0,0.0,0.0
2002-03-25,115.08999633789062,115.36000061035156,113.30000305175781,113.61000061035156,73.06668090820312,17499600,0.0,0.0,0.0
2002-03-26,113.5199966430664,115.0199966430664,113.47000122070312,114.2699966430664,73.49112701416016,19947600,0.0,0.0,0.0
2002-03-27,114.02999877929688,115.01000213623047,113.76000213623047,114.56999969482422,73.68407440185547,19020300,0.0,0.0,0.0
2002-03-28,114.97000122070312,115.7699966430664,114.5,114.5199966430664,73.65193176269531,17532900,0.0,0.0,0.0
2002-04-01,114.2300033569336,115.0999984741211,113.5,114.56999969482422,73.68407440185547,17711000,0.0,0.0,0.0
2002-04-02,113.9800033569336,114.94999694824219,113.7699966430664,113.94000244140625,73.27890014648438,15669500,0.0,0.0,0.0
2002-04-03,114.01000213623047,114.20999908447266,112.16000366210938,113.13999938964844,72.76437377929688,25658500,0.0,0.0,0.0
2002-04-04,112.5999984741211,113.4000015258789,112.2300033569336,112.66999816894531,72.46214294433594,23549000,0.0,0.0,0.0
2002-04-05,113.19000244140625,113.62999725341797,112.18000030517578,112.69000244140625,72.47500610351562,19404900,0.0,0.0,0.0
2002-04-08,111.31999969482422,113.02999877929688,111.2300033569336,112.93000030517578,72.62932586669922,16470100,0.0,0.0,0.0
2002-04-09,113.18000030517578,113.18000030517578,111.93000030517578,112.13999938964844,72.12128448486328,15122700,0.0,0.0,0.0
2002-04-10,112.0999984741211,113.54000091552734,112.08999633789062,113.41000366210938,72.93806457519531,17199300,0.0,0.0,0.0
2002-04-11,112.88999938964844,113.05000305175781,110.5,110.58999633789062,71.12438201904297,25453700,0.0,0.0,0.0
2002-04-12,111.0199966430664,111.6500015258789,110.04000091552734,111.41999816894531,71.65821075439453,14950600,0.0,0.0,0.0
2002-04-15,111.62000274658203,111.86000061035156,110.19999694824219,110.56999969482422,71.1115493774414,17394900,0.0,0.0,0.0
2002-04-16,111.69999694824219,113.31999969482422,111.66999816894531,113.19999694824219,72.802978515625,15040900,0.0,0.0,0.0
2002-04-17,113.38999938964844,113.66999816894531,112.5999984741211,112.95999908447266,72.64860534667969,12920100,0.0,0.0,0.0
2002-04-18,112.9000015258789,113.45999908447266,111.1500015258789,112.47000122070312,72.33349609375,25204800,0.0,0.0,0.0
2002-04-19,113.19999694824219,113.23999786376953,112.55999755859375,112.87999725341797,72.59715270996094,10499200,0.0,0.0,0.0
2002-04-22,112.37999725341797,112.43000030517578,110.83999633789062,111.0,71.38809204101562,13922900,0.0,0.0,0.0
2002-04-23,111.08999633789062,111.4800033569336,110.16999816894531,110.5199966430664,71.07936096191406,16967000,0.0,0.0,0.0
2002-04-24,110.55999755859375,111.80999755859375,109.4000015258789,109.41000366210938,70.36550903320312,18902700,0.0,0.0,0.0
2002-04-25,109.20999908447266,109.73999786376953,108.72000122070312,109.47000122070312,70.40410614013672,25451500,0.0,0.0,0.0
2002-04-26,109.79000091552734,110.01000213623047,107.29000091552734,107.38999938964844,69.06634521484375,19769800,0.0,0.0,0.0
2002-04-29,107.93000030517578,108.26000213623047,106.62999725341797,106.86000061035156,68.72550964355469,17724400,0.0,0.0,0.0
2002-04-30,107.0199966430664,108.63999938964844,106.63999938964844,107.86000061035156,69.36863708496094,19473500,0.0,0.0,0.0
2002-05-01,107.97000122070312,109.25,106.80000305175781,109.18000030517578,70.21758270263672,24575600,0.0,0.0,0.0
2002-05-02,109.0999984741211,109.91000366210938,107.77999877929688,108.76000213623047,69.94747161865234,15666800,0.0,0.0,0.0
2002-05-03,108.5999984741211,108.76000213623047,107.19999694824219,107.58000183105469,69.18856811523438,18185500,0.0,0.0,0.0
2002-05-06,107.63999938964844,107.98999786376953,105.30999755859375,105.47000122070312,67.83155822753906,23630400,0.0,0.0,0.0
2002-05-07,106.0999984741211,106.31999969482422,104.9000015258789,105.0999984741211,67.59357452392578,21910000,0.0,0.0,0.0
2002-05-08,107.05000305175781,109.36000061035156,106.79000091552734,109.01000213623047,70.10828399658203,27917400,0.0,0.0,0.0
2002-05-09,108.6500015258789,109.0999984741211,107.58000183105469,107.75,69.29789733886719,18085600,0.0,0.0,0.0
2002-05-10,107.97000122070312,108.05000305175781,105.5999984741211,105.72000122070312,67.9923324584961,18958900,0.0,0.0,0.0
2002-05-13,106.22000122070312,107.94999694824219,105.79000091552734,107.87000274658203,69.37506866455078,14677700,0.0,0.0,0.0
2002-05-14,109.62000274658203,110.37000274658203,109.0,110.22000122070312,70.88641357421875,34201200,0.0,0.0,0.0
2002-05-15,109.5,110.91000366210938,109.29000091552734,109.79000091552734,70.60990142822266,29535300,0.0,0.0,0.0
2002-05-16,109.69999694824219,110.4800033569336,109.33000183105469,110.36000061035156,70.9764633178711,28092000,0.0,0.0,0.0
2002-05-17,110.66000366210938,111.25,110.0999984741211,110.9000015258789,71.32373809814453,27823700,0.0,0.0,0.0
2002-05-20,110.63999938964844,110.69000244140625,109.48999786376953,109.69999694824219,70.55200958251953,13833800,0.0,0.0,0.0
2002-05-21,110.11000061035156,110.4800033569336,108.31999969482422,108.69999694824219,69.90888977050781,16877200,0.0,0.0,0.0
2002-05-22,108.22000122070312,109.12000274658203,108.0,108.94000244140625,70.06324005126953,15844200,0.0,0.0,0.0
2002-05-23,109.26000213623047,110.36000061035156,108.4800033569336,110.0999984741211,70.80926513671875,13879800,0.0,0.0,0.0
2002-05-24,109.9800033569336,110.19999694824219,108.61000061035156,108.69000244140625,69.90242767333984,11877000,0.0,0.0,0.0
2002-05-28,109.05000305175781,109.12999725341797,107.44999694824219,108.0999984741211,69.52301788330078,24236900,0.0,0.0,0.0
2002-05-29,107.62000274658203,108.0199966430664,107.12999725341797,107.30000305175781,69.00849151611328,14773300,0.0,0.0,0.0
2002-05-30,106.55000305175781,107.51000213623047,105.9000015258789,107.0,68.81555938720703,18217900,0.0,0.0,0.0
2002-05-31,107.4000015258789,108.55999755859375,106.8499984741211,107.22000122070312,68.95704650878906,19826300,0.0,0.0,0.0
2002-06-03,107.08999633789062,107.5999984741211,104.12999725341797,104.37000274658203,67.12409973144531,26056300,0.0,0.0,0.0
2002-06-04,104.1500015258789,105.19999694824219,103.55000305175781,104.62999725341797,67.29133605957031,25856200,0.0,0.0,0.0
2002-06-05,104.94999694824219,105.66999816894531,104.3499984741211,105.61000061035156,67.92156219482422,19695900,0.0,0.0,0.0
2002-06-06,105.54000091552734,105.5999984741211,103.1500015258789,103.45999908447266,66.53884887695312,22998500,0.0,0.0,0.0
2002-06-07,101.77999877929688,103.91999816894531,101.72000122070312,103.33999633789062,66.46165466308594,24011600,0.0,0.0,0.0
2002-06-10,103.23999786376953,104.45999908447266,103.0199966430664,103.73999786376953,66.71890258789062,18759900,0.0,0.0,0.0
2002-06-11,104.12999725341797,104.54000091552734,101.7300033569336,101.95999908447266,65.57413482666016,19990700,0.0,0.0,0.0
2002-06-12,101.70999908447266,102.80999755859375,100.77999877929688,102.58000183105469,65.97290802001953,31266000,0.0,0.0,0.0
2002-06-13,102.12999725341797,103.0,101.33999633789062,101.55000305175781,65.31046295166016,21043900,0.0,0.0,0.0
2002-06-14,100.30999755859375,101.55999755859375,98.5,101.4000015258789,65.21395874023438,39267500,0.0,0.0,0.0
2002-06-17,101.91999816894531,104.33999633789062,101.8499984741211,104.12000274658203,66.96333312988281,17647200,0.0,0.0,0.0
2002-06-18,103.73999786376953,105.02999877929688,103.62999725341797,104.97000122070312,67.50996398925781,21628500,0.0,0.0,0.0
2002-06-19,103.5,104.43000030517578,102.23999786376953,102.5199966430664,65.93428802490234,21540700,0.0,0.0,0.0
2002-06-20,102.26000213623047,103.05000305175781,100.95999908447266,101.20999908447266,65.09178161621094,25691000,0.0,0.0,0.0
2002-06-21,100.47000122070312,100.93000030517578,98.68000030517578,99.27999877929688,64.07402038574219,31190700,0.353,0.0,0.0
2002-06-24,98.61000061035156,100.69000244140625,97.25,99.80000305175781,64.40962982177734,37169700,0.0,0.0,0.0
2002-06-25,100.30000305175781,100.88999938964844,97.54000091552734,97.55999755859375,62.96392822265625,33355000,0.0,0.0,0.0
2002-06-26,95.19999694824219,98.1500015258789,95.19000244140625,97.72000122070312,63.06721878051758,37913600,0.0,0.0,0.0
2002-06-27,98.5,99.48999786376953,96.56999969482422,99.43000030517578,64.17083740234375,31616400,0.0,0.0,0.0
2002-06-28,99.23999786376953,100.5,98.87999725341797,98.95999908447266,63.867496490478516,28184200,0.0,0.0,0.0
2002-07-01,99.18000030517578,99.80000305175781,96.88999938964844,97.02999877929688,62.621891021728516,20270200,0.0,0.0,0.0
2002-07-02,96.86000061035156,97.19999694824219,94.7699966430664,94.97000122070312,61.29238510131836,34213900,0.0,0.0,0.0
2002-07-03,94.62000274658203,95.83999633789062,93.72000122070312,95.51000213623047,61.64088821411133,30565800,0.0,0.0,0.0
2002-07-05,96.77999877929688,99.52999877929688,96.66000366210938,99.30999755859375,64.09337615966797,19013500,0.0,0.0,0.0
2002-07-08,98.9800033569336,99.69999694824219,97.55999755859375,98.06999969482422,63.29313659667969,19118600,0.0,0.0,0.0
2002-07-09,97.7300033569336,98.33999633789062,95.01000213623047,95.5999984741211,61.699005126953125,28620400,0.0,0.0,0.0
2002-07-10,96.0,96.06999969482422,92.04000091552734,92.12000274658203,59.45304870605469,50522500,0.0,0.0,0.0
2002-07-11,91.76000213623047,93.3499984741211,90.31999969482422,92.87000274658203,59.93708801269531,59476500,0.0,0.0,0.0
2002-07-12,93.33000183105469,93.88999938964844,91.5199966430664,91.8499984741211,59.27876663208008,39018600,0.0,0.0,0.0
2002-07-15,91.63999938964844,92.4000015258789,87.88999938964844,92.33999633789062,59.59501266479492,77317200,0.0,0.0,0.0
2002-07-16,91.12000274658203,92.37999725341797,89.87000274658203,90.55999755859375,58.44622039794922,53282400,0.0,0.0,0.0
2002-07-17,92.45999908447266,93.30000305175781,89.75,90.73999786376953,58.56243133544922,48880600,0.0,0.0,0.0
2002-07-18,90.69999694824219,91.0999984741211,87.75,87.80000305175781,56.66497802734375,32656700,0.0,0.0,0.0
2002-07-19,86.76000213623047,87.55000305175781,84.30000305175781,84.70999908447266,54.67073440551758,77572600,0.0,0.0,0.0
2002-07-22,84.0999984741211,85.91000366210938,81.44999694824219,82.19999694824219,53.05078887939453,78134000,0.0,0.0,0.0
2002-07-23,82.55000305175781,83.23999786376953,79.75,79.94999694824219,51.59870529174805,74484100,0.0,0.0,0.0
2002-07-24,78.12999725341797,85.12000274658203,77.68000030517578,84.72000122070312,54.67720413208008,107022800,0.0,0.0,0.0
2002-07-25,84.2699966430664,85.8499984741211,81.5999984741211,84.0,54.21250534057617,87176600,0.0,0.0,0.0
2002-07-26,84.6500015258789,85.93000030517578,83.80000305175781,85.5999984741211,55.2451286315918,41206800,0.0,0.0,0.0
2002-07-29,87.5,90.33999633789062,87.30000305175781,89.7699966430664,57.936397552490234,53492900,0.0,0.0,0.0
2002-07-30,89.31999969482422,91.4000015258789,88.72000122070312,90.94000244140625,58.691505432128906,47532200,0.0,0.0,0.0
2002-07-31,90.48999786376953,91.55000305175781,89.25,91.16000366210938,58.83345413208008,44669900,0.0,0.0,0.0
2002-08-01,90.87999725341797,91.3499984741211,88.33000183105469,88.77999877929688,57.29743957519531,66571900,0.0,0.0,0.0
2002-08-02,88.5,88.91000366210938,85.62000274658203,86.79000091552734,56.01313400268555,51772900,0.0,0.0,0.0
2002-08-05,86.48999786376953,86.93000030517578,83.55000305175781,83.7699966430664,54.06407165527344,47191300,0.0,0.0,0.0
2002-08-06,85.2300033569336,87.9000015258789,85.11000061035156,86.58999633789062,55.88406753540039,64730000,0.0,0.0,0.0
2002-08-07,87.87000274658203,88.5,85.7699966430664,88.0999984741211,56.85859680175781,43289400,0.0,0.0,0.0
2002-08-08,88.41999816894531,91.0999984741211,87.80000305175781,90.94999694824219,58.697914123535156,48339800,0.0,0.0,0.0
2002-08-09,90.0999984741211,91.94000244140625,89.3499984741211,91.29000091552734,58.9173583984375,41879200,0.0,0.0,0.0
2002-08-12,89.98999786376953,91.2699966430664,89.55000305175781,90.62000274658203,58.484954833984375,25841700,0.0,0.0,0.0
2002-08-13,90.1500015258789,91.66000366210938,88.6500015258789,88.97000122070312,57.42006301879883,49690500,0.0,0.0,0.0
2002-08-14,89.0199966430664,92.62999725341797,88.0199966430664,92.22000122070312,59.517578125,57423600,0.0,0.0,0.0
2002-08-15,92.83999633789062,93.98999786376953,92.19999694824219,93.5,60.34366226196289,45551500,0.0,0.0,0.0
2002-08-16,92.81999969482422,94.08000183105469,92.0,93.22000122070312,60.16297912597656,36517300,0.0,0.0,0.0
2002-08-19,93.45999908447266,95.75,93.0999984741211,95.4000015258789,61.56991958618164,33669900,0.0,0.0,0.0
2002-08-20,94.81999969482422,95.4000015258789,93.62000274658203,94.38999938964844,60.9181022644043,30508300,0.0,0.0,0.0
2002-08-21,95.05999755859375,95.77999877929688,93.56999969482422,95.75,61.79580307006836,39628900,0.0,0.0,0.0
2002-08-22,95.48999786376953,97.1500015258789,95.06999969482422,96.68000030517578,62.39599609375,38399800,0.0,0.0,0.0
2002-08-23,96.01000213623047,96.1500015258789,94.1500015258789,94.5999984741211,61.053585052490234,33716400,0.0,0.0,0.0
2002-08-26,94.91000366210938,95.63999938964844,93.5,95.26000213623047,61.47954177856445,33830100,0.0,0.0,0.0
2002-08-27,95.69999694824219,96.25,93.5,94.16000366210938,60.76962661743164,35335700,0.0,0.0,0.0
2002-08-28,93.27999877929688,93.48999786376953,91.80000305175781,92.0999984741211,59.440162658691406,38970600,0.0,0.0,0.0
2002-08-29,91.2699966430664,93.05000305175781,90.80999755859375,92.13999938964844,59.4659423828125,42965700,0.0,0.0,0.0
2002-08-30,91.68000030517578,93.38999938964844,91.4000015258789,91.77999877929688,59.233604431152344,30366700,0.0,0.0,0.0
2002-09-03,90.7300033569336,91.0,88.1500015258789,88.27999877929688,56.97475814819336,76586400,0.0,0.0,0.0
2002-09-04,88.61000061035156,90.25,88.05999755859375,89.54000091552734,57.78793716430664,51099500,0.0,0.0,0.0
2002-09-05,88.48999786376953,89.43000030517578,87.5,88.77999877929688,57.29743957519531,67250900,0.0,0.0,0.0
2002-09-06,89.75,90.56999969482422,89.33999633789062,90.0,58.08481979370117,38622200,0.0,0.0,0.0
2002-09-09,89.0999984741211,91.3499984741211,88.80000305175781,90.66000366210938,58.51076126098633,33998400,0.0,0.0,0.0
2002-09-10,91.13999938964844,91.77999877929688,90.55999755859375,91.69999694824219,59.181983947753906,41416600,0.0,0.0,0.0
2002-09-11,92.47000122070312,93.33000183105469,91.0999984741211,91.12999725341797,58.81412124633789,27711200,0.0,0.0,0.0
2002-09-12,90.75,90.83999633789062,88.98999786376953,89.44999694824219,57.72986602783203,43601700,0.0,0.0,0.0
2002-09-13,88.69000244140625,89.9000015258789,88.25,89.66999816894531,57.87184143066406,41131000,0.0,0.0,0.0
2002-09-16,89.30999755859375,89.88999938964844,88.45999908447266,89.88999938964844,58.01384353637695,28167600,0.0,0.0,0.0
2002-09-17,90.88999938964844,91.19000244140625,87.75,87.83000183105469,56.68431854248047,47609700,0.0,0.0,0.0
2002-09-18,87.01000213623047,88.5,86.27999877929688,86.94999694824219,56.11641311645508,54719400,0.0,0.0,0.0
2002-09-19,85.98999786376953,86.80000305175781,84.69999694824219,84.69999694824219,54.66429138183594,48510500,0.0,0.0,0.0
2002-09-20,84.91999816894531,85.19999694824219,84.05000305175781,84.3499984741211,54.682437896728516,46325600,0.378,0.0,0.0
2002-09-23,83.6500015258789,84.05999755859375,82.69000244140625,83.66000366210938,54.2351188659668,46893800,0.0,0.0,0.0
2002-09-24,82.44000244140625,83.6500015258789,81.8499984741211,82.30999755859375,53.35991668701172,69507000,0.0,0.0,0.0
2002-09-25,83.37000274658203,84.7699966430664,82.04000091552734,84.3499984741211,54.682437896728516,59294400,0.0,0.0,0.0
2002-09-26,85.0199966430664,85.97000122070312,84.44999694824219,85.7300033569336,55.57707214355469,53638000,0.0,0.0,0.0
2002-09-27,85.0,85.62999725341797,82.75,82.75,53.64518356323242,64648300,0.0,0.0,0.0
2002-09-30,82.0,82.80000305175781,80.9000015258789,81.79000091552734,53.0228385925293,73096400,0.0,0.0,0.0
2002-10-01,82.43000030517578,85.7699966430664,81.47000122070312,85.72000122070312,55.57057189941406,67198100,0.0,0.0,0.0
2002-10-02,84.69000244140625,85.52999877929688,82.5999984741211,83.1500015258789,53.90447998046875,56749100,0.0,0.0,0.0
2002-10-03,83.13999938964844,84.5999984741211,81.94999694824219,82.30999755859375,53.35991668701172,55547000,0.0,0.0,0.0
2002-10-04,82.80000305175781,82.91999816894531,79.58000183105469,80.80000305175781,52.38105010986328,68483700,0.0,0.0,0.0
2002-10-07,80.05999755859375,81.19999694824219,78.55000305175781,79.12999725341797,51.29841232299805,53188000,0.0,0.0,0.0
2002-10-08,79.80999755859375,81.30999755859375,78.19999694824219,80.37000274658203,52.10228729248047,79531000,0.0,0.0,0.0
2002-10-09,79.08999633789062,79.69999694824219,77.77999877929688,78.0999984741211,50.63066482543945,79956400,0.0,0.0,0.0
2002-10-10,77.94000244140625,81.06999969482422,77.06999969482422,80.62999725341797,52.27084732055664,76749000,0.0,0.0,0.0
2002-10-11,82.0999984741211,84.7300033569336,81.81999969482422,84.16000366210938,54.55924987792969,82308300,0.0,0.0,0.0
2002-10-14,83.19999694824219,84.8499984741211,83.04000091552734,84.62999725341797,54.86392593383789,40631900,0.0,0.0,0.0
2002-10-15,86.98999786376953,88.72000122070312,86.8499984741211,88.69999694824219,57.5024299621582,82320300,0.0,0.0,0.0
2002-10-16,87.41000366210938,87.80000305175781,85.91999816894531,86.55000305175781,56.108642578125,62977800,0.0,0.0,0.0
2002-10-17,88.87000274658203,89.30000305175781,87.8499984741211,88.2699966430664,57.22366714477539,68534100,0.0,0.0,0.0
2002-10-18,87.6500015258789,89.11000061035156,86.93000030517578,88.63999938964844,57.46355056762695,47448700,0.0,0.0,0.0
2002-10-21,88.12000274658203,90.5,87.56999969482422,90.16999816894531,58.455406188964844,45859100,0.0,0.0,0.0
2002-10-22,89.05000305175781,90.01000213623047,88.5199966430664,89.5199966430664,58.034034729003906,40966800,0.0,0.0,0.0
2002-10-23,88.7699966430664,90.2699966430664,87.68000030517578,90.19999694824219,58.47486877441406,54905800,0.0,0.0,0.0
2002-10-24,90.75,90.9000015258789,88.0999984741211,88.36000061035156,57.282020568847656,54987400,0.0,0.0,0.0
2002-10-25,88.20999908447266,90.38999938964844,87.94000244140625,90.19999694824219,58.47486877441406,43672100,0.0,0.0,0.0
2002-10-28,91.1500015258789,91.29000091552734,88.8499984741211,89.61000061035156,58.09239959716797,39416100,0.0,0.0,0.0
2002-10-29,89.08000183105469,89.48999786376953,87.0,88.56999969482422,57.41816711425781,59508200,0.0,0.0,0.0
2002-10-30,88.68000030517578,89.95999908447266,88.2300033569336,89.43000030517578,57.97568893432617,41688600,0.0,0.0,0.0
2002-10-31,89.66000366210938,90.30000305175781,88.19000244140625,88.5199966430664,57.38576126098633,41620600,0.0,0.0,0.0
2002-11-01,88.3499984741211,90.81999969482422,88.05000305175781,90.2699966430664,58.520225524902344,51878900,0.0,0.0,0.0
2002-11-04,91.80000305175781,92.94000244140625,90.9000015258789,91.12999725341797,59.07777786254883,49080600,0.0,0.0,0.0
2002-11-05,90.83999633789062,92.06999969482422,90.83999633789062,91.8499984741211,59.54450607299805,37270800,0.0,0.0,0.0
2002-11-06,92.4800033569336,93.06999969482422,90.79000091552734,93.04000091552734,60.31599044799805,65013100,0.0,0.0,0.0
2002-11-07,92.0199966430664,92.22000122070312,90.22000122070312,90.76000213623047,58.83791732788086,51572000,0.0,0.0,0.0
2002-11-08,90.52999877929688,91.56999969482422,89.5199966430664,89.6500015258789,58.118324279785156,37905400,0.0,0.0,0.0
2002-11-11,89.51000213623047,89.55999755859375,87.80000305175781,88.26000213623047,57.21720504760742,33505100,0.0,0.0,0.0
2002-11-12,88.66000366210938,89.93000030517578,88.37000274658203,88.95999908447266,57.67103958129883,37724500,0.0,0.0,0.0
2002-11-13,88.31999969482422,89.73999786376953,87.44999694824219,89.05000305175781,57.72935104370117,63891500,0.0,0.0,0.0
2002-11-14,90.06999969482422,91.0,89.75,90.7300033569336,58.818443298339844,31896800,0.0,0.0,0.0
2002-11-15,90.0,91.55000305175781,89.94999694824219,91.4000015258789,59.25281524658203,39152100,0.0,0.0,0.0
2002-11-18,92.1500015258789,92.1500015258789,90.3499984741211,90.4800033569336,58.6563835144043,28934800,0.0,0.0,0.0
2002-11-19,90.0199966430664,91.0999984741211,89.76000213623047,90.36000061035156,58.578609466552734,32806600,0.0,0.0,0.0
2002-11-20,89.9800033569336,92.41999816894531,89.94999694824219,92.37000274658203,59.88164138793945,36688400,0.0,0.0,0.0
2002-11-21,92.5999984741211,94.19000244140625,92.43000030517578,94.08999633789062,60.99666976928711,55128200,0.0,0.0,0.0
2002-11-22,93.4800033569336,94.2699966430664,93.2699966430664,93.41999816894531,60.562347412109375,32513800,0.0,0.0,0.0
2002-11-25,93.43000030517578,94.26000213623047,92.7699966430664,93.4800033569336,60.60124969482422,33846400,0.0,0.0,0.0
2002-11-26,93.06999969482422,93.44999694824219,91.62000274658203,91.69999694824219,59.44728088378906,42284700,0.0,0.0,0.0
2002-11-27,92.5199966430664,94.6500015258789,92.43000030517578,94.27999877929688,61.119850158691406,37764000,0.0,0.0,0.0
2002-11-29,94.80000305175781,94.94999694824219,93.7699966430664,93.9800033569336,60.925384521484375,19385700,0.0,0.0,0.0
2002-12-02,95.47000122070312,96.05000305175781,93.22000122070312,94.12999725341797,61.02263641357422,49911900,0.0,0.0,0.0
2002-12-03,93.25,93.4000015258789,92.3499984741211,92.87000274658203,60.205780029296875,34407700,0.0,0.0,0.0
2002-12-04,91.7699966430664,93.13999938964844,91.43000030517578,92.44999694824219,59.933467864990234,64040800,0.0,0.0,0.0
2002-12-05,92.7300033569336,92.80000305175781,91.0999984741211,91.43000030517578,59.2722282409668,36724900,0.0,0.0,0.0
2002-12-06,90.12000274658203,92.16999816894531,89.9800033569336,92.02999877929688,59.66118621826172,49824100,0.0,0.0,0.0
2002-12-09,91.06999969482422,91.45999908447266,89.4800033569336,89.5,58.021087646484375,36789600,0.0,0.0,0.0
2002-12-10,90.0199966430664,91.0999984741211,89.76000213623047,90.69999694824219,58.79901885986328,33319900,0.0,0.0,0.0
2002-12-11,90.41999816894531,91.62000274658203,90.16000366210938,90.77999877929688,58.85087966918945,39201000,0.0,0.0,0.0
2002-12-12,91.19999694824219,91.48999786376953,90.19999694824219,90.7699966430664,58.844356536865234,34465600,0.0,0.0,0.0
2002-12-13,89.91000366210938,90.4800033569336,89.2699966430664,89.33999633789062,57.91732406616211,36862200,0.0,0.0,0.0
2002-12-16,89.81999969482422,91.79000091552734,89.66000366210938,91.6500015258789,59.414859771728516,37098400,0.0,0.0,0.0
2002-12-17,91.37000274658203,91.73999786376953,90.73999786376953,90.8499984741211,58.896278381347656,32353900,0.0,0.0,0.0
2002-12-18,90.31999969482422,90.4000015258789,89.33000183105469,89.80000305175781,58.21555709838867,35612600,0.0,0.0,0.0
2002-12-19,89.3499984741211,90.69999694824219,88.5999984741211,89.16000366210938,57.8006477355957,39264200,0.0,0.0,0.0
2002-12-20,89.19999694824219,90.0199966430664,89.0999984741211,89.98999786376953,58.62540054321289,31176900,0.436,0.0,0.0
2002-12-23,89.58999633789062,90.47000122070312,89.30999755859375,90.0199966430664,58.64494705200195,22599300,0.0,0.0,0.0
2002-12-24,89.58999633789062,89.86000061035156,89.25,89.3499984741211,58.20846939086914,10937000,0.0,0.0,0.0
2002-12-26,89.69999694824219,90.61000061035156,88.83999633789062,89.38999938964844,58.23453140258789,17485600,0.0,0.0,0.0
2002-12-27,88.95999908447266,89.29000091552734,87.37999725341797,87.37999725341797,56.92508316040039,22205700,0.0,0.0,0.0
2002-12-30,87.79000091552734,88.47000122070312,87.22000122070312,88.11000061035156,57.40066909790039,29968000,0.0,0.0,0.0
2002-12-31,87.98999786376953,88.43000030517578,87.11000061035156,88.2300033569336,57.47883224487305,34036600,0.0,0.0,0.0
2003-01-02,88.8499984741211,91.30000305175781,88.54000091552734,91.06999969482422,59.32902145385742,44516300,0.0,0.0,0.0
2003-01-03,90.91000366210938,91.37999725341797,90.5,91.3499984741211,59.511383056640625,32222600,0.0,0.0,0.0
2003-01-06,91.23999786376953,93.48999786376953,91.16999816894531,92.95999908447266,60.560264587402344,40984500,0.0,0.0,0.0
2003-01-07,92.9000015258789,93.37000274658203,92.19999694824219,92.7300033569336,60.41042709350586,38640400,0.0,0.0,0.0
2003-01-08,92.19999694824219,92.4000015258789,91.05000305175781,91.38999938964844,59.537471771240234,38702200,0.0,0.0,0.0
2003-01-09,91.81999969482422,93.18000030517578,91.41000366210938,92.80999755859375,60.462562561035156,34804900,0.0,0.0,0.0
2003-01-10,91.94999694824219,93.63999938964844,91.80000305175781,93.05999755859375,60.625423431396484,37768900,0.0,0.0,0.0
2003-01-13,93.54000091552734,93.86000061035156,92.44000244140625,93.02999877929688,60.60586929321289,31649900,0.0,0.0,0.0
2003-01-14,92.69000244140625,93.83000183105469,92.41000366210938,93.33000183105469,60.80130386352539,30733000,0.0,0.0,0.0
2003-01-15,93.54000091552734,93.56999969482422,91.91000366210938,92.4000015258789,60.19547653198242,33511800,0.0,0.0,0.0
2003-01-16,92.5,92.93000030517578,91.44999694824219,92.0199966430664,59.94792556762695,44812100,0.0,0.0,0.0
2003-01-17,90.98999786376953,92.30000305175781,90.1500015258789,90.66000366210938,59.06188201904297,35618300,0.0,0.0,0.0
2003-01-21,90.87000274658203,90.91999816894531,88.94999694824219,89.25,58.143310546875,36826200,0.0,0.0,0.0
2003-01-22,88.7699966430664,89.80000305175781,88.0,88.16999816894531,57.43975830078125,42286500,0.0,0.0,0.0
2003-01-23,88.75,89.37999725341797,87.94999694824219,88.70999908447266,57.79154586791992,55919800,0.0,0.0,0.0
2003-01-24,88.58999633789062,88.68000030517578,86.16999816894531,86.37999725341797,56.273616790771484,68633900,0.0,0.0,0.0
2003-01-27,85.7300033569336,86.80000305175781,84.5,85.19999694824219,55.504878997802734,57884400,0.0,0.0,0.0
2003-01-28,85.62999725341797,86.4000015258789,85.12999725341797,85.83000183105469,55.9152946472168,46929100,0.0,0.0,0.0
2003-01-29,85.41999816894531,87.18000030517578,84.7699966430664,86.4800033569336,56.33876037597656,53712200,0.0,0.0,0.0
2003-01-30,86.79000091552734,86.87999725341797,84.4000015258789,84.43000030517578,55.00325393676758,49845900,0.0,0.0,0.0
2003-01-31,84.1500015258789,86.20999908447266,84.1500015258789,86.05999755859375,56.06515121459961,55317000,0.0,0.0,0.0
2003-02-03,86.13999938964844,86.80999755859375,85.91999816894531,86.2300033569336,56.17589569091797,39696000,0.0,0.0,0.0
2003-02-04,85.30999755859375,85.75,84.30000305175781,85.37999725341797,55.622135162353516,43633400,0.0,0.0,0.0
2003-02-05,85.75,86.54000091552734,84.4800033569336,84.8499984741211,55.27687072753906,55270600,0.0,0.0,0.0
2003-02-06,84.37000274658203,84.88999938964844,83.6500015258789,84.44999694824219,55.01631164550781,53638000,0.0,0.0,0.0
2003-02-07,84.91000366210938,84.98999786376953,82.97000122070312,83.41999816894531,54.345252990722656,43165000,0.0,0.0,0.0
2003-02-10,83.45999908447266,84.12999725341797,82.6500015258789,84.01000213623047,54.72966003417969,45455900,0.0,0.0,0.0
2003-02-11,84.37000274658203,84.87999725341797,82.83000183105469,83.43000030517578,54.3517951965332,46861000,0.0,0.0,0.0
2003-02-12,83.16000366210938,83.62000274658203,82.08999633789062,82.0999984741211,53.485328674316406,35873600,0.0,0.0,0.0
2003-02-13,82.1500015258789,82.66000366210938,81.0,82.3499984741211,53.648216247558594,57934100,0.0,0.0,0.0
2003-02-14,82.37000274658203,84.19999694824219,81.81999969482422,84.1500015258789,54.82085418701172,59580900,0.0,0.0,0.0
2003-02-18,84.52999877929688,85.80000305175781,84.38999938964844,85.62999725341797,55.78500747680664,39492700,0.0,0.0,0.0
2003-02-19,85.31999969482422,85.47000122070312,84.27999877929688,85.18000030517578,55.49187088012695,31432000,0.0,0.0,0.0
2003-02-20,85.20999908447266,85.41999816894531,84.05000305175781,84.33000183105469,54.9380989074707,29280100,0.0,0.0,0.0
2003-02-21,84.37999725341797,85.73999786376953,83.45999908447266,85.18000030517578,55.49187088012695,60955800,0.0,0.0,0.0
2003-02-24,84.93000030517578,85.0,83.58999633789062,83.80000305175781,54.59284591674805,30628600,0.0,0.0,0.0
2003-02-25,82.94999694824219,84.48999786376953,82.22000122070312,84.47000122070312,55.029319763183594,56770600,0.0,0.0,0.0
2003-02-26,84.0199966430664,84.52999877929688,83.08000183105469,83.23999786376953,54.22800064086914,37787200,0.0,0.0,0.0
2003-02-27,83.69999694824219,84.75,83.16000366210938,84.33999633789062,54.94462966918945,51126000,0.0,0.0,0.0
2003-02-28,84.47000122070312,85.2300033569336,84.16000366210938,84.9000015258789,55.309452056884766,43666800,0.0,0.0,0.0
2003-03-03,85.26000213623047,85.77999877929688,83.72000122070312,84.08999633789062,54.781776428222656,42923100,0.0,0.0,0.0
2003-03-04,83.94999694824219,84.01000213623047,82.6500015258789,82.75,53.9088020324707,31440500,0.0,0.0,0.0
2003-03-05,82.61000061035156,83.54000091552734,82.36000061035156,83.44999694824219,54.36482238769531,43974700,0.0,0.0,0.0
2003-03-06,82.87000274658203,83.5199966430664,82.47000122070312,82.75,53.9088020324707,41217700,0.0,0.0,0.0
2003-03-07,81.61000061035156,83.98999786376953,81.43000030517578,83.31999969482422,54.28013229370117,63538000,0.0,0.0,0.0
2003-03-10,82.5999984741211,82.86000061035156,81.0999984741211,81.31999969482422,52.97718811035156,41014100,0.0,0.0,0.0
2003-03-11,81.4800033569336,82.0,80.4800033569336,80.5199966430664,52.45603942871094,48102700,0.0,0.0,0.0
2003-03-12,80.37999725341797,81.0999984741211,79.37999725341797,81.05999755859375,52.80783462524414,62459800,0.0,0.0,0.0
2003-03-13,82.18000030517578,83.91000366210938,81.52999877929688,83.86000061035156,54.631935119628906,72117800,0.0,0.0,0.0
2003-03-14,84.19999694824219,84.7699966430664,83.3499984741211,84.12999725341797,54.807830810546875,63951800,0.0,0.0,0.0
2003-03-17,83.45999908447266,86.94999694824219,83.22000122070312,86.77999877929688,56.53421401977539,88217500,0.0,0.0,0.0
2003-03-18,87.1500015258789,87.3499984741211,86.27999877929688,87.29000091552734,56.866455078125,50792300,0.0,0.0,0.0
2003-03-19,87.27999877929688,88.16000366210938,86.68000030517578,87.95999908447266,57.30293273925781,49630800,0.0,0.0,0.0
2003-03-20,87.33000183105469,88.58999633789062,86.3499984741211,88.1500015258789,57.42671585083008,67321600,0.0,0.0,0.0
2003-03-21,88.80000305175781,89.87999725341797,87.93000030517578,89.66999816894531,58.65245819091797,71165300,0.354,0.0,0.0
2003-03-24,88.0199966430664,88.13999938964844,86.3499984741211,86.69000244140625,56.70330047607422,65398900,0.0,0.0,0.0
2003-03-25,86.73999786376953,88.26000213623047,86.44000244140625,87.5199966430664,57.24616241455078,61040100,0.0,0.0,0.0
2003-03-26,87.55999755859375,87.8499984741211,86.80000305175781,87.08000183105469,56.958370208740234,45740800,0.0,0.0,0.0
2003-03-27,86.4000015258789,87.66000366210938,85.98999786376953,87.1500015258789,57.00419235229492,53120200,0.0,0.0,0.0
2003-03-28,86.47000122070312,87.27999877929688,86.25,86.70999908447266,56.71636199951172,32583000,0.0,0.0,0.0
2003-03-31,85.3499984741211,86.58999633789062,84.4000015258789,84.73999786376953,55.42778778076172,61119500,0.0,0.0,0.0
2003-04-01,85.25,86.38999938964844,84.91000366210938,86.04000091552734,56.27812576293945,53574000,0.0,0.0,0.0
2003-04-02,87.54000091552734,88.7699966430664,87.5,88.12000274658203,57.638641357421875,50431200,0.0,0.0,0.0
2003-04-03,88.87000274658203,88.98999786376953,87.6500015258789,87.69999694824219,57.36387634277344,48755500,0.0,0.0,0.0
2003-04-04,88.43000030517578,88.58999633789062,87.62000274658203,88.22000122070312,57.70405960083008,36250100,0.0,0.0,0.0
2003-04-07,90.33999633789062,90.8499984741211,87.97000122070312,88.05000305175781,57.592864990234375,69776200,0.0,0.0,0.0
2003-04-08,88.30000305175781,88.6500015258789,87.70999908447266,88.19000244140625,57.684417724609375,39712700,0.0,0.0,0.0
2003-04-09,88.36000061035156,89.0999984741211,86.7699966430664,87.02999877929688,56.9256591796875,55647300,0.0,0.0,0.0
2003-04-10,87.08999633789062,87.62999725341797,85.70999908447266,87.51000213623047,57.23964309692383,41812400,0.0,0.0,0.0
2003-04-11,88.16000366210938,88.69999694824219,86.86000061035156,87.1500015258789,57.00419235229492,47730100,0.0,0.0,0.0
2003-04-14,87.47000122070312,89.0,87.0,88.94999694824219,58.1815185546875,36711700,0.0,0.0,0.0
2003-04-15,88.83999633789062,89.77999877929688,88.41999816894531,89.77999877929688,58.72443771362305,49709800,0.0,0.0,0.0
2003-04-16,89.91000366210938,90.05999755859375,88.02999877929688,88.25,57.72368240356445,51788000,0.0,0.0,0.0
2003-04-17,88.30000305175781,89.72000122070312,88.19000244140625,89.55999755859375,58.58049774169922,37403100,0.0,0.0,0.0
2003-04-21,89.86000061035156,90.16000366210938,89.05999755859375,89.6500015258789,58.63941955566406,32052700,0.0,0.0,0.0
2003-04-22,89.0999984741211,91.55999755859375,88.88999938964844,91.33999633789062,59.744808197021484,59763600,0.0,0.0,0.0
2003-04-23,91.62000274658203,92.3499984741211,91.23999786376953,92.18000030517578,60.294288635253906,44227100,0.0,0.0,0.0
2003-04-24,91.52999877929688,92.08000183105469,90.95999908447266,91.36000061035156,59.75789260864258,49692400,0.0,0.0,0.0
2003-04-25,91.30000305175781,91.47000122070312,90.0199966430664,90.2300033569336,59.018775939941406,43917200,0.0,0.0,0.0
2003-04-28,90.44000244140625,92.19000244140625,90.30000305175781,91.79000091552734,60.03915786743164,46432900,0.0,0.0,0.0
2003-04-29,92.13999938964844,92.80000305175781,91.4000015258789,92.11000061035156,60.248451232910156,52017100,0.0,0.0,0.0
2003-04-30,91.91000366210938,92.56999969482422,91.41000366210938,91.91000366210938,60.1176643371582,48709100,0.0,0.0,0.0
2003-05-01,91.91999816894531,92.7300033569336,90.5,91.9000015258789,60.11109924316406,50240400,0.0,0.0,0.0
2003-05-02,91.55999755859375,93.47000122070312,91.48999786376953,93.20999908447266,60.967979431152344,50201500,0.0,0.0,0.0
2003-05-05,93.47000122070312,93.77999877929688,92.5,93.02999877929688,60.850250244140625,35437800,0.0,0.0,0.0
2003-05-06,93.04000091552734,94.37999725341797,93.0,93.91000366210938,61.42582321166992,44401000,0.0,0.0,0.0
2003-05-07,93.41999816894531,94.13999938964844,92.97000122070312,93.38999938964844,61.08570098876953,41413100,0.0,0.0,0.0
2003-05-08,92.5199966430664,93.33000183105469,92.27999877929688,92.44999694824219,60.47088623046875,40570700,0.0,0.0,0.0
2003-05-09,92.83000183105469,93.80000305175781,92.61000061035156,93.7300033569336,61.308109283447266,33608100,0.0,0.0,0.0
2003-05-12,93.5,95.12000274658203,93.27999877929688,94.87999725341797,62.06028747558594,35662300,0.0,0.0,0.0
2003-05-13,94.52999877929688,95.18000030517578,94.26000213623047,94.70999908447266,61.949134826660156,39253600,0.0,0.0,0.0
2003-05-14,95.08999633789062,95.23999786376953,93.91000366210938,94.51000213623047,61.818302154541016,32195100,0.0,0.0,0.0
2003-05-15,94.88999938964844,95.33000183105469,94.25,95.11000061035156,62.21072769165039,43879200,0.0,0.0,0.0
2003-05-16,94.88999938964844,95.44999694824219,94.26000213623047,94.87000274658203,62.05376434326172,38905000,0.0,0.0,0.0
2003-05-19,94.1500015258789,94.41999816894531,92.33000183105469,92.6500015258789,60.60171127319336,41606000,0.0,0.0,0.0
2003-05-20,92.81999969482422,93.02999877929688,91.58999633789062,92.45999908447266,60.4774169921875,55404600,0.0,0.0,0.0
2003-05-21,92.11000061035156,92.87999725341797,91.91000366210938,92.6500015258789,60.60171127319336,49333800,0.0,0.0,0.0
2003-05-22,92.94999694824219,94.05000305175781,92.68000030517578,93.56999969482422,61.20344161987305,38421800,0.0,0.0,0.0
2003-05-23,93.52999877929688,93.9800033569336,93.13999938964844,93.76000213623047,61.32771301269531,26155900,0.0,0.0,0.0
2003-05-27,93.30000305175781,95.83999633789062,93.06999969482422,95.4000015258789,62.40039825439453,43719200,0.0,0.0,0.0
2003-05-28,95.8499984741211,96.47000122070312,95.43000030517578,95.66999816894531,62.57700729370117,37727100,0.0,0.0,0.0
2003-05-29,95.87999725341797,96.81999969482422,95.08000183105469,95.41999816894531,62.413516998291016,50844200,0.0,0.0,0.0
2003-05-30,95.9000015258789,97.08999633789062,95.55999755859375,96.94999694824219,63.41424560546875,52529500,0.0,0.0,0.0
2003-06-02,97.52999877929688,98.44999694824219,96.66999816894531,97.3499984741211,63.6759147644043,50305500,0.0,0.0,0.0
2003-06-03,97.1500015258789,97.83999633789062,96.8499984741211,97.75,63.93757629394531,38254500,0.0,0.0,0.0
2003-06-04,97.66000366210938,99.3499984741211,97.56999969482422,99.16000366210938,64.85981750488281,49360700,0.0,0.0,0.0
2003-06-05,98.58000183105469,99.6500015258789,98.2699966430664,99.6500015258789,65.18035125732422,46262400,0.0,0.0,0.0
2003-06-06,100.4000015258789,101.4000015258789,99.12999725341797,99.26000213623047,64.92523193359375,60356800,0.0,0.0,0.0
2003-06-09,98.7699966430664,99.0999984741211,97.7699966430664,98.25,64.26460266113281,37808500,0.0,0.0,0.0
2003-06-10,98.45999908447266,99.26000213623047,98.19000244140625,99.25,64.9187240600586,29965900,0.0,0.0,0.0
2003-06-11,99.16000366210938,100.38999938964844,98.70999908447266,100.30000305175781,65.6054916381836,37610200,0.0,0.0,0.0
2003-06-12,100.75,100.9000015258789,99.62000274658203,100.61000061035156,65.80825805664062,36442000,0.0,0.0,0.0
2003-06-13,100.61000061035156,100.75,98.94999694824219,99.55999755859375,65.1214599609375,48628300,0.0,0.0,0.0
2003-06-16,99.95999908447266,101.69999694824219,99.80000305175781,101.66000366210938,66.49507141113281,36326300,0.0,0.0,0.0
2003-06-17,102.06999969482422,102.18000030517578,101.2300033569336,101.66000366210938,66.49507141113281,36801800,0.0,0.0,0.0
2003-06-18,101.29000091552734,102.13999938964844,101.0,101.56999969482422,66.43617248535156,35521000,0.0,0.0,0.0
2003-06-19,101.63999938964844,101.7300033569336,99.83999633789062,100.0199966430664,65.42237854003906,43551700,0.0,0.0,0.0
2003-06-20,100.38999938964844,100.5,99.41999816894531,99.44000244140625,65.27792358398438,41545000,0.36,0.0,0.0
2003-06-23,99.44999694824219,99.66000366210938,97.91999816894531,98.41999816894531,64.60831451416016,34237500,0.0,0.0,0.0
2003-06-24,98.22000122070312,99.08999633789062,98.0199966430664,98.5199966430664,64.67398071289062,36213600,0.0,0.0,0.0
2003-06-25,98.52999877929688,99.44000244140625,97.52999877929688,97.52999877929688,64.02407836914062,47743400,0.0,0.0,0.0
2003-06-26,97.77999877929688,98.9800033569336,96.95999908447266,98.80000305175781,64.85777282714844,33477300,0.0,0.0,0.0
2003-06-27,98.75,99.19000244140625,97.58000183105469,97.66000366210938,64.10942077636719,54208800,0.0,0.0,0.0
2003-06-30,98.22000122070312,98.66999816894531,97.47000122070312,97.62999725341797,64.0897445678711,33349000,0.0,0.0,0.0
2003-07-01,97.25,98.8499984741211,96.43000030517578,98.52999877929688,64.68055725097656,51322800,0.0,0.0,0.0
2003-07-02,98.7699966430664,99.79000091552734,98.56999969482422,99.7699966430664,65.49452209472656,34662100,0.0,0.0,0.0
2003-07-03,99.06999969482422,99.8499984741211,97.9000015258789,98.73999786376953,64.81840515136719,30792800,0.0,0.0,0.0
2003-07-07,99.6500015258789,100.9000015258789,99.6500015258789,100.69999694824219,66.10504913330078,31391100,0.0,0.0,0.0
2003-07-08,100.5,101.29000091552734,100.16999816894531,101.1500015258789,66.40046691894531,30952500,0.0,0.0,0.0
2003-07-09,100.91999816894531,101.4000015258789,100.02999877929688,100.58000183105469,66.02628326416016,36528500,0.0,0.0,0.0
2003-07-10,99.83999633789062,100.04000091552734,98.62999725341797,99.30000305175781,65.1860122680664,49777700,0.0,0.0,0.0
2003-07-11,99.38999938964844,100.44999694824219,99.38999938964844,100.23999786376953,65.80309295654297,39976300,0.0,0.0,0.0
2003-07-14,101.19999694824219,101.9000015258789,100.44999694824219,100.7300033569336,66.12474060058594,42114900,0.0,0.0,0.0
2003-07-15,101.37999725341797,101.45999908447266,99.94999694824219,100.51000213623047,65.9803237915039,42573600,0.0,0.0,0.0
2003-07-16,100.80999755859375,100.87000274658203,99.2300033569336,99.91999816894531,65.59302520751953,39894200,0.0,0.0,0.0
2003-07-17,99.1500015258789,99.87999725341797,98.16000366210938,98.5,64.66084289550781,52253500,0.0,0.0,0.0
2003-07-18,99.0199966430664,99.80000305175781,98.45999908447266,99.51000213623047,65.32386016845703,35698100,0.0,0.0,0.0
2003-07-21,99.44999694824219,99.48999786376953,97.8499984741211,98.27999877929688,64.51646423339844,34786000,0.0,0.0,0.0
2003-07-22,98.69000244140625,99.41000366210938,97.91999816894531,99.16999816894531,65.1006851196289,49968300,0.0,0.0,0.0
2003-07-23,99.20999908447266,99.44999694824219,98.27999877929688,99.23999786376953,65.14663696289062,37275400,0.0,0.0,0.0
2003-07-24,99.98999786376953,100.33999633789062,98.37000274658203,98.48999786376953,64.65428924560547,40896200,0.0,0.0,0.0
2003-07-25,98.66000366210938,100.29000091552734,98.04000091552734,100.2300033569336,65.79649353027344,43241100,0.0,0.0,0.0
2003-07-28,100.37000274658203,100.9800033569336,99.66999816894531,99.86000061035156,65.55360412597656,34382800,0.0,0.0,0.0
2003-07-29,100.13999938964844,100.26000213623047,98.68000030517578,99.4000015258789,65.25166320800781,53472100,0.0,0.0,0.0
2003-07-30,99.5999984741211,99.75,98.93000030517578,99.16000366210938,65.0941162109375,28363300,0.0,0.0,0.0
2003-07-31,99.9800033569336,100.91000366210938,99.16999816894531,99.38999938964844,65.2450942993164,54937200,0.0,0.0,0.0
2003-08-01,99.19000244140625,99.52999877929688,98.23999786376953,98.51000213623047,64.66740417480469,49321000,0.0,0.0,0.0
2003-08-04,98.30999755859375,99.0,97.0,98.51000213623047,64.66740417480469,55214100,0.0,0.0,0.0
2003-08-05,98.41000366210938,98.76000213623047,96.33999633789062,96.41999816894531,63.29543685913086,61415600,0.0,0.0,0.0
2003-08-06,96.69000244140625,98.05999755859375,96.41999816894531,96.9800033569336,63.66305923461914,50096900,0.0,0.0,0.0
2003-08-07,97.16999816894531,98.06999969482422,96.76000213623047,98.0,64.33261108398438,43427400,0.0,0.0,0.0
2003-08-08,98.31999969482422,98.55000305175781,97.76000213623047,98.27999877929688,64.51646423339844,27357300,0.0,0.0,0.0
2003-08-11,98.26000213623047,99.04000091552734,97.83999633789062,98.6500015258789,64.75933074951172,34631400,0.0,0.0,0.0
2003-08-12,98.70999908447266,99.58999633789062,98.41999816894531,99.55000305175781,65.35013580322266,43285600,0.0,0.0,0.0
2003-08-13,99.81999969482422,99.8499984741211,98.52999877929688,99.04000091552734,65.01532745361328,36152000,0.0,0.0,0.0
2003-08-14,99.0999984741211,99.75,98.44999694824219,99.30999755859375,65.19258880615234,35525100,0.0,0.0,0.0
2003-08-15,99.36000061035156,99.79000091552734,99.12000274658203,99.62000274658203,65.39607238769531,12567000,0.0,0.0,0.0
2003-08-18,99.93000030517578,100.5999984741211,99.73999786376953,100.4800033569336,65.96065521240234,22873800,0.0,0.0,0.0
2003-08-19,100.69000244140625,100.94000244140625,100.0,100.86000061035156,66.21007537841797,37437700,0.0,0.0,0.0
2003-08-20,100.29000091552734,100.88999938964844,100.16000366210938,100.44999694824219,65.94095611572266,21295300,0.0,0.0,0.0
2003-08-21,101.05000305175781,101.5199966430664,100.4000015258789,100.7699966430664,66.15101623535156,46494200,0.0,0.0,0.0
2003-08-22,101.75,101.81999969482422,99.7300033569336,99.7699966430664,65.49452209472656,52040300,0.0,0.0,0.0
2003-08-25,99.70999908447266,100.83000183105469,99.27999877929688,99.93000030517578,65.5995864868164,23473000,0.0,0.0,0.0
2003-08-26,99.5,100.38999938964844,98.83000183105469,100.11000061035156,65.71774291992188,45065800,0.0,0.0,0.0
2003-08-27,100.05000305175781,100.36000061035156,99.56999969482422,100.13999938964844,65.73743438720703,18919500,0.0,0.0,0.0
2003-08-28,100.4000015258789,101.0,99.66000366210938,100.76000213623047,66.1444320678711,27402400,0.0,0.0,0.0
2003-08-29,100.61000061035156,101.4800033569336,100.4800033569336,101.44000244140625,66.59083557128906,28706600,0.0,0.0,0.0
2003-09-02,101.63999938964844,102.87999725341797,101.05000305175781,102.80000305175781,67.48361206054688,49419100,0.0,0.0,0.0
2003-09-03,103.02999877929688,103.69999694824219,102.77999877929688,103.36000061035156,67.85121154785156,44912400,0.0,0.0,0.0
2003-09-04,103.0999984741211,103.55000305175781,102.76000213623047,103.41000366210938,67.8840560913086,28381000,0.0,0.0,0.0
2003-09-05,102.94000244140625,103.55000305175781,102.4000015258789,102.83000183105469,67.50328826904297,31637300,0.0,0.0,0.0
2003-09-08,103.04000091552734,103.87999725341797,102.93000030517578,103.68000030517578,68.06129455566406,32632800,0.0,0.0,0.0
2003-09-09,103.37000274658203,103.45999908447266,102.68000030517578,103.0,67.61490631103516,35053200,0.0,0.0,0.0
2003-09-10,102.52999877929688,102.80000305175781,101.55000305175781,101.95999908447266,66.93221282958984,45904900,0.0,0.0,0.0
2003-09-11,102.0999984741211,102.76000213623047,101.83999633789062,102.26000213623047,67.12910461425781,38396300,0.0,0.0,0.0
2003-09-12,101.91000366210938,102.63999938964844,101.3499984741211,102.44999694824219,67.25383758544922,42524800,0.0,0.0,0.0
2003-09-15,102.5199966430664,102.62999725341797,101.94999694824219,102.08999633789062,67.01750183105469,21312800,0.0,0.0,0.0
2003-09-16,102.2300033569336,103.63999938964844,102.16999816894531,103.58000183105469,67.99569702148438,37892600,0.0,0.0,0.0
2003-09-17,103.4800033569336,103.79000091552734,103.05000305175781,103.37999725341797,67.86434936523438,31885800,0.0,0.0,0.0
2003-09-18,103.4000015258789,104.69999694824219,103.16999816894531,104.5999984741211,68.66522979736328,30243600,0.0,0.0,0.0
2003-09-19,104.2699966430664,104.5999984741211,103.4000015258789,103.66999816894531,68.31597137451172,34331600,0.4,0.0,0.0
2003-09-22,102.8499984741211,102.95999908447266,102.02999877929688,102.55000305175781,67.57792663574219,36677400,0.0,0.0,0.0
2003-09-23,102.58999633789062,103.29000091552734,102.36000061035156,102.94000244140625,67.83490753173828,32489200,0.0,0.0,0.0
2003-09-24,103.12000274658203,103.22000122070312,101.06999969482422,101.11000061035156,66.62902069091797,41694700,0.0,0.0,0.0
2003-09-25,101.41000366210938,101.87999725341797,100.19999694824219,100.27999877929688,66.08206939697266,52673100,0.0,0.0,0.0
2003-09-26,100.44000244140625,100.66000366210938,99.8499984741211,99.94999694824219,65.86458587646484,42914700,0.0,0.0,0.0
2003-09-29,100.30000305175781,100.98999786376953,99.79000091552734,100.93000030517578,66.5103759765625,36771600,0.0,0.0,0.0
2003-09-30,100.4800033569336,100.76000213623047,99.25,99.94999694824219,65.86458587646484,70764500,0.0,0.0,0.0
2003-10-01,100.23999786376953,102.18000030517578,100.19999694824219,102.08000183105469,67.2682113647461,65797600,0.0,0.0,0.0
2003-10-02,101.93000030517578,102.55999755859375,101.62999725341797,102.44999694824219,67.51203918457031,44591500,0.0,0.0,0.0
2003-10-03,103.66999816894531,104.27999877929688,103.08000183105469,103.38999938964844,68.13148498535156,48806900,0.0,0.0,0.0
2003-10-06,103.4800033569336,103.98999786376953,103.19999694824219,103.86000061035156,68.441162109375,20226500,0.0,0.0,0.0
2003-10-07,103.26000213623047,104.30999755859375,102.91000366210938,104.26000213623047,68.70479583740234,42602900,0.0,0.0,0.0
2003-10-08,104.33000183105469,104.38999938964844,103.41000366210938,104.0,68.533447265625,30920800,0.0,0.0,0.0
2003-10-09,104.87999725341797,105.22000122070312,103.83000183105469,104.27999877929688,68.71797180175781,40066500,0.0,0.0,0.0
2003-10-10,104.2699966430664,104.5999984741211,103.91000366210938,104.56999969482422,68.90906524658203,22682800,0.0,0.0,0.0
2003-10-13,104.70999908447266,105.29000091552734,104.51000213623047,104.9000015258789,69.12649536132812,23825600,0.0,0.0,0.0
2003-10-14,104.80000305175781,105.43000030517578,104.36000061035156,105.2699966430664,69.37034606933594,38484400,0.0,0.0,0.0
2003-10-15,105.86000061035156,105.88999938964844,104.63999938964844,104.98999786376953,69.18582153320312,39021700,0.0,0.0,0.0
2003-10-16,104.68000030517578,105.7300033569336,104.6500015258789,105.41000366210938,69.46258544921875,32772200,0.0,0.0,0.0
2003-10-17,105.47000122070312,105.62999725341797,103.9800033569336,104.26000213623047,68.70479583740234,32790300,0.0,0.0,0.0
2003-10-20,104.44999694824219,105.04000091552734,103.94000244140625,105.04000091552734,69.2187728881836,27657000,0.0,0.0,0.0
2003-10-21,104.81999969482422,105.27999877929688,104.31999969482422,104.86000061035156,69.10018157958984,26729100,0.0,0.0,0.0
2003-10-22,104.02999877929688,104.19000244140625,103.19000244140625,103.54000091552734,68.23029327392578,33914500,0.0,0.0,0.0
2003-10-23,102.88999938964844,103.94999694824219,102.83999633789062,103.3499984741211,68.1050796508789,45830500,0.0,0.0,0.0
2003-10-24,102.83000183105469,103.58000183105469,102.18000030517578,103.58000183105469,68.25670623779297,51723600,0.0,0.0,0.0
2003-10-27,103.73999786376953,104.18000030517578,103.2699966430664,103.62999725341797,68.28961944580078,32460200,0.0,0.0,0.0
2003-10-28,103.9800033569336,105.1500015258789,103.81999969482422,105.04000091552734,69.2187728881836,34956200,0.0,0.0,0.0
2003-10-29,104.7699966430664,105.43000030517578,103.87000274658203,105.18000030517578,69.3110122680664,30955400,0.0,0.0,0.0
2003-10-30,105.79000091552734,105.97000122070312,104.80000305175781,105.4000015258789,69.45599365234375,39123100,0.0,0.0,0.0
2003-10-31,105.4000015258789,105.73999786376953,105.22000122070312,105.30000305175781,69.3901138305664,25761600,0.0,0.0,0.0
2003-11-03,105.75,106.61000061035156,105.70999908447266,105.98999786376953,69.84478759765625,37589300,0.0,0.0,0.0
2003-11-04,105.98999786376953,106.2699966430664,105.58000183105469,105.76000213623047,69.69325256347656,31421600,0.0,0.0,0.0
2003-11-05,105.48999786376953,105.97000122070312,104.9000015258789,105.83999633789062,69.74595642089844,33558800,0.0,0.0,0.0
2003-11-06,105.5999984741211,106.44000244140625,105.0999984741211,106.4000015258789,70.1149673461914,28392300,0.0,0.0,0.0
2003-11-07,106.63999938964844,106.72000122070312,105.56999969482422,105.61000061035156,69.59441375732422,31723200,0.0,0.0,0.0
2003-11-10,105.73999786376953,105.83999633789062,105.01000213623047,105.18000030517578,69.3110122680664,25530800,0.0,0.0,0.0
2003-11-11,105.08999633789062,105.33000183105469,104.80000305175781,105.1500015258789,69.29124450683594,26558600,0.0,0.0,0.0
2003-11-12,105.2300033569336,106.47000122070312,105.16000366210938,106.33000183105469,70.06886291503906,28000000,0.0,0.0,0.0
2003-11-13,106.01000213623047,106.54000091552734,105.77999877929688,106.36000061035156,70.08860778808594,29714800,0.0,0.0,0.0
2003-11-14,106.4000015258789,106.94999694824219,105.29000091552734,105.45999908447266,69.49554443359375,49158500,0.0,0.0,0.0
2003-11-17,104.91000366210938,105.13999938964844,104.04000091552734,104.93000030517578,69.14628601074219,44382100,0.0,0.0,0.0
2003-11-18,105.23999786376953,105.44999694824219,103.69999694824219,103.83999633789062,68.42796325683594,41155000,0.0,0.0,0.0
2003-11-19,104.02999877929688,105.01000213623047,103.91999816894531,104.72000122070312,69.00788879394531,29827000,0.0,0.0,0.0
2003-11-20,104.0,105.23999786376953,103.75,103.77999877929688,68.38846588134766,53578700,0.0,0.0,0.0
2003-11-21,104.23999786376953,104.33000183105469,103.62000274658203,104.20999908447266,68.67182922363281,30016000,0.0,0.0,0.0
2003-11-24,104.69000244140625,105.77999877929688,104.68000030517578,105.58999633789062,69.58121490478516,28906400,0.0,0.0,0.0
2003-11-25,105.7300033569336,106.41999816894531,105.44999694824219,105.98999786376953,69.84478759765625,37580000,0.0,0.0,0.0
2003-11-26,106.41999816894531,106.44999694824219,105.38999938964844,106.37000274658203,70.09519958496094,33053600,0.0,0.0,0.0
2003-11-28,106.27999877929688,106.66000366210938,106.19999694824219,106.44999694824219,70.14794921875,10507500,0.0,0.0,0.0
2003-12-01,106.8499984741211,107.68000030517578,106.80000305175781,107.5999984741211,70.90572357177734,38699000,0.0,0.0,0.0
2003-12-02,107.37999725341797,107.7699966430664,107.06999969482422,107.33000183105469,70.72783660888672,35352000,0.0,0.0,0.0
2003-12-03,107.6500015258789,108.08000183105469,107.06999969482422,107.16000366210938,70.61580657958984,39078600,0.0,0.0,0.0
2003-12-04,107.16999816894531,107.72000122070312,106.94000244140625,107.5999984741211,70.90572357177734,36089500,0.0,0.0,0.0
2003-12-05,107.12000274658203,107.80000305175781,106.62000274658203,106.8499984741211,70.41151428222656,28824400,0.0,0.0,0.0
2003-12-08,106.73999786376953,107.63999938964844,106.68000030517578,107.56999969482422,70.88597106933594,32482900,0.0,0.0,0.0
2003-12-09,107.9000015258789,107.93000030517578,106.54000091552734,106.73999786376953,70.33901977539062,43596100,0.0,0.0,0.0
2003-12-10,106.7699966430664,106.9800033569336,105.95999908447266,106.7300033569336,70.3324203491211,36915400,0.0,0.0,0.0
2003-12-11,106.68000030517578,108.0999984741211,106.66999816894531,107.93000030517578,71.12322235107422,45304000,0.0,0.0,0.0
2003-12-12,107.97000122070312,108.19999694824219,107.38999938964844,108.13999938964844,71.2615737915039,34142200,0.0,0.0,0.0
2003-12-15,109.16999816894531,109.2300033569336,107.4800033569336,107.5999984741211,70.90572357177734,38693400,0.0,0.0,0.0
2003-12-16,107.68000030517578,108.5,107.5199966430664,108.16000366210938,71.2747573852539,32894200,0.0,0.0,0.0
2003-12-17,108.05999755859375,108.5,107.80000305175781,108.5,71.49882507324219,23198800,0.0,0.0,0.0
2003-12-18,108.55000305175781,109.7300033569336,108.38999938964844,109.72000122070312,72.30279541015625,29353100,0.0,0.0,0.0
2003-12-19,109.30000305175781,109.37000274658203,108.58000183105469,108.9000015258789,72.10150146484375,41465100,0.516,0.0,0.0
2003-12-22,108.79000091552734,109.66000366210938,108.77999877929688,109.66000366210938,72.60468292236328,27611300,0.0,0.0,0.0
2003-12-23,109.4800033569336,109.94999694824219,109.37999725341797,109.7300033569336,72.65103149414062,24741200,0.0,0.0,0.0
2003-12-24,109.5199966430664,109.87999725341797,109.43000030517578,109.62000274658203,72.57817840576172,8055800,0.0,0.0,0.0
2003-12-26,109.70999908447266,110.08000183105469,109.62999725341797,109.69999694824219,72.63115692138672,8308400,0.0,0.0,0.0
2003-12-29,110.0999984741211,111.2699966430664,109.77999877929688,111.16000366210938,73.59784698486328,22483700,0.0,0.0,0.0
2003-12-30,111.08999633789062,111.2699966430664,110.8499984741211,111.18000030517578,73.61105346679688,19559500,0.0,0.0,0.0
2003-12-31,111.22000122070312,111.5199966430664,110.83999633789062,111.27999877929688,73.67728424072266,31501800,0.0,0.0,0.0
2004-01-02,111.73999786376953,112.19000244140625,110.7300033569336,111.2300033569336,73.6441421508789,38072300,0.0,0.0,0.0
2004-01-05,111.69000244140625,112.5199966430664,111.58999633789062,112.44000244140625,74.44529724121094,27959800,0.0,0.0,0.0
2004-01-06,112.16000366210938,112.7300033569336,112.0,112.55000305175781,74.51812744140625,20472800,0.0,0.0,0.0
2004-01-07,112.38999938964844,113.05999755859375,111.88999938964844,112.93000030517578,74.76972198486328,30170400,0.0,0.0,0.0
2004-01-08,113.25,113.41000366210938,112.7699966430664,113.37999725341797,75.06768798828125,36438400,0.0,0.0,0.0
2004-01-09,112.83000183105469,113.5,112.2699966430664,112.38999938964844,74.41217041015625,54084300,0.0,0.0,0.0
2004-01-12,112.55000305175781,113.25,112.36000061035156,113.22000122070312,74.96172332763672,31564100,0.0,0.0,0.0
2004-01-13,113.08999633789062,113.2300033569336,111.76000213623047,112.55999755859375,74.52474975585938,54239700,0.0,0.0,0.0
2004-01-14,112.76000213623047,113.66000366210938,112.66999816894531,113.5,75.1471176147461,30112800,0.0,0.0,0.0
2004-01-15,113.56999969482422,114.05999755859375,112.58000183105469,113.77999877929688,75.3324966430664,38408700,0.0,0.0,0.0
2004-01-16,114.04000091552734,114.30999755859375,113.62999725341797,114.2300033569336,75.63043975830078,31922700,0.0,0.0,0.0
2004-01-20,114.52999877929688,114.6500015258789,113.81999969482422,114.19999694824219,75.61061096191406,29863000,0.0,0.0,0.0
2004-01-21,114.12999725341797,115.30000305175781,113.72000122070312,115.0999984741211,76.2064437866211,30725000,0.0,0.0,0.0
2004-01-22,115.13999938964844,115.37999725341797,114.58000183105469,114.80000305175781,76.0078125,29888500,0.0,0.0,0.0
2004-01-23,115.0,115.37000274658203,113.94999694824219,114.43000030517578,75.76284790039062,44245300,0.0,0.0,0.0
2004-01-26,114.38999938964844,115.93000030517578,114.37999725341797,115.87000274658203,76.71623992919922,30460600,0.0,0.0,0.0
2004-01-27,115.75,116.5,114.6500015258789,114.68000030517578,75.92837524414062,35322800,0.0,0.0,0.0
2004-01-28,114.9800033569336,115.27999877929688,112.94000244140625,113.37000274658203,75.0610580444336,52621300,0.0,0.0,0.0
2004-01-29,113.55999755859375,113.8499984741211,112.55999755859375,113.4800033569336,75.13388061523438,60117100,0.0,0.0,0.0
2004-01-30,113.5199966430664,113.72000122070312,113.08999633789062,113.4800033569336,75.13388061523438,30984400,0.0,0.0,0.0
2004-02-02,113.69999694824219,114.68000030517578,113.12000274658203,113.97000122070312,75.45829010009766,38832400,0.0,0.0,0.0
2004-02-03,113.73999786376953,114.13999938964844,113.44000244140625,113.77999877929688,75.3324966430664,25093500,0.0,0.0,0.0
2004-02-04,113.19000244140625,113.7300033569336,112.79000091552734,112.8499984741211,74.71675872802734,39332600,0.0,0.0,0.0
2004-02-05,113.16999816894531,113.54000091552734,112.77999877929688,113.18000030517578,74.93523406982422,37226800,0.0,0.0,0.0
2004-02-06,113.41999816894531,114.69999694824219,113.19999694824219,114.44999694824219,75.77607727050781,37216000,0.0,0.0,0.0
2004-02-09,114.66999816894531,114.87000274658203,114.29000091552734,114.4800033569336,75.79594421386719,24851300,0.0,0.0,0.0
2004-02-10,114.27999877929688,115.13999938964844,114.26000213623047,114.8499984741211,76.04090118408203,27908100,0.0,0.0,0.0
2004-02-11,114.8499984741211,116.38999938964844,114.16999816894531,116.06999969482422,76.84867095947266,42965700,0.0,0.0,0.0
2004-02-12,115.97000122070312,116.2699966430664,115.58000183105469,115.6500015258789,76.57061767578125,27814700,0.0,0.0,0.0
2004-02-13,115.81999969482422,116.19999694824219,114.75,115.12999725341797,76.226318359375,44739900,0.0,0.0,0.0
2004-02-17,115.8499984741211,116.43000030517578,115.7699966430664,116.16999816894531,76.91490936279297,23984300,0.0,0.0,0.0
2004-02-18,116.19999694824219,116.5999984741211,115.3499984741211,115.66000366210938,76.5772476196289,28618000,0.0,0.0,0.0
2004-02-19,116.33000183105469,116.38999938964844,115.05999755859375,115.2300033569336,76.29251098632812,51146200,0.0,0.0,0.0
2004-02-20,115.4800033569336,115.55999755859375,114.31999969482422,114.87999725341797,76.06082153320312,46728800,0.0,0.0,0.0
2004-02-23,115.22000122070312,115.26000213623047,114.16999816894531,114.58999633789062,75.86873626708984,36357000,0.0,0.0,0.0
2004-02-24,114.2699966430664,114.98999786376953,113.02999877929688,114.38999938964844,75.73635864257812,43953000,0.0,0.0,0.0
2004-02-25,114.45999908447266,115.05999755859375,114.31999969482422,114.87000274658203,76.05420684814453,31213600,0.0,0.0,0.0
2004-02-26,114.61000061035156,115.29000091552734,114.33999633789062,114.94000244140625,76.10054779052734,29683000,0.0,0.0,0.0
2004-02-27,115.19000244140625,115.73999786376953,114.62999725341797,115.0199966430664,76.15345764160156,39312000,0.0,0.0,0.0
2004-03-01,115.43000030517578,116.33999633789062,115.25,116.16000366210938,76.90825653076172,33130800,0.0,0.0,0.0
2004-03-02,115.94000244140625,116.97000122070312,115.2300033569336,115.4800033569336,76.4580307006836,38556400,0.0,0.0,0.0
2004-03-03,115.25,115.87000274658203,114.91999816894531,115.69000244140625,76.59707641601562,31346200,0.0,0.0,0.0
2004-03-04,115.72000122070312,116.0999984741211,115.5199966430664,115.98999786376953,76.79572296142578,21060000,0.0,0.0,0.0
2004-03-05,115.41999816894531,116.94999694824219,115.27999877929688,116.37999725341797,77.05392456054688,55905600,0.0,0.0,0.0
2004-03-08,116.33999633789062,116.62000274658203,114.91000366210938,114.95999908447266,76.11375427246094,39281600,0.0,0.0,0.0
2004-03-09,115.0999984741211,115.20999908447266,114.23999786376953,114.5,75.80921173095703,39746100,0.0,0.0,0.0
2004-03-10,114.72000122070312,114.7699966430664,112.55999755859375,112.58000183105469,74.53800964355469,67671800,0.0,0.0,0.0
2004-03-11,112.4000015258789,113.2699966430664,111.0999984741211,111.12000274658203,73.57135009765625,89134800,0.0,0.0,0.0
2004-03-12,111.7300033569336,112.70999908447266,111.58000183105469,112.58000183105469,74.53800964355469,54012200,0.0,0.0,0.0
2004-03-15,112.2699966430664,112.3499984741211,110.9000015258789,111.19999694824219,73.62430572509766,57677200,0.0,0.0,0.0
2004-03-16,111.77999877929688,112.05999755859375,110.83999633789062,111.79000091552734,74.01493072509766,59832600,0.0,0.0,0.0
2004-03-17,112.18000030517578,113.26000213623047,112.0999984741211,113.04000091552734,74.84257507324219,41607300,0.0,0.0,0.0
2004-03-18,112.69999694824219,113.2699966430664,111.93000030517578,113.06999969482422,74.8624267578125,60014300,0.0,0.0,0.0
2004-03-19,112.41000366210938,112.56999969482422,111.04000091552734,111.05999755859375,73.78939056396484,48636200,0.395,0.0,0.0
2004-03-22,110.54000091552734,110.56999969482422,109.0999984741211,109.6500015258789,72.85257720947266,62752100,0.0,0.0,0.0
2004-03-23,110.25,110.4000015258789,109.36000061035156,109.45999908447266,72.72632598876953,54080200,0.0,0.0,0.0
2004-03-24,109.58000183105469,110.13999938964844,108.8499984741211,109.55000305175781,72.78611755371094,51584300,0.0,0.0,0.0
2004-03-25,110.08000183105469,111.30000305175781,109.79000091552734,111.0,73.7495346069336,49873600,0.0,0.0,0.0
2004-03-26,110.95999908447266,111.79000091552734,110.80000305175781,111.02999877929688,73.76945495605469,37409500,0.0,0.0,0.0
2004-03-29,111.62999725341797,112.73999786376953,111.58000183105469,112.58999633789062,74.8059310913086,44113600,0.0,0.0,0.0
2004-03-30,112.30000305175781,113.06999969482422,112.22000122070312,112.97000122070312,75.05841827392578,39059900,0.0,0.0,0.0
2004-03-31,112.98999786376953,113.4000015258789,112.37999725341797,113.0999984741211,75.14476013183594,48517600,0.0,0.0,0.0
2004-04-01,113.06999969482422,113.87000274658203,113.05000305175781,113.77999877929688,75.59658813476562,45103800,0.0,0.0,0.0
2004-04-02,114.80999755859375,114.83999633789062,113.9000015258789,114.63999938964844,76.16798400878906,50987700,0.0,0.0,0.0
2004-04-05,114.45999908447266,115.37999725341797,114.44000244140625,115.2699966430664,76.5865478515625,30251800,0.0,0.0,0.0
2004-04-06,114.83000183105469,115.18000030517578,114.62000274658203,114.9000015258789,76.34074401855469,28420900,0.0,0.0,0.0
2004-04-07,114.94999694824219,114.9800033569336,114.11000061035156,114.62999725341797,76.16133117675781,45890500,0.0,0.0,0.0
2004-04-08,115.41000366210938,115.41000366210938,113.73999786376953,114.37000274658203,75.98857879638672,46929700,0.0,0.0,0.0
2004-04-12,114.58000183105469,115.08000183105469,114.56999969482422,114.81999969482422,76.28758239746094,23085200,0.0,0.0,0.0
2004-04-13,115.26000213623047,115.30000305175781,113.0199966430664,113.20999908447266,75.21785736083984,56210300,0.0,0.0,0.0
2004-04-14,112.61000061035156,113.63999938964844,112.55000305175781,113.38999938964844,75.33747863769531,62322300,0.0,0.0,0.0
2004-04-15,113.44999694824219,113.77999877929688,112.36000061035156,112.95999908447266,75.0517578125,61602500,0.0,0.0,0.0
2004-04-16,113.37999725341797,114.05000305175781,112.9800033569336,113.83000183105469,75.62979888916016,47059200,0.0,0.0,0.0
2004-04-19,113.55000305175781,113.98999786376953,113.2699966430664,113.83000183105469,75.62979888916016,28277600,0.0,0.0,0.0
2004-04-20,114.08000183105469,114.31999969482422,111.77999877929688,111.91999816894531,74.36079406738281,53299400,0.0,0.0,0.0
2004-04-21,112.19999694824219,112.94999694824219,111.87000274658203,112.66999816894531,74.85909271240234,50177300,0.0,0.0,0.0
2004-04-22,112.4800033569336,114.66999816894531,112.44000244140625,114.25,75.90888214111328,62071500,0.0,0.0,0.0
2004-04-23,114.41999816894531,114.56999969482422,113.79000091552734,114.36000061035156,75.98194122314453,29395700,0.0,0.0,0.0
2004-04-26,114.5,114.94000244140625,113.5999984741211,114.19999694824219,75.87567138671875,35515200,0.0,0.0,0.0
2004-04-27,114.2300033569336,115.12000274658203,113.95999908447266,114.30000305175781,75.94212341308594,43485500,0.0,0.0,0.0
2004-04-28,113.88999938964844,114.01000213623047,112.5,112.81999969482422,74.95873260498047,50165800,0.0,0.0,0.0
2004-04-29,112.72000122070312,113.31999969482422,111.16000366210938,111.83000183105469,74.30097198486328,69687600,0.0,0.0,0.0
2004-04-30,112.16999816894531,112.37999725341797,110.9000015258789,110.95999908447266,73.72294616699219,48681400,0.0,0.0,0.0
2004-05-03,111.37000274658203,112.29000091552734,111.3499984741211,112.1500015258789,74.51359558105469,33758000,0.0,0.0,0.0
2004-05-04,112.25,113.26000213623047,111.66000366210938,112.05999755859375,74.45378875732422,51185100,0.0,0.0,0.0
2004-05-05,112.41000366210938,112.95999908447266,112.16000366210938,112.77999877929688,74.93221282958984,34405000,0.0,0.0,0.0
2004-05-06,112.0199966430664,112.58999633789062,111.0,111.80999755859375,74.28772735595703,54997000,0.0,0.0,0.0
2004-05-07,111.22000122070312,112.2300033569336,109.95999908447266,109.95999908447266,73.05855560302734,60950000,0.0,0.0,0.0
2004-05-10,109.44000244140625,109.75,108.36000061035156,108.83000183105469,72.30776977539062,75279400,0.0,0.0,0.0
2004-05-11,109.45999908447266,110.05000305175781,109.33000183105469,109.75,72.91902160644531,48300600,0.0,0.0,0.0
2004-05-12,109.56999969482422,110.54000091552734,108.05999755859375,110.44999694824219,73.38407135009766,90830500,0.0,0.0,0.0
2004-05-13,109.76000213623047,110.80999755859375,109.62999725341797,109.98999786376953,73.07844543457031,57393700,0.0,0.0,0.0
2004-05-14,109.94999694824219,110.73999786376953,109.2699966430664,110.04000091552734,73.1116714477539,54123100,0.0,0.0,0.0
2004-05-17,108.88999938964844,109.5,108.41000366210938,109.0999984741211,72.48714447021484,55020400,0.0,0.0,0.0
2004-05-18,109.48999786376953,109.94000244140625,109.33000183105469,109.6500015258789,72.85257720947266,30193100,0.0,0.0,0.0
2004-05-19,110.5,111.18000030517578,109.1500015258789,109.2699966430664,72.60009002685547,54804100,0.0,0.0,0.0
2004-05-20,109.44999694824219,109.87000274658203,109.04000091552734,109.62000274658203,72.8326187133789,38082900,0.0,0.0,0.0
2004-05-21,109.97000122070312,110.55000305175781,109.47000122070312,109.80999755859375,72.95886993408203,47480400,0.0,0.0,0.0
2004-05-24,110.52999877929688,110.76000213623047,109.68000030517578,110.2699966430664,73.26451873779297,40961500,0.0,0.0,0.0
2004-05-25,109.9000015258789,111.9800033569336,109.5999984741211,111.8499984741211,74.31430053710938,48668000,0.0,0.0,0.0
2004-05-26,111.66000366210938,112.29000091552734,111.51000213623047,112.23999786376953,74.57339477539062,35977000,0.0,0.0,0.0
2004-05-27,112.54000091552734,113.02999877929688,112.05999755859375,112.87000274658203,74.991943359375,45306900,0.0,0.0,0.0
2004-05-28,112.7300033569336,112.87999725341797,112.36000061035156,112.86000061035156,74.98532104492188,23367200,0.0,0.0,0.0
2004-06-01,112.45999908447266,112.86000061035156,111.87000274658203,112.70999908447266,74.88566589355469,41044700,0.0,0.0,0.0
2004-06-02,113.02999877929688,113.4800033569336,112.45999908447266,113.12999725341797,75.16470336914062,39774200,0.0,0.0,0.0
2004-06-03,112.80999755859375,113.19000244140625,112.06999969482422,112.08999633789062,74.47372436523438,38688300,0.0,0.0,0.0
2004-06-04,112.9800033569336,113.58000183105469,112.70999908447266,112.9800033569336,75.0650634765625,32739500,0.0,0.0,0.0
2004-06-07,113.43000030517578,114.80999755859375,113.41999816894531,114.69999694824219,76.20783996582031,31643800,0.0,0.0,0.0
2004-06-08,114.37000274658203,114.91999816894531,114.16999816894531,114.86000061035156,76.31416320800781,32846500,0.0,0.0,0.0
2004-06-09,114.51000213623047,114.69999694824219,113.72000122070312,113.79000091552734,75.60322570800781,36737600,0.0,0.0,0.0
2004-06-10,114.04000091552734,114.3499984741211,113.93000030517578,114.3499984741211,75.9753189086914,21711000,0.0,0.0,0.0
2004-06-14,113.81999969482422,113.8499984741211,112.87000274658203,113.22000122070312,75.2245101928711,34633000,0.0,0.0,0.0
2004-06-15,113.9000015258789,114.44999694824219,113.51000213623047,114.0199966430664,75.75602722167969,37445000,0.0,0.0,0.0
2004-06-16,114.0,114.19999694824219,113.69999694824219,114.0,75.74275970458984,26633400,0.0,0.0,0.0
2004-06-17,113.8499984741211,114.06999969482422,113.33000183105469,113.83000183105469,75.62979888916016,28402400,0.0,0.0,0.0
2004-06-18,113.2699966430664,114.22000122070312,113.18000030517578,113.62999725341797,75.77253723144531,31799800,0.414,0.0,0.0
2004-06-21,113.75,114.13999938964844,113.12999725341797,113.19999694824219,75.48577880859375,25284000,0.0,0.0,0.0
2004-06-22,113.12999725341797,113.87999725341797,112.66999816894531,113.7699966430664,75.86583709716797,37334000,0.0,0.0,0.0
2004-06-23,113.61000061035156,114.83999633789062,113.41999816894531,114.75,76.51937866210938,35580000,0.0,0.0,0.0
2004-06-24,114.55999755859375,114.93000030517578,114.26000213623047,114.38999938964844,76.27931213378906,35272100,0.0,0.0,0.0
2004-06-25,114.41000366210938,114.94000244140625,113.68000030517578,113.83999633789062,75.91255187988281,32837900,0.0,0.0,0.0
2004-06-28,114.5199966430664,114.61000061035156,113.41000366210938,113.44999694824219,75.6524887084961,40824500,0.0,0.0,0.0
2004-06-29,113.52999877929688,114.16999816894531,113.41999816894531,113.91999816894531,75.96586608886719,28418100,0.0,0.0,0.0
2004-06-30,114.06999969482422,114.79000091552734,113.6500015258789,114.52999877929688,76.37267303466797,52230600,0.0,0.0,0.0
2004-07-01,114.25,114.4000015258789,112.58000183105469,112.94000244140625,75.3124008178711,57734700,0.0,0.0,0.0
2004-07-02,113.16000366210938,113.29000091552734,112.5999984741211,112.87999725341797,75.27239227294922,34615100,0.0,0.0,0.0
2004-07-06,112.37000274658203,112.44999694824219,111.62999725341797,111.88999938964844,74.61219787597656,38698200,0.0,0.0,0.0
2004-07-07,111.80999755859375,112.56999969482422,111.75,112.22000122070312,74.83226776123047,29839800,0.0,0.0,0.0
2004-07-08,111.80999755859375,112.31999969482422,111.19999694824219,111.44000244140625,74.31214904785156,45291100,0.0,0.0,0.0
2004-07-09,111.72000122070312,111.94000244140625,111.37999725341797,111.7300033569336,74.5055160522461,27412900,0.0,0.0,0.0
2004-07-12,111.5199966430664,112.04000091552734,111.0,111.77999877929688,74.53886413574219,35691300,0.0,0.0,0.0
2004-07-13,111.91999816894531,112.0199966430664,111.5999984741211,111.86000061035156,74.59217834472656,26752000,0.0,0.0,0.0
2004-07-14,111.26000213623047,112.38999938964844,111.12000274658203,111.5199966430664,74.3655014038086,54089400,0.0,0.0,0.0
2004-07-15,111.73999786376953,111.91000366210938,110.69999694824219,110.80000305175781,73.8853759765625,38403500,0.0,0.0,0.0
2004-07-16,111.56999969482422,111.66999816894531,110.44000244140625,110.70999908447266,73.82533264160156,40871200,0.0,0.0,0.0
2004-07-19,110.75,110.95999908447266,109.98999786376953,110.23999786376953,73.51192474365234,39592800,0.0,0.0,0.0
2004-07-20,110.52999877929688,111.9000015258789,110.25,111.63999938964844,74.44547271728516,46679800,0.0,0.0,0.0
2004-07-21,111.81999969482422,112.05999755859375,109.44999694824219,109.58000183105469,73.07185363769531,56241100,0.0,0.0,0.0
2004-07-22,109.36000061035156,110.38999938964844,108.7699966430664,109.87999725341797,73.27186584472656,72477100,0.0,0.0,0.0
2004-07-23,109.62000274658203,109.70999908447266,108.69000244140625,108.95999908447266,72.65841674804688,49610500,0.0,0.0,0.0
2004-07-26,109.19000244140625,109.43000030517578,108.20999908447266,108.75,72.51836395263672,49679100,0.0,0.0,0.0
2004-07-27,109.05000305175781,110.11000061035156,108.97000122070312,109.7699966430664,73.19851684570312,51295100,0.0,0.0,0.0
2004-07-28,109.55000305175781,110.37000274658203,108.58999633789062,110.0999984741211,73.41857147216797,65862300,0.0,0.0,0.0
2004-07-29,110.54000091552734,110.87000274658203,110.0,110.56999969482422,73.73199462890625,52200500,0.0,0.0,0.0
2004-07-30,110.31999969482422,110.9000015258789,110.0999984741211,110.83999633789062,73.91204071044922,41581700,0.0,0.0,0.0
2004-08-02,110.19000244140625,111.36000061035156,110.05000305175781,111.06999969482422,74.06539916992188,38263100,0.0,0.0,0.0
2004-08-03,110.93000030517578,111.05999755859375,110.16000366210938,110.20999908447266,73.491943359375,40948800,0.0,0.0,0.0
2004-08-04,109.88999938964844,110.75,109.63999938964844,110.19999694824219,73.48524475097656,40763200,0.0,0.0,0.0
2004-08-05,110.29000091552734,110.37999725341797,108.2699966430664,108.4000015258789,72.28498077392578,50772000,0.0,0.0,0.0
2004-08-06,107.62999725341797,107.95999908447266,106.62000274658203,106.8499984741211,71.2513427734375,74729000,0.0,0.0,0.0
2004-08-09,107.0199966430664,107.4800033569336,106.87000274658203,107.0,71.3514175415039,37476300,0.0,0.0,0.0
2004-08-10,107.30999755859375,108.41000366210938,107.26000213623047,108.37999725341797,72.2716064453125,55870600,0.0,0.0,0.0
2004-08-11,107.68000030517578,108.33000183105469,107.0999984741211,108.16000366210938,72.12489318847656,52933200,0.0,0.0,0.0
2004-08-12,107.68000030517578,107.94999694824219,106.62999725341797,106.9800033569336,71.33804321289062,50015900,0.0,0.0,0.0
2004-08-13,107.0999984741211,107.3499984741211,106.58999633789062,107.19000244140625,71.47809600830078,41634700,0.0,0.0,0.0
2004-08-16,107.13999938964844,108.63999938964844,107.0999984741211,108.30000305175781,72.2182846069336,45731900,0.0,0.0,0.0
2004-08-17,108.75,109.27999877929688,108.52999877929688,108.91000366210938,72.62501525878906,40701600,0.0,0.0,0.0
2004-08-18,108.5199966430664,110.16999816894531,108.48999786376953,110.02999877929688,73.37191009521484,43165400,0.0,0.0,0.0
2004-08-19,109.80999755859375,110.0199966430664,109.18000030517578,109.70999908447266,73.15852355957031,39881600,0.0,0.0,0.0
2004-08-20,109.61000061035156,110.62999725341797,109.51000213623047,110.4800033569336,73.67195129394531,44870900,0.0,0.0,0.0
2004-08-23,110.55000305175781,110.7699966430664,110.05000305175781,110.19999694824219,73.48524475097656,33745100,0.0,0.0,0.0
2004-08-24,110.63999938964844,110.7300033569336,109.8499984741211,110.3499984741211,73.58528900146484,30453100,0.0,0.0,0.0
2004-08-25,110.33000183105469,111.2699966430664,109.9000015258789,111.0999984741211,74.08541107177734,38551400,0.0,0.0,0.0
2004-08-26,110.95999908447266,111.30999755859375,110.8499984741211,111.0999984741211,74.08541107177734,26629500,0.0,0.0,0.0
2004-08-27,111.19999694824219,111.62999725341797,111.05000305175781,111.44999694824219,74.31880950927734,24902900,0.0,0.0,0.0
2004-08-30,111.22000122070312,111.33999633789062,110.44999694824219,110.52999877929688,73.70533752441406,26726500,0.0,0.0,0.0
2004-08-31,110.66000366210938,111.16000366210938,110.0999984741211,111.11000061035156,74.09208679199219,44125300,0.0,0.0,0.0
2004-09-01,110.94999694824219,111.63999938964844,110.4800033569336,111.31999969482422,74.23210906982422,52778300,0.0,0.0,0.0
2004-09-02,111.23999786376953,112.69999694824219,111.23999786376953,112.58000183105469,75.07234954833984,42736600,0.0,0.0,0.0
2004-09-03,112.33000183105469,112.81999969482422,112.01000213623047,112.12000274658203,74.7656021118164,30480500,0.0,0.0,0.0
2004-09-07,112.54000091552734,113.12999725341797,112.31999969482422,112.86000061035156,75.2590560913086,37338800,0.0,0.0,0.0
2004-09-08,112.62000274658203,113.05999755859375,112.30999755859375,112.58000183105469,75.07234954833984,32963100,0.0,0.0,0.0
2004-09-09,112.56999969482422,112.87999725341797,112.02999877929688,112.4800033569336,75.00562286376953,34314800,0.0,0.0,0.0
2004-09-10,112.5199966430664,113.2699966430664,112.08000183105469,113.05999755859375,75.39240264892578,27900600,0.0,0.0,0.0
2004-09-13,113.30999755859375,113.73999786376953,113.01000213623047,113.43000030517578,75.63915252685547,44398100,0.0,0.0,0.0
2004-09-14,113.30000305175781,113.69000244140625,113.19000244140625,113.66000366210938,75.79248046875,28048900,0.0,0.0,0.0
2004-09-15,113.30000305175781,113.36000061035156,112.68000030517578,112.80000305175781,75.21903228759766,38295000,0.0,0.0,0.0
2004-09-16,112.8499984741211,113.37000274658203,112.80000305175781,113.13999938964844,75.44576263427734,23911700,0.0,0.0,0.0
2004-09-17,112.94999694824219,113.36000061035156,112.69000244140625,113.1500015258789,75.76651763916016,33683000,0.469,0.0,0.0
2004-09-20,112.66999816894531,112.98999786376953,112.27999877929688,112.47000122070312,75.31116485595703,37149400,0.0,0.0,0.0
2004-09-21,112.75,113.47000122070312,112.54000091552734,112.95999908447266,75.63928985595703,40920800,0.0,0.0,0.0
2004-09-22,112.5,112.5199966430664,111.47000122070312,111.55000305175781,74.69513702392578,49042100,0.0,0.0,0.0
2004-09-23,111.5999984741211,111.69999694824219,110.94999694824219,110.94999694824219,74.2933578491211,44068700,0.0,0.0,0.0
2004-09-24,111.16999816894531,111.7300033569336,111.12999725341797,111.45999908447266,74.6348648071289,34981100,0.0,0.0,0.0
2004-09-27,111.0999984741211,111.19999694824219,110.58000183105469,110.75,74.159423828125,39355100,0.0,0.0,0.0
2004-09-28,110.91000366210938,111.51000213623047,110.41000366210938,111.27999877929688,74.51435852050781,41662900,0.0,0.0,0.0
2004-09-29,111.20999908447266,111.8499984741211,111.0,111.83999633789062,74.88932037353516,33325700,0.0,0.0,0.0
2004-09-30,111.55000305175781,111.9800033569336,111.26000213623047,111.76000213623047,74.83573150634766,43536700,0.0,0.0,0.0
2004-10-01,112.26000213623047,113.6500015258789,112.20999908447266,113.6500015258789,76.10128784179688,62824300,0.0,0.0,0.0
2004-10-04,114.0999984741211,114.44000244140625,113.80000305175781,113.83999633789062,76.22856140136719,33082400,0.0,0.0,0.0
2004-10-05,113.8499984741211,114.16000366210938,113.54000091552734,113.9000015258789,76.26871490478516,36910600,0.0,0.0,0.0
2004-10-06,113.7699966430664,114.68000030517578,113.68000030517578,114.68000030517578,76.79098510742188,42297800,0.0,0.0,0.0
2004-10-07,114.37999725341797,114.4000015258789,113.36000061035156,113.44999694824219,75.9673843383789,39388800,0.0,0.0,0.0
2004-10-08,113.1500015258789,113.7699966430664,112.3499984741211,112.51000213623047,75.33795928955078,51872600,0.0,0.0,0.0
2004-10-11,112.77999877929688,113.0199966430664,112.63999938964844,112.97000122070312,75.64596557617188,20229100,0.0,0.0,0.0
2004-10-12,112.19999694824219,112.83000183105469,111.94000244140625,112.52999877929688,75.35132598876953,41754700,0.0,0.0,0.0
2004-10-13,113.0,113.06999969482422,111.31999969482422,111.54000091552734,74.68843078613281,54212600,0.0,0.0,0.0
2004-10-14,111.68000030517578,111.93000030517578,110.58000183105469,110.63999938964844,74.08576965332031,64082200,0.0,0.0,0.0
2004-10-15,111.0199966430664,111.73999786376953,110.56999969482422,111.26000213623047,74.50093841552734,63482200,0.0,0.0,0.0
2004-10-18,110.88999938964844,111.9000015258789,110.69999694824219,111.68000030517578,74.78218078613281,43535100,0.0,0.0,0.0
2004-10-19,112.0199966430664,112.2300033569336,110.58999633789062,110.73999786376953,74.1527328491211,55851900,0.0,0.0,0.0
2004-10-20,110.37999725341797,110.81999969482422,109.75,110.5199966430664,74.0053939819336,57118500,0.0,0.0,0.0
2004-10-21,110.79000091552734,111.31999969482422,110.20999908447266,111.23999786376953,74.48753356933594,53218300,0.0,0.0,0.0
2004-10-22,111.19000244140625,111.25,109.86000061035156,109.98999786376953,73.65050506591797,48752400,0.0,0.0,0.0
2004-10-25,109.75,110.12000274658203,109.3499984741211,109.86000061035156,73.56346893310547,43990900,0.0,0.0,0.0
2004-10-26,110.12999725341797,111.5999984741211,109.87999725341797,111.54000091552734,74.68843078613281,54337400,0.0,0.0,0.0
2004-10-27,111.37999725341797,113.0999984741211,111.12000274658203,112.87999725341797,75.58572387695312,73896000,0.0,0.0,0.0
2004-10-28,112.77999877929688,113.55999755859375,112.48999786376953,113.22000122070312,75.81339263916016,54413300,0.0,0.0,0.0
2004-10-29,113.12000274658203,113.63999938964844,112.9000015258789,113.19999694824219,75.79998779296875,48820200,0.0,0.0,0.0
2004-11-01,113.55999755859375,113.83999633789062,113.19999694824219,113.51000213623047,76.00756072998047,36720900,0.0,0.0,0.0
2004-11-02,113.66999816894531,114.56999969482422,113.22000122070312,113.55000305175781,76.03434753417969,56210000,0.0,0.0,0.0
2004-11-03,115.02999877929688,115.36000061035156,114.23999786376953,114.9800033569336,76.99189758300781,76960200,0.0,0.0,0.0
2004-11-04,114.77999877929688,116.66999816894531,114.68000030517578,116.55000305175781,78.04319763183594,55350300,0.0,0.0,0.0
2004-11-05,117.05000305175781,117.63999938964844,116.48999786376953,117.27999877929688,78.531982421875,63287200,0.0,0.0,0.0
2004-11-08,116.9800033569336,117.2300033569336,116.72000122070312,117.11000061035156,78.41814422607422,33863800,0.0,0.0,0.0
2004-11-09,117.08000183105469,117.5,116.76000213623047,116.87999725341797,78.26416778564453,44658100,0.0,0.0,0.0
2004-11-10,117.05999755859375,117.55000305175781,116.76000213623047,116.97000122070312,78.32441711425781,45265400,0.0,0.0,0.0
2004-11-11,117.18000030517578,118.12000274658203,117.0999984741211,117.86000061035156,78.92037963867188,37863200,0.0,0.0,0.0
2004-11-12,117.97000122070312,119.0,117.68000030517578,118.79000091552734,79.54312133789062,55583700,0.0,0.0,0.0
2004-11-15,118.5,118.7699966430664,118.2300033569336,118.7300033569336,79.73853302001953,35297900,0.351,0.0,0.0
2004-11-16,118.36000061035156,118.41000366210938,117.7300033569336,117.87999725341797,79.16767883300781,40028700,0.0,0.0,0.0
2004-11-17,118.37000274658203,119.13999938964844,118.06999969482422,118.58000183105469,79.63782501220703,54494000,0.0,0.0,0.0
2004-11-18,118.52999877929688,118.80000305175781,118.2300033569336,118.73999786376953,79.74525451660156,31854300,0.0,0.0,0.0
2004-11-19,118.69999694824219,118.72000122070312,117.13999938964844,117.41999816894531,78.85871887207031,54276500,0.0,0.0,0.0
2004-11-22,117.16999816894531,118.12000274658203,117.02999877929688,117.9800033569336,79.23485565185547,37560200,0.0,0.0,0.0
2004-11-23,117.93000030517578,118.26000213623047,117.37000274658203,118.16000366210938,79.35570526123047,41968800,0.0,0.0,0.0
2004-11-24,118.2699966430664,118.58999633789062,118.05000305175781,118.44000244140625,79.54379272460938,29724800,0.0,0.0,0.0
2004-11-26,118.51000213623047,118.9800033569336,118.30000305175781,118.3499984741211,79.48332977294922,15487700,0.0,0.0,0.0
2004-11-29,118.79000091552734,119.01000213623047,117.4800033569336,117.80999755859375,79.12068939208984,61460800,0.0,0.0,0.0
2004-11-30,118.0,118.23999786376953,117.63999938964844,117.88999938964844,79.17440032958984,53685200,0.0,0.0,0.0
2004-12-01,118.16000366210938,119.5,118.0999984741211,119.2300033569336,80.07434844970703,49898300,0.0,0.0,0.0
2004-12-02,119.0999984741211,119.87000274658203,119.01000213623047,119.33000183105469,80.1415023803711,60163500,0.0,0.0,0.0
2004-12-03,119.30999755859375,120.13999938964844,119.08999633789062,119.25,80.08775329589844,49067900,0.0,0.0,0.0
2004-12-06,119.20999908447266,119.63999938964844,118.83999633789062,119.20999908447266,80.06089782714844,33030500,0.0,0.0,0.0
2004-12-07,119.48999786376953,119.62000274658203,118.04000091552734,118.0999984741211,79.31543731689453,52047200,0.0,0.0,0.0
2004-12-08,118.20999908447266,118.81999969482422,118.01000213623047,118.79000091552734,79.77884674072266,43895100,0.0,0.0,0.0
2004-12-09,118.13999938964844,119.45999908447266,117.7300033569336,119.20999908447266,80.06089782714844,60922800,0.0,0.0,0.0
2004-12-10,118.91999816894531,119.55999755859375,118.8499984741211,119.33000183105469,80.1415023803711,47828600,0.0,0.0,0.0
2004-12-13,119.76000213623047,120.4000015258789,119.3499984741211,120.37000274658203,80.83999633789062,38541000,0.0,0.0,0.0
2004-12-14,120.18000030517578,120.95999908447266,120.18000030517578,120.79000091552734,81.12203216552734,41500700,0.0,0.0,0.0
2004-12-15,120.69999694824219,121.11000061035156,120.30999755859375,120.87999725341797,81.1824722290039,46699200,0.0,0.0,0.0
2004-12-16,120.72000122070312,121.23999786376953,120.04000091552734,120.80999755859375,81.13546752929688,51641800,0.0,0.0,0.0
2004-12-17,119.45999908447266,119.97000122070312,119.16000366210938,119.44000244140625,80.59429168701172,70761900,0.568,0.0,0.0
2004-12-20,119.75,120.29000091552734,119.16999816894531,119.47000122070312,80.61455535888672,47187400,0.0,0.0,0.0
2004-12-21,119.5999984741211,120.4800033569336,119.45999908447266,120.38999938964844,81.2353286743164,33094200,0.0,0.0,0.0
2004-12-22,120.37999725341797,121.08000183105469,120.30000305175781,120.68000030517578,81.43101501464844,31500700,0.0,0.0,0.0
2004-12-23,120.87000274658203,121.27999877929688,120.66000366210938,120.7699966430664,81.49174499511719,25646100,0.0,0.0,0.0
2004-12-27,121.19999694824219,121.36000061035156,120.38999938964844,120.5199966430664,81.32304382324219,29944100,0.0,0.0,0.0
2004-12-28,120.63999938964844,121.33000183105469,120.5999984741211,121.18000030517578,81.76838684082031,23422900,0.0,0.0,0.0
2004-12-29,121.08000183105469,121.4000015258789,120.94999694824219,121.36000061035156,81.88986206054688,22650600,0.0,0.0,0.0
2004-12-30,121.4000015258789,121.56999969482422,121.04000091552734,121.12999725341797,81.73466491699219,21076900,0.0,0.0,0.0
2004-12-31,121.30000305175781,121.66000366210938,120.80000305175781,120.87000274658203,81.55923461914062,28648800,0.0,0.0,0.0
2005-01-03,121.55999755859375,121.76000213623047,119.9000015258789,120.30000305175781,81.17459869384766,55748000,0.0,0.0,0.0
2005-01-04,120.45999908447266,120.54000091552734,118.44000244140625,118.83000183105469,80.18270874023438,69167600,0.0,0.0,0.0
2005-01-05,118.73999786376953,119.25,118.0,118.01000213623047,79.62940216064453,65667300,0.0,0.0,0.0
2005-01-06,118.44000244140625,119.1500015258789,118.26000213623047,118.61000061035156,80.03425598144531,47814700,0.0,0.0,0.0
2005-01-07,118.97000122070312,119.2300033569336,118.12999725341797,118.44000244140625,79.91954803466797,55847700,0.0,0.0,0.0
2005-01-10,118.33999633789062,119.45999908447266,118.33999633789062,119.0,80.29740905761719,56563300,0.0,0.0,0.0
2005-01-11,118.63999938964844,118.73999786376953,117.98999786376953,118.18000030517578,79.74408721923828,63099700,0.0,0.0,0.0
2005-01-12,118.4000015258789,118.83999633789062,117.5199966430664,118.56999969482422,80.00721740722656,72720500,0.0,0.0,0.0
2005-01-13,118.63999938964844,118.7300033569336,117.5,117.62000274658203,79.36621856689453,55537500,0.0,0.0,0.0
2005-01-14,117.97000122070312,118.52999877929688,117.76000213623047,118.23999786376953,79.78459167480469,42032500,0.0,0.0,0.0
2005-01-18,118.05000305175781,119.62000274658203,117.94999694824219,119.47000122070312,80.61455535888672,57391700,0.0,0.0,0.0
2005-01-19,119.43000030517578,119.5199966430664,118.20999908447266,118.22000122070312,79.7710952758789,54378900,0.0,0.0,0.0
2005-01-20,117.88999938964844,118.19999694824219,117.29000091552734,117.5,79.28524780273438,72049300,0.0,0.0,0.0
2005-01-21,117.79000091552734,118.0,116.6500015258789,116.77999877929688,78.79942321777344,63160400,0.0,0.0,0.0
2005-01-24,117.08999633789062,117.33999633789062,116.37000274658203,116.55000305175781,78.64418029785156,58441900,0.0,0.0,0.0
2005-01-25,116.91000366210938,117.47000122070312,116.72000122070312,116.87999725341797,78.86688232421875,68245000,0.0,0.0,0.0
2005-01-26,117.31999969482422,117.5999984741211,117.04000091552734,117.2300033569336,79.10302734375,57195100,0.0,0.0,0.0
2005-01-27,117.19000244140625,117.75,116.9800033569336,117.43000030517578,79.2380142211914,55878800,0.0,0.0,0.0
2005-01-28,117.48999786376953,117.55000305175781,116.61000061035156,117.43000030517578,79.2380142211914,60738900,0.0,0.0,0.0
2005-01-31,117.94999694824219,118.25,117.70999908447266,118.16000366210938,79.7305908203125,52532700,0.0,0.0,0.0
2005-02-01,118.25,119.08000183105469,118.0999984741211,118.91000366210938,80.23667907714844,49841200,0.0,0.0,0.0
2005-02-02,119.05999755859375,119.58999633789062,118.9000015258789,119.2699966430664,80.47956848144531,52468900,0.0,0.0,0.0
2005-02-03,119.05999755859375,119.16000366210938,118.56999969482422,118.95999908447266,80.2704086303711,48837100,0.0,0.0,0.0
2005-02-04,119.0,120.43000030517578,118.9800033569336,120.2300033569336,81.12737274169922,50024600,0.0,0.0,0.0
2005-02-07,120.25,120.5199966430664,119.95999908447266,120.06999969482422,81.01942443847656,45412000,0.0,0.0,0.0
2005-02-08,120.16999816894531,120.6500015258789,120.06999969482422,120.20999908447266,81.11385345458984,39263500,0.0,0.0,0.0
2005-02-09,120.41999816894531,120.48999786376953,119.25,119.30999755859375,80.506591796875,55279400,0.0,0.0,0.0
2005-02-10,119.66000366210938,120.0199966430664,119.26000213623047,119.73999786376953,80.79669952392578,45858600,0.0,0.0,0.0
2005-02-11,119.69999694824219,121.04000091552734,119.45999908447266,120.7699966430664,81.49174499511719,53133000,0.0,0.0,0.0
2005-02-14,120.69000244140625,120.86000061035156,120.4800033569336,120.68000030517578,81.43101501464844,32432100,0.0,0.0,0.0
2005-02-15,120.80000305175781,121.43000030517578,120.68000030517578,121.12999725341797,81.73466491699219,43852700,0.0,0.0,0.0
2005-02-16,120.93000030517578,121.45999908447266,120.66999816894531,121.20999908447266,81.78865814208984,55523000,0.0,0.0,0.0
2005-02-17,121.2300033569336,121.33000183105469,120.22000122070312,120.2300033569336,81.12737274169922,58124000,0.0,0.0,0.0
2005-02-18,120.23999786376953,120.4800033569336,119.9000015258789,120.38999938964844,81.2353286743164,47723300,0.0,0.0,0.0
2005-02-22,119.9000015258789,120.47000122070312,118.58000183105469,118.5999984741211,80.02748107910156,80697600,0.0,0.0,0.0
2005-02-23,118.93000030517578,119.56999969482422,118.62000274658203,119.44999694824219,80.6010513305664,68292600,0.0,0.0,0.0
2005-02-24,119.23999786376953,120.31999969482422,118.9800033569336,120.23999786376953,81.13410949707031,68563600,0.0,0.0,0.0
2005-02-25,120.2699966430664,121.66999816894531,120.18000030517578,121.43000030517578,81.93707275390625,60899900,0.0,0.0,0.0
2005-02-28,121.1500015258789,121.30000305175781,120.04000091552734,120.62999725341797,81.39727020263672,69381300,0.0,0.0,0.0
2005-03-01,120.81999969482422,121.5199966430664,120.77999877929688,121.2300033569336,81.8021469116211,47294400,0.0,0.0,0.0
2005-03-02,120.76000213623047,121.93000030517578,120.6500015258789,121.16999816894531,81.76168060302734,64226500,0.0,0.0,0.0
2005-03-03,121.66000366210938,121.9000015258789,120.69999694824219,121.22000122070312,81.79536437988281,61230800,0.0,0.0,0.0
2005-03-04,122.05000305175781,122.83000183105469,121.79000091552734,122.7300033569336,82.81429290771484,56168500,0.0,0.0,0.0
2005-03-07,122.66000366210938,123.25,122.4000015258789,122.79000091552734,82.85479736328125,43442400,0.0,0.0,0.0
2005-03-08,122.66999816894531,123.0,122.11000061035156,122.33000183105469,82.54438018798828,44362000,0.0,0.0,0.0
2005-03-09,121.97000122070312,122.29000091552734,120.95999908447266,120.97000122070312,81.62671661376953,73263600,0.0,0.0,0.0
2005-03-10,121.19999694824219,121.5,120.4000015258789,121.23999786376953,81.80891418457031,65149000,0.0,0.0,0.0
2005-03-11,121.30999755859375,121.72000122070312,120.16000366210938,120.38999938964844,81.2353286743164,57976500,0.0,0.0,0.0
2005-03-14,120.61000061035156,121.16000366210938,120.27999877929688,121.13999938964844,81.74140930175781,36336400,0.0,0.0,0.0
2005-03-15,121.41999816894531,121.45999908447266,120.08000183105469,120.13999938964844,81.066650390625,62438500,0.0,0.0,0.0
2005-03-16,119.69999694824219,120.16000366210938,118.9000015258789,119.12000274658203,80.37834930419922,74874200,0.0,0.0,0.0
2005-03-17,119.30999755859375,119.73999786376953,118.9800033569336,119.36000061035156,80.54031372070312,62584200,0.0,0.0,0.0
2005-03-18,119.11000061035156,119.52999877929688,118.1500015258789,118.54000091552734,80.30120849609375,60232000,0.467,0.0,0.0
2005-03-21,118.70999908447266,118.77999877929688,117.76000213623047,118.0999984741211,80.00312805175781,61244300,0.0,0.0,0.0
2005-03-22,118.37000274658203,118.93000030517578,116.9000015258789,116.9000015258789,79.1902084350586,92472400,0.0,0.0,0.0
2005-03-23,116.94999694824219,117.72000122070312,116.75,117.0,79.25794219970703,70817300,0.0,0.0,0.0
2005-03-24,117.45999908447266,117.98999786376953,117.05999755859375,117.13999938964844,79.35279083251953,51932500,0.0,0.0,0.0
2005-03-28,117.41999816894531,117.94000244140625,117.30999755859375,117.30999755859375,79.46794128417969,46765500,0.0,0.0,0.0
2005-03-29,117.13999938964844,117.9000015258789,116.25,116.52999877929688,78.93956756591797,71160300,0.0,0.0,0.0
2005-03-30,116.77999877929688,118.19999694824219,116.7699966430664,118.18000030517578,80.05731964111328,62002100,0.0,0.0,0.0
2005-03-31,118.19000244140625,118.45999908447266,117.87000274658203,117.95999908447266,79.90829467773438,64575400,0.0,0.0,0.0
2005-04-01,118.62999725341797,118.98999786376953,116.91000366210938,117.43000030517578,79.54924011230469,95255300,0.0,0.0,0.0
2005-04-04,117.36000061035156,117.86000061035156,116.73999786376953,117.62999725341797,79.6847152709961,71581200,0.0,0.0,0.0
2005-04-05,117.77999877929688,118.37999725341797,117.66999816894531,118.19000244140625,80.0641098022461,46853900,0.0,0.0,0.0
2005-04-06,118.44999694824219,118.94999694824219,118.18000030517578,118.5999984741211,80.3418197631836,53268200,0.0,0.0,0.0
2005-04-07,118.41000366210938,119.26000213623047,118.31999969482422,119.23999786376953,80.7753677368164,46734600,0.0,0.0,0.0
2005-04-08,119.16999816894531,119.20999908447266,118.0,118.0,79.93538665771484,63772900,0.0,0.0,0.0
2005-04-11,118.29000091552734,118.41999816894531,117.83000183105469,118.08999633789062,79.99635314941406,44945000,0.0,0.0,0.0
2005-04-12,117.88999938964844,119.05999755859375,117.06999969482422,118.69999694824219,80.40957641601562,86144800,0.0,0.0,0.0
2005-04-13,118.55999755859375,118.80000305175781,117.12999725341797,117.30000305175781,79.4612045288086,65949000,0.0,0.0,0.0
2005-04-14,117.4000015258789,117.5,115.7699966430664,115.7699966430664,78.42471313476562,96119800,0.0,0.0,0.0
2005-04-15,115.73999786376953,116.19999694824219,114.0999984741211,114.1500015258789,77.32732391357422,128677300,0.0,0.0,0.0
2005-04-18,114.12000274658203,114.95999908447266,113.95999908447266,114.5,77.56439971923828,100035200,0.0,0.0,0.0
2005-04-19,115.0999984741211,115.52999877929688,114.83000183105469,115.41000366210938,78.18087005615234,64930100,0.0,0.0,0.0
2005-04-20,115.37999725341797,115.62999725341797,113.55000305175781,113.80000305175781,77.09019470214844,107735900,0.0,0.0,0.0
2005-04-21,114.79000091552734,116.20999908447266,114.37999725341797,116.01000213623047,78.58732604980469,86952200,0.0,0.0,0.0
2005-04-22,115.73999786376953,116.5,114.2699966430664,115.56999969482422,78.28924560546875,88845800,0.0,0.0,0.0
2005-04-25,115.86000061035156,116.5,115.72000122070312,116.33000183105469,78.80406951904297,52284100,0.0,0.0,0.0
2005-04-26,115.95999908447266,116.7699966430664,115.1500015258789,115.19999694824219,78.03861999511719,72626000,0.0,0.0,0.0
2005-04-27,114.86000061035156,116.06999969482422,114.44000244140625,115.6500015258789,78.34346771240234,84131900,0.0,0.0,0.0
2005-04-28,115.2699966430664,115.68000030517578,114.19999694824219,114.19999694824219,77.36116790771484,72481500,0.0,0.0,0.0
2005-04-29,115.06999969482422,115.87000274658203,113.97000122070312,115.75,78.41119384765625,103993800,0.0,0.0,0.0
2005-05-02,116.06999969482422,116.41000366210938,115.5199966430664,116.4000015258789,78.85149383544922,56026400,0.0,0.0,0.0
2005-05-03,116.06999969482422,116.8499984741211,115.69000244140625,116.5999984741211,78.98699951171875,86000300,0.0,0.0,0.0
2005-05-04,116.6500015258789,117.75,116.27999877929688,117.5,79.59666442871094,81055700,0.0,0.0,0.0
2005-05-05,117.66999816894531,118.0,116.73999786376953,117.45999908447266,79.56956481933594,96906700,0.0,0.0,0.0
2005-05-06,117.93000030517578,117.98999786376953,117.05999755859375,117.08999633789062,79.31891632080078,67415400,0.0,0.0,0.0
2005-05-09,117.20999908447266,118.08000183105469,117.05000305175781,117.81999969482422,79.81348419189453,43750500,0.0,0.0,0.0
2005-05-10,117.36000061035156,117.5,116.38999938964844,116.5999984741211,78.98699951171875,74613500,0.0,0.0,0.0
2005-05-11,116.93000030517578,117.4000015258789,115.8499984741211,117.23999786376953,79.4205551147461,91647400,0.0,0.0,0.0
2005-05-12,117.31999969482422,117.58999633789062,115.94999694824219,115.94999694824219,78.54668426513672,95086800,0.0,0.0,0.0
2005-05-13,116.30000305175781,116.62000274658203,114.80000305175781,115.72000122070312,78.39087677001953,85267000,0.0,0.0,0.0
2005-05-16,115.69999694824219,116.83999633789062,115.66000366210938,116.80000305175781,79.12249755859375,49207000,0.0,0.0,0.0
2005-05-17,116.41000366210938,117.69999694824219,116.16000366210938,117.58000183105469,79.65089416503906,61071800,0.0,0.0,0.0
2005-05-18,118.08999633789062,119.08000183105469,118.01000213623047,118.79000091552734,80.47053527832031,77944900,0.0,0.0,0.0
2005-05-19,119.0199966430664,119.41000366210938,118.69999694824219,119.29000091552734,80.80926513671875,61768100,0.0,0.0,0.0
2005-05-20,119.33999633789062,119.38999938964844,118.73999786376953,119.12000274658203,80.69406127929688,46345500,0.0,0.0,0.0
2005-05-23,119.20999908447266,120.04000091552734,119.19000244140625,119.77999877929688,81.14119720458984,51047900,0.0,0.0,0.0
2005-05-24,119.44000244140625,119.83000183105469,119.19999694824219,119.5,80.95154571533203,50654100,0.0,0.0,0.0
2005-05-25,119.3499984741211,119.87000274658203,118.83000183105469,119.41000366210938,80.89056396484375,47608800,0.0,0.0,0.0
2005-05-26,119.79000091552734,120.20999908447266,119.62000274658203,120.05000305175781,81.32406616210938,43256200,0.0,0.0,0.0
2005-05-27,120.05999755859375,120.25,119.80000305175781,120.25,81.45957946777344,24596100,0.0,0.0,0.0
2005-05-31,120.08000183105469,120.16999816894531,119.4000015258789,119.4800033569336,80.93795776367188,43377200,0.0,0.0,0.0
2005-06-01,119.5199966430664,120.91999816894531,119.44999694824219,120.5,81.62891387939453,69611000,0.0,0.0,0.0
2005-06-02,120.2300033569336,120.83999633789062,120.0999984741211,120.76000213623047,81.8050308227539,39704500,0.0,0.0,0.0
2005-06-03,120.55000305175781,120.88999938964844,119.7300033569336,120.1500015258789,81.391845703125,60999400,0.0,0.0,0.0
2005-06-06,119.94999694824219,120.19999694824219,119.55000305175781,120.04000091552734,81.31732177734375,36046400,0.0,0.0,0.0
2005-06-07,120.38999938964844,121.25,120.01000213623047,120.12999725341797,81.37826538085938,66501300,0.0,0.0,0.0
2005-06-08,120.43000030517578,120.58999633789062,119.66999816894531,119.91000366210938,81.22925567626953,46881200,0.0,0.0,0.0
2005-06-09,119.73999786376953,120.58000183105469,119.44000244140625,120.4800033569336,81.61541748046875,56653300,0.0,0.0,0.0
2005-06-10,120.55999755859375,120.6500015258789,119.5999984741211,120.19999694824219,81.42569732666016,36465300,0.0,0.0,0.0
2005-06-13,119.94000244140625,121.08000183105469,119.80999755859375,120.58000183105469,81.68314361572266,49383200,0.0,0.0,0.0
2005-06-14,120.44999694824219,121.19999694824219,120.37999725341797,120.86000061035156,81.87278747558594,33857100,0.0,0.0,0.0
2005-06-15,121.16000366210938,121.23999786376953,120.2300033569336,121.08999633789062,82.0285873413086,53195600,0.0,0.0,0.0
2005-06-16,121.05999755859375,121.63999938964844,120.91999816894531,121.4000015258789,82.23858642578125,46564500,0.0,0.0,0.0
2005-06-17,121.54000091552734,121.9000015258789,121.22000122070312,121.36000061035156,82.5433349609375,51529400,0.488,0.0,0.0
2005-06-20,121.08000183105469,121.83999633789062,120.94000244140625,121.4000015258789,82.57051086425781,41019400,0.0,0.0,0.0
2005-06-21,121.5,121.6500015258789,121.02999877929688,121.47000122070312,82.61810302734375,39879800,0.0,0.0,0.0
2005-06-22,121.68000030517578,121.94000244140625,121.06999969482422,121.56999969482422,82.68614959716797,46310100,0.0,0.0,0.0
2005-06-23,121.31999969482422,121.5999984741211,119.83000183105469,119.86000061035156,81.5230941772461,62185600,0.0,0.0,0.0
2005-06-24,119.87999725341797,120.01000213623047,118.83999633789062,118.9800033569336,80.92459106445312,58572500,0.0,0.0,0.0
2005-06-27,118.97000122070312,119.41000366210938,118.75,119.1500015258789,81.04020690917969,48183800,0.0,0.0,0.0
2005-06-28,119.4000015258789,120.23999786376953,119.37000274658203,120.1500015258789,81.72032928466797,41174200,0.0,0.0,0.0
2005-06-29,120.37000274658203,120.4000015258789,119.76000213623047,119.83000183105469,81.50270080566406,42316500,0.0,0.0,0.0
2005-06-30,120.22000122070312,120.31999969482422,118.94999694824219,119.18000030517578,81.06058502197266,62288800,0.0,0.0,0.0
2005-07-01,119.44999694824219,119.80000305175781,119.20999908447266,119.52999877929688,81.29863739013672,49737500,0.0,0.0,0.0
2005-07-05,119.25,120.6500015258789,119.19000244140625,120.48999786376953,81.95158386230469,51549000,0.0,0.0,0.0
2005-07-06,120.38999938964844,120.6500015258789,119.41000366210938,119.4800033569336,81.2646255493164,52363600,0.0,0.0,0.0
2005-07-07,118.29000091552734,119.94999694824219,118.26000213623047,119.94999694824219,81.58430480957031,103268800,0.0,0.0,0.0
2005-07-08,119.97000122070312,121.31999969482422,119.72000122070312,121.31999969482422,82.51607513427734,64491200,0.0,0.0,0.0
2005-07-11,121.33000183105469,122.0999984741211,121.30999755859375,121.94000244140625,82.93780517578125,49688300,0.0,0.0,0.0
2005-07-12,121.98999786376953,122.62999725341797,121.63999938964844,122.26000213623047,83.15544128417969,51871100,0.0,0.0,0.0
2005-07-13,122.2699966430664,122.5199966430664,121.98999786376953,122.43000030517578,83.27108764648438,41182300,0.0,0.0,0.0
2005-07-14,122.9800033569336,123.44000244140625,122.48999786376953,122.91000366210938,83.5975570678711,63638800,0.0,0.0,0.0
2005-07-15,122.79000091552734,123.04000091552734,122.36000061035156,122.83999633789062,83.5499267578125,56075900,0.0,0.0,0.0
2005-07-18,122.5,122.62999725341797,122.05000305175781,122.3499984741211,83.2166519165039,56598400,0.0,0.0,0.0
2005-07-19,122.70999908447266,123.11000061035156,122.41000366210938,123.0199966430664,83.67237854003906,59165700,0.0,0.0,0.0
2005-07-20,122.58999633789062,123.7300033569336,122.30000305175781,123.44000244140625,83.95802307128906,69477000,0.0,0.0,0.0
2005-07-21,123.55000305175781,123.61000061035156,122.47000122070312,122.72000122070312,83.46832275390625,101110900,0.0,0.0,0.0
2005-07-22,122.87999725341797,123.55999755859375,122.62999725341797,123.54000091552734,84.02606201171875,52607100,0.0,0.0,0.0
2005-07-25,123.41000366210938,123.94999694824219,122.8499984741211,123.19000244140625,83.78800964355469,57301600,0.0,0.0,0.0
2005-07-26,123.2300033569336,123.52999877929688,122.94999694824219,123.33999633789062,83.89002227783203,42758800,0.0,0.0,0.0
2005-07-27,123.5,123.88999938964844,123.05000305175781,123.79000091552734,84.19607543945312,43181600,0.0,0.0,0.0
2005-07-28,123.95999908447266,124.63999938964844,123.63999938964844,124.56999969482422,84.72660064697266,47880700,0.0,0.0,0.0
2005-07-29,124.41000366210938,124.62999725341797,123.5,123.73999786376953,84.1620864868164,62358100,0.0,0.0,0.0
2005-08-01,123.83000183105469,124.04000091552734,123.44999694824219,123.6500015258789,84.10086059570312,40418200,0.0,0.0,0.0
2005-08-02,123.87000274658203,124.5999984741211,123.73999786376953,124.38999938964844,84.60417175292969,45147400,0.0,0.0,0.0
2005-08-03,124.25,124.73999786376953,124.12000274658203,124.72000122070312,84.82862854003906,36837200,0.0,0.0,0.0
2005-08-04,124.2300033569336,124.30999755859375,123.56999969482422,123.72000122070312,84.14848327636719,50855600,0.0,0.0,0.0
2005-08-05,123.44999694824219,123.9800033569336,122.66999816894531,122.87999725341797,83.5771484375,53595500,0.0,0.0,0.0
2005-08-08,123.1500015258789,123.41000366210938,122.37999725341797,122.6500015258789,83.42073059082031,47616000,0.0,0.0,0.0
2005-08-09,123.05999755859375,123.58999633789062,122.87000274658203,123.38999938964844,83.92402648925781,47170000,0.0,0.0,0.0
2005-08-10,123.81999969482422,124.5,122.81999969482422,123.33000183105469,83.88327026367188,72863700,0.0,0.0,0.0
2005-08-11,123.2699966430664,124.02999877929688,123.01000213623047,123.81999969482422,84.21648406982422,58570200,0.0,0.0,0.0
2005-08-12,123.56999969482422,123.69000244140625,122.75,123.05999755859375,83.6995849609375,54776900,0.0,0.0,0.0
2005-08-15,123.22000122070312,123.87000274658203,122.83000183105469,123.81999969482422,84.21648406982422,36208500,0.0,0.0,0.0
2005-08-16,123.44000244140625,123.5199966430664,122.08999633789062,122.20999908447266,83.1214370727539,71942100,0.0,0.0,0.0
2005-08-17,122.19000244140625,122.87000274658203,122.02999877929688,122.19999694824219,83.11463928222656,62275100,0.0,0.0,0.0
2005-08-18,122.05000305175781,122.55999755859375,121.83999633789062,122.19000244140625,83.10784149169922,53388600,0.0,0.0,0.0
2005-08-19,122.62999725341797,122.81999969482422,122.19999694824219,122.47000122070312,83.29829406738281,39842100,0.0,0.0,0.0
2005-08-22,122.58000183105469,123.2300033569336,121.87999725341797,122.47000122070312,83.29829406738281,69912000,0.0,0.0,0.0
2005-08-23,122.5,122.61000061035156,121.1500015258789,122.23999786376953,83.14181518554688,55168600,0.0,0.0,0.0
2005-08-24,121.94000244140625,122.7300033569336,121.08999633789062,121.1500015258789,82.40048217773438,79104600,0.0,0.0,0.0
2005-08-25,121.3499984741211,121.66999816894531,121.20999908447266,121.58999633789062,82.69975280761719,35631100,0.0,0.0,0.0
2005-08-26,121.4800033569336,121.48999786376953,120.68000030517578,120.76000213623047,82.13522338867188,61956800,0.0,0.0,0.0
2005-08-29,120.41000366210938,121.77999877929688,120.37999725341797,121.69000244140625,82.76777648925781,56179200,0.0,0.0,0.0
2005-08-30,121.25,121.30000305175781,120.38999938964844,121.05000305175781,82.33246612548828,74160200,0.0,0.0,0.0
2005-08-31,121.19000244140625,122.66000366210938,120.73999786376953,122.58000183105469,83.37311553955078,102945200,0.0,0.0,0.0
2005-09-01,122.5199966430664,123.1500015258789,121.13999938964844,122.48999786376953,83.3118896484375,74578700,0.0,0.0,0.0
2005-09-02,122.8499984741211,122.87999725341797,122.04000091552734,122.2699966430664,83.1622314453125,47653400,0.0,0.0,0.0
2005-09-06,122.66000366210938,123.80000305175781,122.6500015258789,123.69999694824219,84.13485717773438,57251300,0.0,0.0,0.0
2005-09-07,123.62999725341797,124.12999725341797,123.45999908447266,123.91000366210938,84.2777099609375,41749700,0.0,0.0,0.0
2005-09-08,123.66000366210938,124.0,123.30999755859375,123.5,83.99886322021484,39068700,0.0,0.0,0.0
2005-09-09,123.83000183105469,124.73999786376953,123.80000305175781,124.5999984741211,84.74700927734375,43093900,0.0,0.0,0.0
2005-09-12,124.44999694824219,124.66999816894531,124.2699966430664,124.3499984741211,84.57698822021484,33017600,0.0,0.0,0.0
2005-09-13,124.12999725341797,124.41999816894531,123.5199966430664,123.66000366210938,84.10769653320312,58427500,0.0,0.0,0.0
2005-09-14,123.73999786376953,123.91999816894531,123.0199966430664,123.20999908447266,83.80160522460938,57694600,0.0,0.0,0.0
2005-09-15,123.58999633789062,123.6500015258789,122.9000015258789,123.1500015258789,83.76082611083984,73156900,0.0,0.0,0.0
2005-09-16,123.30000305175781,123.73999786376953,122.87000274658203,123.5,84.35639953613281,75424100,0.522,0.0,0.0
2005-09-19,123.47000122070312,123.55000305175781,122.63999938964844,123.08999633789062,84.07634735107422,53355300,0.0,0.0,0.0
2005-09-20,123.19999694824219,123.61000061035156,121.87000274658203,122.05000305175781,83.36599731445312,84480300,0.0,0.0,0.0
2005-09-21,121.79000091552734,121.87000274658203,120.77999877929688,120.91000366210938,82.5873031616211,94469100,0.0,0.0,0.0
2005-09-22,120.94999694824219,121.66000366210938,120.44000244140625,121.33999633789062,82.88103485107422,84597200,0.0,0.0,0.0
2005-09-23,121.23999786376953,121.88999938964844,120.9000015258789,121.44000244140625,82.94933319091797,59368100,0.0,0.0,0.0
2005-09-26,122.0199966430664,122.23999786376953,121.08000183105469,121.58000183105469,83.04495239257812,70415400,0.0,0.0,0.0
2005-09-27,121.5199966430664,121.98999786376953,121.0199966430664,121.55000305175781,83.02447509765625,66150800,0.0,0.0,0.0
2005-09-28,121.93000030517578,122.12000274658203,121.19999694824219,121.66999816894531,83.10643768310547,58620500,0.0,0.0,0.0
2005-09-29,121.55000305175781,122.86000061035156,121.08000183105469,122.66000366210938,83.78262329101562,66607700,0.0,0.0,0.0
2005-09-30,122.62000274658203,123.04000091552734,121.73999786376953,123.04000091552734,84.0422134399414,47824200,0.0,0.0,0.0
2005-10-03,122.95999908447266,123.33999633789062,122.44999694824219,122.5999984741211,83.74165344238281,50994800,0.0,0.0,0.0
2005-10-04,122.79000091552734,123.02999877929688,121.16000366210938,121.22000122070312,82.79904174804688,60776300,0.0,0.0,0.0
2005-10-05,121.25,121.30999755859375,119.56999969482422,119.62999725341797,81.7129898071289,106052100,0.0,0.0,0.0
2005-10-06,119.77999877929688,120.26000213623047,118.16999816894531,119.19999694824219,81.41929626464844,140941800,0.0,0.0,0.0
2005-10-07,119.69999694824219,120.05000305175781,119.12999725341797,119.61000061035156,81.6993637084961,75661400,0.0,0.0,0.0
2005-10-10,119.68000030517578,119.70999908447266,118.30000305175781,118.5999984741211,81.00944519042969,52677000,0.0,0.0,0.0
2005-10-11,118.98999786376953,119.38999938964844,118.31999969482422,118.43000030517578,80.8933334350586,75629800,0.0,0.0,0.0
2005-10-12,118.38999938964844,119.12999725341797,117.41000366210938,117.5,80.2581558227539,100510400,0.0,0.0,0.0
2005-10-13,117.45999908447266,118.08000183105469,116.87999725341797,117.43000030517578,80.2103042602539,99052900,0.0,0.0,0.0
2005-10-14,118.12000274658203,118.80999755859375,117.55999755859375,118.66999816894531,81.0572509765625,88651000,0.0,0.0,0.0
2005-10-17,118.80000305175781,119.2699966430664,118.44999694824219,119.11000061035156,81.35784149169922,68109300,0.0,0.0,0.0
2005-10-18,118.94000244140625,118.95999908447266,117.80000305175781,117.81999969482422,80.47669982910156,74996900,0.0,0.0,0.0
2005-10-19,117.5,119.80000305175781,117.12000274658203,119.77999877929688,81.81546020507812,116563800,0.0,0.0,0.0
2005-10-20,119.48999786376953,119.80999755859375,117.30000305175781,117.66999816894531,80.37425231933594,131966700,0.0,0.0,0.0
2005-10-21,118.29000091552734,118.77999877929688,117.51000213623047,118.12999725341797,80.6884536743164,96579500,0.0,0.0,0.0
2005-10-24,118.44000244140625,120.08999633789062,118.41000366210938,119.95999908447266,81.93842315673828,71308400,0.0,0.0,0.0
2005-10-25,119.72000122070312,120.23999786376953,118.94000244140625,119.72000122070312,81.77449035644531,76594500,0.0,0.0,0.0
2005-10-26,119.51000213623047,120.54000091552734,119.19000244140625,119.37000274658203,81.53543853759766,80855800,0.0,0.0,0.0
2005-10-27,119.19999694824219,119.37000274658203,117.93000030517578,118.0999984741211,80.66796875,66623100,0.0,0.0,0.0
2005-10-28,118.43000030517578,119.94999694824219,118.0999984741211,119.80000305175781,81.8291244506836,72322000,0.0,0.0,0.0
2005-10-31,120.29000091552734,121.30000305175781,120.12999725341797,120.12999725341797,82.05455017089844,77698900,0.0,0.0,0.0
2005-11-01,120.58000183105469,120.9000015258789,120.22000122070312,120.48999786376953,82.30042266845703,66365100,0.0,0.0,0.0
2005-11-02,120.16999816894531,121.75,120.12999725341797,121.75,83.16106414794922,74012300,0.0,0.0,0.0
2005-11-03,122.1500015258789,122.66000366210938,121.75,122.2699966430664,83.51627349853516,84897600,0.0,0.0,0.0
2005-11-04,122.4000015258789,122.45999908447266,121.55000305175781,122.11000061035156,83.406982421875,59156000,0.0,0.0,0.0
2005-11-07,122.37000274658203,122.62000274658203,121.8499984741211,122.2300033569336,83.4889144897461,46765400,0.0,0.0,0.0
2005-11-08,121.93000030517578,122.41999816894531,121.79000091552734,122.2300033569336,83.4889144897461,42152800,0.0,0.0,0.0
2005-11-09,122.08000183105469,122.94999694824219,121.86000061035156,122.38999938964844,83.59822082519531,57666800,0.0,0.0,0.0
2005-11-10,122.33999633789062,123.5199966430664,121.75,123.33999633789062,84.24713897705078,79048100,0.0,0.0,0.0
2005-11-11,123.3499984741211,123.83999633789062,122.43000030517578,123.76000213623047,84.53397369384766,34867000,0.0,0.0,0.0
2005-11-14,123.79000091552734,124.0199966430664,123.37999725341797,123.69000244140625,84.4861831665039,45092200,0.0,0.0,0.0
2005-11-15,123.55000305175781,124.08999633789062,122.86000061035156,123.23999786376953,84.17879486083984,69592500,0.0,0.0,0.0
2005-11-16,123.37000274658203,123.55000305175781,122.9800033569336,123.48999786376953,84.3495864868164,51133000,0.0,0.0,0.0
2005-11-17,123.68000030517578,124.6500015258789,123.13999938964844,124.63999938964844,85.13509368896484,55717500,0.0,0.0,0.0
2005-11-18,125.05999755859375,125.27999877929688,124.33000183105469,125.12999725341797,85.46977996826172,72437200,0.0,0.0,0.0
2005-11-21,125.1500015258789,125.91000366210938,124.9800033569336,125.76000213623047,85.90007781982422,50021200,0.0,0.0,0.0
2005-11-22,125.55999755859375,126.5199966430664,125.41999816894531,126.30000305175781,86.2689208984375,66438800,0.0,0.0,0.0
2005-11-23,126.25,127.41000366210938,126.20999908447266,127.02999877929688,86.7675552368164,50854700,0.0,0.0,0.0
2005-11-25,126.9800033569336,127.22000122070312,126.80999755859375,127.12999725341797,86.83586883544922,15270000,0.0,0.0,0.0
2005-11-28,127.25,127.2699966430664,126.04000091552734,126.2300033569336,86.22114562988281,54498500,0.0,0.0,0.0
2005-11-29,126.6500015258789,126.9800033569336,126.08999633789062,126.08999633789062,86.1255111694336,51738900,0.0,0.0,0.0
2005-11-30,126.16000366210938,126.5199966430664,125.29000091552734,125.41000366210938,85.6610336303711,56007200,0.0,0.0,0.0
2005-12-01,126.0199966430664,127.02999877929688,125.9800033569336,126.69000244140625,86.53530883789062,65468200,0.0,0.0,0.0
2005-12-02,126.7699966430664,127.08000183105469,126.5,126.8499984741211,86.64462280273438,46699400,0.0,0.0,0.0
2005-12-05,126.69999694824219,126.7300033569336,126.18000030517578,126.58000183105469,86.46022033691406,59273400,0.0,0.0,0.0
2005-12-06,127.05000305175781,127.73999786376953,126.62999725341797,126.81999969482422,86.62413024902344,57935200,0.0,0.0,0.0
2005-12-07,126.7699966430664,126.87000274658203,125.68000030517578,126.08000183105469,86.11869812011719,66816500,0.0,0.0,0.0
2005-12-08,126.22000122070312,126.81999969482422,125.4800033569336,126.0,86.06404876708984,62608600,0.0,0.0,0.0
2005-12-09,126.16000366210938,126.77999877929688,125.81999969482422,126.33000183105469,86.2894287109375,50744500,0.0,0.0,0.0
2005-12-12,126.70999908447266,126.86000061035156,125.95999908447266,126.44999694824219,86.37140655517578,48389900,0.0,0.0,0.0
2005-12-13,126.41999816894531,127.69999694824219,126.29000091552734,127.30999755859375,86.95882415771484,88630900,0.0,0.0,0.0
2005-12-14,127.19000244140625,128.08999633789062,127.13999938964844,127.80999755859375,87.30034637451172,64375000,0.0,0.0,0.0
2005-12-15,127.83999633789062,128.0,127.18000030517578,127.44000244140625,87.04759216308594,55900300,0.0,0.0,0.0
2005-12-16,127.27999877929688,127.36000061035156,126.36000061035156,126.36000061035156,86.7674560546875,46238300,0.672,0.0,0.0
2005-12-19,126.7300033569336,126.87000274658203,125.69000244140625,125.70999908447266,86.32111358642578,48733000,0.0,0.0,0.0
2005-12-20,125.86000061035156,126.58999633789062,125.4800033569336,125.83000183105469,86.40351104736328,46603200,0.0,0.0,0.0
2005-12-21,126.22000122070312,126.76000213623047,125.80000305175781,126.02999877929688,86.54084777832031,51806900,0.0,0.0,0.0
2005-12-22,126.30999755859375,126.69000244140625,126.08000183105469,126.69000244140625,86.9940414428711,32247900,0.0,0.0,0.0
2005-12-23,126.77999877929688,126.86000061035156,126.41999816894531,126.76000213623047,87.0421142578125,27977300,0.0,0.0,0.0
2005-12-27,126.95999908447266,127.05000305175781,125.37999725341797,125.47000122070312,86.15634155273438,44499500,0.0,0.0,0.0
2005-12-28,125.73999786376953,125.98999786376953,125.5,125.75,86.34857177734375,30764300,0.0,0.0,0.0
2005-12-29,125.72000122070312,125.95999908447266,125.05999755859375,125.19000244140625,85.96405792236328,32788900,0.0,0.0,0.0
2005-12-30,124.80000305175781,125.05999755859375,124.36000061035156,124.51000213623047,85.49711608886719,44645600,0.0,0.0,0.0
2006-01-03,125.19000244140625,127.0,124.38999938964844,126.69999694824219,87.00093078613281,73256700,0.0,0.0,0.0
2006-01-04,126.86000061035156,127.48999786376953,126.69999694824219,127.30000305175781,87.41291809082031,51899600,0.0,0.0,0.0
2006-01-05,127.1500015258789,127.58999633789062,126.87999725341797,127.37999725341797,87.46784973144531,47307500,0.0,0.0,0.0
2006-01-06,128.02000427246094,128.5800018310547,127.36000061035156,128.44000244140625,88.19573974609375,62885900,0.0,0.0,0.0
2006-01-09,128.4199981689453,129.05999755859375,128.3800048828125,128.77000427246094,88.42232513427734,43527400,0.0,0.0,0.0
2006-01-10,128.38999938964844,128.97999572753906,128.25999450683594,128.89999389648438,88.51160430908203,44960800,0.0,0.0,0.0
2006-01-11,129.02000427246094,129.44000244140625,128.72999572753906,129.30999755859375,88.79312896728516,49598900,0.0,0.0,0.0
2006-01-12,129.0800018310547,129.27999877929688,128.44000244140625,128.8000030517578,88.44288635253906,40509200,0.0,0.0,0.0
2006-01-13,128.57000732421875,128.89999389648438,128.1999969482422,128.67999267578125,88.36052703857422,44856700,0.0,0.0,0.0
2006-01-17,128.1999969482422,128.4199981689453,127.80999755859375,128.3300018310547,88.12020111083984,52066600,0.0,0.0,0.0
2006-01-18,127.58000183105469,128.89999389648438,127.16000366210938,127.81999969482422,87.77000427246094,75067600,0.0,0.0,0.0
2006-01-19,128.1300048828125,128.77000427246094,127.80999755859375,128.30999755859375,88.1064453125,81530400,0.0,0.0,0.0
2006-01-20,128.27999877929688,128.30999755859375,125.97000122070312,125.97000122070312,86.49967193603516,114957800,0.0,0.0,0.0
2006-01-23,126.20999908447266,126.81999969482422,126.12999725341797,126.41999816894531,86.80863952636719,67017400,0.0,0.0,0.0
2006-01-24,126.62999725341797,127.1500015258789,126.41999816894531,126.55000305175781,86.8979263305664,53008800,0.0,0.0,0.0
2006-01-25,127.04000091552734,127.18000030517578,125.83999633789062,126.66000366210938,86.97341918945312,87747700,0.0,0.0,0.0
2006-01-26,127.25,127.66999816894531,126.76000213623047,127.36000061035156,87.45411682128906,71294000,0.0,0.0,0.0
2006-01-27,127.66000366210938,128.66000366210938,127.44999694824219,128.5399932861328,88.26438903808594,65771200,0.0,0.0,0.0
2006-01-30,128.44000244140625,128.80999755859375,128.35000610351562,128.44000244140625,88.19573974609375,33709600,0.0,0.0,0.0
2006-01-31,128.32000732421875,128.5399932861328,127.48999786376953,127.5,87.55026245117188,72937000,0.0,0.0,0.0
2006-02-01,127.81999969482422,128.42999267578125,127.72000122070312,128.38999938964844,88.16134643554688,63561000,0.0,0.0,0.0
2006-02-02,128.10000610351562,128.13999938964844,126.80000305175781,126.9000015258789,87.13825225830078,83626900,0.0,0.0,0.0
2006-02-03,126.58000183105469,128.38999938964844,126.13999938964844,126.2699966430664,86.7056655883789,86040400,0.0,0.0,0.0
2006-02-06,126.44000244140625,126.80000305175781,126.16999816894531,126.5999984741211,86.93228912353516,45511900,0.0,0.0,0.0
2006-02-07,126.37999725341797,126.66000366210938,125.4000015258789,125.4800033569336,86.16316986083984,71208100,0.0,0.0,0.0
2006-02-08,125.8499984741211,128.10000610351562,125.5999984741211,126.62000274658203,86.94599914550781,59422200,0.0,0.0,0.0
2006-02-09,126.91999816894531,127.5999984741211,126.37000274658203,126.41000366210938,86.80177307128906,62023300,0.0,0.0,0.0
2006-02-10,126.43000030517578,127.12999725341797,125.44999694824219,126.63999938964844,86.959716796875,64508700,0.0,0.0,0.0
2006-02-13,126.5999984741211,126.79000091552734,125.94999694824219,126.41000366210938,86.80177307128906,52308700,0.0,0.0,0.0
2006-02-14,126.45999908447266,128.02999877929688,126.20999908447266,127.75,87.72189331054688,90964400,0.0,0.0,0.0
2006-02-15,127.68000030517578,128.32000732421875,127.23999786376953,128.1999969482422,88.03092956542969,85471300,0.0,0.0,0.0
2006-02-16,128.33999633789062,129.2100067138672,128.17999267578125,129.16000366210938,88.69014739990234,61017900,0.0,0.0,0.0
2006-02-17,129.0500030517578,129.16000366210938,128.5800018310547,128.80999755859375,88.44978332519531,40342600,0.0,0.0,0.0
2006-02-21,129.11000061035156,129.39999389648438,128.2899932861328,128.49000549316406,88.23007202148438,46456300,0.0,0.0,0.0
2006-02-22,128.77000427246094,129.64999389648438,128.64999389648438,129.27000427246094,88.76565551757812,42326700,0.0,0.0,0.0
2006-02-23,129.27000427246094,129.63999938964844,128.27999877929688,129.0800018310547,88.63520050048828,43423200,0.0,0.0,0.0
2006-02-24,129.11000061035156,129.47999572753906,128.75999450683594,129.41000366210938,88.86177825927734,36777400,0.0,0.0,0.0
2006-02-27,129.39999389648438,130.0399932861328,129.27999877929688,129.4600067138672,88.89616394042969,35858600,0.0,0.0,0.0
2006-02-28,129.1999969482422,129.91000366210938,128.1300048828125,128.22999572753906,88.05152130126953,74394800,0.0,0.0,0.0
2006-03-01,128.60000610351562,129.49000549316406,128.5,129.3699951171875,88.8343505859375,48641600,0.0,0.0,0.0
2006-03-02,128.89999389648438,129.4199981689453,128.61000061035156,129.36000061035156,88.82747650146484,60642300,0.0,0.0,0.0
2006-03-03,128.6699981689453,130.07000732421875,128.64999389648438,128.75999450683594,88.41544342041016,73402500,0.0,0.0,0.0
2006-03-06,129.13999938964844,129.17999267578125,127.8499984741211,128.1699981689453,88.01033020019531,57478400,0.0,0.0,0.0
2006-03-07,127.86000061035156,128.05999755859375,127.4000015258789,127.97000122070312,87.87300872802734,61780800,0.0,0.0,0.0
2006-03-08,127.69999694824219,128.44000244140625,127.18000030517578,128.24000549316406,88.05841827392578,66692400,0.0,0.0,0.0
2006-03-09,128.27999877929688,128.67999267578125,127.37999725341797,127.37999725341797,87.46784973144531,56313600,0.0,0.0,0.0
2006-03-10,127.70999908447266,128.83999633789062,127.44000244140625,128.58999633789062,88.29873657226562,60490800,0.0,0.0,0.0
2006-03-13,128.83999633789062,129.16000366210938,128.52999877929688,128.8300018310547,88.46353912353516,45479100,0.0,0.0,0.0
2006-03-14,128.7100067138672,130.22999572753906,128.61000061035156,130.17999267578125,89.39051055908203,69877300,0.0,0.0,0.0
2006-03-15,130.14999389648438,130.86000061035156,129.85000610351562,130.75999450683594,89.7887954711914,53398900,0.0,0.0,0.0
2006-03-16,131.00999450683594,131.47000122070312,130.83999633789062,131.02999877929688,89.9742202758789,65526400,0.0,0.0,0.0
2006-03-17,130.67999267578125,130.89999389648438,130.3800048828125,130.6199951171875,90.04934692382812,47286800,0.519,0.0,0.0
2006-03-20,130.63999938964844,130.89999389648438,130.2100067138672,130.41000366210938,89.90457153320312,45538500,0.0,0.0,0.0
2006-03-21,130.3699951171875,130.99000549316406,129.4499969482422,129.58999633789062,89.3392562866211,87102700,0.0,0.0,0.0
2006-03-22,129.50999450683594,130.50999450683594,129.4499969482422,130.3800048828125,89.88387298583984,51605700,0.0,0.0,0.0
2006-03-23,130.25999450683594,130.38999938964844,129.66000366210938,130.11000061035156,89.6977310180664,46704200,0.0,0.0,0.0
2006-03-24,129.99000549316406,130.57000732421875,129.74000549316406,130.2100067138672,89.76669311523438,43209200,0.0,0.0,0.0
2006-03-27,130.02999877929688,130.27999877929688,129.74000549316406,130.02000427246094,89.6357192993164,32523000,0.0,0.0,0.0
2006-03-28,129.92999267578125,130.52999877929688,129.0500030517578,129.22000122070312,89.08417510986328,82079900,0.0,0.0,0.0
2006-03-29,129.41000366210938,130.5,129.2899932861328,130.02999877929688,89.64258575439453,61505700,0.0,0.0,0.0
2006-03-30,130.11000061035156,130.97999572753906,129.5500030517578,129.8000030517578,89.48405456542969,70571700,0.0,0.0,0.0
2006-03-31,130.02000427246094,130.24000549316406,129.3699951171875,129.8300018310547,89.50469207763672,62925600,0.0,0.0,0.0
2006-04-03,130.07000732421875,130.8699951171875,129.49000549316406,129.72999572753906,89.435791015625,61624700,0.0,0.0,0.0
2006-04-04,129.72999572753906,130.72999572753906,129.36000061035156,130.55999755859375,90.00794982910156,54809300,0.0,0.0,0.0
2006-04-05,130.61000061035156,131.27999877929688,130.3800048828125,131.00999450683594,90.31819915771484,50607200,0.0,0.0,0.0
2006-04-06,130.85000610351562,131.2100067138672,130.19000244140625,130.8699951171875,90.22167205810547,57906200,0.0,0.0,0.0
2006-04-07,131.05999755859375,131.39999389648438,129.35000610351562,129.5399932861328,89.30477905273438,80180900,0.0,0.0,0.0
2006-04-10,129.74000549316406,130.0800018310547,129.25999450683594,129.74000549316406,89.44265747070312,41496500,0.0,0.0,0.0
2006-04-11,129.85000610351562,130.05999755859375,128.25,128.63999938964844,88.684326171875,72799400,0.0,0.0,0.0
2006-04-12,128.77000427246094,129.1300048828125,128.61000061035156,128.8800048828125,88.84979248046875,43033700,0.0,0.0,0.0
2006-04-13,128.58999633789062,129.25,128.30999755859375,128.7100067138672,88.73259735107422,51051800,0.0,0.0,0.0
2006-04-17,128.8300018310547,129.30999755859375,128.02000427246094,128.66000366210938,88.69810485839844,64167700,0.0,0.0,0.0
2006-04-18,128.92999267578125,130.94000244140625,128.92999267578125,130.6999969482422,90.1044692993164,92531800,0.0,0.0,0.0
2006-04-19,130.75,131.07000732421875,130.24000549316406,130.9499969482422,90.27684020996094,87269000,0.0,0.0,0.0
2006-04-20,131.0,131.86000061035156,130.60000610351562,131.1300048828125,90.40093994140625,86005500,0.0,0.0,0.0
2006-04-21,131.69000244140625,131.7899932861328,130.6199951171875,131.14999389648438,90.41471099853516,72342600,0.0,0.0,0.0
2006-04-24,130.88999938964844,131.07000732421875,130.3800048828125,130.91000366210938,90.24925994873047,52546400,0.0,0.0,0.0
2006-04-25,131.0399932861328,131.1199951171875,129.9199981689453,130.3699951171875,89.87698364257812,84359800,0.0,0.0,0.0
2006-04-26,130.5,131.13999938964844,130.3000030517578,130.39999389648438,89.89768981933594,67262400,0.0,0.0,0.0
2006-04-27,129.89999389648438,131.6300048828125,129.58999633789062,131.02999877929688,90.3320083618164,124478600,0.0,0.0,0.0
2006-04-28,130.7899932861328,131.75,130.7100067138672,131.47000122070312,90.6353530883789,55854400,0.0,0.0,0.0
2006-05-01,131.47000122070312,131.8000030517578,130.32000732421875,130.39999389648438,89.89768981933594,64990300,0.0,0.0,0.0
2006-05-02,131.00999450683594,131.4600067138672,130.74000549316406,131.3800048828125,90.57324981689453,49063500,0.0,0.0,0.0
2006-05-03,131.14999389648438,131.32000732421875,130.4499969482422,130.88999938964844,90.23551940917969,60821300,0.0,0.0,0.0
2006-05-04,131.0800018310547,131.6199951171875,130.97000122070312,131.36000061035156,90.55948638916016,42921400,0.0,0.0,0.0
2006-05-05,132.0500030517578,132.8000030517578,131.85000610351562,132.52000427246094,91.35922241210938,62588200,0.0,0.0,0.0
2006-05-08,132.50999450683594,132.77000427246094,132.36000061035156,132.36000061035156,91.24889373779297,30016700,0.0,0.0,0.0
2006-05-09,132.4199981689453,132.77000427246094,132.30999755859375,132.6199951171875,91.42811584472656,29864000,0.0,0.0,0.0
2006-05-10,132.41000366210938,132.75,131.88999938964844,132.5500030517578,91.3799057006836,64378200,0.0,0.0,0.0
2006-05-11,132.50999450683594,132.5500030517578,130.52000427246094,130.9499969482422,90.27684020996094,80626900,0.0,0.0,0.0
2006-05-12,130.36000061035156,130.72000122070312,129.19000244140625,129.24000549316406,89.09797668457031,91726500,0.0,0.0,0.0
2006-05-15,128.7899932861328,129.74000549316406,128.61000061035156,129.5,89.27721405029297,84029300,0.0,0.0,0.0
2006-05-16,129.75999450683594,130.0,129.00999450683594,129.30999755859375,89.14623260498047,62137600,0.0,0.0,0.0
2006-05-17,128.6699981689453,129.10000610351562,126.7699966430664,126.8499984741211,87.4502944946289,144789500,0.0,0.0,0.0
2006-05-18,127.3499984741211,127.75,126.11000061035156,126.20999908447266,87.00909423828125,87906300,0.0,0.0,0.0
2006-05-19,126.87000274658203,127.48999786376953,125.80000305175781,127.0999984741211,87.62265014648438,124309400,0.0,0.0,0.0
2006-05-22,126.27999877929688,127.16999816894531,125.5,126.12999725341797,86.95392608642578,110852800,0.0,0.0,0.0
2006-05-23,127.18000030517578,127.62999725341797,125.16999816894531,125.16999816894531,86.29212188720703,92006500,0.0,0.0,0.0
2006-05-24,125.68000030517578,126.88999938964844,124.76000213623047,126.16999816894531,86.98152160644531,168405000,0.0,0.0,0.0
2006-05-25,126.91999816894531,127.7300033569336,126.43000030517578,127.7300033569336,88.05696868896484,78977900,0.0,0.0,0.0
2006-05-26,128.00999450683594,128.3800048828125,127.51000213623047,128.3800048828125,88.50508880615234,62989700,0.0,0.0,0.0
2006-05-30,127.97000122070312,128.0,126.05000305175781,126.0999984741211,86.93329620361328,72419900,0.0,0.0,0.0
2006-05-31,126.62000274658203,127.51000213623047,126.19999694824219,127.51000213623047,87.9052963256836,86926200,0.0,0.0,0.0
2006-06-01,127.37999725341797,128.94000244140625,127.2699966430664,128.72999572753906,88.74639129638672,73721700,0.0,0.0,0.0
2006-06-02,129.25,129.42999267578125,128.32000732421875,129.0,88.9324951171875,91702600,0.0,0.0,0.0
2006-06-05,128.85000610351562,128.86000061035156,126.7699966430664,127.12000274658203,87.63642883300781,86105100,0.0,0.0,0.0
2006-06-06,127.20999908447266,127.37999725341797,125.76000213623047,126.80999755859375,87.42269134521484,130498600,0.0,0.0,0.0
2006-06-07,126.91000366210938,127.6500015258789,125.79000091552734,125.86000061035156,86.76779174804688,108599400,0.0,0.0,0.0
2006-06-08,125.58000183105469,126.5,123.87000274658203,125.75,86.69194793701172,204957200,0.0,0.0,0.0
2006-06-09,126.36000061035156,126.95999908447266,125.29000091552734,125.3499984741211,86.41622924804688,94972200,0.0,0.0,0.0
2006-06-12,125.87999725341797,125.93000030517578,123.81999969482422,123.98999786376953,85.47863006591797,95815900,0.0,0.0,0.0
2006-06-13,123.73999786376953,124.83999633789062,122.55000305175781,122.55000305175781,84.48589324951172,185688800,0.0,0.0,0.0
2006-06-14,122.83999633789062,123.62999725341797,122.33999633789062,123.5,85.14082336425781,163566400,0.0,0.0,0.0
2006-06-15,123.94999694824219,126.36000061035156,123.86000061035156,126.12000274658203,86.94702911376953,134057000,0.0,0.0,0.0
2006-06-16,125.29000091552734,125.55999755859375,124.45999908447266,124.6500015258789,86.31346893310547,94253500,0.555,0.0,0.0
2006-06-19,125.4000015258789,125.4800033569336,123.55000305175781,123.66999816894531,85.63487243652344,95804400,0.0,0.0,0.0
2006-06-20,124.01000213623047,124.80999755859375,123.72000122070312,124.08999633789062,85.92565155029297,65494700,0.0,0.0,0.0
2006-06-21,124.0,125.69999694824219,123.95999908447266,125.01000213623047,86.562744140625,75008200,0.0,0.0,0.0
2006-06-22,124.94999694824219,125.05999755859375,124.04000091552734,124.45999908447266,86.18189239501953,74566100,0.0,0.0,0.0
2006-06-23,124.33000183105469,125.30000305175781,124.02999877929688,124.44000244140625,86.16804504394531,54107000,0.0,0.0,0.0
2006-06-26,124.54000091552734,125.05999755859375,124.25,124.98999786376953,86.54886627197266,37899600,0.0,0.0,0.0
2006-06-27,125.01000213623047,125.29000091552734,123.7699966430664,123.91000366210938,85.80104064941406,69780200,0.0,0.0,0.0
2006-06-28,124.19000244140625,124.7699966430664,123.6500015258789,124.75,86.38270568847656,62368100,0.0,0.0,0.0
2006-06-29,125.19999694824219,127.3499984741211,125.16999816894531,127.2699966430664,88.12764739990234,110634800,0.0,0.0,0.0
2006-06-30,127.54000091552734,127.66000366210938,126.95999908447266,127.27999877929688,88.13456726074219,54227800,0.0,0.0,0.0
2006-07-03,127.43000030517578,128.00999450683594,127.30999755859375,127.80000305175781,88.49462890625,23914000,0.0,0.0,0.0
2006-07-05,127.29000091552734,127.44999694824219,126.5199966430664,127.06999969482422,87.98918151855469,69653400,0.0,0.0,0.0
2006-07-06,127.19999694824219,127.8499984741211,127.08000183105469,127.44000244140625,88.24540710449219,50100300,0.0,0.0,0.0
2006-07-07,127.19000244140625,127.55999755859375,126.29000091552734,126.61000061035156,87.6706314086914,81626500,0.0,0.0,0.0
2006-07-10,126.94000244140625,127.43000030517578,126.41000366210938,126.8499984741211,87.83682250976562,60964100,0.0,0.0,0.0
2006-07-11,126.61000061035156,127.41000366210938,125.94000244140625,127.41000366210938,88.22459411621094,73640800,0.0,0.0,0.0
2006-07-12,127.1500015258789,127.4000015258789,125.72000122070312,126.05000305175781,87.28286743164062,82561300,0.0,0.0,0.0
2006-07-13,125.44999694824219,125.68000030517578,124.0,124.0,85.86332702636719,102405700,0.0,0.0,0.0
2006-07-14,124.12999725341797,124.26000213623047,122.83000183105469,123.5199966430664,85.53099822998047,103242500,0.0,0.0,0.0
2006-07-17,123.5199966430664,124.0999984741211,123.1500015258789,123.33999633789062,85.4063491821289,81159000,0.0,0.0,0.0
2006-07-18,123.70999908447266,124.05000305175781,122.38999938964844,123.97000122070312,85.84259033203125,122771000,0.0,0.0,0.0
2006-07-19,124.18000030517578,126.26000213623047,123.72000122070312,125.69000244140625,87.03358459472656,133565300,0.0,0.0,0.0
2006-07-20,126.12000274658203,126.30000305175781,124.66000366210938,124.83000183105469,86.43809509277344,112259800,0.0,0.0,0.0
2006-07-21,125.1500015258789,125.19000244140625,123.81999969482422,123.94999694824219,85.8287353515625,101560000,0.0,0.0,0.0
2006-07-24,124.44000244140625,126.31999969482422,124.44000244140625,126.20999908447266,87.3936767578125,92884000,0.0,0.0,0.0
2006-07-25,125.9800033569336,127.30000305175781,125.72000122070312,126.66000366210938,87.70527648925781,95480700,0.0,0.0,0.0
2006-07-26,126.58999633789062,127.44999694824219,126.18000030517578,126.83000183105469,87.822998046875,84525800,0.0,0.0,0.0
2006-07-27,127.37999725341797,127.69000244140625,126.19999694824219,126.70999908447266,87.73991394042969,87257100,0.0,0.0,0.0
2006-07-28,127.04000091552734,128.13999938964844,126.86000061035156,127.9800033569336,88.61932373046875,82137000,0.0,0.0,0.0
2006-07-31,127.66000366210938,127.95999908447266,127.44999694824219,127.8499984741211,88.5293197631836,49593100,0.0,0.0,0.0
2006-08-01,127.33999633789062,127.37999725341797,126.5999984741211,127.22000122070312,88.09304809570312,65225600,0.0,0.0,0.0
2006-08-02,127.58000183105469,128.4600067138672,127.55000305175781,128.0800018310547,88.68856811523438,64770900,0.0,0.0,0.0
2006-08-03,127.33999633789062,128.5500030517578,127.1500015258789,128.4199981689453,88.92395782470703,63693800,0.0,0.0,0.0
2006-08-04,129.0800018310547,129.42999267578125,127.4800033569336,128.1999969482422,88.7716064453125,96294200,0.0,0.0,0.0
2006-08-07,127.9000015258789,128.0800018310547,127.4000015258789,127.9000015258789,88.56388092041016,45377300,0.0,0.0,0.0
2006-08-08,128.08999633789062,128.4600067138672,126.94999694824219,127.41000366210938,88.22459411621094,90901300,0.0,0.0,0.0
2006-08-09,128.17999267578125,128.60000610351562,126.61000061035156,126.9800033569336,87.92684173583984,78910600,0.0,0.0,0.0
2006-08-10,126.58000183105469,127.5,126.27999877929688,127.37000274658203,88.19689178466797,69322300,0.0,0.0,0.0
2006-08-11,127.16999816894531,127.19999694824219,126.38999938964844,127.01000213623047,87.94762420654297,47482200,0.0,0.0,0.0
2006-08-14,127.62999725341797,128.16000366210938,126.91999816894531,127.11000061035156,88.01687622070312,57839000,0.0,0.0,0.0
2006-08-15,128.25,128.8699951171875,127.9000015258789,128.6300048828125,89.06938171386719,68143000,0.0,0.0,0.0
2006-08-16,129.32000732421875,129.88999938964844,129.0399932861328,129.6999969482422,89.81031799316406,71737600,0.0,0.0,0.0
2006-08-17,129.5800018310547,130.3699951171875,129.49000549316406,130.02999877929688,90.038818359375,70992800,0.0,0.0,0.0
2006-08-18,130.19000244140625,130.69000244140625,129.58999633789062,130.69000244140625,90.49581909179688,58288400,0.0,0.0,0.0
2006-08-21,130.17999267578125,130.27999877929688,129.8000030517578,130.1300048828125,90.1080093383789,42133600,0.0,0.0,0.0
2006-08-22,129.99000549316406,130.52000427246094,129.67999267578125,130.1199951171875,90.10113525390625,60839900,0.0,0.0,0.0
2006-08-23,130.17999267578125,130.44000244140625,129.19000244140625,129.75999450683594,89.851806640625,66592100,0.0,0.0,0.0
2006-08-24,129.99000549316406,130.10000610351562,129.39999389648438,129.64999389648438,89.77567291259766,57983000,0.0,0.0,0.0
2006-08-25,129.63999938964844,130.25,129.5500030517578,129.80999755859375,89.8864517211914,41756000,0.0,0.0,0.0
2006-08-28,129.64999389648438,130.82000732421875,129.63999938964844,130.42999267578125,90.31576538085938,52681500,0.0,0.0,0.0
2006-08-29,130.49000549316406,130.8300018310547,129.80999755859375,130.5800018310547,90.4196548461914,61817800,0.0,0.0,0.0
2006-08-30,130.8699951171875,131.0399932861328,130.5500030517578,130.66000366210938,90.47508239746094,50052200,0.0,0.0,0.0
2006-08-31,130.85000610351562,130.99000549316406,130.5800018310547,130.63999938964844,90.46119689941406,37510300,0.0,0.0,0.0
2006-09-01,131.13999938964844,131.5800018310547,130.83999633789062,131.4199981689453,91.00130462646484,48794500,0.0,0.0,0.0
2006-09-05,131.50999450683594,131.85000610351562,131.1999969482422,131.6699981689453,91.1744155883789,52348300,0.0,0.0,0.0
2006-09-06,131.11000061035156,131.16000366210938,130.3300018310547,130.50999450683594,90.37118530273438,53795600,0.0,0.0,0.0
2006-09-07,130.05999755859375,130.57000732421875,129.35000610351562,129.91000366210938,89.95573425292969,86269400,0.0,0.0,0.0
2006-09-08,130.0800018310547,130.4600067138672,129.8300018310547,130.27999877929688,90.2118911743164,45096300,0.0,0.0,0.0
2006-09-11,129.86000061035156,130.69000244140625,129.47999572753906,130.41000366210938,90.30194091796875,68496600,0.0,0.0,0.0
2006-09-12,130.55999755859375,131.83999633789062,130.3699951171875,131.69000244140625,91.18829345703125,69875600,0.0,0.0,0.0
2006-09-13,131.63999938964844,132.4499969482422,131.52000427246094,132.22000122070312,91.5552749633789,62898400,0.0,0.0,0.0
2006-09-14,131.9600067138672,132.24000549316406,131.75,132.22999572753906,91.56217956542969,57805400,0.0,0.0,0.0
2006-09-15,132.30999755859375,132.38999938964844,131.67999267578125,131.9600067138672,91.7771224975586,76703100,0.579,0.0,0.0
2006-09-18,131.7899932861328,132.38999938964844,131.64999389648438,132.13999938964844,91.9023208618164,64154100,0.0,0.0,0.0
2006-09-19,132.1199951171875,132.1300048828125,131.07000732421875,131.80999755859375,91.67277526855469,92089100,0.0,0.0,0.0
2006-09-20,132.25,132.77000427246094,132.05999755859375,132.50999450683594,92.15962219238281,75204100,0.0,0.0,0.0
2006-09-21,132.61000061035156,132.75,131.4199981689453,131.8699951171875,91.71449279785156,88932500,0.0,0.0,0.0
2006-09-22,131.6699981689453,131.67999267578125,131.0,131.47000122070312,91.43634796142578,65966800,0.0,0.0,0.0
2006-09-25,131.72999572753906,132.85000610351562,131.0500030517578,132.47999572753906,92.1387710571289,92299100,0.0,0.0,0.0
2006-09-26,132.5,133.60000610351562,132.39999389648438,133.5800018310547,92.90380096435547,73962700,0.0,0.0,0.0
2006-09-27,133.49000549316406,133.97000122070312,133.27000427246094,133.74000549316406,93.01505279541016,82432200,0.0,0.0,0.0
2006-09-28,133.74000549316406,133.99000549316406,133.27999877929688,133.69000244140625,92.98033905029297,58597500,0.0,0.0,0.0
2006-09-29,133.8000030517578,133.94000244140625,133.47999572753906,133.5800018310547,92.90380096435547,47966600,0.0,0.0,0.0
2006-10-02,133.5399932861328,133.8300018310547,132.9499969482422,133.0800018310547,92.5560531616211,51687400,0.0,0.0,0.0
2006-10-03,132.88999938964844,133.8699951171875,132.64999389648438,133.36000061035156,92.75078582763672,73108100,0.0,0.0,0.0
2006-10-04,133.22999572753906,135.0,133.0800018310547,134.9199981689453,93.83576202392578,80890500,0.0,0.0,0.0
2006-10-05,134.9199981689453,135.41000366210938,134.75,135.17999267578125,94.01659393310547,60505900,0.0,0.0,0.0
2006-10-06,134.9499969482422,135.10000610351562,134.39999389648438,135.00999450683594,93.8983383178711,64983600,0.0,0.0,0.0
2006-10-09,134.85000610351562,135.3000030517578,134.63999938964844,135.08999633789062,93.9540023803711,41176800,0.0,0.0,0.0
2006-10-10,135.10000610351562,135.4499969482422,134.83999633789062,135.27000427246094,94.07918548583984,56403700,0.0,0.0,0.0
2006-10-11,134.83999633789062,135.42999267578125,134.3000030517578,135.11000061035156,93.96788024902344,104071800,0.0,0.0,0.0
2006-10-12,135.4499969482422,136.38999938964844,135.39999389648438,136.27999877929688,94.7816390991211,59158600,0.0,0.0,0.0
2006-10-13,136.16000366210938,136.7100067138672,136.0399932861328,136.6300048828125,95.02505493164062,53944000,0.0,0.0,0.0
2006-10-16,136.52000427246094,137.0500030517578,136.4199981689453,136.83999633789062,95.17111206054688,42273000,0.0,0.0,0.0
2006-10-17,136.47000122070312,136.6999969482422,135.6699981689453,136.41000366210938,94.8720932006836,90500600,0.0,0.0,0.0
2006-10-18,137.0399932861328,137.3699951171875,136.10000610351562,136.58999633789062,94.99720001220703,86848600,0.0,0.0,0.0
2006-10-19,136.38999938964844,136.8800048828125,136.22999572753906,136.80999755859375,95.1502456665039,64063200,0.0,0.0,0.0
2006-10-20,136.83999633789062,136.9499969482422,136.3300018310547,136.83999633789062,95.17111206054688,48094500,0.0,0.0,0.0
2006-10-23,136.55999755859375,137.8000030517578,136.38999938964844,137.47000122070312,95.60928344726562,66219900,0.0,0.0,0.0
2006-10-24,137.27999877929688,137.92999267578125,137.22000122070312,137.8800048828125,95.89442443847656,53234900,0.0,0.0,0.0
2006-10-25,137.74000549316406,138.41000366210938,137.50999450683594,138.35000610351562,96.22128295898438,78105400,0.0,0.0,0.0
2006-10-26,138.66000366210938,139.0,137.97999572753906,138.77999877929688,96.52035522460938,66843700,0.0,0.0,0.0
2006-10-27,138.61000061035156,138.75,137.6300048828125,137.91000366210938,95.91529083251953,80238000,0.0,0.0,0.0
2006-10-30,137.66000366210938,138.1999969482422,137.39999389648438,137.80999755859375,95.84571838378906,49717800,0.0,0.0,0.0
2006-10-31,138.07000732421875,138.25999450683594,137.25,137.7899932861328,95.8318099975586,71274100,0.0,0.0,0.0
2006-11-01,138.22000122070312,138.30999755859375,136.72000122070312,136.86000061035156,95.18505096435547,83005600,0.0,0.0,0.0
2006-11-02,136.50999450683594,137.00999450683594,136.36000061035156,136.77999877929688,95.1293716430664,60693100,0.0,0.0,0.0
2006-11-03,137.27000427246094,137.38999938964844,135.6199951171875,136.5399932861328,94.96246337890625,71346400,0.0,0.0,0.0
2006-11-06,136.9600067138672,138.27999877929688,136.9499969482422,138.0800018310547,96.03352355957031,63303300,0.0,0.0,0.0
2006-11-07,138.1999969482422,138.97999572753906,138.0,138.61000061035156,96.40213775634766,63318900,0.0,0.0,0.0
2006-11-08,138.0,139.0500030517578,136.86000061035156,138.91000366210938,96.61079406738281,87517800,0.0,0.0,0.0
2006-11-09,139.00999450683594,139.13999938964844,137.89999389648438,138.17999267578125,96.10306549072266,95916300,0.0,0.0,0.0
2006-11-10,138.13999938964844,138.33999633789062,137.72000122070312,138.24000549316406,96.144775390625,48991500,0.0,0.0,0.0
2006-11-13,138.17999267578125,139.0399932861328,138.07000732421875,138.5800018310547,96.38127899169922,59398200,0.0,0.0,0.0
2006-11-14,138.97000122070312,139.74000549316406,138.1199951171875,139.6199951171875,97.10458374023438,96704000,0.0,0.0,0.0
2006-11-15,139.57000732421875,140.4499969482422,139.52999877929688,140.02000427246094,97.38273620605469,76509600,0.0,0.0,0.0
2006-11-16,140.44000244140625,140.67999267578125,139.49000549316406,140.3800048828125,97.63314819335938,76728800,0.0,0.0,0.0
2006-11-17,139.92999267578125,140.42999267578125,139.72999572753906,140.4199981689453,97.66094207763672,56353800,0.0,0.0,0.0
2006-11-20,140.3000030517578,140.74000549316406,139.94000244140625,140.5,97.716552734375,69174200,0.0,0.0,0.0
2006-11-21,140.49000549316406,140.6699981689453,140.2899932861328,140.63999938964844,97.81397247314453,51367900,0.0,0.0,0.0
2006-11-22,140.75,141.16000366210938,140.5,140.9199981689453,98.00869750976562,45505300,0.0,0.0,0.0
2006-11-24,140.24000549316406,140.83999633789062,140.1999969482422,140.35000610351562,97.61228942871094,30998000,0.0,0.0,0.0
2006-11-27,140.27999877929688,140.35000610351562,138.3800048828125,138.4199981689453,96.27001953125,84545100,0.0,0.0,0.0
2006-11-28,138.24000549316406,139.16000366210938,138.11000061035156,139.02000427246094,96.6872787475586,106652900,0.0,0.0,0.0
2006-11-29,139.47000122070312,140.52999877929688,139.0800018310547,140.47000122070312,97.69574737548828,90034900,0.0,0.0,0.0
2006-11-30,140.44000244140625,141.0500030517578,139.75999450683594,140.52999877929688,97.7374496459961,83994300,0.0,0.0,0.0
2006-12-01,140.52999877929688,140.66000366210938,138.97000122070312,140.22000122070312,97.52184295654297,126080000,0.0,0.0,0.0
2006-12-04,140.25,141.5500030517578,140.22999572753906,141.2899932861328,98.26603698730469,87813200,0.0,0.0,0.0
2006-12-05,141.55999755859375,141.9600067138672,141.25999450683594,141.89999389648438,98.6903076171875,73374400,0.0,0.0,0.0
2006-12-06,141.8699951171875,142.07000732421875,141.5,141.77999877929688,98.6068344116211,53253200,0.0,0.0,0.0
2006-12-07,142.02999877929688,142.3000030517578,141.11000061035156,141.16000366210938,98.17564392089844,62857400,0.0,0.0,0.0
2006-12-08,141.1300048828125,141.89999389648438,140.77999877929688,141.4199981689453,98.35643768310547,79625500,0.0,0.0,0.0
2006-12-11,141.4199981689453,142.08999633789062,141.33999633789062,141.8300018310547,98.64160919189453,39779400,0.0,0.0,0.0
2006-12-12,141.69000244140625,141.8699951171875,140.88999938964844,141.72000122070312,98.56510162353516,77451600,0.0,0.0,0.0
2006-12-13,142.22999572753906,142.33999633789062,141.55999755859375,141.8699951171875,98.66942596435547,55520200,0.0,0.0,0.0
2006-12-14,141.86000061035156,143.24000549316406,141.83999633789062,143.1199951171875,99.53881072998047,64755200,0.0,0.0,0.0
2006-12-15,142.63999938964844,142.88999938964844,142.24000549316406,142.33999633789062,99.54790496826172,70857400,0.793,0.0,0.0
2006-12-18,142.5399932861328,142.8800048828125,141.75,141.9499969482422,99.27513122558594,48954600,0.0,0.0,0.0
2006-12-19,141.5500030517578,142.55999755859375,141.19000244140625,142.22000122070312,99.46399688720703,65023600,0.0,0.0,0.0
2006-12-20,142.27999877929688,142.66000366210938,142.00999450683594,142.13999938964844,99.4079818725586,41469600,0.0,0.0,0.0
2006-12-21,142.27000427246094,142.42999267578125,141.32000732421875,141.6199951171875,99.04435729980469,48698400,0.0,0.0,0.0
2006-12-22,141.63999938964844,141.64999389648438,140.6699981689453,140.75,98.43590545654297,62069100,0.0,0.0,0.0
2006-12-26,140.80999755859375,141.61000061035156,140.77999877929688,141.5800018310547,99.01636505126953,32696900,0.0,0.0,0.0
2006-12-27,141.8699951171875,142.60000610351562,141.8300018310547,142.50999450683594,99.66673278808594,39727100,0.0,0.0,0.0
2006-12-28,142.41000366210938,142.6999969482422,141.99000549316406,142.2100067138672,99.45697021484375,37288800,0.0,0.0,0.0
2006-12-29,142.05999755859375,142.5399932861328,141.42999267578125,141.6199951171875,99.04435729980469,45461200,0.0,0.0,0.0
2007-01-03,142.25,142.86000061035156,140.57000732421875,141.3699951171875,98.8694839477539,94807600,0.0,0.0,0.0
2007-01-04,141.22999572753906,142.0500030517578,140.61000061035156,141.6699981689453,99.07933044433594,69620600,0.0,0.0,0.0
2007-01-05,141.3300018310547,141.39999389648438,140.3800048828125,140.5399932861328,98.28902435302734,76645300,0.0,0.0,0.0
2007-01-08,140.82000732421875,141.41000366210938,140.25,141.19000244140625,98.74359893798828,71655000,0.0,0.0,0.0
2007-01-09,141.30999755859375,141.60000610351562,140.39999389648438,141.07000732421875,98.65967559814453,75680100,0.0,0.0,0.0
2007-01-10,140.5800018310547,141.57000732421875,140.3000030517578,141.5399932861328,98.98839569091797,72428000,0.0,0.0,0.0
2007-01-11,141.5800018310547,142.6199951171875,141.5,142.16000366210938,99.42195892333984,54476800,0.0,0.0,0.0
2007-01-12,142.14999389648438,143.24000549316406,142.11000061035156,143.24000549316406,100.1773452758789,55370600,0.0,0.0,0.0
2007-01-16,143.07000732421875,143.44000244140625,142.72999572753906,142.9600067138672,99.98152160644531,44871300,0.0,0.0,0.0
2007-01-17,142.85000610351562,143.4600067138672,142.72999572753906,143.02000427246094,100.02346801757812,50241400,0.0,0.0,0.0
2007-01-18,143.1699981689453,143.25999450683594,142.30999755859375,142.5399932861328,99.68773651123047,68177300,0.0,0.0,0.0
2007-01-19,142.5399932861328,143.10000610351562,142.4600067138672,142.82000732421875,99.88357543945312,56973000,0.0,0.0,0.0
2007-01-22,143.07000732421875,143.10000610351562,141.92999267578125,142.3800048828125,99.57588958740234,60253600,0.0,0.0,0.0
2007-01-23,142.25999450683594,143.0800018310547,142.05999755859375,142.8000030517578,99.86958312988281,54064400,0.0,0.0,0.0
2007-01-24,142.97000122070312,143.97999572753906,142.91000366210938,143.9499969482422,100.67387390136719,55834700,0.0,0.0,0.0
2007-01-25,143.86000061035156,143.9199981689453,142.00999450683594,142.25999450683594,99.49193572998047,73583800,0.0,0.0,0.0
2007-01-26,142.57000732421875,142.64999389648438,141.5800018310547,142.1300048828125,99.40100860595703,67255600,0.0,0.0,0.0
2007-01-29,142.19000244140625,142.8000030517578,141.74000549316406,142.0500030517578,99.34508514404297,66114600,0.0,0.0,0.0
2007-01-30,142.35000610351562,142.86000061035156,142.05999755859375,142.7899932861328,99.86255645751953,70407600,0.0,0.0,0.0
2007-01-31,142.6300048828125,144.1300048828125,142.39999389648438,143.75,100.53399658203125,91868600,0.0,0.0,0.0
2007-02-01,144.14999389648438,144.66000366210938,143.91000366210938,144.61000061035156,101.13543701171875,69312400,0.0,0.0,0.0
2007-02-02,144.72999572753906,144.9499969482422,144.3800048828125,144.80999755859375,101.27531433105469,49607000,0.0,0.0,0.0
2007-02-05,144.6999969482422,144.94000244140625,144.33999633789062,144.85000610351562,101.30326843261719,45705300,0.0,0.0,0.0
2007-02-06,144.97000122070312,145.02999877929688,144.3300018310547,144.88999938964844,101.33131408691406,57081300,0.0,0.0,0.0
2007-02-07,145.1199951171875,145.36000061035156,144.57000732421875,145.2100067138672,101.55509185791016,55669700,0.0,0.0,0.0
2007-02-08,144.77999877929688,145.1199951171875,144.27000427246094,145.02000427246094,101.42213439941406,70641000,0.0,0.0,0.0
2007-02-09,145.05999755859375,145.3300018310547,143.38999938964844,143.94000244140625,100.66688537597656,79084400,0.0,0.0,0.0
2007-02-12,143.94000244140625,144.0399932861328,143.19000244140625,143.4499969482422,100.32413482666016,65657000,0.0,0.0,0.0
2007-02-13,143.77000427246094,144.89999389648438,143.75999450683594,144.66000366210938,101.17040252685547,64081800,0.0,0.0,0.0
2007-02-14,144.8000030517578,145.89999389648438,144.77999877929688,145.61000061035156,101.83484649658203,66039400,0.0,0.0,0.0
2007-02-15,145.6699981689453,145.9499969482422,145.42999267578125,145.8000030517578,101.96770477294922,38715200,0.0,0.0,0.0
2007-02-16,145.44000244140625,145.75999450683594,145.22999572753906,145.72999572753906,101.91875457763672,39841800,0.0,0.0,0.0
2007-02-20,145.55999755859375,146.1999969482422,145.0,146.0399932861328,102.135498046875,56911800,0.0,0.0,0.0
2007-02-21,145.61000061035156,146.07000732421875,145.35000610351562,145.97999572753906,102.09354400634766,63971600,0.0,0.0,0.0
2007-02-22,146.0500030517578,146.4199981689453,145.1699981689453,145.8699951171875,102.0166244506836,79067400,0.0,0.0,0.0
2007-02-23,145.74000549316406,145.7899932861328,145.02999877929688,145.3000030517578,101.61799621582031,71966200,0.0,0.0,0.0
2007-02-26,145.8300018310547,145.9499969482422,144.75,145.1699981689453,101.52711486816406,69192800,0.0,0.0,0.0
2007-02-27,143.8800048828125,144.1999969482422,139.0,139.5,97.56167602539062,274466500,0.0,0.0,0.0
2007-02-28,140.38999938964844,141.97999572753906,139.8000030517578,140.92999267578125,98.56172180175781,177536300,0.0,0.0,0.0
2007-03-01,139.33999633789062,141.25,138.0500030517578,140.50999450683594,98.26802825927734,212828600,0.0,0.0,0.0
2007-03-02,140.0500030517578,140.66000366210938,138.66000366210938,138.6699981689453,96.98118591308594,162574000,0.0,0.0,0.0
2007-03-05,137.92999267578125,139.5800018310547,137.3300018310547,137.35000610351562,96.05805969238281,143750400,0.0,0.0,0.0
2007-03-06,138.77999877929688,140.1199951171875,137.72000122070312,139.6999969482422,97.7015609741211,143333300,0.0,0.0,0.0
2007-03-07,139.58999633789062,140.4600067138672,139.39999389648438,139.55999755859375,97.60362243652344,115144900,0.0,0.0,0.0
2007-03-08,140.5399932861328,141.16000366210938,140.07000732421875,140.74000549316406,98.42888641357422,117891600,0.0,0.0,0.0
2007-03-09,141.30999755859375,141.4199981689453,140.0800018310547,140.77999877929688,98.45686340332031,107765100,0.0,0.0,0.0
2007-03-12,140.4199981689453,141.33999633789062,140.16000366210938,140.99000549316406,98.60372924804688,80366900,0.0,0.0,0.0
2007-03-13,140.17999267578125,140.77000427246094,138.0399932861328,138.25,96.68744659423828,190605200,0.0,0.0,0.0
2007-03-14,138.42999267578125,139.36000061035156,136.75,139.27999877929688,97.40782928466797,231853800,0.0,0.0,0.0
2007-03-15,138.97000122070312,139.99000549316406,138.8000030517578,139.47000122070312,97.54069519042969,132435900,0.0,0.0,0.0
2007-03-16,139.30999755859375,139.6300048828125,138.1199951171875,138.52999877929688,97.26754760742188,121531600,0.551,0.0,0.0
2007-03-19,139.25999450683594,140.3300018310547,139.14999389648438,140.1999969482422,98.44014739990234,96161200,0.0,0.0,0.0
2007-03-20,140.0800018310547,141.0500030517578,139.9600067138672,140.97000122070312,98.98081970214844,82147400,0.0,0.0,0.0
2007-03-21,141.10000610351562,143.64999389648438,140.82000732421875,143.2899932861328,100.60974884033203,152368700,0.0,0.0,0.0
2007-03-22,143.47999572753906,143.67999267578125,142.7899932861328,143.17999267578125,100.53251647949219,118942200,0.0,0.0,0.0
2007-03-23,143.27999877929688,143.80999755859375,143.14999389648438,143.38999938964844,100.67999267578125,74416800,0.0,0.0,0.0
2007-03-26,143.5,143.64999389648438,142.08999633789062,143.1999969482422,100.54656219482422,113787500,0.0,0.0,0.0
2007-03-27,143.1199951171875,143.16000366210938,142.38999938964844,142.86000061035156,100.307861328125,99864600,0.0,0.0,0.0
2007-03-28,142.13999938964844,142.47000122070312,141.25999450683594,141.82000732421875,99.57760620117188,152907900,0.0,0.0,0.0
2007-03-29,142.5399932861328,142.61000061035156,141.19000244140625,141.97000122070312,99.6829605102539,139432700,0.0,0.0,0.0
2007-03-30,142.24000549316406,142.83999633789062,140.55999755859375,142.0,99.70401000976562,128194100,0.0,0.0,0.0
2007-04-02,142.16000366210938,142.4600067138672,141.47999572753906,142.16000366210938,99.81633758544922,79416400,0.0,0.0,0.0
2007-04-03,142.97000122070312,143.97999572753906,142.91000366210938,143.69000244140625,100.89059448242188,82417800,0.0,0.0,0.0
2007-04-04,143.69000244140625,143.9499969482422,143.16000366210938,143.85000610351562,101.0029296875,63995200,0.0,0.0,0.0
2007-04-05,143.6699981689453,144.44000244140625,143.61000061035156,144.24000549316406,101.27679443359375,46822800,0.0,0.0,0.0
2007-04-09,144.64999389648438,144.8000030517578,144.14999389648438,144.44000244140625,101.41722869873047,50967400,0.0,0.0,0.0
2007-04-10,144.3300018310547,144.85000610351562,144.27000427246094,144.61000061035156,101.53657531738281,56620000,0.0,0.0,0.0
2007-04-11,144.82000732421875,144.86000061035156,143.5399932861328,144.02000427246094,101.12227630615234,106365700,0.0,0.0,0.0
2007-04-12,143.74000549316406,144.9199981689453,143.33999633789062,144.66000366210938,101.57167053222656,115534400,0.0,0.0,0.0
2007-04-13,144.89999389648438,145.32000732421875,144.36000061035156,145.32000732421875,102.03510284423828,84287000,0.0,0.0,0.0
2007-04-16,145.8300018310547,146.86000061035156,145.82000732421875,146.6999969482422,103.00404357910156,83064600,0.0,0.0,0.0
2007-04-17,146.97000122070312,147.39999389648438,146.64999389648438,147.08999633789062,103.27791595458984,108424100,0.0,0.0,0.0
2007-04-18,146.60000610351562,147.6999969482422,146.57000732421875,147.27000427246094,103.40430450439453,88345300,0.0,0.0,0.0
2007-04-19,146.5500030517578,147.39999389648438,146.36000061035156,147.22999572753906,103.376220703125,102947700,0.0,0.0,0.0
2007-04-20,148.22000122070312,148.6199951171875,147.0399932861328,148.6199951171875,104.35211944580078,124114100,0.0,0.0,0.0
2007-04-23,148.3699951171875,148.72999572753906,147.97000122070312,148.05999755859375,103.95901489257812,77270800,0.0,0.0,0.0
2007-04-24,148.22999572753906,148.39999389648438,147.32000732421875,148.1199951171875,104.00109100341797,114471000,0.0,0.0,0.0
2007-04-25,148.72999572753906,149.66000366210938,148.02000427246094,149.47999572753906,104.95597839355469,108418800,0.0,0.0,0.0
2007-04-26,149.49000549316406,149.8000030517578,149.10000610351562,149.64999389648438,105.07542419433594,88741600,0.0,0.0,0.0
2007-04-27,149.08999633789062,149.74000549316406,148.83999633789062,149.52999877929688,104.99113464355469,108191100,0.0,0.0,0.0
2007-04-30,149.63999938964844,149.74000549316406,148.2100067138672,148.2899932861328,104.12044525146484,100874100,0.0,0.0,0.0
2007-05-01,148.4199981689453,149.47000122070312,147.6699981689453,148.6699981689453,104.38722229003906,134342700,0.0,0.0,0.0
2007-05-02,148.89999389648438,149.9499969482422,148.75,149.5399932861328,104.99812316894531,87129800,0.0,0.0,0.0
2007-05-03,149.97000122070312,150.39999389648438,149.72999572753906,150.35000610351562,105.56685638427734,86569700,0.0,0.0,0.0
2007-05-04,150.75,151.1199951171875,150.22000122070312,150.9199981689453,105.96710205078125,96409000,0.0,0.0,0.0
2007-05-07,150.8800048828125,151.1999969482422,150.80999755859375,150.9499969482422,105.98812103271484,63461400,0.0,0.0,0.0
2007-05-08,150.5800018310547,150.9199981689453,150.1300048828125,150.75,105.84774017333984,80584000,0.0,0.0,0.0
2007-05-09,150.63999938964844,152.82000732421875,150.3699951171875,151.16000366210938,106.13561248779297,102070100,0.0,0.0,0.0
2007-05-10,150.72999572753906,151.02000427246094,149.27000427246094,149.5800018310547,105.02618408203125,153617800,0.0,0.0,0.0
2007-05-11,149.75,150.92999267578125,149.72000122070312,150.86000061035156,105.92495727539062,113408900,0.0,0.0,0.0
2007-05-14,150.86000061035156,151.3000030517578,149.7899932861328,150.52999877929688,105.69329071044922,108027500,0.0,0.0,0.0
2007-05-15,150.6999969482422,151.66000366210938,150.19000244140625,150.57000732421875,105.72132873535156,180673300,0.0,0.0,0.0
2007-05-16,150.8000030517578,151.6300048828125,150.3800048828125,151.60000610351562,106.44451904296875,114166500,0.0,0.0,0.0
2007-05-17,151.3800048828125,151.9600067138672,151.11000061035156,151.3000030517578,106.23389434814453,101132800,0.0,0.0,0.0
2007-05-18,152.00999450683594,152.6199951171875,151.80999755859375,152.6199951171875,107.16073608398438,99182000,0.0,0.0,0.0
2007-05-21,152.5800018310547,153.22999572753906,152.5,152.5399932861328,107.1045150756836,174664600,0.0,0.0,0.0
2007-05-22,152.6999969482422,153.16000366210938,152.3800048828125,152.4199981689453,107.02030944824219,82148800,0.0,0.0,0.0
2007-05-23,152.9499969482422,153.5,152.36000061035156,152.44000244140625,107.03438568115234,133786600,0.0,0.0,0.0
2007-05-24,152.52999877929688,153.2100067138672,150.74000549316406,151.05999755859375,106.06536102294922,187593000,0.0,0.0,0.0
2007-05-25,151.5,152.02000427246094,151.17999267578125,151.69000244140625,106.5077133178711,83309200,0.0,0.0,0.0
2007-05-29,151.94000244140625,152.5,151.4499969482422,152.24000549316406,106.89393615722656,82020000,0.0,0.0,0.0
2007-05-30,151.4600067138672,153.5399932861328,151.33999633789062,153.47999572753906,107.7645492553711,129013600,0.0,0.0,0.0
2007-05-31,153.6699981689453,153.88999938964844,153.1199951171875,153.32000732421875,107.65223693847656,114866700,0.0,0.0,0.0
2007-06-01,153.8800048828125,154.39999389648438,153.50999450683594,154.0800018310547,108.18583679199219,107771700,0.0,0.0,0.0
2007-06-04,153.5399932861328,154.38999938964844,153.47999572753906,154.10000610351562,108.19989013671875,78008800,0.0,0.0,0.0
2007-06-05,153.74000549316406,153.89999389648438,152.86000061035156,153.49000549316406,107.77161407470703,126917900,0.0,0.0,0.0
2007-06-06,152.86000061035156,152.9499969482422,151.75,151.83999633789062,106.6130599975586,164096800,0.0,0.0,0.0
2007-06-07,151.55999755859375,152.5,149.05999755859375,149.10000610351562,104.68922424316406,232414600,0.0,0.0,0.0
2007-06-08,149.5800018310547,151.19000244140625,149.08999633789062,151.0399932861328,106.05133819580078,175886000,0.0,0.0,0.0
2007-06-11,150.92999267578125,151.9499969482422,150.6999969482422,151.3000030517578,106.23389434814453,102015600,0.0,0.0,0.0
2007-06-12,150.6699981689453,151.5399932861328,149.5500030517578,149.64999389648438,105.07542419433594,233898000,0.0,0.0,0.0
2007-06-13,150.5,152.07000732421875,149.72000122070312,151.88999938964844,106.64816284179688,193208200,0.0,0.0,0.0
2007-06-14,152.05999755859375,153.1199951171875,152.02999877929688,152.86000061035156,107.32923889160156,146396500,0.0,0.0,0.0
2007-06-15,153.13999938964844,153.66000366210938,152.92999267578125,153.07000732421875,107.93992614746094,154030800,0.656,0.0,0.0
2007-06-18,153.3800048828125,153.38999938964844,152.66000366210938,152.88999938964844,107.81301879882812,88537500,0.0,0.0,0.0
2007-06-19,152.5500030517578,153.3800048828125,152.36000061035156,153.27000427246094,108.08096313476562,110851700,0.0,0.0,0.0
2007-06-20,153.5800018310547,153.5800018310547,150.9600067138672,151.13999938964844,106.57893371582031,177119700,0.0,0.0,0.0
2007-06-21,151.0800018310547,152.11000061035156,150.25,151.97999572753906,107.17129516601562,205262000,0.0,0.0,0.0
2007-06-22,151.52000427246094,151.77000427246094,149.85000610351562,150.5500030517578,106.16288757324219,204964700,0.0,0.0,0.0
2007-06-25,150.24000549316406,151.25,149.02000427246094,149.8300018310547,105.65518188476562,232014400,0.0,0.0,0.0
2007-06-26,150.2100067138672,150.4600067138672,148.27999877929688,148.2899932861328,104.56922149658203,198445700,0.0,0.0,0.0
2007-06-27,148.1300048828125,150.57000732421875,148.05999755859375,150.39999389648438,106.05712890625,213638000,0.0,0.0,0.0
2007-06-28,150.3800048828125,151.41000366210938,149.6699981689453,150.3800048828125,106.04300689697266,157705000,0.0,0.0,0.0
2007-06-29,150.89999389648438,151.64999389648438,149.14999389648438,150.42999267578125,106.07831573486328,199701800,0.0,0.0,0.0
2007-07-02,150.8699951171875,151.9199981689453,150.77000427246094,151.7899932861328,107.03731536865234,103357000,0.0,0.0,0.0
2007-07-03,152.17999267578125,152.5,151.99000549316406,152.33999633789062,107.42516326904297,54048400,0.0,0.0,0.0
2007-07-05,152.39999389648438,152.55999755859375,151.6300048828125,152.17999267578125,107.31233215332031,89279000,0.0,0.0,0.0
2007-07-06,152.3800048828125,153.1699981689453,151.92999267578125,152.97999572753906,107.87646484375,81109000,0.0,0.0,0.0
2007-07-09,153.16000366210938,153.36000061035156,152.6199951171875,153.10000610351562,107.96106719970703,72348100,0.0,0.0,0.0
2007-07-10,152.2899932861328,152.61000061035156,150.77000427246094,150.9199981689453,106.42384338378906,180362600,0.0,0.0,0.0
2007-07-11,150.75,152.0500030517578,150.52000427246094,151.99000549316406,107.17831420898438,175607600,0.0,0.0,0.0
2007-07-12,152.3699951171875,154.75,152.33999633789062,154.38999938964844,108.87071990966797,133882500,0.0,0.0,0.0
2007-07-13,154.57000732421875,155.4600067138672,154.38999938964844,154.85000610351562,109.19511413574219,111794300,0.0,0.0,0.0
2007-07-16,154.99000549316406,155.52999877929688,154.5800018310547,154.8300018310547,109.18099975585938,98378700,0.0,0.0,0.0
2007-07-17,154.92999267578125,155.47999572753906,154.67999267578125,154.75,109.12460327148438,126201300,0.0,0.0,0.0
2007-07-18,154.22999572753906,154.8000030517578,153.3000030517578,154.47000122070312,108.92716979980469,237887400,0.0,0.0,0.0
2007-07-19,155.1999969482422,155.52999877929688,154.75,155.07000732421875,109.35027313232422,145212700,0.0,0.0,0.0
2007-07-20,154.88999938964844,154.99000549316406,152.8300018310547,153.5,108.24314880371094,245502500,0.0,0.0,0.0
2007-07-23,154.17999267578125,154.72000122070312,153.3000030517578,153.97000122070312,108.5745620727539,121183900,0.0,0.0,0.0
2007-07-24,153.1199951171875,154.27999877929688,150.75999450683594,151.3000030517578,106.6917724609375,256732400,0.0,0.0,0.0
2007-07-25,152.02000427246094,152.38999938964844,150.25,151.61000061035156,106.910400390625,265214500,0.0,0.0,0.0
2007-07-26,150.19000244140625,150.8000030517578,146.38999938964844,148.02000427246094,104.37882995605469,467592500,0.0,0.0,0.0
2007-07-27,148.2100067138672,148.8699951171875,145.0500030517578,145.11000061035156,102.32676696777344,422987600,0.0,0.0,0.0
2007-07-30,145.92999267578125,147.80999755859375,145.2899932861328,147.3800048828125,103.92753601074219,283017500,0.0,0.0,0.0
2007-07-31,148.3300018310547,149.4600067138672,145.0399932861328,145.72000122070312,102.7569351196289,316976700,0.0,0.0,0.0
2007-08-01,145.17999267578125,147.00999450683594,143.9499969482422,146.42999267578125,103.25757598876953,467670000,0.0,0.0,0.0
2007-08-02,146.75999450683594,147.75999450683594,145.25999450683594,147.60000610351562,104.08267211914062,294758400,0.0,0.0,0.0
2007-08-03,147.27999877929688,147.5800018310547,143.1999969482422,143.8000030517578,101.40302276611328,359398200,0.0,0.0,0.0
2007-08-06,144.2100067138672,146.8300018310547,142.52999877929688,146.2100067138672,103.10247802734375,324980000,0.0,0.0,0.0
2007-08-07,145.94000244140625,149.0,145.22999572753906,147.77000427246094,104.20256805419922,232568700,0.0,0.0,0.0
2007-08-08,148.41000366210938,150.58999633789062,147.33999633789062,149.8300018310547,105.65518188476562,274930600,0.0,0.0,0.0
2007-08-09,147.42999267578125,148.9499969482422,145.2899932861328,145.38999938964844,102.52424621582031,357622100,0.0,0.0,0.0
2007-08-10,144.38999938964844,146.5,143.1199951171875,144.7100067138672,102.04472351074219,411018400,0.0,0.0,0.0
2007-08-13,146.5,146.88999938964844,145.02000427246094,145.22999572753906,102.41140747070312,181917200,0.0,0.0,0.0
2007-08-14,145.6999969482422,146.05999755859375,142.72000122070312,143.00999450683594,100.84596252441406,264134500,0.0,0.0,0.0
2007-08-15,142.72000122070312,144.4600067138672,140.6199951171875,141.0399932861328,99.45675659179688,323834000,0.0,0.0,0.0
2007-08-16,139.7899932861328,142.94000244140625,137.0,142.10000610351562,100.20423126220703,546743700,0.0,0.0,0.0
2007-08-17,145.5,145.80999755859375,141.38999938964844,144.7100067138672,102.04472351074219,388218100,0.0,0.0,0.0
2007-08-20,145.1699981689453,145.47000122070312,143.2899932861328,144.63999938964844,101.99536895751953,187320400,0.0,0.0,0.0
2007-08-21,144.60000610351562,145.97000122070312,144.13999938964844,144.92999267578125,102.19985961914062,157066400,0.0,0.0,0.0
2007-08-22,146.00999450683594,146.8000030517578,145.3300018310547,146.64999389648438,103.4126968383789,173156700,0.0,0.0,0.0
2007-08-23,147.33999633789062,147.64999389648438,145.61000061035156,146.52000427246094,103.3210678100586,203915300,0.0,0.0,0.0
2007-08-24,146.47999572753906,148.3300018310547,146.27999877929688,148.3300018310547,104.5974349975586,128901900,0.0,0.0,0.0
2007-08-27,147.85000610351562,148.3300018310547,146.72999572753906,146.9499969482422,103.62429809570312,113024300,0.0,0.0,0.0
2007-08-28,146.16000366210938,146.25,143.4600067138672,143.72000122070312,101.34660339355469,219790700,0.0,0.0,0.0
2007-08-29,144.3699951171875,146.74000549316406,143.9600067138672,146.5399932861328,103.33519744873047,207654200,0.0,0.0,0.0
2007-08-30,145.4499969482422,147.19000244140625,145.30999755859375,146.14999389648438,103.06018829345703,191817300,0.0,0.0,0.0
2007-08-31,147.64999389648438,148.5,146.8300018310547,147.58999633789062,104.07559967041016,185477500,0.0,0.0,0.0
2007-09-04,147.4499969482422,149.97999572753906,147.39999389648438,149.0800018310547,105.12629699707031,120062000,0.0,0.0,0.0
2007-09-05,148.1999969482422,148.36000061035156,147.0,147.7899932861328,104.21662139892578,166261800,0.0,0.0,0.0
2007-09-06,147.9499969482422,148.61000061035156,147.1199951171875,148.1300048828125,104.4563980102539,127878400,0.0,0.0,0.0
2007-09-07,146.47999572753906,146.88999938964844,145.25999450683594,146.07000732421875,103.00373077392578,235447600,0.0,0.0,0.0
2007-09-10,146.52000427246094,146.72000122070312,144.3300018310547,145.7899932861328,102.80628967285156,192305900,0.0,0.0,0.0
2007-09-11,146.24000549316406,147.6999969482422,146.1300048828125,147.49000549316406,104.00508117675781,162081900,0.0,0.0,0.0
2007-09-12,147.2899932861328,148.44000244140625,146.97999572753906,147.8699951171875,104.27306365966797,149554600,0.0,0.0,0.0
2007-09-13,148.5500030517578,149.4499969482422,148.1999969482422,148.91000366210938,105.00646209716797,154079000,0.0,0.0,0.0
2007-09-14,147.9600067138672,149.08999633789062,147.74000549316406,148.89999389648438,104.9993667602539,121911000,0.0,0.0,0.0
2007-09-17,148.30999755859375,148.64999389648438,147.6300048828125,148.10000610351562,104.43525695800781,109870800,0.0,0.0,0.0
2007-09-18,148.8300018310547,152.5,148.1300048828125,152.4600067138672,107.50981903076172,263759500,0.0,0.0,0.0
2007-09-19,153.41000366210938,154.38999938964844,152.7100067138672,153.36000061035156,108.14440155029297,193779900,0.0,0.0,0.0
2007-09-20,153.33999633789062,153.42999267578125,152.11000061035156,152.27999877929688,107.38285064697266,175186800,0.0,0.0,0.0
2007-09-21,152.7100067138672,153.1199951171875,151.74000549316406,151.97000122070312,107.67263793945312,141457500,0.719,0.0,0.0
2007-09-24,152.4199981689453,152.82000732421875,151.36000061035156,151.69000244140625,107.4742431640625,139450200,0.0,0.0,0.0
2007-09-25,150.80999755859375,151.66000366210938,150.47000122070312,151.38999938964844,107.2616958618164,142289900,0.0,0.0,0.0
2007-09-26,152.25,152.77000427246094,151.38999938964844,152.19000244140625,107.82852935791016,135547000,0.0,0.0,0.0
2007-09-27,152.91000366210938,153.10000610351562,152.19000244140625,153.08999633789062,108.46614837646484,102713300,0.0,0.0,0.0
2007-09-28,152.85000610351562,153.19000244140625,151.97999572753906,152.5800018310547,108.10482025146484,133372100,0.0,0.0,0.0
2007-10-01,152.60000610351562,154.75,152.5,154.3000030517578,109.32343292236328,148162300,0.0,0.0,0.0
2007-10-02,154.61000061035156,154.64999389648438,153.80999755859375,154.08999633789062,109.17461395263672,112978800,0.0,0.0,0.0
2007-10-03,153.80999755859375,154.41000366210938,153.00999450683594,153.77999877929688,108.95504760742188,119055900,0.0,0.0,0.0
2007-10-04,154.11000061035156,154.25999450683594,153.58999633789062,154.02000427246094,109.12505340576172,76864400,0.0,0.0,0.0
2007-10-05,155.02999877929688,156.10000610351562,154.6300048828125,155.85000610351562,110.42166900634766,134579700,0.0,0.0,0.0
2007-10-08,155.38999938964844,155.49000549316406,154.77000427246094,155.02000427246094,109.8336181640625,71280400,0.0,0.0,0.0
2007-10-09,155.60000610351562,156.5,155.02999877929688,156.47999572753906,110.86800384521484,94054300,0.0,0.0,0.0
2007-10-10,156.0399932861328,156.44000244140625,155.41000366210938,156.22000122070312,110.68379974365234,101711100,0.0,0.0,0.0
2007-10-11,156.92999267578125,157.52000427246094,154.5399932861328,155.47000122070312,110.15241241455078,233529100,0.0,0.0,0.0
2007-10-12,155.4600067138672,156.35000610351562,155.27000427246094,156.3300018310547,110.76178741455078,124546700,0.0,0.0,0.0
2007-10-15,156.27000427246094,156.36000061035156,153.94000244140625,155.00999450683594,109.82648468017578,161151900,0.0,0.0,0.0
2007-10-16,154.41000366210938,154.52000427246094,153.47000122070312,153.77999877929688,108.95504760742188,166525700,0.0,0.0,0.0
2007-10-17,154.97999572753906,155.08999633789062,152.47000122070312,154.25,109.2879867553711,216687300,0.0,0.0,0.0
2007-10-18,153.4499969482422,154.19000244140625,153.0800018310547,153.69000244140625,108.89129638671875,148367500,0.0,0.0,0.0
2007-10-19,153.08999633789062,156.47999572753906,149.66000366210938,149.6699981689453,106.04308319091797,297169900,0.0,0.0,0.0
2007-10-22,148.86000061035156,150.75999450683594,148.66000366210938,150.5399932861328,106.6594467163086,261989800,0.0,0.0,0.0
2007-10-23,151.4600067138672,151.9499969482422,150.25,151.75999450683594,107.52387237548828,180085100,0.0,0.0,0.0
2007-10-24,151.2100067138672,151.74000549316406,148.83999633789062,151.47999572753906,107.3254623413086,326694200,0.0,0.0,0.0
2007-10-25,151.64999389648438,152.2899932861328,149.8800048828125,151.83999633789062,107.5805435180664,237374500,0.0,0.0,0.0
2007-10-26,153.05999755859375,153.6199951171875,151.89999389648438,153.6199951171875,108.84165954589844,176484000,0.0,0.0,0.0
2007-10-29,153.92999267578125,154.44000244140625,153.5500030517578,154.1300048828125,109.2030258178711,106841000,0.0,0.0,0.0
2007-10-30,153.4499969482422,153.75,152.8699951171875,153.05999755859375,108.44486999511719,132981600,0.0,0.0,0.0
2007-10-31,153.97999572753906,155.27000427246094,152.83999633789062,154.64999389648438,109.57142639160156,220954400,0.0,0.0,0.0
2007-11-01,153.2899932861328,153.41000366210938,150.58999633789062,151.02999877929688,107.00660705566406,333040800,0.0,0.0,0.0
2007-11-02,151.52999877929688,152.0,149.2100067138672,151.1999969482422,107.12711334228516,331228200,0.0,0.0,0.0
2007-11-05,149.63999938964844,151.16000366210938,148.97000122070312,150.0500030517578,106.31229400634766,226841000,0.0,0.0,0.0
2007-11-06,150.86000061035156,152.11000061035156,149.89999389648438,152.07000732421875,107.74342346191406,177800500,0.0,0.0,0.0
2007-11-07,150.44000244140625,151.1300048828125,147.5500030517578,147.91000366210938,104.79610443115234,306639700,0.0,0.0,0.0
2007-11-08,147.99000549316406,148.39999389648438,145.07000732421875,147.16000366210938,104.26467895507812,374509900,0.0,0.0,0.0
2007-11-09,145.69000244140625,147.5399932861328,144.88999938964844,145.13999938964844,102.83348846435547,277745100,0.0,0.0,0.0
2007-11-12,145.2100067138672,146.61000061035156,143.6999969482422,143.6999969482422,101.813232421875,243087800,0.0,0.0,0.0
2007-11-13,145.3699951171875,148.30999755859375,145.22000122070312,148.0800018310547,104.91649627685547,191117400,0.0,0.0,0.0
2007-11-14,149.22000122070312,149.39999389648438,146.77999877929688,147.6699981689453,104.62599182128906,230558800,0.0,0.0,0.0
2007-11-15,146.57000732421875,147.49000549316406,144.52000427246094,145.5399932861328,103.11688995361328,263111100,0.0,0.0,0.0
2007-11-16,146.30999755859375,146.47000122070312,144.57000732421875,145.7899932861328,103.29397583007812,308770600,0.0,0.0,0.0
2007-11-19,145.27999877929688,145.36000061035156,143.19000244140625,143.75999450683594,101.855712890625,267746000,0.0,0.0,0.0
2007-11-20,144.02000427246094,145.52999877929688,142.11000061035156,144.63999938964844,102.47924041748047,414767500,0.0,0.0,0.0
2007-11-21,143.0800018310547,143.91000366210938,141.6699981689453,141.67999267578125,100.38200378417969,259012400,0.0,0.0,0.0
2007-11-23,143.07000732421875,144.33999633789062,142.6999969482422,144.1300048828125,102.11791229248047,77688400,0.0,0.0,0.0
2007-11-26,144.42999267578125,144.8800048828125,140.66000366210938,140.9499969482422,99.86477661132812,214232000,0.0,0.0,0.0
2007-11-27,141.74000549316406,143.22999572753906,140.9499969482422,142.57000732421875,101.01261901855469,293897900,0.0,0.0,0.0
2007-11-28,144.19000244140625,147.47000122070312,144.13999938964844,147.1300048828125,104.24341583251953,258596900,0.0,0.0,0.0
2007-11-29,146.6199951171875,147.72000122070312,146.10000610351562,147.17999267578125,104.2788314819336,199409900,0.0,0.0,0.0
2007-11-30,149.0399932861328,149.8699951171875,147.3300018310547,148.66000366210938,105.32745361328125,222908000,0.0,0.0,0.0
2007-12-03,148.19000244140625,148.4499969482422,147.2899932861328,147.67999267578125,104.63313293457031,146430400,0.0,0.0,0.0
2007-12-04,146.66000366210938,147.5399932861328,146.30999755859375,146.36000061035156,103.6978988647461,136533900,0.0,0.0,0.0
2007-12-05,147.92999267578125,149.1999969482422,147.8300018310547,148.80999755859375,105.4337158203125,171130000,0.0,0.0,0.0
2007-12-06,148.6300048828125,151.2100067138672,148.57000732421875,150.94000244140625,106.9428482055664,154457400,0.0,0.0,0.0
2007-12-07,151.4199981689453,151.5,150.5500030517578,150.91000366210938,106.92161560058594,148980100,0.0,0.0,0.0
2007-12-10,151.27999877929688,152.25,150.86000061035156,152.0800018310547,107.75051879882812,123914300,0.0,0.0,0.0
2007-12-11,152.13999938964844,152.88999938964844,147.8300018310547,147.91000366210938,104.79610443115234,250346400,0.0,0.0,0.0
2007-12-12,151.05999755859375,151.77000427246094,147.1999969482422,149.3699951171875,105.83049011230469,322435600,0.0,0.0,0.0
2007-12-13,148.32000732421875,149.38999938964844,147.3000030517578,149.05999755859375,105.61083984375,237551300,0.0,0.0,0.0
2007-12-14,147.92999267578125,149.10000610351562,147.10000610351562,147.1699981689453,104.27179718017578,159152900,0.0,0.0,0.0
2007-12-17,146.61000061035156,146.8699951171875,144.86000061035156,145.07000732421875,102.78392028808594,177269400,0.0,0.0,0.0
2007-12-18,146.10000610351562,146.47999572753906,143.9600067138672,145.8800048828125,103.35775756835938,245569300,0.0,0.0,0.0
2007-12-19,145.94000244140625,146.88999938964844,144.94000244140625,145.8800048828125,103.35775756835938,198917200,0.0,0.0,0.0
2007-12-20,146.83999633789062,146.86000061035156,145.17999267578125,146.8000030517578,104.00959777832031,214813800,0.0,0.0,0.0
2007-12-21,147.3699951171875,148.4199981689453,147.08999633789062,148.1300048828125,105.50897979736328,146084400,0.775,0.0,0.0
2007-12-24,148.82000732421875,149.47999572753906,148.47999572753906,149.22999572753906,106.29244995117188,45601400,0.0,0.0,0.0
2007-12-26,148.64999389648438,149.67999267578125,148.5,149.5500030517578,106.52040100097656,67093100,0.0,0.0,0.0
2007-12-27,149.02000427246094,149.02999877929688,147.32000732421875,147.6699981689453,105.1812973022461,122981700,0.0,0.0,0.0
2007-12-28,148.5399932861328,148.61000061035156,146.89999389648438,147.3000030517578,104.91776275634766,116398100,0.0,0.0,0.0
2007-12-31,147.10000610351562,147.61000061035156,146.05999755859375,146.2100067138672,104.14141845703125,108126800,0.0,0.0,0.0
2008-01-02,146.52999877929688,146.99000549316406,143.8800048828125,144.92999267578125,103.22967529296875,204935600,0.0,0.0,0.0
2008-01-03,144.91000366210938,145.49000549316406,144.07000732421875,144.86000061035156,103.17987823486328,125133300,0.0,0.0,0.0
2008-01-04,143.33999633789062,143.44000244140625,140.91000366210938,141.30999755859375,100.65129089355469,232330900,0.0,0.0,0.0
2008-01-07,141.80999755859375,142.22999572753906,140.10000610351562,141.19000244140625,100.56578826904297,234991000,0.0,0.0,0.0
2008-01-08,142.0800018310547,142.89999389648438,138.44000244140625,138.91000366210938,98.94181823730469,326365700,0.0,0.0,0.0
2008-01-09,139.08999633789062,140.7899932861328,137.6999969482422,140.3699951171875,99.98170471191406,301824900,0.0,0.0,0.0
2008-01-10,139.67999267578125,142.8000030517578,139.3699951171875,141.2899932861328,100.63700103759766,335701200,0.0,0.0,0.0
2008-01-11,140.77999877929688,141.89999389648438,139.0,140.14999389648438,99.82499694824219,267076600,0.0,0.0,0.0
2008-01-14,141.16000366210938,141.86000061035156,140.39999389648438,141.27999877929688,100.6299057006836,170365500,0.0,0.0,0.0
2008-01-15,139.7899932861328,141.49000549316406,137.89999389648438,138.1699981689453,98.41474914550781,239940100,0.0,0.0,0.0
2008-01-16,137.36000061035156,139.1199951171875,136.27999877929688,136.97999572753906,97.5671157836914,378802600,0.0,0.0,0.0
2008-01-17,137.80999755859375,137.8800048828125,132.92999267578125,133.42999267578125,95.03852844238281,397892600,0.0,0.0,0.0
2008-01-18,134.74000549316406,135.02000427246094,131.10000610351562,132.05999755859375,94.06271362304688,348561500,0.0,0.0,0.0
2008-01-22,127.20999908447266,132.42999267578125,126.0,130.72000122070312,93.10828399658203,435923700,0.0,0.0,0.0
2008-01-23,127.08999633789062,134.19000244140625,126.83999633789062,133.86000061035156,95.3448486328125,511913000,0.0,0.0,0.0
2008-01-24,134.47999572753906,135.4600067138672,133.30999755859375,134.99000549316406,96.14968872070312,259949300,0.0,0.0,0.0
2008-01-25,136.50999450683594,136.75999450683594,132.60000610351562,133.0399932861328,94.76074981689453,269603900,0.0,0.0,0.0
2008-01-28,133.25999450683594,135.52000427246094,132.05999755859375,135.24000549316406,96.32772064208984,217934600,0.0,0.0,0.0
2008-01-29,136.10000610351562,136.4499969482422,134.8800048828125,135.91000366210938,96.80493927001953,168968300,0.0,0.0,0.0
2008-01-30,135.5800018310547,138.5399932861328,134.60000610351562,134.91000366210938,96.09270477294922,334939200,0.0,0.0,0.0
2008-01-31,133.39999389648438,138.5399932861328,133.1999969482422,137.3699951171875,97.84488677978516,343680800,0.0,0.0,0.0
2008-02-01,137.94000244140625,139.61000061035156,137.52000427246094,139.5800018310547,99.41903686523438,206843600,0.0,0.0,0.0
2008-02-04,139.2100067138672,139.3000030517578,137.63999938964844,137.82000732421875,98.1654052734375,124694300,0.0,0.0,0.0
2008-02-05,135.94000244140625,136.25,133.6699981689453,134.1300048828125,95.53713989257812,286882500,0.0,0.0,0.0
2008-02-06,134.5800018310547,135.25,132.41000366210938,133.0500030517578,94.76787567138672,250792900,0.0,0.0,0.0
2008-02-07,131.8000030517578,134.7899932861328,131.72999572753906,133.92999267578125,95.39466857910156,297368100,0.0,0.0,0.0
2008-02-08,133.08999633789062,134.22000122070312,132.10000610351562,133.07000732421875,94.78216552734375,221643500,0.0,0.0,0.0
2008-02-11,133.10000610351562,134.22999572753906,132.0399932861328,133.75,95.2664794921875,188576300,0.0,0.0,0.0
2008-02-12,134.91000366210938,136.30999755859375,133.97999572753906,134.99000549316406,96.14968872070312,256654400,0.0,0.0,0.0
2008-02-13,136.00999450683594,137.05999755859375,135.13999938964844,136.3699951171875,97.13263702392578,181967800,0.0,0.0,0.0
2008-02-14,136.9499969482422,137.0,134.7899932861328,135.1699981689453,96.27791595458984,215207200,0.0,0.0,0.0
2008-02-15,134.5,135.22000122070312,133.91000366210938,135.13999938964844,96.25652313232422,154110300,0.0,0.0,0.0
2008-02-19,136.72000122070312,136.88999938964844,134.61000061035156,135.52000427246094,96.52720642089844,145190000,0.0,0.0,0.0
2008-02-20,133.99000549316406,136.5500030517578,133.75999450683594,135.9199981689453,96.81209564208984,220085700,0.0,0.0,0.0
2008-02-21,136.66000366210938,137.00999450683594,134.07000732421875,134.7899932861328,96.00721740722656,201051200,0.0,0.0,0.0
2008-02-22,134.97000122070312,135.85000610351562,132.86000061035156,135.6199951171875,96.59838104248047,205491000,0.0,0.0,0.0
2008-02-25,135.5399932861328,137.64999389648438,134.77999877929688,137.3300018310547,97.81641387939453,190107000,0.0,0.0,0.0
2008-02-26,136.75,138.9499969482422,136.5,138.36000061035156,98.55005645751953,212420700,0.0,0.0,0.0
2008-02-27,137.55999755859375,139.13999938964844,137.41000366210938,138.22000122070312,98.45030212402344,168395800,0.0,0.0,0.0
2008-02-28,137.24000549316406,137.9600067138672,136.5500030517578,136.8699951171875,97.48873138427734,170831100,0.0,0.0,0.0
2008-02-29,135.60000610351562,135.67999267578125,132.77999877929688,133.82000732421875,95.31634521484375,252715200,0.0,0.0,0.0
2008-03-03,133.13999938964844,133.80999755859375,132.24000549316406,133.5,95.08837890625,189483500,0.0,0.0,0.0
2008-03-04,132.22999572753906,133.39999389648438,130.99000549316406,132.99000549316406,94.72515106201172,282513100,0.0,0.0,0.0
2008-03-05,133.4199981689453,134.77000427246094,132.33999633789062,133.8300018310547,95.32343292236328,270681400,0.0,0.0,0.0
2008-03-06,132.97999572753906,133.22000122070312,130.5500030517578,131.05999755859375,93.35045623779297,247911700,0.0,0.0,0.0
2008-03-07,129.77000427246094,131.74000549316406,128.5800018310547,129.7100067138672,92.38888549804688,326434600,0.0,0.0,0.0
2008-03-10,129.83999633789062,129.92999267578125,127.58999633789062,128.0,91.17091369628906,235683600,0.0,0.0,0.0
2008-03-11,130.72000122070312,132.72000122070312,128.9499969482422,132.60000610351562,94.44731903076172,341440600,0.0,0.0,0.0
2008-03-12,132.74000549316406,133.77000427246094,131.16000366210938,131.36000061035156,93.56412506103516,229161100,0.0,0.0,0.0
2008-03-13,129.61000061035156,132.63999938964844,128.60000610351562,131.64999389648438,93.77069854736328,351504200,0.0,0.0,0.0
2008-03-14,132.77000427246094,132.80999755859375,127.77999877929688,129.61000061035156,92.31765747070312,484687800,0.0,0.0,0.0
2008-03-17,126.56999969482422,129.25999450683594,126.06999969482422,128.3000030517578,91.38457489013672,405311100,0.0,0.0,0.0
2008-03-18,130.6199951171875,133.69000244140625,129.97999572753906,133.6300048828125,95.18099975585938,334416600,0.0,0.0,0.0
2008-03-19,134.13999938964844,134.64999389648438,130.0399932861328,130.32000732421875,92.82335662841797,345971600,0.0,0.0,0.0
2008-03-20,130.0500030517578,132.91000366210938,129.25999450683594,132.0800018310547,94.5427474975586,245320700,0.642,0.0,0.0
2008-03-24,133.30999755859375,135.80999755859375,133.24000549316406,134.72000122070312,96.43244171142578,208977300,0.0,0.0,0.0
2008-03-25,134.86000061035156,135.5500030517578,133.77000427246094,134.85000610351562,96.52548217773438,192947200,0.0,0.0,0.0
2008-03-26,134.4600067138672,135.08999633789062,133.11000061035156,133.1999969482422,95.34442138671875,196934300,0.0,0.0,0.0
2008-03-27,134.1999969482422,134.44000244140625,132.36000061035156,132.77999877929688,95.04376220703125,225153200,0.0,0.0,0.0
2008-03-28,132.99000549316406,133.36000061035156,131.05999755859375,131.50999450683594,94.13471221923828,180896100,0.0,0.0,0.0
2008-03-31,131.2899932861328,132.72999572753906,131.08999633789062,131.97000122070312,94.46402740478516,166692100,0.0,0.0,0.0
2008-04-01,133.61000061035156,136.83999633789062,133.50999450683594,136.61000061035156,97.78532409667969,254547300,0.0,0.0,0.0
2008-04-02,137.0500030517578,137.6699981689453,135.97999572753906,136.6999969482422,97.84965515136719,210910800,0.0,0.0,0.0
2008-04-03,135.9600067138672,137.44000244140625,135.7100067138672,137.0399932861328,98.09309387207031,175884800,0.0,0.0,0.0
2008-04-04,137.1199951171875,137.9600067138672,136.1199951171875,136.88999938964844,97.9857406616211,204446800,0.0,0.0,0.0
2008-04-07,137.8699951171875,138.57000732421875,136.74000549316406,136.9600067138672,98.03583526611328,154245500,0.0,0.0,0.0
2008-04-08,136.19000244140625,136.9199981689453,135.9499969482422,136.82000732421875,97.93561553955078,148937300,0.0,0.0,0.0
2008-04-09,136.61000061035156,136.8000030517578,134.88999938964844,135.8300018310547,97.22698211669922,195610600,0.0,0.0,0.0
2008-04-10,135.4199981689453,136.6699981689453,134.89999389648438,136.02000427246094,97.36299133300781,192967800,0.0,0.0,0.0
2008-04-11,134.49000549316406,135.1199951171875,133.00999450683594,133.3800048828125,95.4732666015625,222973300,0.0,0.0,0.0
2008-04-14,133.19000244140625,133.5399932861328,132.5500030517578,132.92999267578125,95.1511459350586,160522000,0.0,0.0,0.0
2008-04-15,133.5800018310547,133.69000244140625,132.3300018310547,133.24000549316406,95.373046875,172389200,0.0,0.0,0.0
2008-04-16,134.5399932861328,136.91000366210938,134.52000427246094,136.85000610351562,97.95708465576172,189268900,0.0,0.0,0.0
2008-04-17,136.02000427246094,137.25,135.66000366210938,137.0500030517578,98.10022735595703,179665700,0.0,0.0,0.0
2008-04-18,138.94000244140625,139.55999755859375,138.25999450683594,138.47999572753906,99.12385559082031,218530600,0.0,0.0,0.0
2008-04-21,138.22999572753906,138.97999572753906,137.85000610351562,138.5500030517578,99.17393493652344,118587400,0.0,0.0,0.0
2008-04-22,138.19000244140625,138.30999755859375,136.89999389648438,137.94000244140625,98.73731231689453,162166000,0.0,0.0,0.0
2008-04-23,138.08999633789062,138.77999877929688,137.1199951171875,137.72000122070312,98.57984161376953,193309000,0.0,0.0,0.0
2008-04-24,138.0800018310547,139.74000549316406,137.0399932861328,138.32000732421875,99.00932312011719,229381300,0.0,0.0,0.0
2008-04-25,139.39999389648438,139.88999938964844,137.91000366210938,139.60000610351562,99.92554473876953,190788100,0.0,0.0,0.0
2008-04-28,139.8800048828125,140.25,139.3800048828125,139.6300048828125,99.94698333740234,105610200,0.0,0.0,0.0
2008-04-29,139.38999938964844,139.72999572753906,138.61000061035156,139.0800018310547,99.55329895019531,125514100,0.0,0.0,0.0
2008-04-30,139.2899932861328,140.58999633789062,138.25999450683594,138.25999450683594,98.96632385253906,208395900,0.0,0.0,0.0
2008-05-01,138.3800048828125,141.1199951171875,138.27000427246094,141.1199951171875,101.01354217529297,187279500,0.0,0.0,0.0
2008-05-02,142.33999633789062,142.3699951171875,140.55999755859375,141.50999450683594,101.2927017211914,181585500,0.0,0.0,0.0
2008-05-05,141.0500030517578,141.61000061035156,140.41000366210938,140.8300018310547,100.80596923828125,118504500,0.0,0.0,0.0
2008-05-06,140.02000427246094,142.1999969482422,139.69000244140625,142.0500030517578,101.67924499511719,179339800,0.0,0.0,0.0
2008-05-07,141.88999938964844,142.0399932861328,139.1300048828125,139.52000427246094,99.86830139160156,199267300,0.0,0.0,0.0
2008-05-08,139.74000549316406,140.32000732421875,138.97999572753906,139.16000366210938,99.610595703125,178321200,0.0,0.0,0.0
2008-05-09,138.60000610351562,139.38999938964844,138.4499969482422,138.89999389648438,99.42448425292969,152588200,0.0,0.0,0.0
2008-05-12,139.25,140.55999755859375,138.72999572753906,140.4600067138672,100.54110717773438,147865900,0.0,0.0,0.0
2008-05-13,140.8000030517578,140.88999938964844,139.72999572753906,140.47999572753906,100.555419921875,159132200,0.0,0.0,0.0
2008-05-14,141.07000732421875,142.1999969482422,140.4600067138672,140.77000427246094,100.76300048828125,181910800,0.0,0.0,0.0
2008-05-15,141.0399932861328,142.6300048828125,140.8300018310547,142.52999877929688,102.02278900146484,166927000,0.0,0.0,0.0
2008-05-16,142.86000061035156,142.8699951171875,141.61000061035156,142.66000366210938,102.11589050292969,204236800,0.0,0.0,0.0
2008-05-19,142.80999755859375,144.3000030517578,142.3000030517578,143.0500030517578,102.39503479003906,165664400,0.0,0.0,0.0
2008-05-20,142.27000427246094,142.33999633789062,141.0,141.88999938964844,101.56468963623047,178552100,0.0,0.0,0.0
2008-05-21,141.80999755859375,142.1199951171875,139.0,139.49000549316406,99.84679412841797,252724800,0.0,0.0,0.0
2008-05-22,139.42999267578125,140.1699981689453,139.0,139.50999450683594,99.86109924316406,170820400,0.0,0.0,0.0
2008-05-23,139.0500030517578,139.66000366210938,137.52000427246094,137.63999938964844,98.52256774902344,181376400,0.0,0.0,0.0
2008-05-27,137.8000030517578,139.0,137.52999877929688,138.66000366210938,99.25269317626953,168322900,0.0,0.0,0.0
2008-05-28,139.1699981689453,140.0,138.0,139.3000030517578,99.7107925415039,181288100,0.0,0.0,0.0
2008-05-29,139.1300048828125,140.92999267578125,139.0800018310547,140.0,100.21182250976562,173927200,0.0,0.0,0.0
2008-05-30,140.47000122070312,140.74000549316406,139.94000244140625,140.35000610351562,100.4624252319336,117362000,0.0,0.0,0.0
2008-06-02,139.8300018310547,139.86000061035156,138.0,138.89999389648438,99.42448425292969,181069900,0.0,0.0,0.0
2008-06-03,139.3000030517578,139.6199951171875,137.22999572753906,138.08999633789062,98.84468841552734,271965700,0.0,0.0,0.0
2008-06-04,137.6999969482422,139.16000366210938,137.4600067138672,138.02000427246094,98.79457092285156,246637700,0.0,0.0,0.0
2008-06-05,138.5800018310547,140.88999938964844,138.32000732421875,140.77999877929688,100.77017211914062,237867100,0.0,0.0,0.0
2008-06-06,139.5500030517578,139.8000030517578,136.22000122070312,136.2899932861328,97.55624389648438,384276300,0.0,0.0,0.0
2008-06-09,136.86000061035156,137.5,135.41000366210938,136.6199951171875,97.79242706298828,228263900,0.0,0.0,0.0
2008-06-10,135.6699981689453,137.10000610351562,135.35000610351562,135.94000244140625,97.3056869506836,260234900,0.0,0.0,0.0
2008-06-11,135.97000122070312,136.25999450683594,133.92999267578125,133.94000244140625,95.87410736083984,283890100,0.0,0.0,0.0
2008-06-12,134.60000610351562,135.8699951171875,133.52000427246094,134.4499969482422,96.23917388916016,252791800,0.0,0.0,0.0
2008-06-13,135.1699981689453,136.52000427246094,134.4199981689453,136.14999389648438,97.45600891113281,244726900,0.0,0.0,0.0
2008-06-16,135.5500030517578,136.92999267578125,135.4600067138672,136.22999572753906,97.51327514648438,185832500,0.0,0.0,0.0
2008-06-17,137.07000732421875,137.1199951171875,135.3699951171875,135.57000732421875,97.04088592529297,191707700,0.0,0.0,0.0
2008-06-18,134.69000244140625,135.52000427246094,133.7100067138672,134.25,96.09599304199219,265893000,0.0,0.0,0.0
2008-06-19,134.14999389648438,135.24000549316406,133.5,134.4199981689453,96.21769714355469,304204900,0.0,0.0,0.0
2008-06-20,132.83999633789062,133.08999633789062,131.22000122070312,131.5800018310547,94.65592956542969,289275700,0.669,0.0,0.0
2008-06-23,132.08999633789062,132.22999572753906,131.32000732421875,131.4499969482422,94.56241607666016,165096400,0.0,0.0,0.0
2008-06-24,131.0500030517578,132.44000244140625,130.19000244140625,131.19000244140625,94.37530517578125,267300600,0.0,0.0,0.0
2008-06-25,131.72000122070312,133.39999389648438,131.24000549316406,131.80999755859375,94.82134246826172,287853900,0.0,0.0,0.0
2008-06-26,130.57000732421875,131.4199981689453,128.0800018310547,128.22999572753906,92.2459716796875,297775000,0.0,0.0,0.0
2008-06-27,128.27999877929688,128.86000061035156,127.04000091552734,127.52999877929688,91.74244689941406,303423400,0.0,0.0,0.0
2008-06-30,127.88999938964844,128.91000366210938,127.30000305175781,127.9800033569336,92.066162109375,258842600,0.0,0.0,0.0
2008-07-01,126.5199966430664,128.47000122070312,125.93000030517578,128.3800048828125,92.3539047241211,388622000,0.0,0.0,0.0
2008-07-02,128.7899932861328,129.16000366210938,125.94999694824219,126.18000030517578,90.7712631225586,288064600,0.0,0.0,0.0
2008-07-03,127.11000061035156,127.11000061035156,124.98999786376953,126.30999755859375,90.86479949951172,239352500,0.0,0.0,0.0
2008-07-07,126.79000091552734,127.33999633789062,123.91999816894531,125.0199966430664,89.93678283691406,372427300,0.0,0.0,0.0
2008-07-08,124.98999786376953,127.38999938964844,124.19999694824219,127.23999786376953,91.53382873535156,375973700,0.0,0.0,0.0
2008-07-09,127.5,127.73999786376953,124.38999938964844,124.79000091552734,89.77136993408203,336729400,0.0,0.0,0.0
2008-07-10,124.43000030517578,125.79000091552734,123.58000183105469,125.30000305175781,90.13822174072266,436475700,0.0,0.0,0.0
2008-07-11,123.97000122070312,125.9000015258789,122.48999786376953,123.83999633789062,89.08794403076172,481124600,0.0,0.0,0.0
2008-07-14,125.26000213623047,125.5,122.4000015258789,122.72000122070312,88.28223419189453,322720800,0.0,0.0,0.0
2008-07-15,121.80000305175781,123.48999786376953,120.0199966430664,120.98999786376953,87.03767395019531,502502500,0.0,0.0,0.0
2008-07-16,121.44999694824219,124.56999969482422,121.0999984741211,123.95999908447266,89.17424774169922,371642900,0.0,0.0,0.0
2008-07-17,125.13999938964844,126.26000213623047,124.08999633789062,125.19999694824219,90.0662612915039,375490600,0.0,0.0,0.0
2008-07-18,126.16999816894531,126.41999816894531,125.1500015258789,125.9800033569336,90.62741088867188,267030100,0.0,0.0,0.0
2008-07-21,126.51000213623047,126.80000305175781,125.19000244140625,126.05000305175781,90.6777572631836,222863000,0.0,0.0,0.0
2008-07-22,125.1500015258789,127.80000305175781,124.8499984741211,127.4800033569336,91.70643615722656,296904200,0.0,0.0,0.0
2008-07-23,127.88999938964844,129.14999389648438,127.55000305175781,128.1699981689453,92.20285034179688,311698400,0.0,0.0,0.0
2008-07-24,128.33999633789062,128.41000366210938,125.16000366210938,125.51000213623047,90.28929901123047,248634500,0.0,0.0,0.0
2008-07-25,125.88999938964844,126.48999786376953,125.16999816894531,125.4800033569336,90.2677001953125,219131000,0.0,0.0,0.0
2008-07-28,125.51000213623047,126.05999755859375,123.41999816894531,123.63999938964844,88.94406127929688,205201300,0.0,0.0,0.0
2008-07-29,123.9800033569336,126.37999725341797,123.63999938964844,126.27999877929688,90.84323120117188,261505600,0.0,0.0,0.0
2008-07-30,127.11000061035156,128.60000610351562,126.27999877929688,128.52999877929688,92.46179962158203,354710000,0.0,0.0,0.0
2008-07-31,127.4000015258789,128.57000732421875,126.62999725341797,126.83000183105469,91.23889923095703,277402100,0.0,0.0,0.0
2008-08-01,127.12000274658203,127.27999877929688,125.45999908447266,126.16000366210938,90.75689697265625,248690900,0.0,0.0,0.0
2008-08-04,126.04000091552734,126.13999938964844,124.76000213623047,124.98999786376953,89.91519927978516,188239600,0.0,0.0,0.0
2008-08-05,126.0199966430664,128.55999755859375,124.97000122070312,128.36000061035156,92.3395004272461,251577600,0.0,0.0,0.0
2008-08-06,128.02000427246094,129.3000030517578,127.4800033569336,128.92999267578125,92.7495346069336,209555400,0.0,0.0,0.0
2008-08-07,127.95999908447266,128.44000244140625,126.54000091552734,127.01000213623047,91.36836242675781,246312500,0.0,0.0,0.0
2008-08-08,126.58000183105469,129.92999267578125,126.37999725341797,129.3699951171875,93.06610107421875,260811700,0.0,0.0,0.0
2008-08-11,129.47000122070312,131.50999450683594,129.22999572753906,130.7100067138672,94.03006744384766,249425800,0.0,0.0,0.0
2008-08-12,130.27999877929688,130.6999969482422,128.72999572753906,129.35000610351562,93.05169677734375,213200800,0.0,0.0,0.0
2008-08-13,128.7899932861328,129.64999389648438,127.66999816894531,128.57000732421875,92.49061584472656,256393200,0.0,0.0,0.0
2008-08-14,127.83999633789062,130.27999877929688,127.75,129.5399932861328,93.18840789794922,239555300,0.0,0.0,0.0
2008-08-15,129.92999267578125,130.5,129.3000030517578,130.1699981689453,93.6415786743164,181000800,0.0,0.0,0.0
2008-08-18,130.42999267578125,130.47999572753906,127.66000366210938,128.38999938964844,92.36106872558594,172275100,0.0,0.0,0.0
2008-08-19,127.41999816894531,127.69000244140625,126.52999877929688,126.98999786376953,91.35395050048828,194673700,0.0,0.0,0.0
2008-08-20,127.38999938964844,127.94999694824219,126.33999633789062,127.58000183105469,91.77839660644531,225498200,0.0,0.0,0.0
2008-08-21,126.75,128.44000244140625,126.5999984741211,127.80000305175781,91.93666076660156,180609800,0.0,0.0,0.0
2008-08-22,128.6699981689453,129.64999389648438,127.80000305175781,129.64999389648438,93.26750946044922,167715300,0.0,0.0,0.0
2008-08-25,128.8000030517578,129.64999389648438,126.75,127.0199966430664,91.37554931640625,171936900,0.0,0.0,0.0
2008-08-26,127.0199966430664,127.87000274658203,126.58000183105469,127.38999938964844,91.64171600341797,159117200,0.0,0.0,0.0
2008-08-27,127.55000305175781,128.8300018310547,127.30000305175781,128.6300048828125,92.53375244140625,171032800,0.0,0.0,0.0
2008-08-28,129.27999877929688,130.33999633789062,129.11000061035156,130.19000244140625,93.6559829711914,167537100,0.0,0.0,0.0
2008-08-29,129.72999572753906,130.13999938964844,128.50999450683594,128.7899932861328,92.64884948730469,189195800,0.0,0.0,0.0
2008-09-02,130.02999877929688,130.7100067138672,127.5199966430664,127.98999786376953,92.07331085205078,252364900,0.0,0.0,0.0
2008-09-03,127.87999725341797,128.5,126.93000030517578,127.87999725341797,91.99421691894531,251947000,0.0,0.0,0.0
2008-09-04,126.97000122070312,127.2300033569336,123.95999908447266,124.02999877929688,89.22460174560547,340042500,0.0,0.0,0.0
2008-09-05,123.29000091552734,124.94999694824219,122.0,124.41999816894531,89.50515747070312,289503400,0.0,0.0,0.0
2008-09-08,128.0399932861328,128.24000549316406,124.41999816894531,126.98999786376953,91.35395050048828,364075300,0.0,0.0,0.0
2008-09-09,127.0999984741211,127.36000061035156,122.80000305175781,123.22000122070312,88.64189147949219,377326800,0.0,0.0,0.0
2008-09-10,123.88999938964844,124.9000015258789,122.55000305175781,123.72000122070312,89.00163269042969,298916600,0.0,0.0,0.0
2008-09-11,122.12000274658203,125.73999786376953,121.5999984741211,125.51000213623047,90.28929901123047,375369400,0.0,0.0,0.0
2008-09-12,124.29000091552734,126.20999908447266,123.83000183105469,126.08999633789062,90.70652770996094,297851200,0.0,0.0,0.0
2008-09-15,121.62999725341797,125.6500015258789,119.88999938964844,120.08999633789062,86.39022827148438,483607000,0.0,0.0,0.0
2008-09-16,117.19999694824219,122.31999969482422,117.0,122.0999984741211,87.8362045288086,581744300,0.0,0.0,0.0
2008-09-17,119.63999938964844,121.8499984741211,116.0,116.61000061035156,83.8868179321289,624095600,0.0,0.0,0.0
2008-09-18,118.05000305175781,121.79000091552734,113.80000305175781,120.06999969482422,86.37586212158203,776114700,0.0,0.0,0.0
2008-09-19,126.69999694824219,128.0,123.33000183105469,124.12000274658203,89.80615234375,501087800,0.691,0.0,0.0
2008-09-22,124.44999694824219,124.75,120.36000061035156,121.30999755859375,87.77304077148438,249966500,0.0,0.0,0.0
2008-09-23,120.8499984741211,122.0199966430664,118.27999877929688,118.55000305175781,85.77605438232422,327470400,0.0,0.0,0.0
2008-09-24,119.3499984741211,120.0,117.79000091552734,118.93000030517578,86.05096435546875,311818400,0.0,0.0,0.0
2008-09-25,119.4000015258789,121.91000366210938,118.44000244140625,120.79000091552734,87.39677429199219,328253000,0.0,0.0,0.0
2008-09-26,118.83000183105469,121.5,118.51000213623047,120.8499984741211,87.44020080566406,285917400,0.0,0.0,0.0
2008-09-29,119.13999938964844,119.33999633789062,110.97000122070312,111.37999725341797,80.58824920654297,459562300,0.0,0.0,0.0
2008-09-30,113.51000213623047,116.80000305175781,110.52999877929688,115.98999786376953,83.92374420166016,328154400,0.0,0.0,0.0
2008-10-01,115.2699966430664,116.69000244140625,113.94999694824219,116.05999755859375,83.97441864013672,332783000,0.0,0.0,0.0
2008-10-02,114.94999694824219,115.11000061035156,111.05999755859375,111.8499984741211,80.92830657958984,365337800,0.0,0.0,0.0
2008-10-03,112.86000061035156,115.44999694824219,109.68000030517578,110.33999633789062,79.83575439453125,461798000,0.0,0.0,0.0
2008-10-06,107.1500015258789,107.62000274658203,100.63999938964844,104.72000122070312,75.76945495605469,610637500,0.0,0.0,0.0
2008-10-07,106.83999633789062,107.33000183105469,99.6500015258789,100.02999877929688,72.37602233886719,540012100,0.0,0.0,0.0
2008-10-08,97.5199966430664,102.18000030517578,96.80999755859375,97.51000213623047,70.55268096923828,725414800,0.0,0.0,0.0
2008-10-09,99.66000366210938,100.62000274658203,90.25,90.69999694824219,65.6253662109375,534485200,0.0,0.0,0.0
2008-10-10,86.76000213623047,93.94000244140625,83.58000183105469,88.5,64.0335693359375,871026300,0.0,0.0,0.0
2008-10-13,93.87000274658203,101.3499984741211,89.94999694824219,101.3499984741211,73.33108520507812,455584000,0.0,0.0,0.0
2008-10-14,104.69999694824219,105.52999877929688,97.11000061035156,99.8499984741211,72.24578857421875,546268300,0.0,0.0,0.0
2008-10-15,97.45999908447266,97.80000305175781,89.70999908447266,90.0199966430664,65.13333129882812,484627500,0.0,0.0,0.0
2008-10-16,91.29000091552734,94.7699966430664,86.54000091552734,93.7699966430664,67.8466567993164,708811200,0.0,0.0,0.0
2008-10-17,91.98999786376953,98.58999633789062,91.6500015258789,93.20999908447266,67.44143676757812,476649000,0.0,0.0,0.0
2008-10-20,95.3499984741211,99.0999984741211,94.08999633789062,98.80999755859375,71.4932861328125,321294200,0.0,0.0,0.0
2008-10-21,96.97000122070312,98.63999938964844,95.22000122070312,95.86000061035156,69.35881805419922,356502000,0.0,0.0,0.0
2008-10-22,93.19999694824219,95.86000061035156,87.52999877929688,90.63999938964844,65.58196258544922,516168000,0.0,0.0,0.0
2008-10-23,90.29000091552734,92.44999694824219,85.80999755859375,91.69000244140625,66.3416748046875,634666400,0.0,0.0,0.0
2008-10-24,84.05999755859375,89.91999816894531,84.0,87.04000091552734,62.97718048095703,545812600,0.0,0.0,0.0
2008-10-27,85.97000122070312,89.51000213623047,83.69999694824219,83.94999694824219,60.7414436340332,397288600,0.0,0.0,0.0
2008-10-28,87.33999633789062,94.23999786376953,84.52999877929688,93.76000213623047,67.83940124511719,639939500,0.0,0.0,0.0
2008-10-29,93.7699966430664,97.16999816894531,92.0999984741211,93.08000183105469,67.34737396240234,531270100,0.0,0.0,0.0
2008-10-30,95.77999877929688,96.54000091552734,92.9000015258789,96.30000305175781,69.6772232055664,414582100,0.0,0.0,0.0
2008-10-31,95.08000183105469,98.56999969482422,94.4800033569336,96.83000183105469,70.06069946289062,411394000,0.0,0.0,0.0
2008-11-03,96.77999877929688,97.69000244140625,95.94999694824219,97.11000061035156,70.2632827758789,205419400,0.0,0.0,0.0
2008-11-04,99.05999755859375,100.86000061035156,96.70999908447266,100.41000366210938,72.6510009765625,346793400,0.0,0.0,0.0
2008-11-05,99.19999694824219,100.70999908447266,95.0,96.19000244140625,69.59762573242188,387844100,0.0,0.0,0.0
2008-11-06,94.45999908447266,95.44000244140625,90.05999755859375,90.86000061035156,65.74113464355469,477721900,0.0,0.0,0.0
2008-11-07,91.6500015258789,94.0,90.5,93.86000061035156,67.91175079345703,380391000,0.0,0.0,0.0
2008-11-10,95.20999908447266,95.52999877929688,90.91999816894531,92.62999725341797,67.02179718017578,301773000,0.0,0.0,0.0
2008-11-11,90.76000213623047,92.13999938964844,88.6500015258789,89.7699966430664,64.95246124267578,418498200,0.0,0.0,0.0
2008-11-12,88.2300033569336,88.94999694824219,85.12000274658203,85.81999969482422,62.09446716308594,454330600,0.0,0.0,0.0
2008-11-13,86.12999725341797,91.7300033569336,82.08999633789062,91.16999816894531,65.9654312133789,753141900,0.0,0.0,0.0
2008-11-14,89.41000366210938,92.05999755859375,86.5199966430664,86.62000274658203,62.67330551147461,540352300,0.0,0.0,0.0
2008-11-17,86.37999725341797,88.55999755859375,85.16000366210938,85.47000122070312,61.841243743896484,415254900,0.0,0.0,0.0
2008-11-18,85.1500015258789,87.22000122070312,82.91000366210938,87.08000183105469,63.006107330322266,523811800,0.0,0.0,0.0
2008-11-19,85.91000366210938,86.87000274658203,80.91999816894531,81.5,58.96876907348633,558327600,0.0,0.0,0.0
2008-11-20,80.12999725341797,82.51000213623047,75.05000305175781,75.44999694824219,54.591339111328125,814180400,0.0,0.0,0.0
2008-11-21,77.45999908447266,80.9000015258789,74.33999633789062,79.5199966430664,57.536136627197266,718536500,0.0,0.0,0.0
2008-11-24,81.91999816894531,86.98999786376953,80.36000061035156,85.02999877929688,61.52286911010742,523305300,0.0,0.0,0.0
2008-11-25,87.30000305175781,87.51000213623047,83.81999969482422,85.66000366210938,61.97871017456055,454112400,0.0,0.0,0.0
2008-11-26,84.30000305175781,89.19000244140625,84.23999786376953,88.97000122070312,64.37364196777344,370134200,0.0,0.0,0.0
2008-11-28,88.62999725341797,90.12999725341797,88.4800033569336,90.08999633789062,65.18399810791016,118308100,0.0,0.0,0.0
2008-12-01,87.51000213623047,87.55000305175781,81.86000061035156,82.11000061035156,59.410133361816406,369927100,0.0,0.0,0.0
2008-12-02,83.47000122070312,85.48999786376953,82.04000091552734,85.2699966430664,61.69652557373047,469508400,0.0,0.0,0.0
2008-12-03,83.4000015258789,87.83000183105469,83.13999938964844,87.31999969482422,63.1798095703125,519863500,0.0,0.0,0.0
2008-12-04,86.05999755859375,88.05000305175781,83.73999786376953,85.30000305175781,61.71823501586914,444173800,0.0,0.0,0.0
2008-12-05,83.6500015258789,88.41999816894531,82.23999786376953,87.93000030517578,63.62115478515625,471905300,0.0,0.0,0.0
2008-12-08,90.33999633789062,92.37999725341797,88.08000183105469,91.0,65.84241485595703,412859300,0.0,0.0,0.0
2008-12-09,90.37000274658203,92.12999725341797,88.9800033569336,89.5,64.75715637207031,370790000,0.0,0.0,0.0
2008-12-10,90.31999969482422,91.36000061035156,89.0,90.11000061035156,65.19847106933594,396187400,0.0,0.0,0.0
2008-12-11,89.54000091552734,91.0,87.37000274658203,87.94000244140625,63.628379821777344,365061000,0.0,0.0,0.0
2008-12-12,85.55000305175781,89.06999969482422,85.19999694824219,88.98999786376953,64.38812255859375,415060400,0.0,0.0,0.0
2008-12-15,89.0199966430664,89.1500015258789,86.29000091552734,87.75,63.49089813232422,256694200,0.0,0.0,0.0
2008-12-16,91.87999725341797,92.0199966430664,88.18000030517578,91.87999725341797,66.4791488647461,377699500,0.0,0.0,0.0
2008-12-17,90.83999633789062,92.43000030517578,90.05999755859375,90.98999786376953,65.83518981933594,281819800,0.0,0.0,0.0
2008-12-18,91.4000015258789,91.66999816894531,88.20999908447266,89.29000091552734,64.60516357421875,374673300,0.0,0.0,0.0
2008-12-19,89.0999984741211,90.62000274658203,88.08999633789062,88.19000244140625,64.32725524902344,301451300,0.719,0.0,0.0
2008-12-22,88.58000183105469,88.66999816894531,85.48999786376953,87.05999755859375,63.50300598144531,243759500,0.0,0.0,0.0
2008-12-23,87.52999877929688,87.93000030517578,85.80000305175781,86.16000366210938,62.846553802490234,221625200,0.0,0.0,0.0
2008-12-24,86.44999694824219,86.87000274658203,86.0,86.66000366210938,63.211246490478516,62061600,0.0,0.0,0.0
2008-12-26,87.23999786376953,87.30000305175781,86.5,87.16000366210938,63.575927734375,74767700,0.0,0.0,0.0
2008-12-29,87.23999786376953,87.33000183105469,85.5999984741211,86.91000366210938,63.393619537353516,127795900,0.0,0.0,0.0
2008-12-30,87.51000213623047,89.05000305175781,86.87999725341797,88.97000122070312,64.8962173461914,168256300,0.0,0.0,0.0
2008-12-31,89.08000183105469,90.97000122070312,88.87000274658203,90.23999786376953,65.82254028320312,193987200,0.0,0.0,0.0
2009-01-02,90.44000244140625,93.44000244140625,89.8499984741211,92.95999908447266,67.80659484863281,227566300,0.0,0.0,0.0
2009-01-05,92.62999725341797,93.66000366210938,91.88999938964844,92.8499984741211,67.72637176513672,240349700,0.0,0.0,0.0
2009-01-06,93.63999938964844,94.44999694824219,92.68000030517578,93.47000122070312,68.1785659790039,328260900,0.0,0.0,0.0
2009-01-07,92.0,92.26000213623047,90.19999694824219,90.66999816894531,66.13622283935547,280899200,0.0,0.0,0.0
2009-01-08,90.16000366210938,91.08999633789062,89.66999816894531,91.04000091552734,66.40611267089844,263834400,0.0,0.0,0.0
2009-01-09,91.16000366210938,91.31999969482422,85.36000061035156,89.08999633789062,64.98372650146484,330953600,0.0,0.0,0.0
2009-01-12,88.83999633789062,88.91000366210938,86.41000366210938,86.94999694824219,63.422760009765625,277858500,0.0,0.0,0.0
2009-01-13,86.7300033569336,87.87999725341797,86.19999694824219,87.11000061035156,63.539485931396484,356432300,0.0,0.0,0.0
2009-01-14,85.54000091552734,85.75,83.16000366210938,84.37000274658203,61.54087448120117,435491600,0.0,0.0,0.0
2009-01-15,84.12000274658203,85.25,81.72000122070312,84.4000015258789,61.562747955322266,532647300,0.0,0.0,0.0
2009-01-16,85.86000061035156,85.98999786376953,83.05000305175781,85.05999755859375,62.04417037963867,399237200,0.0,0.0,0.0
2009-01-20,84.2300033569336,85.05999755859375,80.05000305175781,80.56999969482422,58.76911544799805,419855200,0.0,0.0,0.0
2009-01-21,81.94000244140625,84.23999786376953,80.47000122070312,84.05000305175781,61.30748748779297,364360700,0.0,0.0,0.0
2009-01-22,82.41999816894531,84.04000091552734,81.16999816894531,82.75,60.35922622680664,427940300,0.0,0.0,0.0
2009-01-23,80.9000015258789,83.98999786376953,80.56999969482422,83.11000061035156,60.621826171875,386800600,0.0,0.0,0.0
2009-01-26,83.58999633789062,85.36000061035156,82.80999755859375,83.68000030517578,61.037593841552734,317978800,0.0,0.0,0.0
2009-01-27,84.12999725341797,85.1500015258789,83.30000305175781,84.52999877929688,61.65760040283203,273789700,0.0,0.0,0.0
2009-01-28,86.4000015258789,87.94999694824219,86.06999969482422,87.38999938964844,63.74372482299805,330007000,0.0,0.0,0.0
2009-01-29,86.11000061035156,87.48999786376953,84.47000122070312,84.55000305175781,61.672203063964844,294392500,0.0,0.0,0.0
2009-01-30,84.9800033569336,85.4000015258789,82.20999908447266,82.83000183105469,60.41757583618164,383383600,0.0,0.0,0.0
2009-02-02,81.56999969482422,83.18000030517578,81.30999755859375,82.58000183105469,60.23524475097656,288233300,0.0,0.0,0.0
2009-02-03,83.0999984741211,84.36000061035156,82.22000122070312,83.73999786376953,61.08132553100586,278385800,0.0,0.0,0.0
2009-02-04,84.30000305175781,85.37000274658203,83.04000091552734,83.33000183105469,60.78230285644531,322989300,0.0,0.0,0.0
2009-02-05,82.69999694824219,85.29000091552734,77.7300033569336,84.56999969482422,61.686805725097656,417679400,0.0,0.0,0.0
2009-02-06,84.86000061035156,87.33999633789062,84.68000030517578,86.9800033569336,63.44466781616211,366101700,0.0,0.0,0.0
2009-02-09,86.95999908447266,87.73999786376953,86.31999969482422,87.0999984741211,63.53219223022461,240075200,0.0,0.0,0.0
2009-02-10,86.2699966430664,87.02999877929688,82.44999694824219,83.11000061035156,60.621826171875,536212800,0.0,0.0,0.0
2009-02-11,83.44999694824219,84.05000305175781,82.4000015258789,83.5999984741211,60.979248046875,324442500,0.0,0.0,0.0
2009-02-12,82.16999816894531,83.81999969482422,81.05000305175781,83.66000366210938,61.022979736328125,469302200,0.0,0.0,0.0
2009-02-13,83.55000305175781,84.23999786376953,82.73999786376953,82.76000213623047,60.366546630859375,293998400,0.0,0.0,0.0
2009-02-17,80.16000366210938,82.95999908447266,79.16999816894531,79.22000122070312,57.784420013427734,478910100,0.0,0.0,0.0
2009-02-18,79.79000091552734,79.94000244140625,78.27999877929688,79.02999877929688,57.64582824707031,362964800,0.0,0.0,0.0
2009-02-19,79.83999633789062,80.1500015258789,78.0199966430664,78.18000030517578,57.02581024169922,316867500,0.0,0.0,0.0
2009-02-20,76.7300033569336,78.33999633789062,75.7699966430664,77.41999816894531,56.4714241027832,477176600,0.0,0.0,0.0
2009-02-23,78.2699966430664,78.2699966430664,74.58999633789062,74.6500015258789,54.45094299316406,379641400,0.0,0.0,0.0
2009-02-24,75.29000091552734,77.94999694824219,74.69999694824219,77.4800033569336,56.515201568603516,426260900,0.0,0.0,0.0
2009-02-25,77.13999938964844,78.41999816894531,75.62999725341797,76.87000274658203,56.07027816772461,461985800,0.0,0.0,0.0
2009-02-26,77.81999969482422,79.66999816894531,75.52999877929688,75.62000274658203,55.15850830078125,363353900,0.0,0.0,0.0
2009-02-27,74.01000213623047,75.69000244140625,73.80999755859375,73.93000030517578,53.92578887939453,470510900,0.0,0.0,0.0
2009-03-02,72.5199966430664,73.91999816894531,70.37000274658203,70.5999984741211,51.496822357177734,426452600,0.0,0.0,0.0
2009-03-03,71.61000061035156,71.69999694824219,69.63999938964844,70.06999969482422,51.1102294921875,443761000,0.0,0.0,0.0
2009-03-04,71.2300033569336,72.87000274658203,70.06999969482422,71.7300033569336,52.32107162475586,462753100,0.0,0.0,0.0
2009-03-05,70.0999984741211,71.7300033569336,68.16999816894531,68.80000305175781,50.18388366699219,485549400,0.0,0.0,0.0
2009-03-06,69.4000015258789,70.44999694824219,67.0999984741211,68.91999816894531,50.27140426635742,490470000,0.0,0.0,0.0
2009-03-09,67.94999694824219,70.0,67.7300033569336,68.11000061035156,49.680572509765625,379905300,0.0,0.0,0.0
2009-03-10,69.51000213623047,72.37000274658203,69.37000274658203,72.16999816894531,52.64199447631836,406227900,0.0,0.0,0.0
2009-03-11,73.0,73.75,71.83000183105469,72.63999938964844,52.98484420776367,356648300,0.0,0.0,0.0
2009-03-12,72.62000274658203,75.75,71.97000122070312,75.5,55.07093811035156,409702700,0.0,0.0,0.0
2009-03-13,76.01000213623047,76.9800033569336,74.7300033569336,76.08999633789062,55.501338958740234,337474700,0.0,0.0,0.0
2009-03-16,76.95999908447266,77.97000122070312,75.80999755859375,75.86000061035156,55.33356475830078,360644900,0.0,0.0,0.0
2009-03-17,76.06999969482422,78.36000061035156,75.44999694824219,78.18000030517578,57.02581024169922,356814300,0.0,0.0,0.0
2009-03-18,77.80999755859375,80.9000015258789,77.06999969482422,79.93000030517578,58.302303314208984,473273200,0.0,0.0,0.0
2009-03-19,80.93000030517578,81.0,78.69000244140625,78.94000244140625,57.58015823364258,428520400,0.0,0.0,0.0
2009-03-20,78.76000213623047,78.91000366210938,76.52999877929688,76.70999908447266,56.35405731201172,371078200,0.561,0.0,0.0
2009-03-23,78.73999786376953,82.29000091552734,78.30999755859375,82.22000122070312,60.40192794799805,419933300,0.0,0.0,0.0
2009-03-24,81.23999786376953,82.36000061035156,80.51000213623047,80.5999984741211,59.21177291870117,330271000,0.0,0.0,0.0
2009-03-25,81.2300033569336,82.69999694824219,79.05999755859375,81.44999694824219,59.836238861083984,441775100,0.0,0.0,0.0
2009-03-26,82.25,83.30000305175781,81.31999969482422,83.11000061035156,61.05573272705078,422025200,0.0,0.0,0.0
2009-03-27,82.05000305175781,82.52999877929688,81.30999755859375,81.61000061035156,59.95376205444336,322332300,0.0,0.0,0.0
2009-03-30,79.80000305175781,79.87000274658203,77.95999908447266,78.79000091552734,57.88209915161133,324108500,0.0,0.0,0.0
2009-03-31,79.55999755859375,81.08000183105469,79.05000305175781,79.5199966430664,58.41838073730469,364238300,0.0,0.0,0.0
2009-04-01,78.52999877929688,81.41999816894531,78.33000183105469,81.05999755859375,59.549713134765625,377018300,0.0,0.0,0.0
2009-04-02,83.08000183105469,84.61000061035156,81.12999725341797,83.43000030517578,61.29080581665039,476230700,0.0,0.0,0.0
2009-04-03,83.48999786376953,84.27999877929688,82.66999816894531,84.26000213623047,61.900577545166016,284646300,0.0,0.0,0.0
2009-04-06,83.33999633789062,84.27999877929688,82.29000091552734,83.5999984741211,61.41572189331055,264866600,0.0,0.0,0.0
2009-04-07,82.25,82.6500015258789,81.51000213623047,81.6500015258789,59.9831657409668,258947800,0.0,0.0,0.0
2009-04-08,82.05999755859375,82.94000244140625,81.54000091552734,82.52999877929688,60.62967300415039,230402800,0.0,0.0,0.0
2009-04-09,84.66999816894531,85.81999969482422,84.33000183105469,85.80999755859375,63.03923034667969,269653500,0.0,0.0,0.0
2009-04-13,84.91999816894531,86.54000091552734,84.58000183105469,85.83000183105469,63.05391311645508,224847500,0.0,0.0,0.0
2009-04-14,85.02999877929688,85.76000213623047,84.08000183105469,84.3499984741211,61.96668243408203,276598800,0.0,0.0,0.0
2009-04-15,83.83999633789062,85.41999816894531,83.61000061035156,85.25,62.62782669067383,250726100,0.0,0.0,0.0
2009-04-16,85.93000030517578,87.1500015258789,84.7699966430664,86.5,63.5461311340332,335202900,0.0,0.0,0.0
2009-04-17,86.83000183105469,87.6500015258789,86.13999938964844,87.08000183105469,63.97225570678711,262649000,0.0,0.0,0.0
2009-04-20,85.54000091552734,87.05000305175781,83.33999633789062,83.43000030517578,61.29080581665039,293690100,0.0,0.0,0.0
2009-04-21,82.81999969482422,85.12999725341797,82.75,85.05999755859375,62.488277435302734,114090900,0.0,0.0,0.0
2009-04-22,84.29000091552734,86.33999633789062,84.06999969482422,84.54000091552734,62.10626983642578,340395200,0.0,0.0,0.0
2009-04-23,84.70999908447266,85.41999816894531,83.62999725341797,85.37000274658203,62.71599197387695,324903700,0.0,0.0,0.0
2009-04-24,86.02999877929688,87.30999755859375,85.69000244140625,86.66000366210938,63.66371154785156,287703000,0.0,0.0,0.0
2009-04-27,85.68000030517578,87.01000213623047,85.54000091552734,85.83999633789062,63.061283111572266,289581600,0.0,0.0,0.0
2009-04-28,84.97000122070312,86.58999633789062,84.76000213623047,85.56999969482422,62.86293411254883,247926300,0.0,0.0,0.0
2009-04-29,86.5199966430664,88.36000061035156,86.30000305175781,87.38999938964844,64.1999740600586,311505700,0.0,0.0,0.0
2009-04-30,88.55000305175781,89.0199966430664,86.91999816894531,87.41999816894531,64.2220230102539,301419800,0.0,0.0,0.0
2009-05-01,87.44000244140625,88.20999908447266,86.72000122070312,87.88999938964844,64.56729888916016,236110300,0.0,0.0,0.0
2009-05-04,88.55000305175781,90.94000244140625,88.37999725341797,90.87999725341797,66.76385498046875,287120000,0.0,0.0,0.0
2009-05-05,90.56999969482422,90.93000030517578,89.83999633789062,90.56999969482422,66.53611755371094,243036300,0.0,0.0,0.0
2009-05-06,91.68000030517578,92.19999694824219,90.61000061035156,92.13999938964844,67.68950653076172,291941000,0.0,0.0,0.0
2009-05-07,93.01000213623047,93.1500015258789,90.27999877929688,90.86000061035156,66.74917602539062,317728000,0.0,0.0,0.0
2009-05-08,92.02999877929688,93.22000122070312,91.44000244140625,92.9800033569336,68.30661010742188,299081700,0.0,0.0,0.0
2009-05-11,91.69999694824219,92.11000061035156,91.04000091552734,91.23999786376953,67.0283203125,247923600,0.0,0.0,0.0
2009-05-12,91.62999725341797,91.83000183105469,89.8499984741211,90.97000122070312,66.8299789428711,282431300,0.0,0.0,0.0
2009-05-13,89.73999786376953,90.01000213623047,88.5,88.68000030517578,65.14765930175781,269619100,0.0,0.0,0.0
2009-05-14,88.72000122070312,90.12000274658203,88.5,89.44000244140625,65.70596313476562,260098700,0.0,0.0,0.0
2009-05-15,89.37000274658203,90.0,88.1500015258789,88.70999908447266,65.1697006225586,271502700,0.0,0.0,0.0
2009-05-18,89.55000305175781,91.33999633789062,88.56999969482422,91.2300033569336,67.0209732055664,241447400,0.0,0.0,0.0
2009-05-19,91.18000030517578,91.97000122070312,90.80999755859375,91.12000274658203,66.940185546875,206102200,0.0,0.0,0.0
2009-05-20,91.94999694824219,92.80000305175781,90.41000366210938,90.51000213623047,66.49205780029297,285722200,0.0,0.0,0.0
2009-05-21,89.45999908447266,89.80000305175781,88.26000213623047,89.20999908447266,65.53704071044922,258988400,0.0,0.0,0.0
2009-05-22,89.45999908447266,90.0,88.68000030517578,89.0199966430664,65.39745330810547,166811900,0.0,0.0,0.0
2009-05-26,88.36000061035156,91.55999755859375,88.31999969482422,91.30000305175781,67.07243347167969,236318500,0.0,0.0,0.0
2009-05-27,91.44000244140625,91.75,89.52999877929688,89.66999816894531,65.87494659423828,246015800,0.0,0.0,0.0
2009-05-28,90.45999908447266,91.33999633789062,89.0999984741211,90.91999816894531,66.7932357788086,289095000,0.0,0.0,0.0
2009-05-29,91.41999816894531,93.69999694824219,90.68000030517578,92.52999877929688,67.97602081298828,258641500,0.0,0.0,0.0
2009-06-01,93.66999816894531,95.16999816894531,93.43000030517578,94.7699966430664,69.62157440185547,276246800,0.0,0.0,0.0
2009-06-02,94.4000015258789,95.37000274658203,94.2300033569336,94.8499984741211,69.68038177490234,230874500,0.0,0.0,0.0
2009-06-03,94.04000091552734,94.12999725341797,92.76000213623047,93.6500015258789,68.79881286621094,235310500,0.0,0.0,0.0
2009-06-04,94.0,94.66999816894531,93.30000305175781,94.52999877929688,69.44527435302734,210102300,0.0,0.0,0.0
2009-06-05,95.48999786376953,95.66999816894531,93.80000305175781,94.55000305175781,69.46001434326172,284257900,0.0,0.0,0.0
2009-06-08,93.83999633789062,95.0999984741211,93.04000091552734,94.16000366210938,69.1734619140625,238565100,0.0,0.0,0.0
2009-06-09,94.69000244140625,95.13999938964844,94.0199966430664,94.63999938964844,69.52608489990234,225125500,0.0,0.0,0.0
2009-06-10,95.4800033569336,95.48999786376953,93.19000244140625,94.4000015258789,69.34977722167969,296100400,0.0,0.0,0.0
2009-06-11,94.58000183105469,96.11000061035156,94.55999755859375,94.81999969482422,69.65834045410156,275414200,0.0,0.0,0.0
2009-06-12,94.4000015258789,95.13999938964844,94.0,95.08000183105469,69.84933471679688,184361800,0.0,0.0,0.0
2009-06-15,93.95999908447266,94.0199966430664,92.4000015258789,92.9000015258789,68.24784088134766,224190500,0.0,0.0,0.0
2009-06-16,93.2300033569336,93.29000091552734,91.58000183105469,91.63999938964844,67.32218170166016,227319000,0.0,0.0,0.0
2009-06-17,91.5999984741211,92.33000183105469,90.83000183105469,91.55000305175781,67.25606536865234,223445200,0.0,0.0,0.0
2009-06-18,91.69000244140625,92.66999816894531,91.25,92.22000122070312,67.7482681274414,211725100,0.0,0.0,0.0
2009-06-19,92.58000183105469,92.69999694824219,91.5199966430664,92.04000091552734,67.99797058105469,215655600,0.518,0.0,0.0
2009-06-22,91.13999938964844,91.19000244140625,89.25,89.27999877929688,65.95891571044922,251913600,0.0,0.0,0.0
2009-06-23,89.47000122070312,89.87999725341797,88.8499984741211,89.3499984741211,66.01063537597656,188309800,0.0,0.0,0.0
2009-06-24,90.16000366210938,91.08000183105469,89.5999984741211,90.12000274658203,66.57951354980469,211577700,0.0,0.0,0.0
2009-06-25,89.66999816894531,92.16999816894531,89.56999969482422,92.08000183105469,68.02754211425781,279411000,0.0,0.0,0.0
2009-06-26,91.7699966430664,92.23999786376953,91.2699966430664,91.83999633789062,67.8502426147461,167579000,0.0,0.0,0.0
2009-06-29,92.11000061035156,92.81999969482422,91.5999984741211,92.69999694824219,68.48558807373047,168481300,0.0,0.0,0.0
2009-06-30,92.72000122070312,93.05999755859375,91.2699966430664,91.94999694824219,67.9315185546875,228888200,0.0,0.0,0.0
2009-07-01,92.33999633789062,93.2300033569336,92.20999908447266,92.33000183105469,68.21222686767578,173041100,0.0,0.0,0.0
2009-07-02,91.12999725341797,92.36000061035156,89.76000213623047,89.80999755859375,66.3504638671875,212309900,0.0,0.0,0.0
2009-07-06,88.94000244140625,89.93000030517578,88.66000366210938,89.80000305175781,66.34310913085938,174499600,0.0,0.0,0.0
2009-07-07,89.70999908447266,89.81999969482422,88.0,88.05999755859375,65.0575942993164,197088900,0.0,0.0,0.0
2009-07-08,88.58999633789062,88.80000305175781,87.0,88.0,65.01329040527344,248050500,0.0,0.0,0.0
2009-07-09,88.61000061035156,88.9000015258789,87.91000366210938,88.16999816894531,65.13887023925781,163777600,0.0,0.0,0.0
2009-07-10,87.69999694824219,88.48999786376953,87.3499984741211,87.95999908447266,64.98372650146484,173520300,0.0,0.0,0.0
2009-07-13,88.30999755859375,90.16999816894531,87.58999633789062,90.0999984741211,66.56472778320312,217413500,0.0,0.0,0.0
2009-07-14,90.37999725341797,90.69000244140625,89.7300033569336,90.61000061035156,66.94152069091797,181487400,0.0,0.0,0.0
2009-07-15,91.80999755859375,93.51000213623047,90.68000030517578,93.26000213623047,68.89930725097656,220877900,0.0,0.0,0.0
2009-07-16,93.0,94.51000213623047,92.81999969482422,93.11000061035156,68.78849029541016,231174500,0.0,0.0,0.0
2009-07-17,94.05999755859375,94.31999969482422,93.54000091552734,94.12999725341797,69.54203033447266,138561700,0.0,0.0,0.0
2009-07-20,94.68000030517578,95.29000091552734,94.19000244140625,95.12999725341797,70.28082275390625,164179400,0.0,0.0,0.0
2009-07-21,95.87000274658203,95.9000015258789,94.41999816894531,95.56999969482422,70.60589599609375,217718300,0.0,0.0,0.0
2009-07-22,94.95999908447266,96.12999725341797,94.88999938964844,95.55000305175781,70.59114837646484,196068100,0.0,0.0,0.0
2009-07-23,95.61000061035156,98.08000183105469,95.52999877929688,97.66000366210938,72.14997100830078,258795500,0.0,0.0,0.0
2009-07-24,97.19999694824219,98.13999938964844,96.69000244140625,98.05999755859375,72.44549560546875,154003100,0.0,0.0,0.0
2009-07-27,97.87999725341797,98.4000015258789,97.33999633789062,98.3499984741211,72.65972900390625,159259400,0.0,0.0,0.0
2009-07-28,97.66000366210938,98.37000274658203,97.05999755859375,97.88999938964844,72.31988525390625,186685200,0.0,0.0,0.0
2009-07-29,97.44000244140625,98.08999633789062,96.9800033569336,97.6500015258789,72.14258575439453,194399300,0.0,0.0,0.0
2009-07-30,98.83000183105469,99.83000183105469,98.5999984741211,98.66999816894531,72.89614868164062,225575400,0.0,0.0,0.0
2009-07-31,98.6500015258789,99.47000122070312,98.37999725341797,98.80999755859375,72.99958038330078,207358000,0.0,0.0,0.0
2009-08-03,99.8499984741211,100.52999877929688,99.30999755859375,100.44000244140625,74.20382690429688,175776900,0.0,0.0,0.0
2009-08-04,99.98999786376953,100.83999633789062,99.77999877929688,100.69999694824219,74.3958740234375,176714600,0.0,0.0,0.0
2009-08-05,100.7699966430664,100.86000061035156,99.58000183105469,100.41000366210938,74.18164825439453,184726400,0.0,0.0,0.0
2009-08-06,100.87000274658203,101.0199966430664,99.41999816894531,99.88999938964844,73.79745483398438,193203800,0.0,0.0,0.0
2009-08-07,100.94000244140625,102.02999877929688,100.38999938964844,101.19999694824219,74.76526641845703,220640900,0.0,0.0,0.0
2009-08-10,100.73999786376953,101.22000122070312,100.2699966430664,100.98999786376953,74.61014556884766,130898700,0.0,0.0,0.0
2009-08-11,100.54000091552734,100.61000061035156,99.45999908447266,99.7300033569336,73.67927551269531,157301000,0.0,0.0,0.0
2009-08-12,99.55999755859375,101.55999755859375,99.51000213623047,100.80000305175781,74.46977996826172,219052400,0.0,0.0,0.0
2009-08-13,101.26000213623047,101.61000061035156,100.26000213623047,101.56999969482422,75.03861999511719,176449500,0.0,0.0,0.0
2009-08-14,101.5199966430664,101.5999984741211,99.69999694824219,100.79000091552734,74.46237182617188,199616100,0.0,0.0,0.0
2009-08-17,98.8499984741211,98.94999694824219,98.11000061035156,98.30999755859375,72.63017272949219,237667500,0.0,0.0,0.0
2009-08-18,98.52999877929688,99.44000244140625,98.3499984741211,99.08999633789062,73.2064437866211,173461500,0.0,0.0,0.0
2009-08-19,98.30999755859375,100.30000305175781,98.20999908447266,99.95999908447266,73.84919738769531,192812800,0.0,0.0,0.0
2009-08-20,100.08999633789062,101.22000122070312,99.87000274658203,100.98999786376953,74.61014556884766,174131300,0.0,0.0,0.0
2009-08-21,101.81999969482422,103.12999725341797,101.62000274658203,102.97000122070312,76.07292938232422,224605000,0.0,0.0,0.0
2009-08-24,103.38999938964844,103.94999694824219,102.58999633789062,102.95999908447266,76.06554412841797,191279000,0.0,0.0,0.0
2009-08-25,103.37000274658203,104.26000213623047,102.94000244140625,103.16000366210938,76.21332550048828,215310600,0.0,0.0,0.0
2009-08-26,102.83999633789062,103.63999938964844,102.48999786376953,103.16999816894531,76.22067260742188,194620700,0.0,0.0,0.0
2009-08-27,103.11000061035156,103.72000122070312,101.94000244140625,103.4000015258789,76.390625,196230100,0.0,0.0,0.0
2009-08-28,104.2300033569336,104.3499984741211,102.66999816894531,103.37999725341797,76.3758316040039,147024400,0.0,0.0,0.0
2009-08-31,102.37000274658203,102.58000183105469,101.79000091552734,102.45999908447266,75.69615173339844,176051600,0.0,0.0,0.0
2009-09-01,101.94999694824219,103.23999786376953,99.98999786376953,100.19999694824219,74.0264892578125,321276800,0.0,0.0,0.0
2009-09-02,99.77999877929688,100.44000244140625,99.56999969482422,99.81999969482422,73.74576568603516,171805000,0.0,0.0,0.0
2009-09-03,100.4000015258789,100.7699966430664,99.58999633789062,100.6500015258789,74.35896301269531,143572300,0.0,0.0,0.0
2009-09-04,100.8499984741211,102.08999633789062,100.55000305175781,102.05999755859375,75.40064239501953,142687900,0.0,0.0,0.0
2009-09-08,103.0,103.05000305175781,102.38999938964844,102.94000244140625,76.05077362060547,132909100,0.0,0.0,0.0
2009-09-09,103.12000274658203,104.08000183105469,102.80000305175781,103.7300033569336,76.63441467285156,154612500,0.0,0.0,0.0
2009-09-10,103.80000305175781,104.86000061035156,103.22000122070312,104.79000091552734,77.41751098632812,162902400,0.0,0.0,0.0
2009-09-11,104.98999786376953,105.30000305175781,104.27999877929688,104.7699966430664,77.40276336669922,152360100,0.0,0.0,0.0
2009-09-14,103.87999725341797,105.45999908447266,103.1500015258789,105.27999877929688,77.779541015625,149593800,0.0,0.0,0.0
2009-09-15,105.44999694824219,106.11000061035156,104.76000213623047,105.72000122070312,78.1045913696289,196795900,0.0,0.0,0.0
2009-09-16,106.0999984741211,107.33999633789062,105.7300033569336,107.31999969482422,79.28667449951172,206406300,0.0,0.0,0.0
2009-09-17,107.16999816894531,108.05999755859375,106.56999969482422,107.16000366210938,79.16844940185547,229170900,0.0,0.0,0.0
2009-09-18,107.1500015258789,107.16000366210938,106.36000061035156,106.72000122070312,79.21892547607422,153799100,0.508,0.0,0.0
2009-09-21,105.88999938964844,107.0,105.66000366210938,106.44999694824219,79.01850128173828,151892000,0.0,0.0,0.0
2009-09-22,107.08000183105469,107.37000274658203,106.5999984741211,107.06999969482422,79.478759765625,143126700,0.0,0.0,0.0
2009-09-23,107.31999969482422,108.02999877929688,105.98999786376953,106.18000030517578,78.81810760498047,225947400,0.0,0.0,0.0
2009-09-24,106.41000366210938,106.63999938964844,104.55000305175781,105.01000213623047,77.94957733154297,228636800,0.0,0.0,0.0
2009-09-25,104.77999877929688,105.36000061035156,104.08999633789062,104.44999694824219,77.53388977050781,204059000,0.0,0.0,0.0
2009-09-28,104.8499984741211,106.55000305175781,104.83000183105469,106.31999969482422,78.92201232910156,118285800,0.0,0.0,0.0
2009-09-29,106.51000213623047,107.0199966430664,105.77999877929688,106.0,78.68446350097656,133733900,0.0,0.0,0.0
2009-09-30,106.36000061035156,106.45999908447266,104.62000274658203,105.58999633789062,78.38013458251953,254383000,0.0,0.0,0.0
2009-10-01,103.0,105.7300033569336,102.94999694824219,102.97000122070312,76.43529510498047,281840600,0.0,0.0,0.0
2009-10-02,102.0199966430664,103.0999984741211,101.98999786376953,102.48999786376953,76.0789566040039,224748800,0.0,0.0,0.0
2009-10-05,102.9000015258789,104.31999969482422,102.5999984741211,104.0199966430664,77.21470642089844,149875000,0.0,0.0,0.0
2009-10-06,104.7699966430664,106.11000061035156,104.70999908447266,105.51000213623047,78.32073974609375,202491100,0.0,0.0,0.0
2009-10-07,105.2699966430664,105.91000366210938,105.06999969482422,105.80000305175781,78.53599548339844,159200300,0.0,0.0,0.0
2009-10-08,106.55000305175781,107.16999816894531,105.8499984741211,106.61000061035156,79.13728332519531,183305800,0.0,0.0,0.0
2009-10-09,106.63999938964844,107.26000213623047,106.36000061035156,107.26000213623047,79.61978912353516,135008300,0.0,0.0,0.0
2009-10-12,107.76000213623047,108.08999633789062,107.27999877929688,107.68000030517578,79.93155670166016,118031000,0.0,0.0,0.0
2009-10-13,107.38999938964844,107.70999908447266,106.76000213623047,107.45999908447266,79.76822662353516,157692700,0.0,0.0,0.0
2009-10-14,108.72000122070312,109.41999816894531,107.41999816894531,109.30999755859375,81.1415023803711,191421600,0.0,0.0,0.0
2009-10-15,108.77999877929688,109.70999908447266,108.7300033569336,109.70999908447266,81.43839263916016,173873600,0.0,0.0,0.0
2009-10-16,108.80000305175781,109.2699966430664,108.2300033569336,108.88999938964844,80.8297348022461,192069400,0.0,0.0,0.0
2009-10-19,109.06999969482422,110.12999725341797,108.7300033569336,109.79000091552734,81.49781799316406,159530400,0.0,0.0,0.0
2009-10-20,109.94999694824219,109.98999786376953,108.68000030517578,109.20999908447266,81.06729125976562,180921100,0.0,0.0,0.0
2009-10-21,109.04000091552734,110.30999755859375,108.1500015258789,108.2300033569336,80.33979797363281,225379300,0.0,0.0,0.0
2009-10-22,108.19000244140625,109.68000030517578,107.5,109.33000183105469,81.1563491821289,238444000,0.0,0.0,0.0
2009-10-23,109.69000244140625,109.76000213623047,107.62999725341797,108.08000183105469,80.22843933105469,240033200,0.0,0.0,0.0
2009-10-26,108.19999694824219,109.30999755859375,106.61000061035156,106.91000366210938,79.3599624633789,242028200,0.0,0.0,0.0
2009-10-27,107.02999877929688,107.38999938964844,106.16000366210938,106.41999816894531,78.9962387084961,253266300,0.0,0.0,0.0
2009-10-28,106.1500015258789,106.4800033569336,104.3499984741211,104.41000366210938,77.5041732788086,248821400,0.0,0.0,0.0
2009-10-29,105.19000244140625,106.86000061035156,104.94000244140625,106.6500015258789,79.1669692993164,198110600,0.0,0.0,0.0
2009-10-30,106.30000305175781,106.62000274658203,103.44000244140625,103.55999755859375,76.87325286865234,325608100,0.0,0.0,0.0
2009-11-02,104.12999725341797,105.41000366210938,103.08000183105469,104.31999969482422,77.4373779296875,254222900,0.0,0.0,0.0
2009-11-03,103.73999786376953,104.80000305175781,103.54000091552734,104.6500015258789,77.68235778808594,228362600,0.0,0.0,0.0
2009-11-04,105.51000213623047,106.33000183105469,104.6500015258789,104.91999816894531,77.88277435302734,247996700,0.0,0.0,0.0
2009-11-05,105.66000366210938,106.87999725341797,105.44000244140625,106.8499984741211,79.31546020507812,180015300,0.0,0.0,0.0
2009-11-06,106.26000213623047,107.4000015258789,106.05000305175781,107.12999725341797,79.52326202392578,170954100,0.0,0.0,0.0
2009-11-09,107.94999694824219,109.62999725341797,107.87000274658203,109.56999969482422,81.3344955444336,159495700,0.0,0.0,0.0
2009-11-10,109.30999755859375,109.93000030517578,108.97000122070312,109.58999633789062,81.3493423461914,171899800,0.0,0.0,0.0
2009-11-11,110.30999755859375,110.81999969482422,109.62000274658203,110.1500015258789,81.7650375366211,169466200,0.0,0.0,0.0
2009-11-12,110.0,110.56999969482422,108.75,109.02999877929688,80.93363189697266,157144500,0.0,0.0,0.0
2009-11-13,109.30999755859375,110.08999633789062,108.75,109.62000274658203,81.37162780761719,150963000,0.0,0.0,0.0
2009-11-16,110.37999725341797,111.69000244140625,110.31999969482422,111.20999908447266,82.55188751220703,210922200,0.0,0.0,0.0
2009-11-17,110.91999816894531,111.38999938964844,110.5,111.33999633789062,82.64839172363281,147134100,0.0,0.0,0.0
2009-11-18,111.26000213623047,111.43000030517578,110.56999969482422,111.2699966430664,82.59642028808594,156486800,0.0,0.0,0.0
2009-11-19,110.51000213623047,111.30999755859375,109.12999725341797,109.81999969482422,81.52006530761719,208734600,0.0,0.0,0.0
2009-11-20,109.25,109.76000213623047,109.01000213623047,109.43000030517578,81.23057556152344,134196000,0.0,0.0,0.0
2009-11-23,110.72000122070312,111.73999786376953,110.5999984741211,110.81999969482422,82.26239013671875,148010200,0.0,0.0,0.0
2009-11-24,111.0,111.19999694824219,110.01000213623047,110.98999786376953,82.38858795166016,138420100,0.0,0.0,0.0
2009-11-25,111.16999816894531,111.5,110.81999969482422,111.37999725341797,82.67804718017578,109564800,0.0,0.0,0.0
2009-11-27,108.4000015258789,110.31999969482422,108.29000091552734,109.56999969482422,81.3344955444336,126001800,0.0,0.0,0.0
2009-11-30,109.4800033569336,110.19999694824219,108.12000274658203,109.94000244140625,81.609130859375,160874800,0.0,0.0,0.0
2009-12-01,110.91999816894531,111.66000366210938,110.7300033569336,111.30000305175781,82.61870574951172,159613700,0.0,0.0,0.0
2009-12-02,111.27999877929688,112.01000213623047,110.91999816894531,111.25,82.58158874511719,132315100,0.0,0.0,0.0
2009-12-03,111.55000305175781,112.18000030517578,110.29000091552734,110.37999725341797,81.935791015625,167324900,0.0,0.0,0.0
2009-12-04,111.83999633789062,112.37999725341797,110.04000091552734,111.01000213623047,82.40343475341797,274907800,0.0,0.0,0.0
2009-12-07,110.91000366210938,111.52999877929688,110.48999786376953,110.83999633789062,82.2772216796875,127973800,0.0,0.0,0.0
2009-12-08,110.04000091552734,110.7699966430664,109.2699966430664,109.61000061035156,81.36418914794922,169863700,0.0,0.0,0.0
2009-12-09,109.58000183105469,110.18000030517578,109.0199966430664,110.0199966430664,81.66852569580078,155063400,0.0,0.0,0.0
2009-12-10,110.69999694824219,111.12000274658203,110.44999694824219,110.63999938964844,82.12876892089844,138014600,0.0,0.0,0.0
2009-12-11,111.11000061035156,111.36000061035156,110.61000061035156,111.11000061035156,82.47765350341797,124854000,0.0,0.0,0.0
2009-12-14,111.87000274658203,112.0,111.12999725341797,111.87000274658203,83.04183197021484,107141500,0.0,0.0,0.0
2009-12-15,111.45999908447266,111.91999816894531,111.0,111.3499984741211,82.65582275390625,120408800,0.0,0.0,0.0
2009-12-16,111.80000305175781,112.12999725341797,111.2699966430664,111.5199966430664,82.78202819824219,155358200,0.0,0.0,0.0
2009-12-17,110.72000122070312,110.93000030517578,110.08000183105469,110.18000030517578,81.78730773925781,183390100,0.0,0.0,0.0
2009-12-18,110.19999694824219,110.30000305175781,109.27999877929688,110.20999908447266,82.2500228881836,174591200,0.59,0.0,0.0
2009-12-21,110.76000213623047,111.69999694824219,110.76000213623047,111.33000183105469,83.08586883544922,118039600,0.0,0.0,0.0
2009-12-22,111.56999969482422,111.97000122070312,111.43000030517578,111.7300033569336,83.38439178466797,91707500,0.0,0.0,0.0
2009-12-23,112.0,112.11000061035156,111.5,111.94999694824219,83.54859924316406,111783100,0.0,0.0,0.0
2009-12-24,112.19000244140625,112.5999984741211,112.0,112.4800033569336,83.9441146850586,39677500,0.0,0.0,0.0
2009-12-28,112.9000015258789,112.98999786376953,112.31999969482422,112.72000122070312,84.12323760986328,87508500,0.0,0.0,0.0
2009-12-29,113.01000213623047,113.02999877929688,112.55000305175781,112.55999755859375,84.0038070678711,80572500,0.0,0.0,0.0
2009-12-30,112.2300033569336,112.6500015258789,112.16999816894531,112.5199966430664,83.97396087646484,73138400,0.0,0.0,0.0
2009-12-31,112.7699966430664,112.80000305175781,111.38999938964844,111.44000244140625,83.16796112060547,90637900,0.0,0.0,0.0
2010-01-04,112.37000274658203,113.38999938964844,111.51000213623047,113.33000183105469,84.57846069335938,118944600,0.0,0.0,0.0
2010-01-05,113.26000213623047,113.68000030517578,112.8499984741211,113.62999725341797,84.80238342285156,111579900,0.0,0.0,0.0
2010-01-06,113.5199966430664,113.98999786376953,113.43000030517578,113.70999908447266,84.86205291748047,116074400,0.0,0.0,0.0
2010-01-07,113.5,114.33000183105469,113.18000030517578,114.19000244140625,85.22029113769531,131091100,0.0,0.0,0.0
2010-01-08,113.88999938964844,114.62000274658203,113.66000366210938,114.56999969482422,85.50390625,126402800,0.0,0.0,0.0
2010-01-11,115.08000183105469,115.12999725341797,114.23999786376953,114.7300033569336,85.62333679199219,106375700,0.0,0.0,0.0
2010-01-12,113.97000122070312,114.20999908447266,113.22000122070312,113.66000366210938,84.82476806640625,163333500,0.0,0.0,0.0
2010-01-13,113.94999694824219,114.94000244140625,113.37000274658203,114.62000274658203,85.54122161865234,161822000,0.0,0.0,0.0
2010-01-14,114.48999786376953,115.13999938964844,114.41999816894531,114.93000030517578,85.77255249023438,115718800,0.0,0.0,0.0
2010-01-15,114.7300033569336,114.83999633789062,113.19999694824219,113.63999938964844,84.80982971191406,212283100,0.0,0.0,0.0
2010-01-19,113.62000274658203,115.12999725341797,113.58999633789062,115.05999755859375,85.86957550048828,139172700,0.0,0.0,0.0
2010-01-20,114.27999877929688,114.44999694824219,112.9800033569336,113.88999938964844,84.9963607788086,216490200,0.0,0.0,0.0
2010-01-21,113.91999816894531,114.2699966430664,111.55999755859375,111.69999694824219,83.36200714111328,344859600,0.0,0.0,0.0
2010-01-22,111.19999694824219,111.73999786376953,109.08999633789062,109.20999908447266,81.50370025634766,345942400,0.0,0.0,0.0
2010-01-25,110.20999908447266,110.41000366210938,109.41000366210938,109.7699966430664,81.92163848876953,186937500,0.0,0.0,0.0
2010-01-26,109.33999633789062,110.47000122070312,109.04000091552734,109.30999755859375,81.57833862304688,211168800,0.0,0.0,0.0
2010-01-27,109.16999816894531,110.08000183105469,108.33000183105469,109.83000183105469,81.9664306640625,271863600,0.0,0.0,0.0
2010-01-28,110.19000244140625,110.25,107.91000366210938,108.56999969482422,81.02609252929688,316104000,0.0,0.0,0.0
2010-01-29,109.04000091552734,109.80000305175781,107.22000122070312,107.38999938964844,80.14543914794922,310677600,0.0,0.0,0.0
2010-02-01,108.1500015258789,109.06999969482422,107.5,109.05999755859375,81.39173889160156,187865000,0.0,0.0,0.0
2010-02-02,109.26000213623047,110.58999633789062,108.87999725341797,110.37999725341797,82.37689971923828,216327900,0.0,0.0,0.0
2010-02-03,109.87999725341797,110.4800033569336,109.51000213623047,109.83000183105469,81.9664306640625,172730700,0.0,0.0,0.0
2010-02-04,108.9800033569336,109.02999877929688,106.41999816894531,106.44000244140625,79.43647766113281,356715700,0.0,0.0,0.0
2010-02-05,106.55999755859375,106.87999725341797,104.58000183105469,106.66000366210938,79.60065460205078,493585800,0.0,0.0,0.0
2010-02-08,106.73999786376953,107.33000183105469,105.80999755859375,105.88999938964844,79.02601623535156,224166900,0.0,0.0,0.0
2010-02-09,107.12999725341797,108.1500015258789,106.2699966430664,107.22000122070312,80.01859283447266,337820500,0.0,0.0,0.0
2010-02-10,107.05000305175781,107.5999984741211,106.11000061035156,107.01000213623047,79.86187744140625,240511500,0.0,0.0,0.0
2010-02-11,106.87000274658203,108.25,106.25,108.12999725341797,80.69770050048828,223591600,0.0,0.0,0.0
2010-02-12,106.98999786376953,108.0999984741211,106.51000213623047,108.04000091552734,80.63053131103516,304622100,0.0,0.0,0.0
2010-02-16,108.86000061035156,109.8499984741211,107.81999969482422,109.73999786376953,81.89925384521484,159317500,0.0,0.0,0.0
2010-02-17,110.2699966430664,110.41000366210938,109.73999786376953,110.26000213623047,82.28730773925781,168845100,0.0,0.0,0.0
2010-02-18,110.08000183105469,111.13999938964844,110.04000091552734,110.91000366210938,82.77243041992188,193708600,0.0,0.0,0.0
2010-02-19,110.62000274658203,111.56999969482422,110.36000061035156,111.13999938964844,82.94407653808594,222684900,0.0,0.0,0.0
2010-02-22,111.55000305175781,111.58000183105469,110.83000183105469,111.16000366210938,82.95903778076172,132346900,0.0,0.0,0.0
2010-02-23,110.86000061035156,111.19999694824219,109.5199966430664,109.80999755859375,81.95144653320312,207497000,0.0,0.0,0.0
2010-02-24,110.13999938964844,111.0,109.86000061035156,110.81999969482422,82.70524597167969,176350700,0.0,0.0,0.0
2010-02-25,109.23999786376953,110.75,108.94000244140625,110.66999816894531,82.59329223632812,259634700,0.0,0.0,0.0
2010-02-26,110.7699966430664,111.12000274658203,110.11000061035156,110.73999786376953,82.64559173583984,173589300,0.0,0.0,0.0
2010-03-01,111.19999694824219,112.0,111.16999816894531,111.88999938964844,83.50379180908203,147709700,0.0,0.0,0.0
2010-03-02,112.37000274658203,112.73999786376953,112.0,112.19999694824219,83.73517608642578,160992400,0.0,0.0,0.0
2010-03-03,112.48999786376953,112.97000122070312,112.0199966430664,112.30000305175781,83.80979919433594,150785000,0.0,0.0,0.0
2010-03-04,112.44999694824219,112.80000305175781,112.02999877929688,112.63999938964844,84.06350708007812,135770400,0.0,0.0,0.0
2010-03-05,113.37000274658203,114.33999633789062,113.0999984741211,114.25,85.26509094238281,176118800,0.0,0.0,0.0
2010-03-08,114.26000213623047,114.5199966430664,114.06999969482422,114.2699966430664,85.28002166748047,114631200,0.0,0.0,0.0
2010-03-09,113.93000030517578,114.98999786376953,113.87000274658203,114.45999908447266,85.42176818847656,154556700,0.0,0.0,0.0
2010-03-10,114.51000213623047,115.27999877929688,114.41000366210938,114.97000122070312,85.8023910522461,186088800,0.0,0.0,0.0
2010-03-11,114.69999694824219,115.4800033569336,114.3499984741211,115.44999694824219,86.1606674194336,160791100,0.0,0.0,0.0
2010-03-12,115.94999694824219,115.97000122070312,115.13999938964844,115.45999908447266,86.16810607910156,162074800,0.0,0.0,0.0
2010-03-15,115.26000213623047,115.56999969482422,114.5999984741211,115.48999786376953,86.19048309326172,146816800,0.0,0.0,0.0
2010-03-16,115.80999755859375,116.5199966430664,115.48999786376953,116.41000366210938,86.87708282470703,168673000,0.0,0.0,0.0
2010-03-17,116.76000213623047,117.4800033569336,116.41999816894531,117.0999984741211,87.39208221435547,177468100,0.0,0.0,0.0
2010-03-18,117.11000061035156,117.2699966430664,116.56999969482422,117.04000091552734,87.34725952148438,196509100,0.0,0.0,0.0
2010-03-19,115.97000122070312,117.29000091552734,115.5199966430664,115.97000122070312,86.9051284790039,226641100,0.48,0.0,0.0
2010-03-22,115.30999755859375,116.80000305175781,115.23999786376953,116.58999633789062,87.36974334716797,184477800,0.0,0.0,0.0
2010-03-23,116.76000213623047,117.51000213623047,116.37999725341797,117.41000366210938,87.98422241210938,182941600,0.0,0.0,0.0
2010-03-24,116.97000122070312,117.43000030517578,115.58000183105469,116.83999633789062,87.55707550048828,196072600,0.0,0.0,0.0
2010-03-25,117.62999725341797,118.16999816894531,116.51000213623047,116.6500015258789,87.41471862792969,223396300,0.0,0.0,0.0
2010-03-26,116.87000274658203,117.41999816894531,116.12000274658203,116.58000183105469,87.36227416992188,205808500,0.0,0.0,0.0
2010-03-29,117.16999816894531,117.52999877929688,116.69000244140625,117.31999969482422,87.91679382324219,134513500,0.0,0.0,0.0
2010-03-30,117.45999908447266,117.83000183105469,116.91000366210938,117.4000015258789,87.97673797607422,145772500,0.0,0.0,0.0
2010-03-31,116.94999694824219,117.5199966430664,116.61000061035156,117.0,87.67699432373047,161078700,0.0,0.0,0.0
2010-04-01,117.80000305175781,118.25,117.0999984741211,117.80000305175781,88.2765121459961,161215200,0.0,0.0,0.0
2010-04-05,118.25,118.83999633789062,117.91999816894531,118.76000213623047,88.99590301513672,105847600,0.0,0.0,0.0
2010-04-06,118.41999816894531,119.25,118.29000091552734,119.04000091552734,89.20571899414062,110384200,0.0,0.0,0.0
2010-04-07,118.80000305175781,119.36000061035156,117.80999755859375,118.36000061035156,88.6961441040039,184576300,0.0,0.0,0.0
2010-04-08,117.94999694824219,118.97000122070312,117.5999984741211,118.7699966430664,89.00336456298828,158704000,0.0,0.0,0.0
2010-04-09,119.0199966430664,119.5999984741211,118.80000305175781,119.55000305175781,89.58788299560547,133006500,0.0,0.0,0.0
2010-04-12,119.69999694824219,120.05000305175781,119.55999755859375,119.73999786376953,89.73028564453125,110279000,0.0,0.0,0.0
2010-04-13,119.62000274658203,120.04000091552734,119.0,119.83000183105469,89.79771423339844,125043600,0.0,0.0,0.0
2010-04-14,120.2699966430664,121.19000244140625,120.08000183105469,121.19000244140625,90.8168716430664,161609000,0.0,0.0,0.0
2010-04-15,120.98999786376953,121.56999969482422,120.94999694824219,121.29000091552734,90.89179992675781,144615300,0.0,0.0,0.0
2010-04-16,120.86000061035156,121.29000091552734,118.75,119.36000061035156,89.44552612304688,366786700,0.0,0.0,0.0
2010-04-19,119.01000213623047,119.93000030517578,118.47000122070312,119.80999755859375,89.78273010253906,217947800,0.0,0.0,0.0
2010-04-20,120.55999755859375,120.9800033569336,119.87000274658203,120.87999725341797,90.58457946777344,157708000,0.0,0.0,0.0
2010-04-21,120.94999694824219,121.2300033569336,119.98999786376953,120.66000366210938,90.4197006225586,192910100,0.0,0.0,0.0
2010-04-22,119.80999755859375,121.16999816894531,119.12000274658203,121.0199966430664,90.689453125,115360300,0.0,0.0,0.0
2010-04-23,120.94000244140625,121.86000061035156,120.62999725341797,121.80999755859375,91.28147888183594,177335500,0.0,0.0,0.0
2010-04-26,121.8499984741211,122.12000274658203,121.2300033569336,121.3499984741211,90.93675994873047,143457300,0.0,0.0,0.0
2010-04-27,120.6500015258789,121.33999633789062,118.25,118.4800033569336,88.7860336303711,355853300,0.0,0.0,0.0
2010-04-28,119.05000305175781,119.68000030517578,118.2699966430664,119.37999725341797,89.46051788330078,300674100,0.0,0.0,0.0
2010-04-29,120.0999984741211,121.11000061035156,120.06999969482422,120.86000061035156,90.56958770751953,193775000,0.0,0.0,0.0
2010-04-30,120.87999725341797,121.01000213623047,118.77999877929688,118.80999755859375,89.03334045410156,270000900,0.0,0.0,0.0
2010-05-03,119.37999725341797,120.68000030517578,119.19999694824219,120.3499984741211,90.18741607666016,182747900,0.0,0.0,0.0
2010-05-04,119.01000213623047,119.02999877929688,116.91999816894531,117.5199966430664,88.0666275024414,360353400,0.0,0.0,0.0
2010-05-05,116.55999755859375,117.80000305175781,115.97000122070312,116.81999969482422,87.5421142578125,328973200,0.0,0.0,0.0
2010-05-06,116.26000213623047,117.0,105.0,112.94000244140625,84.634521484375,647356600,0.0,0.0,0.0
2010-05-07,112.63999938964844,113.7699966430664,109.41000366210938,111.26000213623047,83.3755874633789,637558800,0.0,0.0,0.0
2010-05-10,115.80999755859375,116.6500015258789,114.91000366210938,116.16000366210938,87.0475082397461,396159600,0.0,0.0,0.0
2010-05-11,115.06999969482422,117.36000061035156,114.91000366210938,115.83000183105469,86.80020904541016,317849800,0.0,0.0,0.0
2010-05-12,116.29000091552734,117.62000274658203,116.08999633789062,117.44999694824219,88.01422119140625,235607100,0.0,0.0,0.0
2010-05-13,117.12999725341797,117.68000030517578,115.88999938964844,115.98999786376953,86.92009735107422,234452500,0.0,0.0,0.0
2010-05-14,115.12000274658203,115.33000183105469,112.87000274658203,113.88999938964844,85.34642791748047,345601400,0.0,0.0,0.0
2010-05-17,114.19999694824219,114.5199966430664,111.7699966430664,113.94999694824219,85.39141082763672,325739800,0.0,0.0,0.0
2010-05-18,114.87999725341797,115.22000122070312,112.02999877929688,112.4000015258789,84.22987365722656,360556800,0.0,0.0,0.0
2010-05-19,111.7699966430664,112.7699966430664,110.36000061035156,111.76000213623047,83.75022888183594,394742700,0.0,0.0,0.0
2010-05-20,109.37999725341797,109.88999938964844,107.47000122070312,107.54000091552734,80.58788299560547,530418300,0.0,0.0,0.0
2010-05-21,105.91000366210938,109.37999725341797,105.36000061035156,109.11000061035156,81.76441955566406,500909400,0.0,0.0,0.0
2010-05-24,108.5199966430664,109.38999938964844,107.61000061035156,107.70999908447266,80.71528625488281,269823000,0.0,0.0,0.0
2010-05-25,105.11000061035156,107.87000274658203,104.37999725341797,107.81999969482422,80.7977294921875,396505200,0.0,0.0,0.0
2010-05-26,108.4800033569336,109.47000122070312,106.8499984741211,107.16999816894531,80.31060028076172,349719300,0.0,0.0,0.0
2010-05-27,109.19000244140625,110.80000305175781,108.77999877929688,110.76000213623047,83.00089263916016,300870500,0.0,0.0,0.0
2010-05-28,110.63999938964844,110.72000122070312,108.8499984741211,109.37000274658203,81.9592514038086,297933500,0.0,0.0,0.0
2010-06-01,108.3499984741211,109.94999694824219,107.37000274658203,107.52999877929688,80.58038330078125,277909400,0.0,0.0,0.0
2010-06-02,108.08000183105469,110.33999633789062,107.51000213623047,110.33000183105469,82.67862701416016,240243700,0.0,0.0,0.0
2010-06-03,110.6500015258789,111.05999755859375,109.58000183105469,110.70999908447266,82.96340942382812,226618300,0.0,0.0,0.0
2010-06-04,108.61000061035156,109.33000183105469,106.45999908447266,106.81999969482422,80.04833984375,398475600,0.0,0.0,0.0
2010-06-07,107.19999694824219,107.61000061035156,105.41000366210938,105.48999786376953,79.0516586303711,264609100,0.0,0.0,0.0
2010-06-08,105.56999969482422,106.83000183105469,104.6500015258789,106.62000274658203,79.89848327636719,357774300,0.0,0.0,0.0
2010-06-09,107.23999786376953,108.27999877929688,105.5999984741211,106.05000305175781,79.47130584716797,268023300,0.0,0.0,0.0
2010-06-10,107.86000061035156,109.27999877929688,106.04000091552734,109.1500015258789,81.79439544677734,317890600,0.0,0.0,0.0
2010-06-11,108.19000244140625,109.75,108.12000274658203,109.68000030517578,82.19157409667969,214128200,0.0,0.0,0.0
2010-06-14,110.5199966430664,111.12000274658203,109.4000015258789,109.51000213623047,82.06417083740234,207196100,0.0,0.0,0.0
2010-06-15,110.27999877929688,112.0999984741211,110.08999633789062,112.0,83.93009948730469,238268700,0.0,0.0,0.0
2010-06-16,111.41999816894531,112.41999816894531,111.19999694824219,111.95999908447266,83.900146484375,216374000,0.0,0.0,0.0
2010-06-17,112.27999877929688,112.33000183105469,111.05000305175781,112.13999938964844,84.03501892089844,263185800,0.0,0.0,0.0
2010-06-18,111.83000183105469,112.12999725341797,111.37000274658203,111.7300033569336,84.12613677978516,174006600,0.531,0.0,0.0
2010-06-21,113.12000274658203,113.19999694824219,110.79000091552734,111.41000366210938,83.88519287109375,213140700,0.0,0.0,0.0
2010-06-22,111.41000366210938,111.9000015258789,109.41000366210938,109.56999969482422,82.4997787475586,239355400,0.0,0.0,0.0
2010-06-23,109.63999938964844,110.02999877929688,108.4800033569336,109.2300033569336,82.24375915527344,254639900,0.0,0.0,0.0
2010-06-24,108.69000244140625,108.83000183105469,107.13999938964844,107.41999816894531,80.88092803955078,268523600,0.0,0.0,0.0
2010-06-25,107.73999786376953,108.41999816894531,106.7699966430664,107.87000274658203,81.21979522705078,238726500,0.0,0.0,0.0
2010-06-28,108.02999877929688,108.31999969482422,107.13999938964844,107.52999877929688,80.96379852294922,169218600,0.0,0.0,0.0
2010-06-29,106.0199966430664,107.51000213623047,103.55000305175781,104.20999908447266,78.46401977539062,373649500,0.0,0.0,0.0
2010-06-30,103.91999816894531,104.87999725341797,102.87999725341797,103.22000122070312,77.7186050415039,284101700,0.0,0.0,0.0
2010-07-01,103.1500015258789,103.48999786376953,101.12999725341797,102.76000213623047,77.37222290039062,382924800,0.0,0.0,0.0
2010-07-02,103.11000061035156,103.41999816894531,101.62000274658203,102.19999694824219,76.95061492919922,233385200,0.0,0.0,0.0
2010-07-06,103.63999938964844,104.37000274658203,101.87999725341797,102.87000274658203,77.4550552368164,256935300,0.0,0.0,0.0
2010-07-07,103.12999725341797,106.23999786376953,103.0199966430664,106.11000061035156,79.89462280273438,253769400,0.0,0.0,0.0
2010-07-08,107.0,107.27999877929688,105.91000366210938,107.16000366210938,80.68519592285156,210842100,0.0,0.0,0.0
2010-07-09,107.12999725341797,107.97000122070312,106.93000030517578,107.95999908447266,81.28752136230469,144999900,0.0,0.0,0.0
2010-07-12,107.5999984741211,108.23999786376953,107.1500015258789,108.02999877929688,81.34021759033203,131283600,0.0,0.0,0.0
2010-07-13,109.1500015258789,110.08999633789062,108.93000030517578,109.66000366210938,82.56757354736328,213025900,0.0,0.0,0.0
2010-07-14,109.30999755859375,110.08000183105469,108.86000061035156,109.6500015258789,82.56001281738281,184426800,0.0,0.0,0.0
2010-07-15,109.61000061035156,110.05999755859375,108.16999816894531,109.68000030517578,82.58261108398438,232337900,0.0,0.0,0.0
2010-07-16,109.08999633789062,109.20999908447266,106.44999694824219,106.66000366210938,80.30872344970703,282693400,0.0,0.0,0.0
2010-07-19,107.05000305175781,107.62999725341797,106.22000122070312,107.29000091552734,80.7830581665039,186709000,0.0,0.0,0.0
2010-07-20,105.87000274658203,108.55999755859375,105.81999969482422,108.4800033569336,81.67906188964844,258162400,0.0,0.0,0.0
2010-07-21,109.04000091552734,109.06999969482422,106.62999725341797,107.06999969482422,80.617431640625,264527000,0.0,0.0,0.0
2010-07-22,108.33999633789062,109.94000244140625,108.33000183105469,109.45999908447266,82.41695404052734,274781300,0.0,0.0,0.0
2010-07-23,109.23999786376953,110.56999969482422,108.93000030517578,110.41000366210938,83.13225555419922,222020800,0.0,0.0,0.0
2010-07-26,110.5999984741211,111.66999816894531,110.29000091552734,111.55999755859375,83.99810791015625,184445700,0.0,0.0,0.0
2010-07-27,112.16999816894531,112.29000091552734,111.11000061035156,111.55000305175781,83.9906234741211,204855600,0.0,0.0,0.0
2010-07-28,111.31999969482422,111.66000366210938,110.45999908447266,110.83000183105469,83.4484634399414,163056200,0.0,0.0,0.0
2010-07-29,111.5199966430664,111.81999969482422,109.41000366210938,110.29000091552734,83.04187774658203,220149100,0.0,0.0,0.0
2010-07-30,109.16999816894531,110.86000061035156,108.9800033569336,110.2699966430664,83.02682495117188,220070600,0.0,0.0,0.0
2010-08-02,111.98999786376953,112.94000244140625,111.54000091552734,112.76000213623047,84.90167236328125,188263200,0.0,0.0,0.0
2010-08-03,112.4800033569336,112.7699966430664,111.8499984741211,112.22000122070312,84.49507904052734,146657300,0.0,0.0,0.0
2010-08-04,112.52999877929688,113.11000061035156,112.16000366210938,112.97000122070312,85.05977630615234,158171700,0.0,0.0,0.0
2010-08-05,112.25,112.91000366210938,112.08000183105469,112.8499984741211,84.96943664550781,140473800,0.0,0.0,0.0
2010-08-06,111.73999786376953,112.56999969482422,110.91999816894531,112.38999938964844,84.62306213378906,239728300,0.0,0.0,0.0
2010-08-09,112.91999816894531,113.18000030517578,112.31999969482422,112.98999786376953,85.07483673095703,120800400,0.0,0.0,0.0
2010-08-10,112.02999877929688,112.9800033569336,111.37000274658203,112.37999725341797,84.61552429199219,242916300,0.0,0.0,0.0
2010-08-11,110.6500015258789,110.69000244140625,109.12000274658203,109.30000305175781,82.2965087890625,273406900,0.0,0.0,0.0
2010-08-12,107.6500015258789,109.0199966430664,107.5999984741211,108.62999725341797,81.7919921875,239542600,0.0,0.0,0.0
2010-08-13,108.29000091552734,108.95999908447266,108.18000030517578,108.30999755859375,81.5510482788086,158698500,0.0,0.0,0.0
2010-08-16,107.56999969482422,108.61000061035156,107.18000030517578,108.26000213623047,81.513427734375,147895300,0.0,0.0,0.0
2010-08-17,109.19000244140625,110.38999938964844,108.87999725341797,109.58999633789062,82.51481628417969,172270300,0.0,0.0,0.0
2010-08-18,109.54000091552734,110.37999725341797,108.91000366210938,109.79000091552734,82.66542053222656,182922100,0.0,0.0,0.0
2010-08-19,109.22000122070312,109.48999786376953,107.43000030517578,107.87999725341797,81.227294921875,265847600,0.0,0.0,0.0
2010-08-20,107.55999755859375,107.94000244140625,106.75,107.52999877929688,80.96379852294922,209714200,0.0,0.0,0.0
2010-08-23,108.04000091552734,108.56999969482422,107.06999969482422,107.12000274658203,80.65506744384766,163490300,0.0,0.0,0.0
2010-08-24,105.94999694824219,106.38999938964844,104.97000122070312,105.52999877929688,79.45790100097656,280677800,0.0,0.0,0.0
2010-08-25,104.94999694824219,106.33999633789062,104.29000091552734,105.94000244140625,79.7666015625,272234800,0.0,0.0,0.0
2010-08-26,106.44000244140625,106.58000183105469,104.87999725341797,105.2300033569336,79.23202514648438,224439500,0.0,0.0,0.0
2010-08-27,105.88999938964844,106.97000122070312,104.30999755859375,106.86000061035156,80.45928955078125,272649000,0.0,0.0,0.0
2010-08-30,106.58000183105469,106.91000366210938,105.30000305175781,105.30999755859375,79.29222106933594,167238600,0.0,0.0,0.0
2010-08-31,104.91999816894531,105.9800033569336,104.48999786376953,105.30999755859375,79.29222106933594,273933100,0.0,0.0,0.0
2010-09-01,106.7300033569336,108.61000061035156,106.66000366210938,108.45999908447266,81.66402435302734,256828100,0.0,0.0,0.0
2010-09-02,108.72000122070312,109.48999786376953,108.48999786376953,109.47000122070312,82.42448425292969,156112200,0.0,0.0,0.0
2010-09-03,110.54000091552734,110.98999786376953,109.94999694824219,110.88999938964844,83.49363708496094,212197300,0.0,0.0,0.0
2010-09-07,110.37000274658203,110.51000213623047,109.55000305175781,109.63999938964844,82.5525131225586,141973700,0.0,0.0,0.0
2010-09-08,109.86000061035156,110.8499984741211,109.80999755859375,110.41000366210938,83.13225555419922,149924400,0.0,0.0,0.0
2010-09-09,111.6500015258789,111.68000030517578,110.62000274658203,110.91999816894531,83.51626586914062,147017900,0.0,0.0,0.0
2010-09-10,111.12000274658203,111.61000061035156,110.87000274658203,111.4800033569336,83.93789672851562,127819000,0.0,0.0,0.0
2010-09-13,112.58000183105469,112.94999694824219,112.12999725341797,112.72000122070312,84.87152099609375,178503500,0.0,0.0,0.0
2010-09-14,112.5,113.29000091552734,112.08000183105469,112.6500015258789,84.81886291503906,209823600,0.0,0.0,0.0
2010-09-15,112.31999969482422,113.20999908447266,111.9800033569336,113.08000183105469,85.1426010131836,168608400,0.0,0.0,0.0
2010-09-16,112.7300033569336,113.12000274658203,112.3499984741211,113.05000305175781,85.12000274658203,199962900,0.0,0.0,0.0
2010-09-17,113.04000091552734,113.1500015258789,112.18000030517578,112.48999786376953,85.15182495117188,195836900,0.602,0.0,0.0
2010-09-20,112.87999725341797,114.45999908447266,112.5199966430664,114.20999908447266,86.45379638671875,214555200,0.0,0.0,0.0
2010-09-21,114.30000305175781,114.83999633789062,113.51000213623047,113.9800033569336,86.27970123291016,268389100,0.0,0.0,0.0
2010-09-22,113.80000305175781,114.44000244140625,113.0999984741211,113.41999816894531,85.85578155517578,191322400,0.0,0.0,0.0
2010-09-23,112.48999786376953,113.66999816894531,112.18000030517578,112.5,85.15935516357422,202354300,0.0,0.0,0.0
2010-09-24,113.75,114.9000015258789,113.6500015258789,114.81999969482422,86.9155502319336,209671800,0.0,0.0,0.0
2010-09-27,114.86000061035156,114.98999786376953,114.16000366210938,114.2699966430664,86.49922180175781,128761800,0.0,0.0,0.0
2010-09-28,114.41999816894531,115.04000091552734,113.18000030517578,114.66999816894531,86.80198669433594,209207500,0.0,0.0,0.0
2010-09-29,114.37999725341797,114.91000366210938,114.0199966430664,114.47000122070312,86.65059661865234,179665800,0.0,0.0,0.0
2010-09-30,115.05000305175781,115.79000091552734,113.58999633789062,114.12999725341797,86.39327239990234,287106700,0.0,0.0,0.0
2010-10-01,114.98999786376953,115.12000274658203,113.93000030517578,114.61000061035156,86.75659942626953,174638700,0.0,0.0,0.0
2010-10-04,114.37000274658203,114.8499984741211,113.18000030517578,113.75,86.1055908203125,166153200,0.0,0.0,0.0
2010-10-05,114.80000305175781,116.31999969482422,114.66999816894531,116.04000091552734,87.83905029296875,229634100,0.0,0.0,0.0
2010-10-06,116.0199966430664,116.33000183105469,115.55999755859375,116.02999877929688,87.83150482177734,148626600,0.0,0.0,0.0
2010-10-07,116.5,116.52999877929688,115.19000244140625,115.88999938964844,87.72553253173828,164860000,0.0,0.0,0.0
2010-10-08,116.05000305175781,116.86000061035156,115.61000061035156,116.54000091552734,88.21754455566406,177760100,0.0,0.0,0.0
2010-10-11,116.72000122070312,116.97000122070312,116.25,116.6500015258789,88.30084991455078,103098300,0.0,0.0,0.0
2010-10-12,116.2699966430664,117.3499984741211,115.6500015258789,117.01000213623047,88.57331848144531,182210000,0.0,0.0,0.0
2010-10-13,117.66000366210938,118.55000305175781,117.37999725341797,117.91999816894531,89.26214599609375,194347200,0.0,0.0,0.0
2010-10-14,117.80999755859375,118.01000213623047,116.72000122070312,117.45999908447266,88.9139633178711,217764300,0.0,0.0,0.0
2010-10-15,118.27999877929688,118.3499984741211,116.76000213623047,117.69999694824219,89.09561920166016,243705000,0.0,0.0,0.0
2010-10-18,117.73999786376953,118.66999816894531,117.30999755859375,118.27999877929688,89.53466796875,141204800,0.0,0.0,0.0
2010-10-19,117.19000244140625,117.8499984741211,116.0199966430664,116.7300033569336,88.36138916015625,280604700,0.0,0.0,0.0
2010-10-20,116.94000244140625,118.44000244140625,116.87000274658203,117.87000274658203,89.22432708740234,200051800,0.0,0.0,0.0
2010-10-21,118.4000015258789,119.08999633789062,117.20999908447266,118.12999725341797,89.4211196899414,221585500,0.0,0.0,0.0
2010-10-22,118.30999755859375,118.52999877929688,118.0,118.3499984741211,89.58766174316406,108212400,0.0,0.0,0.0
2010-10-25,119.13999938964844,119.76000213623047,118.61000061035156,118.69999694824219,89.85263061523438,151145700,0.0,0.0,0.0
2010-10-26,118.0999984741211,118.83999633789062,117.87000274658203,118.72000122070312,89.86775207519531,158982900,0.0,0.0,0.0
2010-10-27,117.88999938964844,118.51000213623047,117.26000213623047,118.37999725341797,89.61035919189453,190024000,0.0,0.0,0.0
2010-10-28,119.05999755859375,119.11000061035156,117.83000183105469,118.4000015258789,89.62553405761719,168576000,0.0,0.0,0.0
2010-10-29,118.27999877929688,118.72000122070312,118.06999969482422,118.48999786376953,89.69365692138672,144305500,0.0,0.0,0.0
2010-11-01,119.06999969482422,119.75,117.8499984741211,118.52999877929688,89.72392272949219,174074800,0.0,0.0,0.0
2010-11-02,119.41999816894531,119.75,119.0999984741211,119.47000122070312,90.43548583984375,158345900,0.0,0.0,0.0
2010-11-03,119.68000030517578,120.0199966430664,118.44999694824219,119.94999694824219,90.79882049560547,226702800,0.0,0.0,0.0
2010-11-04,121.27999877929688,122.31999969482422,119.97000122070312,122.26000213623047,92.54743194580078,215039400,0.0,0.0,0.0
2010-11-05,122.33999633789062,122.91999816894531,122.18000030517578,122.72000122070312,92.8956069946289,180654100,0.0,0.0,0.0
2010-11-08,122.33999633789062,122.69000244140625,121.94000244140625,122.48999786376953,92.72154235839844,156107100,0.0,0.0,0.0
2010-11-09,122.81999969482422,122.94999694824219,121.12000274658203,121.61000061035156,92.05538940429688,186621600,0.0,0.0,0.0
2010-11-10,121.58000183105469,122.16000366210938,120.66000366210938,122.0999984741211,92.42627716064453,221387400,0.0,0.0,0.0
2010-11-11,121.05000305175781,121.81999969482422,120.68000030517578,121.63999938964844,92.07807159423828,158017600,0.0,0.0,0.0
2010-11-12,120.81999969482422,121.3499984741211,119.6500015258789,120.19999694824219,90.98806762695312,239068800,0.0,0.0,0.0
2010-11-15,120.58000183105469,121.05000305175781,119.9800033569336,120.02999877929688,90.85939025878906,163940800,0.0,0.0,0.0
2010-11-16,119.29000091552734,119.48999786376953,117.58999633789062,118.16000366210938,89.44383239746094,299566200,0.0,0.0,0.0
2010-11-17,118.20999908447266,118.70999908447266,117.86000061035156,118.22000122070312,89.48927307128906,172308900,0.0,0.0,0.0
2010-11-18,119.36000061035156,120.38999938964844,119.3499984741211,119.95999908447266,90.8063735961914,197723700,0.0,0.0,0.0
2010-11-19,119.9000015258789,120.33999633789062,119.25,120.29000091552734,91.0561752319336,156852900,0.0,0.0,0.0
2010-11-22,119.69000244140625,120.23999786376953,118.7699966430664,120.19000244140625,90.98049926757812,181361000,0.0,0.0,0.0
2010-11-23,118.7699966430664,119.0199966430664,117.98999786376953,118.44999694824219,89.6633529663086,222309000,0.0,0.0,0.0
2010-11-24,119.19999694824219,120.2300033569336,119.18000030517578,120.19999694824219,90.98806762695312,140046100,0.0,0.0,0.0
2010-11-26,119.16000366210938,119.80999755859375,118.80000305175781,118.80000305175781,89.92829895019531,76007800,0.0,0.0,0.0
2010-11-29,118.5,119.4800033569336,117.73999786376953,119.16000366210938,90.2007827758789,223642300,0.0,0.0,0.0
2010-11-30,117.9800033569336,119.16999816894531,117.80999755859375,118.48999786376953,89.69365692138672,233930700,0.0,0.0,0.0
2010-12-01,120.19999694824219,121.23999786376953,120.19000244140625,121.01000213623047,91.60121154785156,221037200,0.0,0.0,0.0
2010-12-02,121.19999694824219,122.6500015258789,121.12999725341797,122.55999755859375,92.77450561523438,191213600,0.0,0.0,0.0
2010-12-03,122.13999938964844,123.02999877929688,122.11000061035156,122.88999938964844,93.02429962158203,151288900,0.0,0.0,0.0
2010-12-06,122.62999725341797,123.04000091552734,122.5,122.76000213623047,92.92593383789062,103050500,0.0,0.0,0.0
2010-12-07,123.94000244140625,124.01000213623047,122.76000213623047,122.83000183105469,92.9788818359375,206581000,0.0,0.0,0.0
2010-12-08,122.9800033569336,123.37999725341797,122.41000366210938,123.27999877929688,93.31954193115234,138019200,0.0,0.0,0.0
2010-12-09,123.97000122070312,124.0199966430664,123.1500015258789,123.76000213623047,93.68286895751953,123705100,0.0,0.0,0.0
2010-12-10,124.13999938964844,124.5999984741211,123.7300033569336,124.4800033569336,94.2279052734375,117571700,0.0,0.0,0.0
2010-12-13,125.05000305175781,125.19999694824219,124.5199966430664,124.55999755859375,94.2884521484375,133812700,0.0,0.0,0.0
2010-12-14,124.75,125.2300033569336,124.29000091552734,124.66999816894531,94.37171936035156,147249600,0.0,0.0,0.0
2010-12-15,124.44000244140625,124.93000030517578,123.88999938964844,124.0999984741211,93.94024658203125,160823100,0.0,0.0,0.0
2010-12-16,124.18000030517578,124.91000366210938,123.75,124.81999969482422,94.48528289794922,185035200,0.0,0.0,0.0
2010-12-17,124.08000183105469,124.45999908447266,123.81999969482422,124.30000305175781,94.58647155761719,141075300,0.653,0.0,0.0
2010-12-20,124.63999938964844,124.9000015258789,123.9800033569336,124.5999984741211,94.81478881835938,119085500,0.0,0.0,0.0
2010-12-21,124.98999786376953,125.47000122070312,124.87000274658203,125.38999938964844,95.4159164428711,94965500,0.0,0.0,0.0
2010-12-22,125.4800033569336,125.81999969482422,125.41000366210938,125.77999877929688,95.71270751953125,78878100,0.0,0.0,0.0
2010-12-23,125.63999938964844,125.77999877929688,125.29000091552734,125.5999984741211,95.5757064819336,70053700,0.0,0.0,0.0
2010-12-27,125.12999725341797,125.7699966430664,125.04000091552734,125.6500015258789,95.61378479003906,58126000,0.0,0.0,0.0
2010-12-28,125.9000015258789,125.94999694824219,125.5,125.83000183105469,95.75076293945312,55309100,0.0,0.0,0.0
2010-12-29,125.9800033569336,126.19999694824219,125.9000015258789,125.91999816894531,95.8192367553711,58033100,0.0,0.0,0.0
2010-12-30,125.80000305175781,126.12999725341797,125.52999877929688,125.72000122070312,95.66704559326172,76616900,0.0,0.0,0.0
2010-12-31,125.52999877929688,125.87000274658203,125.33000183105469,125.75,95.68987274169922,91218900,0.0,0.0,0.0
2011-01-03,126.70999908447266,127.5999984741211,125.69999694824219,127.05000305175781,96.67909240722656,138725200,0.0,0.0,0.0
2011-01-04,127.33000183105469,127.37000274658203,126.19000244140625,126.9800033569336,96.6258544921875,137409700,0.0,0.0,0.0
2011-01-05,126.58000183105469,127.72000122070312,126.45999908447266,127.63999938964844,97.12809753417969,133975300,0.0,0.0,0.0
2011-01-06,127.69000244140625,127.83000183105469,127.01000213623047,127.38999938964844,96.93783569335938,122519000,0.0,0.0,0.0
2011-01-07,127.55999755859375,127.7699966430664,126.1500015258789,127.13999938964844,96.74759674072266,156034600,0.0,0.0,0.0
2011-01-10,126.58000183105469,127.16000366210938,126.19999694824219,126.9800033569336,96.6258544921875,122401700,0.0,0.0,0.0
2011-01-11,127.44000244140625,127.73999786376953,126.94999694824219,127.43000030517578,96.9682388305664,110287000,0.0,0.0,0.0
2011-01-12,128.2100067138672,128.72000122070312,127.45999908447266,128.5800018310547,97.84333801269531,107929200,0.0,0.0,0.0
2011-01-13,128.6300048828125,128.69000244140625,128.0500030517578,128.3699951171875,97.68355560302734,129048400,0.0,0.0,0.0
2011-01-14,128.19000244140625,129.3300018310547,128.10000610351562,129.3000030517578,98.3912353515625,117677900,0.0,0.0,0.0
2011-01-18,129.17999267578125,129.63999938964844,129.02999877929688,129.52000427246094,98.55867767333984,114401300,0.0,0.0,0.0
2011-01-19,129.41000366210938,129.5399932861328,127.91000366210938,128.25,97.59226989746094,151958400,0.0,0.0,0.0
2011-01-20,127.95999908447266,128.39999389648438,127.12999725341797,128.0800018310547,97.46292114257812,175745700,0.0,0.0,0.0
2011-01-21,128.8800048828125,129.1699981689453,128.22999572753906,128.3699951171875,97.68355560302734,151462900,0.0,0.0,0.0
2011-01-24,128.2899932861328,129.25,128.25999450683594,129.10000610351562,98.2390365600586,113715500,0.0,0.0,0.0
2011-01-25,128.75999450683594,129.27999877929688,128.11000061035156,129.1699981689453,98.29232025146484,167552200,0.0,0.0,0.0
2011-01-26,129.49000549316406,130.0500030517578,129.22999572753906,129.6699981689453,98.67282104492188,141281500,0.0,0.0,0.0
2011-01-27,129.6999969482422,130.2100067138672,129.47000122070312,129.99000549316406,98.91631317138672,123302700,0.0,0.0,0.0
2011-01-28,130.13999938964844,130.35000610351562,127.51000213623047,127.72000122070312,97.1889419555664,295637300,0.0,0.0,0.0
2011-01-31,128.07000732421875,128.77999877929688,127.75,128.67999267578125,97.9194564819336,149249200,0.0,0.0,0.0
2011-02-01,129.4600067138672,130.97000122070312,129.3800048828125,130.74000549316406,99.48703002929688,167194300,0.0,0.0,0.0
2011-02-02,130.39999389648438,130.83999633789062,130.3300018310547,130.49000549316406,99.29680633544922,118323600,0.0,0.0,0.0
2011-02-03,130.25999450683594,130.97999572753906,129.57000732421875,130.77999877929688,99.5174789428711,145886700,0.0,0.0,0.0
2011-02-04,130.8300018310547,131.1999969482422,130.22999572753906,131.14999389648438,99.79903411865234,134634800,0.0,0.0,0.0
2011-02-07,131.44000244140625,132.39999389648438,131.42999267578125,131.97000122070312,100.42301940917969,112439100,0.0,0.0,0.0
2011-02-08,132.08999633789062,132.63999938964844,131.72999572753906,132.57000732421875,100.87957763671875,99072800,0.0,0.0,0.0
2011-02-09,132.2100067138672,132.6300048828125,131.61000061035156,132.27000427246094,100.6512680053711,146436700,0.0,0.0,0.0
2011-02-10,131.60000610351562,132.47000122070312,131.3000030517578,132.32000732421875,100.68934631347656,162708500,0.0,0.0,0.0
2011-02-11,131.8000030517578,133.27999877929688,131.77000427246094,133.11000061035156,101.29046630859375,137710300,0.0,0.0,0.0
2011-02-14,133.02999877929688,133.5399932861328,132.8800048828125,133.42999267578125,101.53400421142578,101690700,0.0,0.0,0.0
2011-02-15,133.02000427246094,133.22000122070312,132.32000732421875,133.00999450683594,101.21440887451172,119575400,0.0,0.0,0.0
2011-02-16,133.4600067138672,134.00999450683594,133.19000244140625,133.85000610351562,101.85357666015625,130183500,0.0,0.0,0.0
2011-02-17,133.4600067138672,134.42999267578125,133.33999633789062,134.25,102.1579360961914,109810500,0.0,0.0,0.0
2011-02-18,134.3699951171875,134.69000244140625,134.05999755859375,134.52999877929688,102.37104034423828,130002400,0.0,0.0,0.0
2011-02-22,133.1199951171875,134.55999755859375,131.47000122070312,131.8300018310547,100.31644439697266,233116400,0.0,0.0,0.0
2011-02-23,131.75,132.07000732421875,130.2100067138672,131.02000427246094,99.70008087158203,227584000,0.0,0.0,0.0
2011-02-24,130.8800048828125,131.44000244140625,129.6999969482422,130.92999267578125,99.63159942626953,260431400,0.0,0.0,0.0
2011-02-25,131.47999572753906,132.41000366210938,131.39999389648438,132.3300018310547,100.69694519042969,141686900,0.0,0.0,0.0
2011-02-28,132.82000732421875,133.32000732421875,132.3800048828125,133.14999389648438,101.32091522216797,141585500,0.0,0.0,0.0
2011-03-01,133.57000732421875,133.69000244140625,130.88999938964844,130.92999267578125,99.63159942626953,258565500,0.0,0.0,0.0
2011-03-02,130.75,131.82000732421875,130.35000610351562,131.2100067138672,99.84467315673828,200277400,0.0,0.0,0.0
2011-03-03,132.39999389648438,133.6199951171875,132.38999938964844,133.47000122070312,101.56441497802734,176480100,0.0,0.0,0.0
2011-03-04,133.3699951171875,133.6300048828125,131.60000610351562,132.47000122070312,100.8034439086914,277202300,0.0,0.0,0.0
2011-03-07,132.86000061035156,133.16000366210938,130.74000549316406,131.42999267578125,100.0120849609375,216790400,0.0,0.0,0.0
2011-03-08,131.63999938964844,133.0,131.07000732421875,132.5800018310547,100.88716888427734,174615000,0.0,0.0,0.0
2011-03-09,132.32000732421875,132.8000030517578,131.60000610351562,132.38999938964844,100.74259948730469,153806000,0.0,0.0,0.0
2011-03-10,131.0,131.17999267578125,129.80999755859375,129.94000244140625,98.87826538085938,301291800,0.0,0.0,0.0
2011-03-11,129.52000427246094,131.30999755859375,129.49000549316406,130.83999633789062,99.5631103515625,225621800,0.0,0.0,0.0
2011-03-14,129.99000549316406,130.47999572753906,129.05999755859375,130.0500030517578,98.96198272705078,234974100,0.0,0.0,0.0
2011-03-15,126.58999633789062,129.3300018310547,126.5,128.55999755859375,97.82815551757812,359585400,0.0,0.0,0.0
2011-03-16,128.14999389648438,128.57000732421875,125.27999877929688,126.18000030517578,96.01707458496094,468670300,0.0,0.0,0.0
2011-03-17,128.0,128.38999938964844,127.0999984741211,127.8499984741211,97.28787231445312,254303700,0.0,0.0,0.0
2011-03-18,128.83999633789062,128.8800048828125,127.51000213623047,127.76000213623047,97.64173126220703,230435400,0.553,0.0,0.0
2011-03-21,129.35000610351562,130.00999450683594,129.1999969482422,129.74000549316406,99.15495300292969,153992600,0.0,0.0,0.0
2011-03-22,129.72000122070312,129.88999938964844,129.1699981689453,129.2899932861328,98.81105041503906,129538600,0.0,0.0,0.0
2011-03-23,128.92999267578125,130.0,128.32000732421875,129.66000366210938,99.09380340576172,148603100,0.0,0.0,0.0
2011-03-24,130.39999389648438,131.08999633789062,129.6699981689453,130.89999389648438,100.04146575927734,159129800,0.0,0.0,0.0
2011-03-25,131.24000549316406,131.8699951171875,130.88999938964844,131.3000030517578,100.34719848632812,155642800,0.0,0.0,0.0
2011-03-28,131.5800018310547,131.9199981689453,130.94000244140625,130.97999572753906,100.10260009765625,109762400,0.0,0.0,0.0
2011-03-29,130.8699951171875,131.89999389648438,130.44000244140625,131.86000061035156,100.77518463134766,129798800,0.0,0.0,0.0
2011-03-30,132.5500030517578,133.16000366210938,132.36000061035156,132.77000427246094,101.47065734863281,135835000,0.0,0.0,0.0
2011-03-31,132.60000610351562,132.9600067138672,132.4499969482422,132.58999633789062,101.33309936523438,132537100,0.0,0.0,0.0
2011-04-01,133.41000366210938,133.77000427246094,132.8300018310547,133.14999389648438,101.76104736328125,153850100,0.0,0.0,0.0
2011-04-04,133.42999267578125,133.6699981689453,132.8800048828125,133.25999450683594,101.84513092041016,100768900,0.0,0.0,0.0
2011-04-05,133.0,133.8300018310547,132.94000244140625,133.24000549316406,101.82984161376953,120791500,0.0,0.0,0.0
2011-04-06,133.8800048828125,134.0,133.1199951171875,133.66000366210938,102.15083312988281,120411600,0.0,0.0,0.0
2011-04-07,133.4199981689453,133.97999572753906,132.66000366210938,133.32000732421875,101.89100646972656,170731500,0.0,0.0,0.0
2011-04-08,133.91000366210938,133.99000549316406,132.30999755859375,132.86000061035156,101.53943634033203,147945400,0.0,0.0,0.0
2011-04-11,133.0,133.4499969482422,132.13999938964844,132.4600067138672,101.2337417602539,121385400,0.0,0.0,0.0
2011-04-12,131.72000122070312,131.97999572753906,130.99000549316406,131.47000122070312,100.47712707519531,161187400,0.0,0.0,0.0
2011-04-13,132.0800018310547,132.17999267578125,130.9600067138672,131.4600067138672,100.4694595336914,162059000,0.0,0.0,0.0
2011-04-14,130.6999969482422,131.75999450683594,130.27000427246094,131.55999755859375,100.54590606689453,161220400,0.0,0.0,0.0
2011-04-15,131.8000030517578,132.3699951171875,131.41000366210938,132.0399932861328,100.91273498535156,170006700,0.0,0.0,0.0
2011-04-18,130.58999633789062,132.02999877929688,129.50999450683594,130.55999755859375,99.78163146972656,210759300,0.0,0.0,0.0
2011-04-19,130.75999450683594,131.35000610351562,130.44000244140625,131.30999755859375,100.3548583984375,124258800,0.0,0.0,0.0
2011-04-20,132.8800048828125,133.38999938964844,132.7899932861328,133.10000610351562,101.72288513183594,156133800,0.0,0.0,0.0
2011-04-21,133.7899932861328,133.83999633789062,133.10000610351562,133.77999877929688,102.24256134033203,135935400,0.0,0.0,0.0
2011-04-25,133.67999267578125,133.86000061035156,133.1999969482422,133.63999938964844,102.13553619384766,65757100,0.0,0.0,0.0
2011-04-26,134.0500030517578,135.05999755859375,133.91000366210938,134.7899932861328,103.01445770263672,146600000,0.0,0.0,0.0
2011-04-27,135.0500030517578,135.8699951171875,134.5,135.6699981689453,103.68696594238281,143031000,0.0,0.0,0.0
2011-04-28,135.42999267578125,136.2899932861328,135.41000366210938,136.11000061035156,104.02328491210938,124791100,0.0,0.0,0.0
2011-04-29,136.16000366210938,136.57000732421875,135.97999572753906,136.42999267578125,104.26783752441406,115094100,0.0,0.0,0.0
2011-05-02,137.07000732421875,137.17999267578125,135.9499969482422,136.22000122070312,104.10733795166016,126278700,0.0,0.0,0.0
2011-05-03,135.9600067138672,136.19000244140625,135.0399932861328,135.72999572753906,103.73284149169922,138375000,0.0,0.0,0.0
2011-05-04,135.6699981689453,135.72999572753906,134.22999572753906,134.8300018310547,103.04502868652344,182678500,0.0,0.0,0.0
2011-05-05,134.0800018310547,134.9499969482422,133.02000427246094,133.61000061035156,102.11260223388672,226900000,0.0,0.0,0.0
2011-05-06,134.94000244140625,135.6300048828125,133.67999267578125,134.1999969482422,102.56353759765625,222787200,0.0,0.0,0.0
2011-05-09,134.19000244140625,135.11000061035156,133.97999572753906,134.72000122070312,102.9609603881836,114104500,0.0,0.0,0.0
2011-05-10,135.1699981689453,136.11000061035156,135.0,135.8699951171875,103.83985137939453,114806900,0.0,0.0,0.0
2011-05-11,135.6699981689453,135.69000244140625,133.82000732421875,134.44000244140625,102.74695587158203,193564200,0.0,0.0,0.0
2011-05-12,134.0800018310547,135.36000061035156,133.38999938964844,135.0800018310547,103.23609161376953,171550700,0.0,0.0,0.0
2011-05-13,135.14999389648438,135.33999633789062,133.55999755859375,134.0399932861328,102.44122314453125,157444900,0.0,0.0,0.0
2011-05-16,133.55999755859375,134.61000061035156,132.97000122070312,133.19000244140625,101.7916259765625,141675400,0.0,0.0,0.0
2011-05-17,132.69000244140625,133.35000610351562,132.1199951171875,133.1699981689453,101.7763900756836,192686200,0.0,0.0,0.0
2011-05-18,133.24000549316406,134.5,132.9499969482422,134.36000061035156,102.685791015625,135217900,0.0,0.0,0.0
2011-05-19,134.8000030517578,135.02999877929688,133.94000244140625,134.67999267578125,102.93035125732422,119489500,0.0,0.0,0.0
2011-05-20,134.3300018310547,134.67999267578125,133.36000061035156,133.61000061035156,102.11260223388672,182594900,0.0,0.0,0.0
2011-05-23,131.97999572753906,132.72000122070312,131.58999633789062,132.05999755859375,100.92803192138672,168700000,0.0,0.0,0.0
2011-05-24,132.44000244140625,132.72999572753906,131.6999969482422,131.9499969482422,100.843994140625,147199600,0.0,0.0,0.0
2011-05-25,131.4199981689453,132.94000244140625,131.3800048828125,132.38999938964844,101.18021392822266,151050100,0.0,0.0,0.0
2011-05-26,132.02999877929688,133.24000549316406,131.77999877929688,133.0,101.64642333984375,164850000,0.0,0.0,0.0
2011-05-27,133.3699951171875,133.8699951171875,132.9600067138672,133.50999450683594,102.03622436523438,120921900,0.0,0.0,0.0
2011-05-31,134.77000427246094,134.9199981689453,133.83999633789062,134.89999389648438,103.09849548339844,164731200,0.0,0.0,0.0
2011-06-01,134.50999450683594,134.9199981689453,131.75999450683594,131.8699951171875,100.78279876708984,233094300,0.0,0.0,0.0
2011-06-02,131.9600067138672,132.24000549316406,130.9600067138672,131.72999572753906,100.67582702636719,200466800,0.0,0.0,0.0
2011-06-03,130.14999389648438,131.4199981689453,130.0800018310547,130.4199981689453,99.67464447021484,234690200,0.0,0.0,0.0
2011-06-06,130.08999633789062,130.36000061035156,128.8699951171875,129.0399932861328,98.61994171142578,179951200,0.0,0.0,0.0
2011-06-07,129.6999969482422,130.07000732421875,128.85000610351562,128.9600067138672,98.55882263183594,161660500,0.0,0.0,0.0
2011-06-08,128.75999450683594,129.19000244140625,128.17999267578125,128.4199981689453,98.14612579345703,198696400,0.0,0.0,0.0
2011-06-09,128.77000427246094,129.92999267578125,128.4600067138672,129.39999389648438,98.89508819580078,160964400,0.0,0.0,0.0
2011-06-10,128.85000610351562,128.92999267578125,127.26000213623047,127.5999984741211,97.51944732666016,238629400,0.0,0.0,0.0
2011-06-13,127.88999938964844,128.24000549316406,127.05000305175781,127.69999694824219,97.59586334228516,207599800,0.0,0.0,0.0
2011-06-14,128.8699951171875,129.77000427246094,128.82000732421875,129.32000732421875,98.83399200439453,160570400,0.0,0.0,0.0
2011-06-15,128.24000549316406,129.3000030517578,126.68000030517578,127.0199966430664,97.07613372802734,300958000,0.0,0.0,0.0
2011-06-16,127.05999755859375,127.97000122070312,126.31999969482422,127.30000305175781,97.29015350341797,308032800,0.0,0.0,0.0
2011-06-17,127.93000030517578,127.94000244140625,126.62000274658203,127.05000305175781,97.58048248291016,233284900,0.628,0.0,0.0
2011-06-20,126.62000274658203,127.97000122070312,126.58000183105469,127.69999694824219,98.07971954345703,159479000,0.0,0.0,0.0
2011-06-21,128.36000061035156,129.6999969482422,127.75,129.4499969482422,99.42378997802734,193157300,0.0,0.0,0.0
2011-06-22,129.0500030517578,129.80999755859375,128.58999633789062,128.6699981689453,98.82471466064453,176703000,0.0,0.0,0.0
2011-06-23,127.16000366210938,128.63999938964844,126.19000244140625,128.3000030517578,98.54056549072266,334286500,0.0,0.0,0.0
2011-06-24,128.27000427246094,128.3699951171875,126.62000274658203,126.80999755859375,97.39614868164062,226129300,0.0,0.0,0.0
2011-06-27,126.88999938964844,128.42999267578125,126.63999938964844,127.94000244140625,98.26404571533203,168904700,0.0,0.0,0.0
2011-06-28,128.4499969482422,129.6300048828125,128.27000427246094,129.61000061035156,99.54666900634766,165556300,0.0,0.0,0.0
2011-06-29,130.1999969482422,130.92999267578125,129.6300048828125,130.72000122070312,100.39918518066406,244295500,0.0,0.0,0.0
2011-06-30,131.13999938964844,132.17999267578125,130.7100067138672,131.97000122070312,101.35929870605469,223322700,0.0,0.0,0.0
2011-07-01,132.08999633789062,134.10000610351562,131.77999877929688,133.9199981689453,102.8569564819336,202385700,0.0,0.0,0.0
2011-07-05,133.77999877929688,134.0800018310547,133.38999938964844,133.80999755859375,102.7724838256836,165936000,0.0,0.0,0.0
2011-07-06,133.49000549316406,134.13999938964844,133.11000061035156,133.97000122070312,102.89535522460938,143331600,0.0,0.0,0.0
2011-07-07,135.16000366210938,135.6999969482422,134.8800048828125,135.36000061035156,103.96293640136719,170464200,0.0,0.0,0.0
2011-07-08,133.8300018310547,135.36000061035156,133.38999938964844,134.39999389648438,103.22564697265625,194100500,0.0,0.0,0.0
2011-07-11,132.75,133.17999267578125,131.66000366210938,131.97000122070312,101.35929870605469,195918600,0.0,0.0,0.0
2011-07-12,131.69000244140625,132.77999877929688,131.36000061035156,131.39999389648438,100.92149353027344,214675700,0.0,0.0,0.0
2011-07-13,132.08999633789062,133.22000122070312,131.52000427246094,131.83999633789062,101.25942993164062,204062600,0.0,0.0,0.0
2011-07-14,132.1699981689453,132.77999877929688,130.67999267578125,130.92999267578125,100.56051635742188,226111800,0.0,0.0,0.0
2011-07-15,131.66000366210938,131.8699951171875,130.77000427246094,131.69000244140625,101.14421844482422,220012800,0.0,0.0,0.0
2011-07-18,131.0800018310547,131.27999877929688,129.6300048828125,130.61000061035156,100.31471252441406,196872100,0.0,0.0,0.0
2011-07-19,131.33999633789062,132.88999938964844,131.30999755859375,132.72999572753906,101.94298553466797,166554900,0.0,0.0,0.0
2011-07-20,133.07000732421875,133.14999389648438,132.4199981689453,132.64999389648438,101.88154602050781,137145400,0.0,0.0,0.0
2011-07-21,133.39999389648438,134.82000732421875,132.6699981689453,134.49000549316406,103.2947769165039,245246300,0.0,0.0,0.0
2011-07-22,134.52000427246094,134.72000122070312,133.75999450683594,134.5800018310547,103.3638916015625,126019400,0.0,0.0,0.0
2011-07-25,133.3000030517578,134.49000549316406,133.16000366210938,133.8300018310547,102.78785705566406,136653800,0.0,0.0,0.0
2011-07-26,133.74000549316406,133.9600067138672,133.02999877929688,133.3300018310547,102.40381622314453,131278200,0.0,0.0,0.0
2011-07-27,132.58999633789062,132.6300048828125,130.42999267578125,130.60000610351562,100.30707550048828,249020100,0.0,0.0,0.0
2011-07-28,130.60000610351562,131.77000427246094,130.00999450683594,130.22000122070312,100.01519012451172,207939900,0.0,0.0,0.0
2011-07-29,128.91000366210938,130.5500030517578,127.97000122070312,129.3300018310547,99.33162689208984,307038400,0.0,0.0,0.0
2011-08-01,130.83999633789062,130.9600067138672,127.52999877929688,128.77999877929688,98.90921020507812,325790900,0.0,0.0,0.0
2011-08-02,127.80999755859375,128.5,125.48999786376953,125.48999786376953,96.38233184814453,346653800,0.0,0.0,0.0
2011-08-03,125.66000366210938,126.30999755859375,123.52999877929688,126.16999816894531,96.90460968017578,370830800,0.0,0.0,0.0
2011-08-04,124.41999816894531,124.62000274658203,120.05999755859375,120.26000213623047,92.3654556274414,520721800,0.0,0.0,0.0
2011-08-05,121.76000213623047,122.06999969482422,116.86000061035156,120.08000183105469,92.2271957397461,655619200,0.0,0.0,0.0
2011-08-08,116.91000366210938,120.12000274658203,112.0199966430664,112.26000213623047,86.22105407714844,702263900,0.0,0.0,0.0
2011-08-09,114.06999969482422,117.63999938964844,110.2699966430664,117.4800033569336,90.23026275634766,717828700,0.0,0.0,0.0
2011-08-10,115.26000213623047,116.27999877929688,111.94999694824219,112.29000091552734,86.24411010742188,662607400,0.0,0.0,0.0
2011-08-11,113.26000213623047,118.91999816894531,112.31999969482422,117.33000183105469,90.11504364013672,487979700,0.0,0.0,0.0
2011-08-12,118.4000015258789,119.20999908447266,117.27999877929688,118.12000274658203,90.7218246459961,313731600,0.0,0.0,0.0
2011-08-15,119.19000244140625,120.73999786376953,119.0,120.62000274658203,92.64196014404297,258810600,0.0,0.0,0.0
2011-08-16,119.47000122070312,120.69000244140625,118.30999755859375,119.58999633789062,91.8508071899414,294095200,0.0,0.0,0.0
2011-08-17,120.25,121.19999694824219,118.72000122070312,119.66999816894531,91.91228485107422,238201100,0.0,0.0,0.0
2011-08-18,116.5,119.70999908447266,113.38999938964844,114.51000213623047,87.94918060302734,512956300,0.0,0.0,0.0
2011-08-19,112.95999908447266,115.87999725341797,112.5,112.63999938964844,86.51289367675781,428281300,0.0,0.0,0.0
2011-08-22,115.16999816894531,115.2300033569336,112.41000366210938,112.7300033569336,86.58203887939453,275090600,0.0,0.0,0.0
2011-08-23,113.1500015258789,116.56999969482422,112.58000183105469,116.44000244140625,89.43151092529297,331136600,0.0,0.0,0.0
2011-08-24,116.19000244140625,118.23999786376953,115.91999816894531,118.08000183105469,90.69107055664062,246869700,0.0,0.0,0.0
2011-08-25,118.7300033569336,119.4000015258789,115.87000274658203,116.27999877929688,89.30862426757812,312365400,0.0,0.0,0.0
2011-08-26,115.69000244140625,118.51000213623047,113.8499984741211,117.97000122070312,90.60659790039062,314495900,0.0,0.0,0.0
2011-08-29,119.55999755859375,121.43000030517578,118.05999755859375,121.36000061035156,93.21025085449219,190977200,0.0,0.0,0.0
2011-08-30,120.83000183105469,122.43000030517578,119.26000213623047,121.68000030517578,93.45606994628906,241315700,0.0,0.0,0.0
2011-08-31,122.45999908447266,123.51000213623047,121.30000305175781,122.22000122070312,93.87079620361328,301828400,0.0,0.0,0.0
2011-09-01,122.29000091552734,123.4000015258789,120.77999877929688,120.94000244140625,92.88773345947266,254585900,0.0,0.0,0.0
2011-09-02,118.41999816894531,120.87000274658203,117.43000030517578,117.8499984741211,90.51441955566406,255517200,0.0,0.0,0.0
2011-09-06,114.38999938964844,117.16000366210938,114.37999725341797,116.98999786376953,89.85389709472656,285130500,0.0,0.0,0.0
2011-09-07,118.76000213623047,120.33999633789062,118.36000061035156,120.29000091552734,92.38850402832031,209803200,0.0,0.0,0.0
2011-09-08,119.56999969482422,120.94000244140625,118.7699966430664,119.04000091552734,91.42839050292969,250568200,0.0,0.0,0.0
2011-09-09,117.68000030517578,119.05999755859375,115.27999877929688,115.91999816894531,89.03208923339844,380195100,0.0,0.0,0.0
2011-09-12,114.47000122070312,116.76000213623047,114.05000305175781,116.66999816894531,89.60816955566406,305793500,0.0,0.0,0.0
2011-09-13,117.05000305175781,118.18000030517578,116.22000122070312,117.73999786376953,90.429931640625,272514700,0.0,0.0,0.0
2011-09-14,118.33999633789062,120.80000305175781,116.72000122070312,119.37000274658203,91.68187713623047,319389500,0.0,0.0,0.0
2011-09-15,120.6500015258789,121.47000122070312,119.4000015258789,121.43000030517578,93.2640609741211,326777200,0.0,0.0,0.0
2011-09-16,121.29000091552734,121.97000122070312,120.31999969482422,121.5199966430664,93.8160400390625,284528300,0.625,0.0,0.0
2011-09-19,119.52999877929688,120.93000030517578,118.72000122070312,120.30999755859375,92.88189697265625,241517000,0.0,0.0,0.0
2011-09-20,120.81999969482422,121.98999786376953,120.01000213623047,120.16999816894531,92.77381134033203,218932200,0.0,0.0,0.0
2011-09-21,120.2300033569336,120.5999984741211,116.44000244140625,116.62999725341797,90.0408706665039,316251300,0.0,0.0,0.0
2011-09-22,113.25,114.20999908447266,111.30000305175781,112.86000061035156,87.13031768798828,513911300,0.0,0.0,0.0
2011-09-23,112.11000061035156,114.16000366210938,112.0199966430664,113.54000091552734,87.65531921386719,307242500,0.0,0.0,0.0
2011-09-26,114.61000061035156,116.4000015258789,112.9800033569336,116.23999786376953,89.7397689819336,260673700,0.0,0.0,0.0
2011-09-27,118.52999877929688,119.55999755859375,116.83999633789062,117.54000091552734,90.74341583251953,311753900,0.0,0.0,0.0
2011-09-28,117.77999877929688,118.48999786376953,114.97000122070312,115.13999938964844,88.89054870605469,286696800,0.0,0.0,0.0
2011-09-29,117.05000305175781,117.62999725341797,113.93000030517578,116.05000305175781,89.59310913085938,298108900,0.0,0.0,0.0
2011-09-30,114.44999694824219,115.44999694824219,113.06999969482422,113.1500015258789,87.35420227050781,288392300,0.0,0.0,0.0
2011-10-03,112.48999786376953,113.94999694824219,109.80999755859375,109.93000030517578,84.86830139160156,365136800,0.0,0.0,0.0
2011-10-04,108.3499984741211,112.58000183105469,107.43000030517578,112.33999633789062,86.7288589477539,459177500,0.0,0.0,0.0
2011-10-05,112.62000274658203,114.72000122070312,111.58000183105469,114.41999816894531,88.33467102050781,284108000,0.0,0.0,0.0
2011-10-06,114.36000061035156,116.66000366210938,113.51000213623047,116.48999786376953,89.93277740478516,257800800,0.0,0.0,0.0
2011-10-07,117.16999816894531,117.25,115.05999755859375,115.70999908447266,89.33061218261719,312657900,0.0,0.0,0.0
2011-10-10,117.68000030517578,119.62999725341797,117.66999816894531,119.58000183105469,92.31834411621094,230666300,0.0,0.0,0.0
2011-10-11,118.87000274658203,120.04000091552734,118.75,119.69999694824219,92.41097259521484,209088000,0.0,0.0,0.0
2011-10-12,120.5999984741211,122.13999938964844,120.33000183105469,120.75,93.22158813476562,281544900,0.0,0.0,0.0
2011-10-13,120.04000091552734,120.87000274658203,119.12000274658203,120.51000213623047,93.03631591796875,212538800,0.0,0.0,0.0
2011-10-14,121.91000366210938,122.5999984741211,121.2300033569336,122.56999969482422,94.62667083740234,211397600,0.0,0.0,0.0
2011-10-17,121.98999786376953,122.55000305175781,119.93000030517578,120.2300033569336,92.82014465332031,202311600,0.0,0.0,0.0
2011-10-18,120.13999938964844,123.5,119.19999694824219,122.58000183105469,94.63439178466797,318857900,0.0,0.0,0.0
2011-10-19,122.37999725341797,123.08000183105469,120.70999908447266,121.12999725341797,93.51494598388672,226601300,0.0,0.0,0.0
2011-10-20,121.43000030517578,122.0999984741211,119.81999969482422,121.66000366210938,93.92413330078125,262075600,0.0,0.0,0.0
2011-10-21,123.08999633789062,124.12000274658203,122.72000122070312,123.97000122070312,95.7074966430664,278999400,0.0,0.0,0.0
2011-10-24,124.16999816894531,125.80000305175781,124.05999755859375,125.48999786376953,96.88094329833984,203215600,0.0,0.0,0.0
2011-10-25,124.88999938964844,124.94999694824219,122.77999877929688,123.05000305175781,94.99724578857422,268596800,0.0,0.0,0.0
2011-10-26,124.3499984741211,124.7699966430664,122.20999908447266,124.30000305175781,95.9622802734375,289053800,0.0,0.0,0.0
2011-10-27,127.62999725341797,129.4199981689453,126.61000061035156,128.6300048828125,99.30513000488281,393220200,0.0,0.0,0.0
2011-10-28,128.0,128.85000610351562,127.80000305175781,128.60000610351562,99.28195190429688,225906500,0.0,0.0,0.0
2011-10-31,127.16000366210938,128.6199951171875,125.31999969482422,125.5,96.88872528076172,228146700,0.0,0.0,0.0
2011-11-01,122.02999877929688,123.51000213623047,121.5199966430664,122.0,94.18661499023438,416565800,0.0,0.0,0.0
2011-11-02,123.83000183105469,124.4000015258789,122.79000091552734,123.98999786376953,95.72293853759766,244717600,0.0,0.0,0.0
2011-11-03,125.2699966430664,126.5,123.5999984741211,126.25,97.46768188476562,291174800,0.0,0.0,0.0
2011-11-04,125.2300033569336,125.69999694824219,124.01000213623047,125.4800033569336,96.87328338623047,249401600,0.0,0.0,0.0
2011-11-07,125.38999938964844,126.38999938964844,124.19999694824219,126.26000213623047,97.4754409790039,196617200,0.0,0.0,0.0
2011-11-08,126.91999816894531,128.02000427246094,125.70999908447266,127.87999725341797,98.72611236572266,224426300,0.0,0.0,0.0
2011-11-09,124.88999938964844,125.80000305175781,122.86000061035156,123.16000366210938,95.08216094970703,337982000,0.0,0.0,0.0
2011-11-10,124.79000091552734,124.94000244140625,123.0199966430664,124.31999969482422,95.97771453857422,231866500,0.0,0.0,0.0
2011-11-11,125.83000183105469,126.98999786376953,125.79000091552734,126.66000366210938,97.78421783447266,189924400,0.0,0.0,0.0
2011-11-14,126.19000244140625,127.44999694824219,124.91999816894531,125.45999908447266,96.8578109741211,159258300,0.0,0.0,0.0
2011-11-15,125.16999816894531,126.75,124.72000122070312,126.08000183105469,97.33647918701172,184709400,0.0,0.0,0.0
2011-11-16,124.80999755859375,126.33999633789062,123.9000015258789,124.08000183105469,95.79242706298828,235782500,0.0,0.0,0.0
2011-11-17,123.8499984741211,124.16000366210938,121.2300033569336,122.11000061035156,94.27153015136719,331219600,0.0,0.0,0.0
2011-11-18,122.5,122.75,121.47000122070312,121.9800033569336,94.17121887207031,215580400,0.0,0.0,0.0
2011-11-21,120.19999694824219,120.3499984741211,118.6500015258789,119.66000366210938,92.38009643554688,229611600,0.0,0.0,0.0
2011-11-22,119.4000015258789,120.0999984741211,118.5199966430664,119.19000244140625,92.01721954345703,216494900,0.0,0.0,0.0
2011-11-23,118.06999969482422,119.19000244140625,116.55999755859375,116.55999755859375,89.98682403564453,224329100,0.0,0.0,0.0
2011-11-25,116.37999725341797,117.69999694824219,116.19999694824219,116.33999633789062,89.81697082519531,99557000,0.0,0.0,0.0
2011-11-28,119.54000091552734,120.18000030517578,118.81999969482422,119.70999908447266,92.41867065429688,210686000,0.0,0.0,0.0
2011-11-29,120.05000305175781,121.0,119.61000061035156,120.05000305175781,92.68119049072266,199241500,0.0,0.0,0.0
2011-11-30,123.48999786376953,125.22000122070312,120.0,124.98999786376953,96.49494934082031,324439500,0.0,0.0,0.0
2011-12-01,124.8499984741211,125.63999938964844,124.43000030517578,124.97000122070312,96.47952270507812,176954800,0.0,0.0,0.0
2011-12-02,126.12000274658203,126.5,124.77999877929688,124.86000061035156,96.39459228515625,221109700,0.0,0.0,0.0
2011-12-05,126.83999633789062,127.18000030517578,125.44000244140625,126.22000122070312,97.44456481933594,225263900,0.0,0.0,0.0
2011-12-06,126.20999908447266,127.11000061035156,125.76000213623047,126.26000213623047,97.4754409790039,178842100,0.0,0.0,0.0
2011-12-07,125.83999633789062,127.26000213623047,124.97000122070312,126.7300033569336,97.83827209472656,237802500,0.0,0.0,0.0
2011-12-08,125.9000015258789,126.18000030517578,123.6500015258789,123.94999694824219,95.69206237792969,240862800,0.0,0.0,0.0
2011-12-09,124.51000213623047,126.37000274658203,124.4000015258789,126.05000305175781,97.31333923339844,209111400,0.0,0.0,0.0
2011-12-12,124.94999694824219,124.97000122070312,123.16000366210938,124.20999908447266,95.89277648925781,215826100,0.0,0.0,0.0
2011-12-13,124.86000061035156,125.56999969482422,122.44999694824219,123.05000305175781,94.99724578857422,245159800,0.0,0.0,0.0
2011-12-14,122.55999755859375,123.02999877929688,121.47000122070312,121.73999786376953,93.98588562011719,238618800,0.0,0.0,0.0
2011-12-15,123.02999877929688,123.19999694824219,121.98999786376953,122.18000030517578,94.32559967041016,199109200,0.0,0.0,0.0
2011-12-16,122.2300033569336,122.94999694824219,121.30000305175781,121.58999633789062,94.46540832519531,220481400,0.77,0.0,0.0
2011-12-19,122.05999755859375,122.31999969482422,120.02999877929688,120.29000091552734,93.45542907714844,183903000,0.0,0.0,0.0
2011-12-20,122.18000030517578,124.13999938964844,120.37000274658203,123.93000030517578,96.28341674804688,225418100,0.0,0.0,0.0
2011-12-21,123.93000030517578,124.36000061035156,122.75,124.16999816894531,96.46987915039062,194230900,0.0,0.0,0.0
2011-12-22,124.62999725341797,125.4000015258789,124.2300033569336,125.2699966430664,97.32449340820312,119465400,0.0,0.0,0.0
2011-12-23,125.66999816894531,126.43000030517578,125.41000366210938,126.38999938964844,98.19463348388672,92187200,0.0,0.0,0.0
2011-12-27,126.16999816894531,126.81999969482422,126.05999755859375,126.48999786376953,98.27233123779297,86075700,0.0,0.0,0.0
2011-12-28,126.51000213623047,126.52999877929688,124.7300033569336,124.83000183105469,96.9826431274414,119107100,0.0,0.0,0.0
2011-12-29,125.23999786376953,126.25,124.86000061035156,126.12000274658203,97.98486328125,123507200,0.0,0.0,0.0
2011-12-30,126.0199966430664,126.33000183105469,125.5,125.5,97.50320434570312,95599000,0.0,0.0,0.0
2012-01-03,127.76000213623047,128.3800048828125,127.43000030517578,127.5,99.05701446533203,193697900,0.0,0.0,0.0
2012-01-04,127.19999694824219,127.80999755859375,126.70999908447266,127.69999694824219,99.21240234375,127186500,0.0,0.0,0.0
2012-01-05,127.01000213623047,128.22999572753906,126.43000030517578,128.0399932861328,99.4765396118164,173895000,0.0,0.0,0.0
2012-01-06,128.1999969482422,128.22000122070312,127.29000091552734,127.70999908447266,99.22016143798828,148050000,0.0,0.0,0.0
2012-01-09,128.0,128.17999267578125,127.41000366210938,128.02000427246094,99.46100616455078,99530200,0.0,0.0,0.0
2012-01-10,129.38999938964844,129.64999389648438,128.9499969482422,129.1300048828125,100.3233642578125,115282000,0.0,0.0,0.0
2012-01-11,128.72999572753906,129.3699951171875,128.52000427246094,129.1999969482422,100.37775421142578,111540700,0.0,0.0,0.0
2012-01-12,129.57000732421875,129.6999969482422,128.5399932861328,129.50999450683594,100.61859130859375,118983700,0.0,0.0,0.0
2012-01-13,128.63999938964844,129.0500030517578,127.72000122070312,128.83999633789062,100.09808349609375,179836200,0.0,0.0,0.0
2012-01-17,130.0800018310547,130.32000732421875,128.89999389648438,129.33999633789062,100.48657989501953,132209200,0.0,0.0,0.0
2012-01-18,129.30999755859375,130.83999633789062,129.0800018310547,130.77000427246094,101.59754180908203,163395200,0.0,0.0,0.0
2012-01-19,131.22000122070312,131.57000732421875,130.8000030517578,131.4600067138672,102.13362884521484,126328900,0.0,0.0,0.0
2012-01-20,131.24000549316406,131.9499969482422,130.9199981689453,131.9499969482422,102.51428985595703,138230200,0.0,0.0,0.0
2012-01-23,131.50999450683594,132.25,130.97999572753906,131.61000061035156,102.25013732910156,129295800,0.0,0.0,0.0
2012-01-24,130.8000030517578,131.5,130.60000610351562,131.4600067138672,102.13362884521484,103083300,0.0,0.0,0.0
2012-01-25,131.25999450683594,132.8699951171875,130.75,132.55999755859375,102.98819732666016,198613200,0.0,0.0,0.0
2012-01-26,133.14999389648438,133.39999389648438,131.36000061035156,131.8800048828125,102.45990753173828,184880500,0.0,0.0,0.0
2012-01-27,131.24000549316406,132.0500030517578,131.14999389648438,131.82000732421875,102.41329956054688,135259100,0.0,0.0,0.0
2012-01-30,130.50999450683594,131.44000244140625,130.05999755859375,131.3699951171875,102.06368255615234,147311800,0.0,0.0,0.0
2012-01-31,132.02000427246094,132.17999267578125,130.67999267578125,131.32000732421875,102.02483367919922,157212000,0.0,0.0,0.0
2012-02-01,132.2899932861328,133.13999938964844,132.1300048828125,132.47000122070312,102.91827392578125,166234500,0.0,0.0,0.0
2012-02-02,132.72999572753906,133.02000427246094,132.2100067138672,132.67999267578125,103.08141326904297,113090400,0.0,0.0,0.0
2012-02-03,134.0,134.6199951171875,133.77000427246094,134.5399932861328,104.5264892578125,160598500,0.0,0.0,0.0
2012-02-06,133.97999572753906,134.50999450683594,133.8300018310547,134.4499969482422,104.45661926269531,107694500,0.0,0.0,0.0
2012-02-07,134.1699981689453,135.02000427246094,133.63999938964844,134.7899932861328,104.7207260131836,135528100,0.0,0.0,0.0
2012-02-08,134.86000061035156,135.22000122070312,134.30999755859375,135.19000244140625,105.03153228759766,139361400,0.0,0.0,0.0
2012-02-09,135.41000366210938,135.58999633789062,134.55999755859375,135.36000061035156,105.16357421875,148602900,0.0,0.0,0.0
2012-02-10,134.16000366210938,134.47000122070312,133.83999633789062,134.36000061035156,104.38665008544922,167907500,0.0,0.0,0.0
2012-02-13,135.32000732421875,135.52000427246094,134.74000549316406,135.36000061035156,105.16357421875,115841900,0.0,0.0,0.0
2012-02-14,135.0,135.27000427246094,134.25,135.19000244140625,105.03153228759766,165329500,0.0,0.0,0.0
2012-02-15,135.6300048828125,135.8300018310547,134.2899932861328,134.55999755859375,104.54203796386719,195195100,0.0,0.0,0.0
2012-02-16,134.57000732421875,136.1699981689453,134.3300018310547,136.0500030517578,105.69966125488281,186567800,0.0,0.0,0.0
2012-02-17,136.52000427246094,136.6300048828125,135.9600067138672,136.41000366210938,105.9793472290039,129869400,0.0,0.0,0.0
2012-02-21,136.72999572753906,137.0500030517578,136.0500030517578,136.47000122070312,106.02593994140625,134042300,0.0,0.0,0.0
2012-02-22,136.25999450683594,136.5500030517578,135.7899932861328,136.02999877929688,105.6841049194336,124455300,0.0,0.0,0.0
2012-02-23,135.9600067138672,136.72999572753906,135.5,136.6300048828125,106.15028381347656,137704300,0.0,0.0,0.0
2012-02-24,136.92999267578125,137.1999969482422,136.6300048828125,136.92999267578125,106.38333892822266,105539100,0.0,0.0,0.0
2012-02-27,136.02000427246094,137.52999877929688,135.8000030517578,137.16000366210938,106.56204986572266,145728900,0.0,0.0,0.0
2012-02-28,137.1999969482422,137.72000122070312,136.92999267578125,137.55999755859375,106.872802734375,129355900,0.0,0.0,0.0
2012-02-29,137.75999450683594,138.19000244140625,136.5399932861328,137.02000427246094,106.45325469970703,185934700,0.0,0.0,0.0
2012-03-01,137.30999755859375,137.99000549316406,136.92999267578125,137.72999572753906,107.00486755371094,145023500,0.0,0.0,0.0
2012-03-02,137.63999938964844,137.82000732421875,137.0,137.30999755859375,106.67854309082031,120638300,0.0,0.0,0.0
2012-03-05,137.10000610351562,137.1999969482422,136.27999877929688,136.75,106.24347686767578,140765000,0.0,0.0,0.0
2012-03-06,135.35000610351562,135.42999267578125,134.36000061035156,134.75,104.68966674804688,202129900,0.0,0.0,0.0
2012-03-07,135.05999755859375,135.91000366210938,134.92999267578125,135.69000244140625,105.4199447631836,143692200,0.0,0.0,0.0
2012-03-08,136.52000427246094,137.32000732421875,136.24000549316406,137.0399932861328,106.46882629394531,116968900,0.0,0.0,0.0
2012-03-09,137.3000030517578,137.92999267578125,137.1300048828125,137.57000732421875,106.88058471679688,122836800,0.0,0.0,0.0
2012-03-12,137.5500030517578,137.75999450683594,137.08999633789062,137.5800018310547,106.88832092285156,104003500,0.0,0.0,0.0
2012-03-13,138.32000732421875,140.1300048828125,138.08999633789062,140.05999755859375,108.81507110595703,184090500,0.0,0.0,0.0
2012-03-14,140.10000610351562,140.4499969482422,139.47999572753906,139.91000366210938,108.69855499267578,145163600,0.0,0.0,0.0
2012-03-15,140.1199951171875,140.77999877929688,139.75999450683594,140.72000122070312,109.327880859375,165118500,0.0,0.0,0.0
2012-03-16,140.36000061035156,140.47999572753906,140.0,140.3000030517578,109.47924041748047,152893500,0.614,0.0,0.0
2012-03-19,140.2100067138672,141.27999877929688,140.11000061035156,140.85000610351562,109.90843963623047,125291100,0.0,0.0,0.0
2012-03-20,140.0500030517578,140.61000061035156,139.63999938964844,140.44000244140625,109.5884780883789,121729700,0.0,0.0,0.0
2012-03-21,140.52000427246094,140.64999389648438,139.9199981689453,140.2100067138672,109.40901184082031,122388400,0.0,0.0,0.0
2012-03-22,139.17999267578125,139.5500030517578,138.74000549316406,139.1999969482422,108.62086486816406,135216700,0.0,0.0,0.0
2012-03-23,139.32000732421875,139.80999755859375,138.5500030517578,139.64999389648438,108.97201538085938,120521000,0.0,0.0,0.0
2012-03-26,140.64999389648438,141.61000061035156,140.60000610351562,141.61000061035156,110.5014419555664,120164000,0.0,0.0,0.0
2012-03-27,141.74000549316406,141.8300018310547,141.0800018310547,141.1699981689453,110.15814971923828,119868500,0.0,0.0,0.0
2012-03-28,141.10000610351562,141.32000732421875,139.63999938964844,140.47000122070312,109.61188507080078,148562100,0.0,0.0,0.0
2012-03-29,139.63999938964844,140.49000549316406,139.08999633789062,140.22999572753906,109.42461395263672,164963700,0.0,0.0,0.0
2012-03-30,140.9199981689453,141.0500030517578,140.0500030517578,140.80999755859375,109.877197265625,135486800,0.0,0.0,0.0
2012-04-02,140.63999938964844,142.2100067138672,140.36000061035156,141.83999633789062,110.68093872070312,151741100,0.0,0.0,0.0
2012-04-03,141.63999938964844,141.8800048828125,140.42999267578125,141.25999450683594,110.22834014892578,155806700,0.0,0.0,0.0
2012-04-04,140.22000122070312,140.33999633789062,139.33999633789062,139.86000061035156,109.1358871459961,146896000,0.0,0.0,0.0
2012-04-05,139.3800048828125,140.1999969482422,139.25999450683594,139.7899932861328,109.08129119873047,137439400,0.0,0.0,0.0
2012-04-09,138.02999877929688,139.83999633789062,137.83999633789062,138.22000122070312,107.85617065429688,127555900,0.0,0.0,0.0
2012-04-10,137.9499969482422,138.33999633789062,135.75999450683594,135.89999389648438,106.04584503173828,235360300,0.0,0.0,0.0
2012-04-11,137.2899932861328,137.5399932861328,136.75,137.0,106.9041748046875,154133000,0.0,0.0,0.0
2012-04-12,137.1300048828125,138.89999389648438,137.02999877929688,138.7899932861328,108.30095672607422,154321500,0.0,0.0,0.0
2012-04-13,138.47000122070312,138.82000732421875,137.00999450683594,137.13999938964844,107.013427734375,169246700,0.0,0.0,0.0
2012-04-16,137.83999633789062,138.0399932861328,136.5800018310547,137.0500030517578,106.94319915771484,147825300,0.0,0.0,0.0
2012-04-17,137.83999633789062,139.36000061035156,137.6999969482422,139.0800018310547,108.52725219726562,147877600,0.0,0.0,0.0
2012-04-18,138.4600067138672,139.0800018310547,138.3800048828125,138.61000061035156,108.1605224609375,123884200,0.0,0.0,0.0
2012-04-19,138.6300048828125,139.14999389648438,137.07000732421875,137.72000122070312,107.46600341796875,198666700,0.0,0.0,0.0
2012-04-20,138.3300018310547,138.8300018310547,137.8699951171875,137.9499969482422,107.64552307128906,143199600,0.0,0.0,0.0
2012-04-23,136.5399932861328,136.91000366210938,135.94000244140625,136.7899932861328,106.74031829833984,171844900,0.0,0.0,0.0
2012-04-24,136.91000366210938,137.66000366210938,136.8000030517578,137.30999755859375,107.14604949951172,137484200,0.0,0.0,0.0
2012-04-25,138.64999389648438,139.25,138.52999877929688,139.19000244140625,108.61309814453125,150252200,0.0,0.0,0.0
2012-04-26,138.88999938964844,140.32000732421875,138.80999755859375,140.16000366210938,109.36996459960938,136291600,0.0,0.0,0.0
2012-04-27,140.5800018310547,140.7899932861328,139.8000030517578,140.38999938964844,109.54945373535156,130725000,0.0,0.0,0.0
2012-04-30,140.11000061035156,140.2100067138672,139.49000549316406,139.8699951171875,109.14373779296875,115092200,0.0,0.0,0.0
2012-05-01,139.7899932861328,141.66000366210938,139.6300048828125,140.74000549316406,109.8226089477539,138832200,0.0,0.0,0.0
2012-05-02,139.9199981689453,140.4600067138672,139.4600067138672,140.32000732421875,109.4948501586914,121081000,0.0,0.0,0.0
2012-05-03,140.33999633789062,140.4499969482422,138.99000549316406,139.25,108.65992736816406,143759700,0.0,0.0,0.0
2012-05-04,138.52000427246094,139.3000030517578,136.9199981689453,137.0,106.9041748046875,193927300,0.0,0.0,0.0
2012-05-07,136.50999450683594,137.55999755859375,136.4600067138672,137.10000610351562,106.98218536376953,127765900,0.0,0.0,0.0
2012-05-08,136.27999877929688,136.77000427246094,134.9199981689453,136.5500030517578,106.55303192138672,213377700,0.0,0.0,0.0
2012-05-09,135.10000610351562,136.61000061035156,134.49000549316406,135.74000549316406,105.92096710205078,220752500,0.0,0.0,0.0
2012-05-10,136.67999267578125,136.85000610351562,135.7100067138672,136.02000427246094,106.13948059082031,150600000,0.0,0.0,0.0
2012-05-11,135.1699981689453,136.8699951171875,135.11000061035156,135.61000061035156,105.81952667236328,153032400,0.0,0.0,0.0
2012-05-14,134.30999755859375,135.61000061035156,133.91000366210938,134.11000061035156,104.64907836914062,163910000,0.0,0.0,0.0
2012-05-15,134.02000427246094,134.80999755859375,133.1300048828125,133.33999633789062,104.0481948852539,207629300,0.0,0.0,0.0
2012-05-16,133.94000244140625,134.5500030517578,132.8000030517578,132.8300018310547,103.65023803710938,207265500,0.0,0.0,0.0
2012-05-17,132.86000061035156,133.02000427246094,130.7899932861328,130.86000061035156,102.11299133300781,247992900,0.0,0.0,0.0
2012-05-18,131.3699951171875,131.60000610351562,129.5500030517578,129.74000549316406,101.23905944824219,319615900,0.0,0.0,0.0
2012-05-21,130.16000366210938,132.02000427246094,129.9499969482422,131.97000122070312,102.97917938232422,177861100,0.0,0.0,0.0
2012-05-22,132.30999755859375,133.22999572753906,131.33999633789062,132.1999969482422,103.15863800048828,197531200,0.0,0.0,0.0
2012-05-23,131.25,132.4600067138672,129.99000549316406,132.27000427246094,103.21321868896484,204958400,0.0,0.0,0.0
2012-05-24,132.6300048828125,132.83999633789062,131.4199981689453,132.52999877929688,103.41614532470703,167357600,0.0,0.0,0.0
2012-05-25,132.47999572753906,132.85000610351562,131.77999877929688,132.10000610351562,103.08061981201172,135465600,0.0,0.0,0.0
2012-05-29,133.16000366210938,133.92999267578125,131.1699981689453,133.6999969482422,104.32913970947266,152883500,0.0,0.0,0.0
2012-05-30,132.55999755859375,133.69000244140625,131.49000549316406,131.75999450683594,102.81527709960938,162370400,0.0,0.0,0.0
2012-05-31,131.7100067138672,132.4499969482422,130.33999633789062,131.47000122070312,102.58899688720703,196186000,0.0,0.0,0.0
2012-06-01,129.41000366210938,131.5,128.16000366210938,128.16000366210938,100.0061264038086,253240900,0.0,0.0,0.0
2012-06-04,128.38999938964844,128.74000549316406,127.13999938964844,128.10000610351562,99.95931243896484,202545800,0.0,0.0,0.0
2012-06-05,127.8499984741211,129.25999450683594,127.77999877929688,129.07000732421875,100.71623992919922,164149400,0.0,0.0,0.0
2012-06-06,129.97000122070312,132.02999877929688,129.92999267578125,131.97000122070312,102.97917938232422,184202800,0.0,0.0,0.0
2012-06-07,133.47000122070312,133.52999877929688,131.77999877929688,132.0500030517578,103.0416030883789,184772700,0.0,0.0,0.0
2012-06-08,131.7100067138672,133.1300048828125,131.2899932861328,133.10000610351562,103.86090850830078,143915400,0.0,0.0,0.0
2012-06-11,134.1699981689453,134.25,131.27999877929688,131.41000366210938,102.54217529296875,169756100,0.0,0.0,0.0
2012-06-12,131.7899932861328,133.00999450683594,131.16000366210938,132.9199981689453,103.7204818725586,181931800,0.0,0.0,0.0
2012-06-13,132.52999877929688,133.36000061035156,131.6199951171875,132.07000732421875,103.05717468261719,172223900,0.0,0.0,0.0
2012-06-14,132.33999633789062,134.0,131.97999572753906,133.47000122070312,104.1496353149414,230615500,0.0,0.0,0.0
2012-06-15,133.3800048828125,134.25999450683594,133.10000610351562,134.13999938964844,105.21480560302734,169444500,0.688,0.0,0.0
2012-06-18,133.5800018310547,134.72999572753906,133.27999877929688,134.39999389648438,105.41875457763672,131360900,0.0,0.0,0.0
2012-06-19,135.0800018310547,136.25,134.3699951171875,135.6999969482422,106.43841552734375,137382600,0.0,0.0,0.0
2012-06-20,135.7100067138672,136.10000610351562,134.27000427246094,135.47999572753906,106.26585388183594,206451800,0.0,0.0,0.0
2012-06-21,135.63999938964844,135.77999877929688,132.3300018310547,132.44000244140625,103.88136291503906,205272200,0.0,0.0,0.0
2012-06-22,133.1300048828125,133.7100067138672,132.6199951171875,133.4600067138672,104.68146514892578,130029200,0.0,0.0,0.0
2012-06-25,132.0500030517578,132.10000610351562,130.85000610351562,131.32000732421875,103.00289916992188,146375700,0.0,0.0,0.0
2012-06-26,131.6999969482422,132.3800048828125,130.92999267578125,131.97999572753906,103.52057647705078,141634000,0.0,0.0,0.0
2012-06-27,132.4199981689453,133.42999267578125,131.97000122070312,133.1699981689453,104.4539794921875,108088000,0.0,0.0,0.0
2012-06-28,132.2899932861328,132.99000549316406,131.27999877929688,132.7899932861328,104.1559066772461,169242100,0.0,0.0,0.0
2012-06-29,135.1999969482422,136.27000427246094,134.85000610351562,136.10000610351562,106.75218963623047,212250900,0.0,0.0,0.0
2012-07-02,136.47999572753906,136.64999389648438,135.52000427246094,136.50999450683594,107.07376098632812,129524500,0.0,0.0,0.0
2012-07-03,136.47999572753906,137.50999450683594,136.33999633789062,137.41000366210938,107.77967834472656,80450000,0.0,0.0,0.0
2012-07-05,136.89999389648438,137.8000030517578,136.2899932861328,136.7899932861328,107.29338073730469,126177500,0.0,0.0,0.0
2012-07-06,135.47000122070312,135.77000427246094,134.85000610351562,135.49000549316406,106.27372741699219,151192100,0.0,0.0,0.0
2012-07-09,135.3800048828125,135.57000732421875,134.6999969482422,135.32000732421875,106.14036560058594,103780500,0.0,0.0,0.0
2012-07-10,136.00999450683594,136.22999572753906,133.67999267578125,134.13999938964844,105.21480560302734,167884800,0.0,0.0,0.0
2012-07-11,134.2100067138672,134.60000610351562,133.3800048828125,134.16000366210938,105.2304916381836,141733400,0.0,0.0,0.0
2012-07-12,133.3800048828125,134.22999572753906,132.60000610351562,133.50999450683594,104.72064971923828,143583200,0.0,0.0,0.0
2012-07-13,133.86000061035156,135.88999938964844,133.83999633789062,135.75,106.47762298583984,129642600,0.0,0.0,0.0
2012-07-16,135.44000244140625,135.8300018310547,134.89999389648438,135.42999267578125,106.22667694091797,97525200,0.0,0.0,0.0
2012-07-17,135.97000122070312,136.63999938964844,134.5500030517578,136.36000061035156,106.95613861083984,138860300,0.0,0.0,0.0
2012-07-18,136.0399932861328,137.63999938964844,135.9600067138672,137.3699951171875,107.74828338623047,113349700,0.0,0.0,0.0
2012-07-19,137.64999389648438,138.17999267578125,137.2100067138672,137.72999572753906,108.03070831298828,129847300,0.0,0.0,0.0
2012-07-20,136.9499969482422,137.16000366210938,136.32000732421875,136.47000122070312,107.04241943359375,142904500,0.0,0.0,0.0
2012-07-23,134.47000122070312,136.3800048828125,133.83999633789062,135.08999633789062,105.95996856689453,145210900,0.0,0.0,0.0
2012-07-24,135.19000244140625,135.25,133.02999877929688,133.92999267578125,105.0500717163086,173301200,0.0,0.0,0.0
2012-07-25,134.2100067138672,134.55999755859375,133.25,133.9600067138672,105.07364654541016,129122300,0.0,0.0,0.0
2012-07-26,135.88999938964844,136.4600067138672,135.25999450683594,136.1699981689453,106.80704498291016,156526500,0.0,0.0,0.0
2012-07-27,136.88999938964844,139.07000732421875,136.13999938964844,138.67999267578125,108.77582550048828,236768900,0.0,0.0,0.0
2012-07-30,138.52000427246094,139.33999633789062,138.27000427246094,138.67999267578125,108.77582550048828,106782000,0.0,0.0,0.0
2012-07-31,138.49000549316406,138.8699951171875,137.7100067138672,137.7100067138672,108.01499938964844,120575900,0.0,0.0,0.0
2012-08-01,138.6999969482422,138.72999572753906,137.39999389648438,137.58999633789062,107.92093658447266,138293800,0.0,0.0,0.0
2012-08-02,136.5500030517578,137.57000732421875,135.5800018310547,136.63999938964844,107.17571258544922,199556600,0.0,0.0,0.0
2012-08-03,138.55999755859375,139.63999938964844,136.67999267578125,139.35000610351562,109.30135345458984,157825000,0.0,0.0,0.0
2012-08-06,139.72000122070312,140.1699981689453,139.55999755859375,139.6199951171875,109.51314544677734,86326200,0.0,0.0,0.0
2012-08-07,140.17999267578125,140.9199981689453,140.02999877929688,140.32000732421875,110.06219482421875,109545100,0.0,0.0,0.0
2012-08-08,139.85000610351562,140.64999389648438,139.80999755859375,140.49000549316406,110.19554138183594,89754700,0.0,0.0,0.0
2012-08-09,140.2899932861328,140.88999938964844,140.14999389648438,140.61000061035156,110.28963470458984,90291700,0.0,0.0,0.0
2012-08-10,140.0399932861328,140.88999938964844,139.80999755859375,140.83999633789062,110.47005462646484,99792700,0.0,0.0,0.0
2012-08-13,140.60000610351562,140.83999633789062,140.0399932861328,140.77000427246094,110.41515350341797,79426900,0.0,0.0,0.0
2012-08-14,141.2899932861328,141.3800048828125,140.3699951171875,140.7899932861328,110.43084716796875,102379400,0.0,0.0,0.0
2012-08-15,140.63999938964844,141.19000244140625,140.5500030517578,140.9499969482422,110.55633544921875,71085900,0.0,0.0,0.0
2012-08-16,141.14999389648438,142.16000366210938,140.8000030517578,141.99000549316406,111.37207794189453,112014200,0.0,0.0,0.0
2012-08-17,142.22999572753906,142.3000030517578,141.86000061035156,142.17999267578125,111.52111053466797,90813700,0.0,0.0,0.0
2012-08-20,141.97999572753906,142.22000122070312,141.58999633789062,142.19000244140625,111.52893829345703,78255700,0.0,0.0,0.0
2012-08-21,142.5399932861328,143.08999633789062,141.4499969482422,141.75999450683594,111.19168090820312,105581100,0.0,0.0,0.0
2012-08-22,141.39999389648438,142.0500030517578,141.07000732421875,141.82000732421875,111.23875427246094,133243500,0.0,0.0,0.0
2012-08-23,141.47000122070312,141.47999572753906,140.44000244140625,140.66000366210938,110.32890319824219,111466400,0.0,0.0,0.0
2012-08-24,140.30999755859375,141.8300018310547,140.22000122070312,141.50999450683594,110.9955825805664,99481200,0.0,0.0,0.0
2012-08-27,141.88999938964844,142.0800018310547,141.33999633789062,141.5399932861328,111.0191421508789,68785900,0.0,0.0,0.0
2012-08-28,141.17999267578125,141.83999633789062,140.97000122070312,141.39999389648438,110.90927124023438,75689600,0.0,0.0,0.0
2012-08-29,141.52000427246094,141.88999938964844,141.1199951171875,141.50999450683594,110.9955825805664,65421300,0.0,0.0,0.0
2012-08-30,140.89999389648438,140.94000244140625,140.19000244140625,140.49000549316406,110.19554138183594,96589900,0.0,0.0,0.0
2012-08-31,141.2899932861328,141.82000732421875,140.36000061035156,141.16000366210938,110.72106170654297,151970400,0.0,0.0,0.0
2012-09-04,141.0399932861328,141.4600067138672,140.1300048828125,141.02999877929688,110.6190414428711,120226200,0.0,0.0,0.0
2012-09-05,141.08999633789062,141.47000122070312,140.6300048828125,140.91000366210938,110.52495574951172,100660300,0.0,0.0,0.0
2012-09-06,141.75999450683594,143.77999877929688,141.75,143.77000427246094,112.76824188232422,158272500,0.0,0.0,0.0
2012-09-07,144.00999450683594,144.38999938964844,143.8800048828125,144.3300018310547,113.20750427246094,107272100,0.0,0.0,0.0
2012-09-10,144.19000244140625,144.44000244140625,143.4600067138672,143.50999450683594,112.56430053710938,86458500,0.0,0.0,0.0
2012-09-11,143.60000610351562,144.3699951171875,143.55999755859375,143.91000366210938,112.87806701660156,88760000,0.0,0.0,0.0
2012-09-12,144.38999938964844,144.5500030517578,143.89999389648438,144.38999938964844,113.25457000732422,87640900,0.0,0.0,0.0
2012-09-13,144.3699951171875,147.0399932861328,143.99000549316406,146.58999633789062,114.98019409179688,225470200,0.0,0.0,0.0
2012-09-14,146.8800048828125,148.11000061035156,146.75999450683594,147.24000549316406,115.48998260498047,169777000,0.0,0.0,0.0
2012-09-17,146.94000244140625,147.19000244140625,146.3699951171875,146.74000549316406,115.09778594970703,119427800,0.0,0.0,0.0
2012-09-18,146.49000549316406,146.80999755859375,146.25,146.6199951171875,115.00371551513672,98326600,0.0,0.0,0.0
2012-09-19,146.7899932861328,147.1699981689453,146.41000366210938,146.6999969482422,115.0664291381836,128318300,0.0,0.0,0.0
2012-09-20,146.02999877929688,146.7899932861328,145.6300048828125,146.7100067138672,115.0743179321289,154009800,0.0,0.0,0.0
2012-09-21,146.63999938964844,146.6699981689453,145.80999755859375,145.8699951171875,115.0262222290039,108737500,0.779,0.0,0.0
2012-09-24,145.14999389648438,145.97999572753906,145.0399932861328,145.64999389648438,114.85272979736328,95682000,0.0,0.0,0.0
2012-09-25,145.9600067138672,146.24000549316406,144.05999755859375,144.10000610351562,113.63043212890625,133165200,0.0,0.0,0.0
2012-09-26,144.07000732421875,144.11000061035156,142.9499969482422,143.2899932861328,112.99169921875,146502200,0.0,0.0,0.0
2012-09-27,143.88999938964844,144.97000122070312,143.50999450683594,144.63999938964844,114.05624389648438,111830300,0.0,0.0,0.0
2012-09-28,144.08999633789062,144.55999755859375,143.4600067138672,143.97000122070312,113.52793884277344,150696100,0.0,0.0,0.0
2012-10-01,144.52000427246094,145.69000244140625,144.00999450683594,144.35000610351562,113.82758331298828,135911200,0.0,0.0,0.0
2012-10-02,144.9199981689453,145.14999389648438,143.8300018310547,144.5,113.94586944580078,113422200,0.0,0.0,0.0
2012-10-03,144.88999938964844,145.42999267578125,144.1300048828125,145.08999633789062,114.4111328125,121283100,0.0,0.0,0.0
2012-10-04,145.63999938964844,146.33999633789062,145.44000244140625,146.1300048828125,115.23125457763672,124311600,0.0,0.0,0.0
2012-10-05,146.91000366210938,147.16000366210938,145.6999969482422,146.13999938964844,115.23907470703125,124842100,0.0,0.0,0.0
2012-10-08,145.60000610351562,146.1199951171875,145.30999755859375,145.63999938964844,114.84479522705078,78415400,0.0,0.0,0.0
2012-10-09,145.52999877929688,145.64999389648438,144.14999389648438,144.1999969482422,113.7093505859375,148872900,0.0,0.0,0.0
2012-10-10,144.17999267578125,144.32000732421875,143.08999633789062,143.27999877929688,112.98387145996094,124247500,0.0,0.0,0.0
2012-10-11,144.27999877929688,144.49000549316406,143.3300018310547,143.36000061035156,113.04692077636719,123601500,0.0,0.0,0.0
2012-10-12,143.4600067138672,143.9499969482422,142.5800018310547,142.88999938964844,112.67630004882812,124181900,0.0,0.0,0.0
2012-10-15,143.22999572753906,144.22999572753906,142.77000427246094,144.0800018310547,113.61471557617188,107689100,0.0,0.0,0.0
2012-10-16,144.75999450683594,145.63999938964844,144.66000366210938,145.5399932861328,114.76594543457031,108815500,0.0,0.0,0.0
2012-10-17,145.63999938964844,146.32000732421875,145.4199981689453,146.1999969482422,115.2863998413086,128834100,0.0,0.0,0.0
2012-10-18,145.82000732421875,146.52000427246094,145.3300018310547,145.82000732421875,114.9867935180664,148108500,0.0,0.0,0.0
2012-10-19,145.5500030517578,145.55999755859375,143.0500030517578,143.38999938964844,113.07061767578125,185645200,0.0,0.0,0.0
2012-10-22,143.14999389648438,143.6699981689453,142.27999877929688,143.41000366210938,113.08637237548828,125578600,0.0,0.0,0.0
2012-10-23,141.86000061035156,142.05999755859375,140.8300018310547,141.4199981689453,111.5171127319336,192056300,0.0,0.0,0.0
2012-10-24,141.92999267578125,142.10000610351562,140.8000030517578,141.02000427246094,111.20172119140625,120179400,0.0,0.0,0.0
2012-10-25,142.02000427246094,142.27999877929688,140.57000732421875,141.42999267578125,111.5250244140625,134457400,0.0,0.0,0.0
2012-10-26,141.3000030517578,141.83999633789062,140.38999938964844,141.35000610351562,111.46195220947266,146023500,0.0,0.0,0.0
2012-10-31,141.85000610351562,142.02999877929688,140.67999267578125,141.35000610351562,111.46195220947266,103438500,0.0,0.0,0.0
2012-11-01,141.64999389648438,143.00999450683594,141.52000427246094,142.8300018310547,112.62897491455078,100995600,0.0,0.0,0.0
2012-11-02,143.67999267578125,143.72000122070312,141.41000366210938,141.55999755859375,111.6275405883789,137702200,0.0,0.0,0.0
2012-11-05,141.35000610351562,142.1699981689453,140.92999267578125,141.85000610351562,111.8562240600586,98378500,0.0,0.0,0.0
2012-11-06,142.27999877929688,143.52000427246094,142.1300048828125,142.9600067138672,112.73149108886719,107068100,0.0,0.0,0.0
2012-11-07,141.66000366210938,141.67999267578125,139.05999755859375,139.72000122070312,110.17660522460938,264304500,0.0,0.0,0.0
2012-11-08,139.6999969482422,140.41000366210938,137.92999267578125,138.0399932861328,108.85179138183594,181517300,0.0,0.0,0.0
2012-11-09,137.6199951171875,139.44000244140625,137.5500030517578,138.16000366210938,108.94644927978516,201055300,0.0,0.0,0.0
2012-11-12,138.58999633789062,138.80999755859375,137.9600067138672,138.27000427246094,109.03317260742188,97677500,0.0,0.0,0.0
2012-11-13,137.5399932861328,139.25,137.36000061035156,137.7899932861328,108.65467834472656,123018300,0.0,0.0,0.0
2012-11-14,138.2100067138672,138.42999267578125,135.6199951171875,135.92999267578125,107.18797302246094,191505000,0.0,0.0,0.0
2012-11-15,135.97999572753906,136.49000549316406,135.17999267578125,135.6999969482422,107.00658416748047,178128400,0.0,0.0,0.0
2012-11-16,135.89999389648438,136.63999938964844,134.6999969482422,136.3699951171875,107.53491973876953,239483900,0.0,0.0,0.0
2012-11-19,137.89999389648438,139.14999389648438,136.41000366210938,139.1300048828125,109.7113265991211,151495800,0.0,0.0,0.0
2012-11-20,138.91000366210938,139.4199981689453,138.0800018310547,139.19000244140625,109.75868225097656,119807400,0.0,0.0,0.0
2012-11-21,139.30999755859375,139.57000732421875,139.02999877929688,139.4499969482422,109.96369171142578,81710800,0.0,0.0,0.0
2012-11-23,140.1300048828125,141.39999389648438,140.0399932861328,141.35000610351562,111.46195220947266,65409200,0.0,0.0,0.0
2012-11-26,140.64999389648438,141.36000061035156,140.19000244140625,141.0500030517578,111.2253646850586,100124400,0.0,0.0,0.0
2012-11-27,140.91000366210938,141.38999938964844,140.24000549316406,140.3300018310547,110.65762329101562,128646200,0.0,0.0,0.0
2012-11-28,139.75999450683594,141.5399932861328,139.0,141.4600067138672,111.54866027832031,177086500,0.0,0.0,0.0
2012-11-29,141.99000549316406,142.50999450683594,141.3699951171875,142.1199951171875,112.06912994384766,151085900,0.0,0.0,0.0
2012-11-30,142.13999938964844,142.4199981689453,141.66000366210938,142.14999389648438,112.09278869628906,136568300,0.0,0.0,0.0
2012-12-03,142.8000030517578,142.9199981689453,141.33999633789062,141.4499969482422,111.54078674316406,124656300,0.0,0.0,0.0
2012-12-04,141.44000244140625,141.8699951171875,140.8699951171875,141.25,111.38307189941406,127512200,0.0,0.0,0.0
2012-12-05,141.3699951171875,142.16000366210938,140.3699951171875,141.5,111.58021545410156,147300500,0.0,0.0,0.0
2012-12-06,141.3699951171875,142.0399932861328,141.16000366210938,141.97999572753906,111.95875549316406,103220600,0.0,0.0,0.0
2012-12-07,142.52999877929688,142.69000244140625,141.6699981689453,142.41000366210938,112.29781341552734,108726400,0.0,0.0,0.0
2012-12-10,142.2100067138672,142.80999755859375,142.14999389648438,142.47000122070312,112.3451156616211,98840700,0.0,0.0,0.0
2012-12-11,143.05999755859375,144.11000061035156,142.99000549316406,143.44000244140625,113.10997772216797,152570400,0.0,0.0,0.0
2012-12-12,144.0,144.5500030517578,143.30999755859375,143.50999450683594,113.16520690917969,145880100,0.0,0.0,0.0
2012-12-13,143.4199981689453,143.8300018310547,142.27000427246094,142.6300048828125,112.47128295898438,135715000,0.0,0.0,0.0
2012-12-14,142.32000732421875,142.5800018310547,141.8800048828125,142.10000610351562,112.05335235595703,137701700,0.0,0.0,0.0
2012-12-17,142.47000122070312,143.85000610351562,142.42999267578125,143.77000427246094,113.3702392578125,143238200,0.0,0.0,0.0
2012-12-18,144.0,145.5,143.7899932861328,145.3699951171875,114.63191223144531,177762800,0.0,0.0,0.0
2012-12-19,145.52999877929688,145.5800018310547,144.24000549316406,144.2899932861328,113.78026580810547,150895400,0.0,0.0,0.0
2012-12-20,144.3800048828125,145.13999938964844,143.97999572753906,145.1199951171875,114.43476104736328,168487000,0.0,0.0,0.0
2012-12-21,142.1699981689453,144.08999633789062,141.94000244140625,142.7899932861328,113.39601135253906,245883800,1.022,0.0,0.0
2012-12-24,142.47999572753906,142.55999755859375,142.19000244140625,142.35000610351562,113.046630859375,53874600,0.0,0.0,0.0
2012-12-26,142.63999938964844,142.7100067138672,141.35000610351562,141.75,112.57014465332031,106947700,0.0,0.0,0.0
2012-12-27,141.7899932861328,142.0800018310547,139.9199981689453,141.55999755859375,112.41923522949219,167920600,0.0,0.0,0.0
2012-12-28,140.63999938964844,141.4199981689453,139.8699951171875,140.02999877929688,111.20420837402344,148806700,0.0,0.0,0.0
2012-12-31,139.66000366210938,142.55999755859375,139.5399932861328,142.41000366210938,113.09426879882812,243935200,0.0,0.0,0.0
2013-01-02,145.11000061035156,146.14999389648438,144.72999572753906,146.05999755859375,115.99284362792969,192059000,0.0,0.0,0.0
2013-01-03,145.99000549316406,146.3699951171875,145.33999633789062,145.72999572753906,115.73080444335938,144761800,0.0,0.0,0.0
2013-01-04,145.97000122070312,146.61000061035156,145.6699981689453,146.3699951171875,116.23904418945312,116817700,0.0,0.0,0.0
2013-01-07,145.85000610351562,146.11000061035156,145.42999267578125,145.97000122070312,115.92137145996094,110002500,0.0,0.0,0.0
2013-01-08,145.7100067138672,145.91000366210938,144.97999572753906,145.5500030517578,115.58789825439453,121265100,0.0,0.0,0.0
2013-01-09,145.8699951171875,146.32000732421875,145.63999938964844,145.9199981689453,115.88174438476562,90745600,0.0,0.0,0.0
2013-01-10,146.72999572753906,147.08999633789062,145.97000122070312,147.0800018310547,116.80291748046875,130735400,0.0,0.0,0.0
2013-01-11,147.0399932861328,147.14999389648438,146.61000061035156,147.07000732421875,116.7950210571289,113917300,0.0,0.0,0.0
2013-01-14,146.88999938964844,147.07000732421875,146.42999267578125,146.97000122070312,116.71554565429688,89567200,0.0,0.0,0.0
2013-01-15,146.2899932861328,147.2100067138672,146.1999969482422,147.07000732421875,116.7950210571289,93172600,0.0,0.0,0.0
2013-01-16,146.77000427246094,147.27999877929688,146.61000061035156,147.0500030517578,116.7790756225586,104849500,0.0,0.0,0.0
2013-01-17,147.6999969482422,148.4199981689453,147.14999389648438,148.0,117.5335464477539,133833500,0.0,0.0,0.0
2013-01-18,147.97000122070312,148.49000549316406,147.42999267578125,148.3300018310547,117.79563903808594,169906000,0.0,0.0,0.0
2013-01-22,148.3300018310547,149.1300048828125,147.97999572753906,149.1300048828125,118.43094635009766,111797300,0.0,0.0,0.0
2013-01-23,149.1300048828125,149.5,148.86000061035156,149.3699951171875,118.62152099609375,104596100,0.0,0.0,0.0
2013-01-24,149.14999389648438,150.13999938964844,149.00999450683594,149.41000366210938,118.65328216552734,146426400,0.0,0.0,0.0
2013-01-25,149.8800048828125,150.25,149.3699951171875,150.25,119.32035064697266,147211600,0.0,0.0,0.0
2013-01-28,150.2899932861328,150.3300018310547,149.50999450683594,150.07000732421875,119.17740631103516,113357700,0.0,0.0,0.0
2013-01-29,149.77000427246094,150.85000610351562,149.6699981689453,150.66000366210938,119.64595031738281,105694400,0.0,0.0,0.0
2013-01-30,150.63999938964844,150.94000244140625,149.92999267578125,150.07000732421875,119.17740631103516,137447700,0.0,0.0,0.0
2013-01-31,149.88999938964844,150.3800048828125,149.60000610351562,149.6999969482422,118.88356018066406,108975800,0.0,0.0,0.0
2013-02-01,150.64999389648438,151.4199981689453,150.38999938964844,151.24000549316406,120.1065902709961,131173000,0.0,0.0,0.0
2013-02-04,150.32000732421875,151.27000427246094,149.42999267578125,149.5399932861328,118.75653076171875,159073600,0.0,0.0,0.0
2013-02-05,150.35000610351562,151.47999572753906,150.2899932861328,151.0500030517578,119.9556884765625,113912400,0.0,0.0,0.0
2013-02-06,150.52000427246094,151.25999450683594,150.41000366210938,151.16000366210938,120.0430679321289,138762800,0.0,0.0,0.0
2013-02-07,151.2100067138672,151.35000610351562,149.86000061035156,150.9600067138672,119.88421630859375,162490000,0.0,0.0,0.0
2013-02-08,151.22000122070312,151.88999938964844,151.22000122070312,151.8000030517578,120.5512924194336,103133700,0.0,0.0,0.0
2013-02-11,151.74000549316406,151.89999389648438,151.38999938964844,151.77000427246094,120.52753448486328,73775000,0.0,0.0,0.0
2013-02-12,151.77999877929688,152.3000030517578,151.61000061035156,152.02000427246094,120.7260513305664,65392700,0.0,0.0,0.0
2013-02-13,152.3300018310547,152.61000061035156,151.72000122070312,152.14999389648438,120.82926177978516,82322600,0.0,0.0,0.0
2013-02-14,151.69000244140625,152.47000122070312,151.52000427246094,152.2899932861328,120.94037628173828,80834300,0.0,0.0,0.0
2013-02-15,152.42999267578125,152.58999633789062,151.5500030517578,152.11000061035156,120.79749298095703,215226500,0.0,0.0,0.0
2013-02-19,152.3699951171875,153.27999877929688,152.16000366210938,153.25,121.70281219482422,95105400,0.0,0.0,0.0
2013-02-20,153.13999938964844,153.19000244140625,151.25999450683594,151.33999633789062,120.18600463867188,160574800,0.0,0.0,0.0
2013-02-21,150.9600067138672,151.4199981689453,149.94000244140625,150.4199981689453,119.45537567138672,183257000,0.0,0.0,0.0
2013-02-22,151.14999389648438,151.88999938964844,150.49000549316406,151.88999938964844,120.6227798461914,106356600,0.0,0.0,0.0
2013-02-25,152.6300048828125,152.86000061035156,149.0,149.0,118.32769775390625,245824800,0.0,0.0,0.0
2013-02-26,149.72000122070312,150.1999969482422,148.72999572753906,150.02000427246094,119.13772583007812,186596200,0.0,0.0,0.0
2013-02-27,149.88999938964844,152.3300018310547,149.75999450683594,151.91000366210938,120.63862609863281,150781900,0.0,0.0,0.0
2013-02-28,151.89999389648438,152.8699951171875,151.41000366210938,151.61000061035156,120.4004135131836,126866000,0.0,0.0,0.0
2013-03-01,151.08999633789062,152.33999633789062,150.41000366210938,152.11000061035156,120.79749298095703,170634800,0.0,0.0,0.0
2013-03-04,151.75999450683594,152.9199981689453,151.52000427246094,152.9199981689453,121.44076538085938,99010200,0.0,0.0,0.0
2013-03-05,153.66000366210938,154.6999969482422,153.63999938964844,154.2899932861328,122.52867126464844,121431900,0.0,0.0,0.0
2013-03-06,154.83999633789062,154.9199981689453,154.16000366210938,154.5,122.69548797607422,94469900,0.0,0.0,0.0
2013-03-07,154.6999969482422,154.97999572753906,154.52000427246094,154.77999877929688,122.9178237915039,86101400,0.0,0.0,0.0
2013-03-08,155.4600067138672,155.64999389648438,154.66000366210938,155.44000244140625,123.44204711914062,123477800,0.0,0.0,0.0
2013-03-11,155.32000732421875,156.0399932861328,155.1300048828125,156.02999877929688,123.91055297851562,83746800,0.0,0.0,0.0
2013-03-12,155.9199981689453,156.10000610351562,155.2100067138672,155.67999267578125,123.632568359375,105755800,0.0,0.0,0.0
2013-03-13,155.75999450683594,156.1199951171875,155.22999572753906,155.89999389648438,123.80729675292969,92550900,0.0,0.0,0.0
2013-03-14,156.30999755859375,156.8000030517578,155.91000366210938,156.72999572753906,124.46644592285156,126329900,0.0,0.0,0.0
2013-03-15,155.85000610351562,156.0399932861328,155.30999755859375,155.8300018310547,124.3021011352539,138601100,0.694,0.0,0.0
2013-03-18,154.33999633789062,155.63999938964844,154.1999969482422,154.97000122070312,123.61611938476562,126704300,0.0,0.0,0.0
2013-03-19,155.3000030517578,155.50999450683594,153.58999633789062,154.61000061035156,123.32894897460938,167567300,0.0,0.0,0.0
2013-03-20,155.52000427246094,155.9499969482422,155.25999450683594,155.69000244140625,124.19038391113281,113759300,0.0,0.0,0.0
2013-03-21,154.75999450683594,155.63999938964844,154.10000610351562,154.36000061035156,123.12950897216797,128605000,0.0,0.0,0.0
2013-03-22,154.85000610351562,155.60000610351562,154.72999572753906,155.60000610351562,124.11865997314453,111163600,0.0,0.0,0.0
2013-03-25,156.00999450683594,156.27000427246094,154.35000610351562,154.9499969482422,123.60014343261719,151322300,0.0,0.0,0.0
2013-03-26,155.58999633789062,156.22999572753906,155.4199981689453,156.19000244140625,124.58924865722656,86856600,0.0,0.0,0.0
2013-03-27,155.25999450683594,156.24000549316406,155.0,156.19000244140625,124.58924865722656,99950600,0.0,0.0,0.0
2013-03-28,156.08999633789062,156.85000610351562,155.75,156.6699981689453,124.9721450805664,102932800,0.0,0.0,0.0
2013-04-01,156.58999633789062,156.91000366210938,155.6699981689453,156.0500030517578,124.47758483886719,99194100,0.0,0.0,0.0
2013-04-02,156.61000061035156,157.2100067138672,156.3699951171875,156.82000732421875,125.09183502197266,101504300,0.0,0.0,0.0
2013-04-03,156.91000366210938,157.02999877929688,154.82000732421875,155.22999572753906,123.823486328125,154167400,0.0,0.0,0.0
2013-04-04,155.42999267578125,156.1699981689453,155.08999633789062,155.86000061035156,124.32601928710938,131885000,0.0,0.0,0.0
2013-04-05,153.9499969482422,155.35000610351562,153.77000427246094,155.16000366210938,123.76765441894531,159666000,0.0,0.0,0.0
2013-04-08,155.27000427246094,156.22000122070312,154.75,156.2100067138672,124.6052474975586,86571200,0.0,0.0,0.0
2013-04-09,156.5,157.32000732421875,155.97999572753906,156.75,125.03594207763672,101922200,0.0,0.0,0.0
2013-04-10,157.1699981689453,158.8699951171875,157.1300048828125,158.6699981689453,126.5674819946289,135711100,0.0,0.0,0.0
2013-04-11,158.6999969482422,159.7100067138672,158.5399932861328,159.19000244140625,126.98230743408203,110142500,0.0,0.0,0.0
2013-04-12,158.67999267578125,159.0399932861328,157.9199981689453,158.8000030517578,126.67115783691406,116359900,0.0,0.0,0.0
2013-04-15,158.0,158.1300048828125,155.10000610351562,155.1199951171875,123.73578643798828,217259000,0.0,0.0,0.0
2013-04-16,156.2899932861328,157.49000549316406,155.91000366210938,157.41000366210938,125.5624008178711,147507800,0.0,0.0,0.0
2013-04-17,156.2899932861328,156.32000732421875,154.27999877929688,155.11000061035156,123.7277603149414,226834800,0.0,0.0,0.0
2013-04-18,155.3699951171875,155.41000366210938,153.5500030517578,154.13999938964844,122.95407104492188,167583200,0.0,0.0,0.0
2013-04-19,154.5,155.5500030517578,154.1199951171875,155.47999572753906,124.02287292480469,149687600,0.0,0.0,0.0
2013-04-22,155.77999877929688,156.5399932861328,154.75,156.1699981689453,124.57329559326172,106553500,0.0,0.0,0.0
2013-04-23,156.9499969482422,157.92999267578125,156.1699981689453,157.77999877929688,125.85759735107422,166141300,0.0,0.0,0.0
2013-04-24,157.8300018310547,158.3000030517578,157.5399932861328,157.8800048828125,125.93738555908203,96781200,0.0,0.0,0.0
2013-04-25,158.33999633789062,159.27000427246094,158.10000610351562,158.52000427246094,126.44784545898438,131060600,0.0,0.0,0.0
2013-04-26,158.3300018310547,158.60000610351562,157.72999572753906,158.24000549316406,126.2245101928711,95918800,0.0,0.0,0.0
2013-04-29,158.6699981689453,159.64999389648438,158.4199981689453,159.3000030517578,127.0700912475586,88572800,0.0,0.0,0.0
2013-04-30,159.27000427246094,159.72000122070312,158.61000061035156,159.67999267578125,127.37310028076172,116010700,0.0,0.0,0.0
2013-05-01,159.3300018310547,159.41000366210938,158.10000610351562,158.27999877929688,126.25643157958984,138874200,0.0,0.0,0.0
2013-05-02,158.67999267578125,159.88999938964844,158.52999877929688,159.75,127.42893981933594,96407600,0.0,0.0,0.0
2013-05-03,161.13999938964844,161.8800048828125,159.77999877929688,161.3699951171875,128.72120666503906,144202300,0.0,0.0,0.0
2013-05-06,161.49000549316406,162.00999450683594,161.4199981689453,161.77999877929688,129.04824829101562,66882100,0.0,0.0,0.0
2013-05-07,162.1300048828125,162.64999389648438,161.6699981689453,162.60000610351562,129.70240783691406,90359200,0.0,0.0,0.0
2013-05-08,162.4199981689453,163.38999938964844,162.3300018310547,163.33999633789062,130.29263305664062,97419200,0.0,0.0,0.0
2013-05-09,163.27000427246094,163.6999969482422,162.47000122070312,162.8800048828125,129.92568969726562,106738600,0.0,0.0,0.0
2013-05-10,162.99000549316406,163.5500030517578,162.50999450683594,163.41000366210938,130.34849548339844,103203000,0.0,0.0,0.0
2013-05-13,163.1999969482422,163.80999755859375,162.82000732421875,163.5399932861328,130.45216369628906,81843200,0.0,0.0,0.0
2013-05-14,163.6699981689453,165.35000610351562,163.6699981689453,165.22999572753906,131.80027770996094,119000900,0.0,0.0,0.0
2013-05-15,164.9600067138672,166.4499969482422,164.91000366210938,166.1199951171875,132.5102081298828,120718500,0.0,0.0,0.0
2013-05-16,165.77999877929688,166.36000061035156,165.08999633789062,165.33999633789062,131.8880157470703,109913600,0.0,0.0,0.0
2013-05-17,165.9499969482422,167.0399932861328,165.72999572753906,166.94000244140625,133.16427612304688,129801000,0.0,0.0,0.0
2013-05-20,166.77999877929688,167.5800018310547,166.61000061035156,166.92999267578125,133.15634155273438,85071200,0.0,0.0,0.0
2013-05-21,167.0800018310547,167.8000030517578,166.5,167.1699981689453,133.34771728515625,95804200,0.0,0.0,0.0
2013-05-22,167.33999633789062,169.07000732421875,165.1699981689453,165.92999267578125,132.35861206054688,244031800,0.0,0.0,0.0
2013-05-23,164.16000366210938,165.91000366210938,163.94000244140625,165.4499969482422,131.9757080078125,211064400,0.0,0.0,0.0
2013-05-24,164.47000122070312,165.3800048828125,163.97999572753906,165.30999755859375,131.8640899658203,151573900,0.0,0.0,0.0
2013-05-28,167.0399932861328,167.77999877929688,165.80999755859375,166.3000030517578,132.65380859375,143679800,0.0,0.0,0.0
2013-05-29,165.4199981689453,165.8000030517578,164.33999633789062,165.22000122070312,131.7923126220703,160363400,0.0,0.0,0.0
2013-05-30,165.35000610351562,166.58999633789062,165.22000122070312,165.8300018310547,132.27890014648438,107793800,0.0,0.0,0.0
2013-05-31,165.3699951171875,166.30999755859375,163.1300048828125,163.4499969482422,130.3804168701172,176850100,0.0,0.0,0.0
2013-06-03,163.8300018310547,164.4600067138672,162.66000366210938,164.35000610351562,131.09829711914062,168390700,0.0,0.0,0.0
2013-06-04,164.44000244140625,165.10000610351562,162.72999572753906,163.55999755859375,130.46810913085938,157631500,0.0,0.0,0.0
2013-06-05,163.08999633789062,163.4199981689453,161.1300048828125,161.27000427246094,128.64149475097656,211737800,0.0,0.0,0.0
2013-06-06,161.1999969482422,162.74000549316406,160.25,162.72999572753906,129.80606079101562,200225500,0.0,0.0,0.0
2013-06-07,163.85000610351562,164.9499969482422,163.13999938964844,164.8000030517578,131.45726013183594,188337800,0.0,0.0,0.0
2013-06-10,165.30999755859375,165.39999389648438,164.3699951171875,164.8000030517578,131.45726013183594,105667100,0.0,0.0,0.0
2013-06-11,163.3000030517578,164.5399932861328,162.74000549316406,163.10000610351562,130.1012420654297,159505400,0.0,0.0,0.0
2013-06-12,164.22000122070312,164.38999938964844,161.60000610351562,161.75,129.02430725097656,177361500,0.0,0.0,0.0
2013-06-13,161.66000366210938,164.5,161.3000030517578,164.2100067138672,130.98666381835938,163587800,0.0,0.0,0.0
2013-06-14,164.02999877929688,164.6699981689453,162.91000366210938,163.17999267578125,130.16502380371094,141197500,0.0,0.0,0.0
2013-06-17,164.2899932861328,165.22000122070312,163.22000122070312,164.44000244140625,131.17013549804688,136295600,0.0,0.0,0.0
2013-06-18,164.52999877929688,165.99000549316406,164.52000427246094,165.74000549316406,132.2070770263672,114695600,0.0,0.0,0.0
2013-06-19,165.60000610351562,165.88999938964844,163.3800048828125,163.4499969482422,130.3804168701172,206149500,0.0,0.0,0.0
2013-06-20,161.86000061035156,163.47000122070312,158.97999572753906,159.39999389648438,127.14981079101562,321255900,0.0,0.0,0.0
2013-06-21,159.63999938964844,159.75999450683594,157.47000122070312,159.07000732421875,127.55801391601562,271956800,0.839,0.0,0.0
2013-06-24,157.41000366210938,158.42999267578125,155.72999572753906,157.05999755859375,125.94615173339844,222329000,0.0,0.0,0.0
2013-06-25,158.47999572753906,160.10000610351562,157.4199981689453,158.57000732421875,127.15705871582031,162262200,0.0,0.0,0.0
2013-06-26,159.8699951171875,160.5,159.25,160.13999938964844,128.4160614013672,134848000,0.0,0.0,0.0
2013-06-27,161.10000610351562,161.82000732421875,160.9499969482422,161.0800018310547,129.1697540283203,129483700,0.0,0.0,0.0
2013-06-28,160.6300048828125,161.39999389648438,159.86000061035156,160.4199981689453,128.6405029296875,160402900,0.0,0.0,0.0
2013-07-01,161.25999450683594,162.47999572753906,161.0800018310547,161.36000061035156,129.3943634033203,131954800,0.0,0.0,0.0
2013-07-02,161.1199951171875,162.3000030517578,160.5,161.2100067138672,129.27407836914062,154863700,0.0,0.0,0.0
2013-07-03,160.47999572753906,161.77000427246094,160.22000122070312,161.27999877929688,129.33013916015625,75216400,0.0,0.0,0.0
2013-07-05,162.47000122070312,163.0800018310547,161.3000030517578,163.02000427246094,130.72547912597656,122416900,0.0,0.0,0.0
2013-07-08,163.86000061035156,164.38999938964844,163.0800018310547,163.9499969482422,131.47128295898438,108092500,0.0,0.0,0.0
2013-07-09,164.97999572753906,165.3300018310547,164.27000427246094,165.1300048828125,132.41748046875,119298000,0.0,0.0,0.0
2013-07-10,164.97000122070312,165.75,164.6300048828125,165.19000244140625,132.465576171875,121410100,0.0,0.0,0.0
2013-07-11,167.11000061035156,167.61000061035156,165.17999267578125,167.44000244140625,134.26986694335938,135592200,0.0,0.0,0.0
2013-07-12,167.38999938964844,167.92999267578125,167.1300048828125,167.50999450683594,134.3260040283203,104212700,0.0,0.0,0.0
2013-07-15,167.97000122070312,168.38999938964844,167.67999267578125,168.14999389648438,134.8392333984375,69450600,0.0,0.0,0.0
2013-07-16,168.25999450683594,168.36000061035156,167.07000732421875,167.52000427246094,134.333984375,88702100,0.0,0.0,0.0
2013-07-17,168.16000366210938,168.47999572753906,167.72999572753906,167.9499969482422,134.67881774902344,92873900,0.0,0.0,0.0
2013-07-18,168.30999755859375,169.27000427246094,168.1999969482422,168.8699951171875,135.4166259765625,103620100,0.0,0.0,0.0
2013-07-19,168.52000427246094,169.22999572753906,168.30999755859375,169.1699981689453,135.6571502685547,103831700,0.0,0.0,0.0
2013-07-22,169.41000366210938,169.74000549316406,169.00999450683594,169.5,135.92184448242188,79428600,0.0,0.0,0.0
2013-07-23,169.8000030517578,169.8300018310547,169.0500030517578,169.13999938964844,135.63307189941406,80829700,0.0,0.0,0.0
2013-07-24,169.7899932861328,169.86000061035156,168.17999267578125,168.52000427246094,135.13595581054688,112914000,0.0,0.0,0.0
2013-07-25,168.22000122070312,169.0800018310547,167.94000244140625,168.92999267578125,135.46473693847656,111088600,0.0,0.0,0.0
2013-07-26,168.22000122070312,169.16000366210938,167.52000427246094,169.11000061035156,135.60902404785156,107814600,0.0,0.0,0.0
2013-07-29,168.67999267578125,169.05999755859375,168.11000061035156,168.58999633789062,135.19210815429688,79695000,0.0,0.0,0.0
2013-07-30,169.10000610351562,169.27999877929688,168.19000244140625,168.58999633789062,135.19210815429688,85209600,0.0,0.0,0.0
2013-07-31,168.94000244140625,169.85000610351562,168.49000549316406,168.7100067138672,135.2882537841797,142388700,0.0,0.0,0.0
2013-08-01,169.99000549316406,170.80999755859375,169.89999389648438,170.66000366210938,136.85198974609375,110438400,0.0,0.0,0.0
2013-08-02,170.27999877929688,170.97000122070312,170.0500030517578,170.9499969482422,137.08448791503906,91116700,0.0,0.0,0.0
2013-08-05,170.57000732421875,170.9600067138672,170.35000610351562,170.6999969482422,136.8840789794922,54072700,0.0,0.0,0.0
2013-08-06,170.3699951171875,170.74000549316406,169.35000610351562,169.72999572753906,136.10626220703125,87495000,0.0,0.0,0.0
2013-08-07,169.19000244140625,169.42999267578125,168.5500030517578,169.17999267578125,135.66517639160156,84854700,0.0,0.0,0.0
2013-08-08,169.97999572753906,170.17999267578125,168.92999267578125,169.8000030517578,136.16232299804688,102181300,0.0,0.0,0.0
2013-08-09,169.5800018310547,170.10000610351562,168.72000122070312,169.30999755859375,135.76939392089844,91757700,0.0,0.0,0.0
2013-08-12,168.4600067138672,169.30999755859375,168.3800048828125,169.11000061035156,135.60902404785156,68593300,0.0,0.0,0.0
2013-08-13,169.41000366210938,169.89999389648438,168.41000366210938,169.61000061035156,136.00999450683594,80806000,0.0,0.0,0.0
2013-08-14,169.52999877929688,169.8000030517578,168.6999969482422,168.74000549316406,135.31231689453125,79829200,0.0,0.0,0.0
2013-08-15,167.41000366210938,167.42999267578125,166.08999633789062,166.3800048828125,133.41986083984375,152931800,0.0,0.0,0.0
2013-08-16,166.05999755859375,166.6300048828125,165.5,165.8300018310547,132.9788055419922,130868200,0.0,0.0,0.0
2013-08-19,165.63999938964844,166.2100067138672,164.75999450683594,164.77000427246094,132.12881469726562,96437600,0.0,0.0,0.0
2013-08-20,165.0399932861328,166.1999969482422,164.86000061035156,165.5800018310547,132.77833557128906,89294400,0.0,0.0,0.0
2013-08-21,165.1199951171875,166.02999877929688,164.19000244140625,164.55999755859375,131.96041870117188,159530500,0.0,0.0,0.0
2013-08-22,164.89999389648438,166.3000030517578,164.88999938964844,166.05999755859375,133.1632537841797,101471400,0.0,0.0,0.0
2013-08-23,166.5500030517578,166.8300018310547,165.77000427246094,166.6199951171875,133.61236572265625,90888900,0.0,0.0,0.0
2013-08-26,166.7899932861328,167.3000030517578,165.88999938964844,166.0,133.11512756347656,89702100,0.0,0.0,0.0
2013-08-27,164.36000061035156,166.0,163.2100067138672,163.3300018310547,130.9740447998047,158619400,0.0,0.0,0.0
2013-08-28,163.25999450683594,164.49000549316406,163.0500030517578,163.91000366210938,131.43919372558594,108113000,0.0,0.0,0.0
2013-08-29,163.5500030517578,165.0399932861328,163.39999389648438,164.1699981689453,131.64767456054688,119200500,0.0,0.0,0.0
2013-08-30,164.50999450683594,164.52999877929688,163.1699981689453,163.64999389648438,131.2305908203125,134928900,0.0,0.0,0.0
2013-09-03,165.22999572753906,165.5800018310547,163.6999969482422,164.38999938964844,131.82408142089844,142375100,0.0,0.0,0.0
2013-09-04,164.42999267578125,166.02999877929688,164.1300048828125,165.75,132.9146728515625,97389400,0.0,0.0,0.0
2013-09-05,165.85000610351562,166.39999389648438,165.72999572753906,165.9600067138672,133.0830841064453,63090500,0.0,0.0,0.0
2013-09-06,166.50999450683594,166.97999572753906,164.47999572753906,166.0399932861328,133.14724731445312,159756500,0.0,0.0,0.0
2013-09-09,166.4499969482422,167.72999572753906,166.4499969482422,167.6300048828125,134.4222412109375,87559300,0.0,0.0,0.0
2013-09-10,168.63999938964844,168.89999389648438,168.25999450683594,168.8699951171875,135.4166259765625,105847200,0.0,0.0,0.0
2013-09-11,168.63999938964844,169.39999389648438,168.35000610351562,169.39999389648438,135.8416290283203,94545900,0.0,0.0,0.0
2013-09-12,169.33999633789062,169.55999755859375,168.72000122070312,168.9499969482422,135.48069763183594,83209000,0.0,0.0,0.0
2013-09-13,169.1300048828125,169.4600067138672,168.74000549316406,169.3300018310547,135.7854766845703,72727800,0.0,0.0,0.0
2013-09-16,171.16000366210938,171.24000549316406,170.0399932861328,170.30999755859375,136.57130432128906,106299200,0.0,0.0,0.0
2013-09-17,170.4600067138672,171.11000061035156,170.4600067138672,171.07000732421875,137.18072509765625,82523300,0.0,0.0,0.0
2013-09-18,171.00999450683594,173.52000427246094,170.5800018310547,173.0500030517578,138.7685546875,203460600,0.0,0.0,0.0
2013-09-19,173.52000427246094,173.60000610351562,172.58999633789062,172.75999450683594,138.53591918945312,146616900,0.0,0.0,0.0
2013-09-20,172.3300018310547,172.3300018310547,170.5800018310547,170.72000122070312,137.56732177734375,132867100,0.838,0.0,0.0
2013-09-23,170.49000549316406,170.64999389648438,169.38999938964844,169.92999267578125,136.93077087402344,104616500,0.0,0.0,0.0
2013-09-24,169.89999389648438,170.52999877929688,169.2100067138672,169.52999877929688,136.6084747314453,106333100,0.0,0.0,0.0
2013-09-25,169.63999938964844,169.97999572753906,168.88999938964844,169.0399932861328,136.21365356445312,117306500,0.0,0.0,0.0
2013-09-26,169.32000732421875,170.1699981689453,169.0500030517578,169.69000244140625,136.7373809814453,77146900,0.0,0.0,0.0
2013-09-27,168.83999633789062,169.13999938964844,168.47000122070312,168.91000366210938,136.10885620117188,99141800,0.0,0.0,0.0
2013-09-30,167.47999572753906,168.5399932861328,167.14999389648438,168.00999450683594,135.38369750976562,143937000,0.0,0.0,0.0
2013-10-01,168.13999938964844,169.5,167.97000122070312,169.33999633789062,136.4553680419922,127160000,0.0,0.0,0.0
2013-10-02,168.35000610351562,169.33999633789062,167.8300018310547,169.17999267578125,136.3264617919922,113350000,0.0,0.0,0.0
2013-10-03,168.7899932861328,168.94000244140625,166.83999633789062,167.6199951171875,135.06936645507812,176698000,0.0,0.0,0.0
2013-10-04,167.75,169.05999755859375,167.52999877929688,168.88999938964844,136.0927734375,96878000,0.0,0.0,0.0
2013-10-07,167.4199981689453,168.4499969482422,167.25,167.42999267578125,134.91629028320312,96295000,0.0,0.0,0.0
2013-10-08,167.39999389648438,167.6199951171875,165.36000061035156,165.47999572753906,133.34495544433594,178015000,0.0,0.0,0.0
2013-10-09,165.8000030517578,166.1999969482422,164.52999877929688,165.60000610351562,133.4416961669922,168973000,0.0,0.0,0.0
2013-10-10,167.2899932861328,169.25999450683594,167.22999572753906,169.1699981689453,136.3184051513672,195955000,0.0,0.0,0.0
2013-10-11,168.91000366210938,170.32000732421875,168.77000427246094,170.25999450683594,137.1967010498047,105040000,0.0,0.0,0.0
2013-10-14,169.2100067138672,171.0800018310547,169.0800018310547,170.94000244140625,137.7446746826172,112106000,0.0,0.0,0.0
2013-10-15,170.50999450683594,171.14999389648438,169.47000122070312,169.6999969482422,136.74549865722656,155485000,0.0,0.0,0.0
2013-10-16,170.72000122070312,172.16000366210938,170.63999938964844,172.07000732421875,138.65524291992188,161676000,0.0,0.0,0.0
2013-10-17,171.3699951171875,173.32000732421875,171.33999633789062,173.22000122070312,139.58189392089844,129389000,0.0,0.0,0.0
2013-10-18,173.86000061035156,174.50999450683594,173.50999450683594,174.38999938964844,140.52467346191406,138316000,0.0,0.0,0.0
2013-10-21,174.4499969482422,174.75,174.00999450683594,174.39999389648438,140.53271484375,104104000,0.0,0.0,0.0
2013-10-22,174.91000366210938,175.92999267578125,174.42999267578125,175.41000366210938,141.34657287597656,126663000,0.0,0.0,0.0
2013-10-23,174.80999755859375,174.88999938964844,173.9600067138672,174.57000732421875,140.6697540283203,105484000,0.0,0.0,0.0
2013-10-24,174.9199981689453,175.3699951171875,174.50999450683594,175.14999389648438,141.13710021972656,70350000,0.0,0.0,0.0
2013-10-25,175.50999450683594,176.0,175.1699981689453,175.9499969482422,141.78176879882812,93625000,0.0,0.0,0.0
2013-10-28,175.88999938964844,176.47000122070312,175.6999969482422,176.22999572753906,142.0074005126953,84979000,0.0,0.0,0.0
2013-10-29,176.6300048828125,177.24000549316406,176.3800048828125,177.1699981689453,142.76483154296875,87401000,0.0,0.0,0.0
2013-10-30,177.3800048828125,177.50999450683594,175.66000366210938,176.2899932861328,142.0557403564453,140002000,0.0,0.0,0.0
2013-10-31,176.14999389648438,176.88999938964844,175.52999877929688,175.7899932861328,141.65286254882812,133795000,0.0,0.0,0.0
2013-11-01,176.02000427246094,176.61000061035156,175.22000122070312,176.2100067138672,141.99122619628906,142805000,0.0,0.0,0.0
2013-11-04,176.69000244140625,176.89999389648438,175.97999572753906,176.8300018310547,142.49082946777344,85677000,0.0,0.0,0.0
2013-11-05,176.13999938964844,176.75,175.57000732421875,176.27000427246094,142.0396270751953,85825000,0.0,0.0,0.0
2013-11-06,177.02999877929688,177.5,176.5399932861328,177.1699981689453,142.76483154296875,87348000,0.0,0.0,0.0
2013-11-07,177.5,177.63999938964844,174.75999450683594,174.92999267578125,140.95986938476562,157000000,0.0,0.0,0.0
2013-11-08,174.8699951171875,177.30999755859375,174.85000610351562,177.2899932861328,142.8615264892578,136713000,0.0,0.0,0.0
2013-11-11,177.1199951171875,177.52999877929688,176.91000366210938,177.32000732421875,142.88568115234375,62614000,0.0,0.0,0.0
2013-11-12,176.94000244140625,177.36000061035156,176.3699951171875,176.9600067138672,142.59561157226562,83990000,0.0,0.0,0.0
2013-11-13,176.08999633789062,178.42999267578125,176.08999633789062,178.3800048828125,143.7399444580078,103844000,0.0,0.0,0.0
2013-11-14,178.5399932861328,179.4199981689453,178.25,179.27000427246094,144.4570770263672,103435000,0.0,0.0,0.0
2013-11-15,179.55999755859375,180.1199951171875,179.3300018310547,180.0500030517578,145.08555603027344,102818000,0.0,0.0,0.0
2013-11-18,180.35000610351562,180.5,179.02000427246094,179.4199981689453,144.57785034179688,104796000,0.0,0.0,0.0
2013-11-19,179.3300018310547,179.8699951171875,178.72000122070312,179.02999877929688,144.26365661621094,93891000,0.0,0.0,0.0
2013-11-20,179.38999938964844,179.92999267578125,177.97999572753906,178.47000122070312,143.81240844726562,124909000,0.0,0.0,0.0
2013-11-21,178.97000122070312,180.0500030517578,178.86000061035156,179.91000366210938,144.97276306152344,92841000,0.0,0.0,0.0
2013-11-22,179.97999572753906,180.8300018310547,179.77000427246094,180.80999755859375,145.697998046875,81296000,0.0,0.0,0.0
2013-11-25,181.1300048828125,181.1699981689453,180.3699951171875,180.6300048828125,145.55291748046875,79486000,0.0,0.0,0.0
2013-11-26,180.72000122070312,181.22000122070312,180.41000366210938,180.67999267578125,145.59320068359375,86994000,0.0,0.0,0.0
2013-11-27,180.8699951171875,181.24000549316406,180.64999389648438,181.1199951171875,145.94776916503906,58800000,0.0,0.0,0.0
2013-11-29,181.32000732421875,181.75,180.8000030517578,181.0,145.85105895996094,55870900,0.0,0.0,0.0
2013-12-02,181.08999633789062,181.42999267578125,180.25,180.52999877929688,145.47238159179688,99726000,0.0,0.0,0.0
2013-12-03,179.94000244140625,180.38999938964844,179.1699981689453,179.75,144.84384155273438,116563000,0.0,0.0,0.0
2013-12-04,179.10000610351562,180.47999572753906,178.35000610351562,179.72999572753906,144.8277587890625,123033000,0.0,0.0,0.0
2013-12-05,179.41000366210938,179.74000549316406,178.77000427246094,178.94000244140625,144.191162109375,106934000,0.0,0.0,0.0
2013-12-06,180.6699981689453,181.11000061035156,180.14999389648438,180.94000244140625,145.802734375,127728000,0.0,0.0,0.0
2013-12-09,181.47000122070312,181.6699981689453,181.16000366210938,181.39999389648438,146.1734619140625,70124000,0.0,0.0,0.0
2013-12-10,180.97999572753906,181.36000061035156,180.63999938964844,180.75,145.64964294433594,80976000,0.0,0.0,0.0
2013-12-11,180.82000732421875,180.85000610351562,178.5,178.72000122070312,144.01380920410156,130591000,0.0,0.0,0.0
2013-12-12,178.63999938964844,178.86000061035156,177.75999450683594,178.1300048828125,143.53843688964844,115565000,0.0,0.0,0.0
2013-12-13,178.5,178.66000366210938,177.77000427246094,178.11000061035156,143.5223388671875,107808000,0.0,0.0,0.0
2013-12-16,178.9499969482422,179.80999755859375,178.89999389648438,179.22000122070312,144.41676330566406,96195000,0.0,0.0,0.0
2013-12-17,179.3800048828125,179.41000366210938,178.25,178.64999389648438,143.95745849609375,89886000,0.0,0.0,0.0
2013-12-18,178.9199981689453,181.72999572753906,177.32000732421875,181.6999969482422,146.41513061523438,234906000,0.0,0.0,0.0
2013-12-19,181.17999267578125,181.6999969482422,180.7100067138672,181.49000549316406,146.24588012695312,136531200,0.0,0.0,0.0
2013-12-20,180.69000244140625,181.99000549316406,180.57000732421875,181.55999755859375,147.09657287597656,197087000,0.98,0.0,0.0
2013-12-23,182.4499969482422,182.63999938964844,182.07000732421875,182.52999877929688,147.8824920654297,85598000,0.0,0.0,0.0
2013-12-24,182.5399932861328,183.00999450683594,182.52999877929688,182.92999267578125,148.2065887451172,45368800,0.0,0.0,0.0
2013-12-26,183.33999633789062,183.9600067138672,183.32000732421875,183.86000061035156,148.96009826660156,63365000,0.0,0.0,0.0
2013-12-27,184.10000610351562,184.17999267578125,183.66000366210938,183.85000610351562,148.951904296875,61814000,0.0,0.0,0.0
2013-12-30,183.8699951171875,184.02000427246094,183.5800018310547,183.82000732421875,148.9276580810547,56857000,0.0,0.0,0.0
2013-12-31,184.07000732421875,184.69000244140625,183.92999267578125,184.69000244140625,149.632568359375,86119900,0.0,0.0,0.0
2014-01-02,183.97999572753906,184.07000732421875,182.47999572753906,182.9199981689453,148.1984100341797,119636900,0.0,0.0,0.0
2014-01-03,183.22999572753906,183.60000610351562,182.6300048828125,182.88999938964844,148.17413330078125,81390600,0.0,0.0,0.0
2014-01-06,183.49000549316406,183.55999755859375,182.0800018310547,182.36000061035156,147.74476623535156,108028200,0.0,0.0,0.0
2014-01-07,183.08999633789062,183.7899932861328,182.9499969482422,183.47999572753906,148.65213012695312,86144200,0.0,0.0,0.0
2014-01-08,183.4499969482422,183.8300018310547,182.88999938964844,183.52000427246094,148.68455505371094,96582300,0.0,0.0,0.0
2014-01-09,184.11000061035156,184.1300048828125,182.8000030517578,183.63999938964844,148.78176879882812,90683400,0.0,0.0,0.0
2014-01-10,183.9499969482422,184.22000122070312,183.00999450683594,184.13999938964844,149.1868896484375,102026400,0.0,0.0,0.0
2014-01-13,183.6699981689453,184.17999267578125,181.33999633789062,181.69000244140625,147.2019500732422,149892000,0.0,0.0,0.0
2014-01-14,182.2899932861328,183.77000427246094,181.9499969482422,183.6699981689453,148.80616760253906,105016100,0.0,0.0,0.0
2014-01-15,184.10000610351562,184.94000244140625,183.7100067138672,184.66000366210938,149.6082305908203,98525800,0.0,0.0,0.0
2014-01-16,184.27999877929688,184.66000366210938,183.8300018310547,184.4199981689453,149.41375732421875,72290600,0.0,0.0,0.0
2014-01-17,184.10000610351562,184.4499969482422,183.32000732421875,183.63999938964844,148.78176879882812,107848700,0.0,0.0,0.0
2014-01-21,184.6999969482422,184.77000427246094,183.0500030517578,184.17999267578125,149.2192840576172,88621200,0.0,0.0,0.0
2014-01-22,184.49000549316406,184.57000732421875,183.91000366210938,184.3000030517578,149.31655883789062,61270900,0.0,0.0,0.0
2014-01-23,183.3699951171875,183.39999389648438,181.82000732421875,182.7899932861328,148.09312438964844,132496900,0.0,0.0,0.0
2014-01-24,181.60000610351562,181.66000366210938,178.8300018310547,178.88999938964844,144.93350219726562,208677100,0.0,0.0,0.0
2014-01-27,179.05999755859375,179.52000427246094,177.1199951171875,178.00999450683594,144.22048950195312,180843100,0.0,0.0,0.0
2014-01-28,178.13999938964844,179.3000030517578,178.1199951171875,179.07000732421875,145.0792694091797,110463200,0.0,0.0,0.0
2014-01-29,177.5800018310547,178.5500030517578,176.8800048828125,177.35000610351562,143.68577575683594,216597300,0.0,0.0,0.0
2014-01-30,178.8300018310547,179.80999755859375,178.25999450683594,179.22999572753906,145.20887756347656,118938100,0.0,0.0,0.0
2014-01-31,177.00999450683594,179.2899932861328,176.9199981689453,178.17999267578125,144.35816955566406,194677900,0.0,0.0,0.0
2014-02-03,177.97000122070312,178.3699951171875,173.8300018310547,174.1699981689453,141.10943603515625,254837100,0.0,0.0,0.0
2014-02-04,174.9499969482422,175.83999633789062,174.11000061035156,175.38999938964844,142.0978240966797,165012400,0.0,0.0,0.0
2014-02-05,174.77999877929688,175.55999755859375,173.7100067138672,175.1699981689453,141.91957092285156,164230500,0.0,0.0,0.0
2014-02-06,175.5800018310547,177.47999572753906,175.22000122070312,177.47999572753906,143.7910919189453,132877600,0.0,0.0,0.0
2014-02-07,178.30999755859375,179.8699951171875,177.72999572753906,179.67999267578125,145.57345581054688,170787200,0.0,0.0,0.0
2014-02-10,179.6999969482422,180.07000732421875,179.2100067138672,180.00999450683594,145.8408203125,92218800,0.0,0.0,0.0
2014-02-11,180.16000366210938,182.44000244140625,180.0399932861328,181.97999572753906,147.43695068359375,117814100,0.0,0.0,0.0
2014-02-12,182.25,182.8300018310547,181.7100067138672,182.07000732421875,147.50982666015625,94717700,0.0,0.0,0.0
2014-02-13,180.83999633789062,183.1999969482422,180.8300018310547,183.00999450683594,148.27137756347656,100542200,0.0,0.0,0.0
2014-02-14,182.83999633789062,184.36000061035156,182.6699981689453,184.02000427246094,149.08966064453125,96498400,0.0,0.0,0.0
2014-02-18,184.17999267578125,184.49000549316406,183.64999389648438,184.24000549316406,149.2678985595703,80460900,0.0,0.0,0.0
2014-02-19,183.75999450683594,184.9499969482422,182.8699951171875,183.02000427246094,148.27951049804688,126524300,0.0,0.0,0.0
2014-02-20,183.27000427246094,184.52000427246094,182.60000610351562,184.10000610351562,149.15447998046875,104998100,0.0,0.0,0.0
2014-02-21,184.4499969482422,184.88999938964844,183.8000030517578,183.88999938964844,148.98434448242188,118116400,0.0,0.0,0.0
2014-02-24,184.27999877929688,186.14999389648438,184.1999969482422,184.91000366210938,149.81069946289062,114063900,0.0,0.0,0.0
2014-02-25,185.05999755859375,185.58999633789062,184.22999572753906,184.83999633789062,149.7540283203125,117085000,0.0,0.0,0.0
2014-02-26,185.11000061035156,185.60000610351562,184.3300018310547,184.85000610351562,149.76217651367188,98677200,0.0,0.0,0.0
2014-02-27,184.5800018310547,185.8699951171875,184.3699951171875,185.82000732421875,150.54800415039062,93880800,0.0,0.0,0.0
2014-02-28,185.7899932861328,187.14999389648438,185.0500030517578,186.2899932861328,150.9287567138672,150842000,0.0,0.0,0.0
2014-03-03,184.64999389648438,185.4499969482422,183.75,184.97999572753906,149.8674774169922,167748500,0.0,0.0,0.0
2014-03-04,186.7899932861328,187.97999572753906,186.75,187.5800018310547,151.9739532470703,167545900,0.0,0.0,0.0
2014-03-05,187.74000549316406,188.07000732421875,187.4499969482422,187.75,152.11167907714844,88376900,0.0,0.0,0.0
2014-03-06,188.2100067138672,188.61000061035156,187.77999877929688,188.17999267578125,152.46002197265625,82516500,0.0,0.0,0.0
2014-03-07,188.9600067138672,188.9600067138672,187.42999267578125,188.25999450683594,152.5248565673828,114513500,0.0,0.0,0.0
2014-03-10,187.97000122070312,188.22999572753906,187.0800018310547,188.16000366210938,152.44386291503906,74939200,0.0,0.0,0.0
2014-03-11,188.44000244140625,188.7100067138672,186.8000030517578,187.22999572753906,151.6903076171875,99009100,0.0,0.0,0.0
2014-03-12,186.32000732421875,187.35000610351562,185.89999389648438,187.27999877929688,151.73086547851562,104824400,0.0,0.0,0.0
2014-03-13,187.83999633789062,187.99000549316406,184.66000366210938,185.17999267578125,150.0294647216797,155014300,0.0,0.0,0.0
2014-03-14,184.85000610351562,185.8000030517578,184.44000244140625,184.66000366210938,149.6082305908203,153919600,0.0,0.0,0.0
2014-03-17,185.58999633789062,186.77000427246094,185.50999450683594,186.3300018310547,150.96116638183594,98359500,0.0,0.0,0.0
2014-03-18,186.7100067138672,187.91000366210938,186.50999450683594,187.66000366210938,152.03871154785156,101804600,0.0,0.0,0.0
2014-03-19,187.67999267578125,187.94000244140625,185.47000122070312,186.66000366210938,151.2285614013672,176267300,0.0,0.0,0.0
2014-03-20,186.25,187.88999938964844,185.9199981689453,187.75,152.11167907714844,117241000,0.0,0.0,0.0
2014-03-21,187.7100067138672,189.02000427246094,186.02999877929688,186.1999969482422,151.52163696289062,163128000,0.825,0.0,0.0
2014-03-24,186.83999633789062,187.07000732421875,184.6199951171875,185.42999267578125,150.89508056640625,121411000,0.0,0.0,0.0
2014-03-25,186.3699951171875,186.94000244140625,185.27000427246094,186.30999755859375,151.61117553710938,103852000,0.0,0.0,0.0
2014-03-26,187.0399932861328,187.33999633789062,184.9199981689453,184.97000122070312,150.5207061767578,119843000,0.0,0.0,0.0
2014-03-27,184.75,185.33999633789062,183.89999389648438,184.5800018310547,150.20338439941406,142383000,0.0,0.0,0.0
2014-03-28,185.11000061035156,186.4199981689453,185.0,185.49000549316406,150.94390869140625,101642000,0.0,0.0,0.0
2014-03-31,186.6699981689453,187.3000030517578,185.52000427246094,187.00999450683594,152.18080139160156,99745000,0.0,0.0,0.0
2014-04-01,187.6199951171875,188.36000061035156,187.0,188.25,153.18984985351562,89193000,0.0,0.0,0.0
2014-04-02,188.49000549316406,189.1300048828125,188.13999938964844,188.8800048828125,153.70249938964844,78774000,0.0,0.0,0.0
2014-04-03,189.1699981689453,189.22000122070312,188.0500030517578,188.6300048828125,153.49908447265625,77435000,0.0,0.0,0.0
2014-04-04,189.66000366210938,189.6999969482422,186.10000610351562,186.39999389648438,151.68443298339844,169381000,0.0,0.0,0.0
2014-04-07,185.9499969482422,186.25999450683594,183.9600067138672,184.33999633789062,150.0081024169922,140803000,0.0,0.0,0.0
2014-04-08,184.25999450683594,185.39999389648438,183.58999633789062,185.10000610351562,150.6265869140625,112660000,0.0,0.0,0.0
2014-04-09,185.60000610351562,187.14999389648438,185.05999755859375,187.08999633789062,152.2459716796875,100254000,0.0,0.0,0.0
2014-04-10,187.0800018310547,187.1699981689453,182.92999267578125,183.16000366210938,149.04788208007812,172959000,0.0,0.0,0.0
2014-04-11,182.13999938964844,183.4199981689453,181.30999755859375,181.50999450683594,147.7051544189453,167251000,0.0,0.0,0.0
2014-04-14,182.92999267578125,183.3699951171875,181.44000244140625,182.94000244140625,148.86878967285156,132382000,0.0,0.0,0.0
2014-04-15,183.32000732421875,184.3300018310547,181.50999450683594,184.1999969482422,149.89414978027344,157093000,0.0,0.0,0.0
2014-04-16,185.47000122070312,186.13999938964844,184.64999389648438,186.1300048828125,151.46470642089844,105197000,0.0,0.0,0.0
2014-04-17,185.8800048828125,186.91000366210938,185.55999755859375,186.38999938964844,151.67625427246094,105255000,0.0,0.0,0.0
2014-04-21,186.44000244140625,187.10000610351562,186.2100067138672,187.0399932861328,152.20523071289062,68329000,0.0,0.0,0.0
2014-04-22,187.22999572753906,188.39999389648438,187.1300048828125,187.88999938964844,152.89694213867188,85790000,0.0,0.0,0.0
2014-04-23,187.82000732421875,187.9199981689453,187.3000030517578,187.4499969482422,152.538818359375,73869000,0.0,0.0,0.0
2014-04-24,188.3699951171875,188.38999938964844,186.92999267578125,187.8300018310547,152.84811401367188,88170000,0.0,0.0,0.0
2014-04-25,187.22000122070312,187.3300018310547,185.8699951171875,186.2899932861328,151.59494018554688,100380000,0.0,0.0,0.0
2014-04-28,187.0500030517578,187.69000244140625,184.9600067138672,186.8800048828125,152.0750274658203,135121000,0.0,0.0,0.0
2014-04-29,187.47999572753906,188.0399932861328,187.0800018310547,187.75,152.7830047607422,84098000,0.0,0.0,0.0
2014-04-30,187.44000244140625,188.5,187.17999267578125,188.30999755859375,153.23867797851562,101508000,0.0,0.0,0.0
2014-05-01,188.22000122070312,188.83999633789062,187.72999572753906,188.3300018310547,153.2549591064453,93019000,0.0,0.0,0.0
2014-05-02,188.30999755859375,189.13999938964844,187.77999877929688,188.05999755859375,153.0352325439453,98122000,0.0,0.0,0.0
2014-05-05,187.13999938964844,188.5500030517578,186.6199951171875,188.4199981689453,153.32818603515625,75883000,0.0,0.0,0.0
2014-05-06,188.0,188.1300048828125,186.74000549316406,186.77999877929688,151.9936981201172,85454000,0.0,0.0,0.0
2014-05-07,187.41000366210938,187.97000122070312,186.00999450683594,187.8800048828125,152.88880920410156,106500000,0.0,0.0,0.0
2014-05-08,187.7100067138672,189.0500030517578,187.0800018310547,187.67999267578125,152.72605895996094,93618000,0.0,0.0,0.0
2014-05-09,187.7100067138672,188.0399932861328,186.8300018310547,187.9600067138672,152.9539337158203,83679000,0.0,0.0,0.0
2014-05-12,188.8000030517578,189.8800048828125,188.0,189.7899932861328,154.443115234375,86940000,0.0,0.0,0.0
2014-05-13,190.0399932861328,190.4199981689453,189.77000427246094,189.9600067138672,154.5814208984375,66454000,0.0,0.0,0.0
2014-05-14,189.7899932861328,189.8800048828125,188.7899932861328,189.05999755859375,153.84902954101562,72367000,0.0,0.0,0.0
2014-05-15,188.67999267578125,188.72000122070312,186.47999572753906,187.39999389648438,152.49819946289062,154956000,0.0,0.0,0.0
2014-05-16,187.50999450683594,188.1300048828125,186.72000122070312,188.0500030517578,153.02711486816406,97458000,0.0,0.0,0.0
2014-05-19,187.69000244140625,188.88999938964844,187.52000427246094,188.74000549316406,153.58859252929688,63839000,0.0,0.0,0.0
2014-05-20,188.64999389648438,188.6699981689453,187.07000732421875,187.5500030517578,152.62026977539062,111644000,0.0,0.0,0.0
2014-05-21,188.08999633789062,189.22000122070312,188.05999755859375,189.1300048828125,153.90599060058594,89093000,0.0,0.0,0.0
2014-05-22,189.17999267578125,189.97999572753906,188.86000061035156,189.58999633789062,154.28030395507812,61549000,0.0,0.0,0.0
2014-05-23,189.75999450683594,190.47999572753906,189.58999633789062,190.35000610351562,154.89878845214844,61092800,0.0,0.0,0.0
2014-05-27,191.05999755859375,191.5800018310547,190.9499969482422,191.52000427246094,155.85092163085938,72010000,0.0,0.0,0.0
2014-05-28,191.52000427246094,191.82000732421875,191.05999755859375,191.3800048828125,155.73690795898438,66723000,0.0,0.0,0.0
2014-05-29,191.82000732421875,192.39999389648438,191.3300018310547,192.3699951171875,156.54251098632812,64377000,0.0,0.0,0.0
2014-05-30,192.19000244140625,192.8000030517578,192.02999877929688,192.67999267578125,156.7948455810547,76316000,0.0,0.0,0.0
2014-06-02,192.9499969482422,192.99000549316406,191.97000122070312,192.89999389648438,156.97381591796875,64656000,0.0,0.0,0.0
2014-06-03,192.42999267578125,192.89999389648438,192.25,192.8000030517578,156.8925018310547,65047000,0.0,0.0,0.0
2014-06-04,192.47000122070312,193.3000030517578,192.27000427246094,193.19000244140625,157.20980834960938,55529000,0.0,0.0,0.0
2014-06-05,193.41000366210938,194.64999389648438,192.6999969482422,194.4499969482422,158.23513793945312,92103000,0.0,0.0,0.0
2014-06-06,194.8699951171875,195.42999267578125,194.77999877929688,195.3800048828125,158.99195861816406,78696000,0.0,0.0,0.0
2014-06-09,195.35000610351562,196.0500030517578,195.1699981689453,195.5800018310547,159.1547088623047,65119000,0.0,0.0,0.0
2014-06-10,195.33999633789062,195.63999938964844,194.9199981689453,195.60000610351562,159.17100524902344,57129000,0.0,0.0,0.0
2014-06-11,194.89999389648438,195.1199951171875,194.47999572753906,194.9199981689453,158.61767578125,68772000,0.0,0.0,0.0
2014-06-12,194.69000244140625,194.8000030517578,193.11000061035156,193.5399932861328,157.4946746826172,106350000,0.0,0.0,0.0
2014-06-13,193.9199981689453,194.32000732421875,193.3000030517578,194.1300048828125,157.97474670410156,82017000,0.0,0.0,0.0
2014-06-16,193.88999938964844,194.6999969482422,193.66000366210938,194.2899932861328,158.10501098632812,87424000,0.0,0.0,0.0
2014-06-17,194.02000427246094,194.97000122070312,193.80999755859375,194.8300018310547,158.54443359375,84834000,0.0,0.0,0.0
2014-06-18,194.8300018310547,196.3699951171875,194.39999389648438,196.25999450683594,159.7080535888672,105267000,0.0,0.0,0.0
2014-06-19,196.42999267578125,196.60000610351562,195.8000030517578,196.47999572753906,159.88710021972656,85929000,0.0,0.0,0.0
2014-06-20,196.02999877929688,196.10000610351562,195.6999969482422,195.94000244140625,160.21168518066406,100587000,0.937,0.0,0.0
2014-06-23,195.99000549316406,196.0500030517578,195.52000427246094,195.8800048828125,160.16262817382812,70611000,0.0,0.0,0.0
2014-06-24,195.52999877929688,196.5,194.47999572753906,194.6999969482422,159.1977996826172,96237000,0.0,0.0,0.0
2014-06-25,194.2899932861328,195.77999877929688,194.25,195.5800018310547,159.9173583984375,82782000,0.0,0.0,0.0
2014-06-26,195.61000061035156,195.6300048828125,194.1300048828125,195.44000244140625,159.80288696289062,84312000,0.0,0.0,0.0
2014-06-27,194.97999572753906,195.8800048828125,194.88999938964844,195.82000732421875,160.11361694335938,71445100,0.0,0.0,0.0
2014-06-30,195.6999969482422,196.1699981689453,195.52999877929688,195.72000122070312,160.0317840576172,70201200,0.0,0.0,0.0
2014-07-01,196.1999969482422,197.6300048828125,196.1300048828125,197.02999877929688,161.10293579101562,90470000,0.0,0.0,0.0
2014-07-02,197.0500030517578,197.47999572753906,196.9600067138672,197.22999572753906,161.2665252685547,52475000,0.0,0.0,0.0
2014-07-03,197.7899932861328,198.2899932861328,197.63999938964844,198.1999969482422,162.05963134765625,52938800,0.0,0.0,0.0
2014-07-07,197.82000732421875,197.97999572753906,197.22000122070312,197.50999450683594,161.49542236328125,61696000,0.0,0.0,0.0
2014-07-08,197.14999389648438,197.22000122070312,195.75999450683594,196.24000549316406,160.45703125,108143000,0.0,0.0,0.0
2014-07-09,196.72999572753906,197.3000030517578,196.30999755859375,197.1199951171875,161.17652893066406,72992000,0.0,0.0,0.0
2014-07-10,195.22000122070312,196.86000061035156,195.05999755859375,196.33999633789062,160.5387725830078,99040000,0.0,0.0,0.0
2014-07-11,196.22000122070312,196.75,195.77999877929688,196.61000061035156,160.75955200195312,64243000,0.0,0.0,0.0
2014-07-14,197.61000061035156,197.86000061035156,197.44000244140625,197.60000610351562,161.56903076171875,58658000,0.0,0.0,0.0
2014-07-15,197.72000122070312,198.10000610351562,196.36000061035156,197.22999572753906,161.2665252685547,111307000,0.0,0.0,0.0
2014-07-16,198.11000061035156,198.25999450683594,197.4199981689453,197.9600067138672,161.8633575439453,79986400,0.0,0.0,0.0
2014-07-17,197.35000610351562,198.10000610351562,195.42999267578125,195.7100067138672,160.02366638183594,145398000,0.0,0.0,0.0
2014-07-18,196.35000610351562,197.91000366210938,196.24000549316406,197.7100067138672,161.6589813232422,124330000,0.0,0.0,0.0
2014-07-21,197.08999633789062,197.5,196.42999267578125,197.33999633789062,161.35643005371094,67592000,0.0,0.0,0.0
2014-07-22,198.00999450683594,198.55999755859375,197.8699951171875,198.1999969482422,162.05963134765625,67678000,0.0,0.0,0.0
2014-07-23,198.5,198.85000610351562,198.10000610351562,198.63999938964844,162.41937255859375,65612000,0.0,0.0,0.0
2014-07-24,198.8300018310547,199.05999755859375,198.4499969482422,198.64999389648438,162.4275360107422,56888000,0.0,0.0,0.0
2014-07-25,198.08999633789062,198.25999450683594,197.3300018310547,197.72000122070312,161.6671600341797,76837000,0.0,0.0,0.0
2014-07-28,197.75999450683594,198.08999633789062,196.6199951171875,197.8000030517578,161.73252868652344,69259000,0.0,0.0,0.0
2014-07-29,198.1699981689453,198.4499969482422,196.9199981689453,196.9499969482422,161.0375518798828,80466000,0.0,0.0,0.0
2014-07-30,197.64999389648438,197.91000366210938,196.16000366210938,196.97999572753906,161.0620880126953,104222000,0.0,0.0,0.0
2014-07-31,195.61000061035156,195.77999877929688,192.97000122070312,193.08999633789062,157.8813934326172,183479000,0.0,0.0,0.0
2014-08-01,192.55999755859375,193.75999450683594,191.57000732421875,192.5,157.39898681640625,189261000,0.0,0.0,0.0
2014-08-04,192.8699951171875,194.3000030517578,192.0500030517578,193.88999938964844,158.53550720214844,91340000,0.0,0.0,0.0
2014-08-05,193.10000610351562,193.60000610351562,191.30999755859375,192.00999450683594,156.99827575683594,152690000,0.0,0.0,0.0
2014-08-06,191.11000061035156,192.88999938964844,191.0800018310547,192.07000732421875,157.0474395751953,94818000,0.0,0.0,0.0
2014-08-07,192.94000244140625,193.1300048828125,190.5500030517578,191.02999877929688,156.1970672607422,135733000,0.0,0.0,0.0
2014-08-08,191.4600067138672,193.3699951171875,190.9499969482422,193.24000549316406,158.0040283203125,117014000,0.0,0.0,0.0
2014-08-11,193.97000122070312,194.66000366210938,193.7100067138672,193.8000030517578,158.4619140625,74544000,0.0,0.0,0.0
2014-08-12,193.61000061035156,194.14999389648438,192.94000244140625,193.52999877929688,158.2411651611328,73632000,0.0,0.0,0.0
2014-08-13,194.2899932861328,195.05999755859375,193.9600067138672,194.83999633789062,159.31231689453125,69047000,0.0,0.0,0.0
2014-08-14,195.16000366210938,195.75999450683594,194.97999572753906,195.75999450683594,160.06451416015625,57371000,0.0,0.0,0.0
2014-08-15,196.47000122070312,196.64999389648438,194.30999755859375,195.72000122070312,160.0317840576172,139951000,0.0,0.0,0.0
2014-08-18,196.8000030517578,197.4499969482422,196.69000244140625,197.36000061035156,161.37278747558594,75424000,0.0,0.0,0.0
2014-08-19,197.83999633789062,198.5399932861328,197.44000244140625,198.38999938964844,162.21499633789062,59135000,0.0,0.0,0.0
2014-08-20,198.1199951171875,199.16000366210938,198.0800018310547,198.9199981689453,162.64833068847656,72763000,0.0,0.0,0.0
2014-08-21,199.08999633789062,199.75999450683594,198.92999267578125,199.5,163.12255859375,67791000,0.0,0.0,0.0
2014-08-22,199.33999633789062,199.69000244140625,198.74000549316406,199.19000244140625,162.8690643310547,76107000,0.0,0.0,0.0
2014-08-25,200.13999938964844,200.58999633789062,199.14999389648438,200.1999969482422,163.6949005126953,63855000,0.0,0.0,0.0
2014-08-26,200.3300018310547,200.82000732421875,200.27999877929688,200.3300018310547,163.80126953125,47298000,0.0,0.0,0.0
2014-08-27,200.42999267578125,200.57000732421875,199.94000244140625,200.25,163.73577880859375,47874000,0.0,0.0,0.0
2014-08-28,199.58999633789062,200.27000427246094,199.38999938964844,200.13999938964844,163.64588928222656,58330000,0.0,0.0,0.0
2014-08-29,200.4499969482422,200.72999572753906,199.82000732421875,200.7100067138672,164.1119384765625,65907000,0.0,0.0,0.0
2014-09-02,200.97000122070312,201.0,199.86000061035156,200.61000061035156,164.0301971435547,72426000,0.0,0.0,0.0
2014-09-03,201.3800048828125,201.41000366210938,200.22000122070312,200.5,163.94024658203125,57462000,0.0,0.0,0.0
2014-09-04,200.83999633789062,201.5800018310547,199.66000366210938,200.2100067138672,163.70310974121094,85236000,0.0,0.0,0.0
2014-09-05,200.1699981689453,201.19000244140625,199.41000366210938,201.11000061035156,164.43902587890625,102177000,0.0,0.0,0.0
2014-09-08,200.9199981689453,201.2100067138672,200.0,200.58999633789062,164.0137939453125,64146000,0.0,0.0,0.0
2014-09-09,200.41000366210938,200.5500030517578,198.91000366210938,199.32000732421875,162.9754180908203,88591000,0.0,0.0,0.0
2014-09-10,199.42999267578125,200.1999969482422,198.77000427246094,200.07000732421875,163.5886688232422,67251000,0.0,0.0,0.0
2014-09-11,199.27000427246094,200.3300018310547,199.1199951171875,200.3000030517578,163.77671813964844,66774400,0.0,0.0,0.0
2014-09-12,200.10000610351562,200.1199951171875,198.55999755859375,199.1300048828125,162.820068359375,117409300,0.0,0.0,0.0
2014-09-15,199.16000366210938,199.32000732421875,198.3800048828125,198.97999572753906,162.6973876953125,76401000,0.0,0.0,0.0
2014-09-16,198.61000061035156,200.83999633789062,198.5,200.47999572753906,163.92379760742188,116201000,0.0,0.0,0.0
2014-09-17,200.77000427246094,201.67999267578125,199.75,200.75,164.14466857910156,151266000,0.0,0.0,0.0
2014-09-18,201.36000061035156,201.85000610351562,201.10000610351562,201.82000732421875,165.01956176757812,94990000,0.0,0.0,0.0
2014-09-19,201.52000427246094,201.89999389648438,200.2899932861328,200.6999969482422,164.870849609375,121649000,0.939,0.0,0.0
2014-09-22,200.35000610351562,200.3800048828125,198.72999572753906,199.14999389648438,163.59756469726562,125553000,0.0,0.0,0.0
2014-09-23,198.42999267578125,199.25999450683594,197.9499969482422,198.00999450683594,162.66107177734375,111393000,0.0,0.0,0.0
2014-09-24,198.0399932861328,199.69000244140625,197.52000427246094,199.55999755859375,163.9343719482422,107276000,0.0,0.0,0.0
2014-09-25,199.0399932861328,199.0500030517578,196.27000427246094,196.33999633789062,161.2891387939453,150300000,0.0,0.0,0.0
2014-09-26,196.6999969482422,198.38999938964844,196.4199981689453,197.89999389648438,162.5707244873047,103547000,0.0,0.0,0.0
2014-09-29,196.1999969482422,197.88999938964844,196.0500030517578,197.5399932861328,162.27500915527344,95112000,0.0,0.0,0.0
2014-09-30,197.69000244140625,198.3000030517578,196.61000061035156,197.02000427246094,161.84779357910156,131302000,0.0,0.0,0.0
2014-10-01,196.6999969482422,196.77000427246094,193.91000366210938,194.35000610351562,159.65447998046875,177798000,0.0,0.0,0.0
2014-10-02,194.17999267578125,195.05999755859375,192.35000610351562,194.3800048828125,159.6790771484375,157285000,0.0,0.0,0.0
2014-10-03,195.67999267578125,196.94000244140625,195.0800018310547,196.52000427246094,161.43710327148438,121569000,0.0,0.0,0.0
2014-10-06,197.33999633789062,197.60000610351562,195.5800018310547,196.2899932861328,161.24815368652344,104778000,0.0,0.0,0.0
2014-10-07,195.27999877929688,195.72000122070312,193.22000122070312,193.25999450683594,158.759033203125,147913000,0.0,0.0,0.0
2014-10-08,193.3699951171875,196.9199981689453,192.36000061035156,196.63999938964844,161.53565979003906,186461000,0.0,0.0,0.0
2014-10-09,196.3300018310547,196.60000610351562,192.5800018310547,192.74000549316406,158.33187866210938,210705000,0.0,0.0,0.0
2014-10-10,192.69000244140625,193.64999389648438,190.49000549316406,190.5399932861328,156.52459716796875,221909000,0.0,0.0,0.0
2014-10-13,190.4600067138672,191.14999389648438,187.3000030517578,187.41000366210938,153.9534454345703,230939000,0.0,0.0,0.0
2014-10-14,188.4199981689453,189.82000732421875,187.0399932861328,187.6999969482422,154.19163513183594,215847000,0.0,0.0,0.0
2014-10-15,185.16000366210938,187.69000244140625,181.9199981689453,186.42999267578125,153.1483154296875,380715000,0.0,0.0,0.0
2014-10-16,183.05999755859375,187.5800018310547,182.88999938964844,186.27000427246094,153.0169219970703,270391000,0.0,0.0,0.0
2014-10-17,188.4199981689453,189.75,187.6199951171875,188.47000122070312,154.82418823242188,214625000,0.0,0.0,0.0
2014-10-20,188.1300048828125,190.4499969482422,188.07000732421875,190.3000030517578,156.3275146484375,130011000,0.0,0.0,0.0
2014-10-21,191.67999267578125,194.1999969482422,191.47999572753906,194.07000732421875,159.42445373535156,154949000,0.0,0.0,0.0
2014-10-22,194.41000366210938,194.91000366210938,192.61000061035156,192.69000244140625,158.29078674316406,151822000,0.0,0.0,0.0
2014-10-23,194.6199951171875,196.1999969482422,194.25999450683594,194.92999267578125,160.1309356689453,154944000,0.0,0.0,0.0
2014-10-24,195.25,196.49000549316406,194.49000549316406,196.42999267578125,161.3631591796875,117927000,0.0,0.0,0.0
2014-10-27,195.72999572753906,196.4499969482422,195.02999877929688,196.16000366210938,161.1413116455078,82954000,0.0,0.0,0.0
2014-10-28,196.82000732421875,198.4199981689453,196.72999572753906,198.41000366210938,162.9896697998047,106736000,0.0,0.0,0.0
2014-10-29,198.5500030517578,199.1199951171875,196.8000030517578,198.11000061035156,162.74314880371094,142557000,0.0,0.0,0.0
2014-10-30,197.5800018310547,199.9499969482422,197.39999389648438,199.3800048828125,163.78651428222656,113330000,0.0,0.0,0.0
2014-10-31,201.77999877929688,201.82000732421875,200.77000427246094,201.66000366210938,165.65945434570312,146903000,0.0,0.0,0.0
2014-11-03,201.9199981689453,202.4499969482422,201.30999755859375,201.77000427246094,165.74984741210938,93600000,0.0,0.0,0.0
2014-11-04,201.22999572753906,201.60000610351562,200.05999755859375,201.07000732421875,165.1748046875,93343000,0.0,0.0,0.0
2014-11-05,202.5399932861328,202.58999633789062,201.4499969482422,202.33999633789062,166.21803283691406,91709000,0.0,0.0,0.0
2014-11-06,202.38999938964844,203.25999450683594,201.63999938964844,203.14999389648438,166.88348388671875,107089000,0.0,0.0,0.0
2014-11-07,203.1699981689453,203.60000610351562,202.61000061035156,203.33999633789062,167.03948974609375,89540000,0.0,0.0,0.0
2014-11-10,203.3800048828125,204.0399932861328,203.1300048828125,203.97999572753906,167.5653076171875,66319000,0.0,0.0,0.0
2014-11-11,204.05999755859375,204.30999755859375,203.64999389648438,204.17999267578125,167.72959899902344,54499400,0.0,0.0,0.0
2014-11-12,203.35000610351562,204.24000549316406,203.30999755859375,203.9600067138672,167.5488739013672,90120300,0.0,0.0,0.0
2014-11-13,204.16000366210938,204.8300018310547,203.2100067138672,204.19000244140625,167.73780822753906,85357900,0.0,0.0,0.0
2014-11-14,204.10000610351562,204.49000549316406,203.72000122070312,204.24000549316406,167.77883911132812,80417500,0.0,0.0,0.0
2014-11-17,203.85000610351562,204.5800018310547,203.64999389648438,204.3699951171875,167.88568115234375,80441000,0.0,0.0,0.0
2014-11-18,204.44000244140625,205.9199981689453,204.44000244140625,205.5500030517578,168.8550262451172,76068100,0.0,0.0,0.0
2014-11-19,205.30999755859375,205.5500030517578,204.3000030517578,205.22000122070312,168.58395385742188,82373000,0.0,0.0,0.0
2014-11-20,204.25999450683594,205.7100067138672,204.17999267578125,205.5800018310547,168.87969970703125,72840300,0.0,0.0,0.0
2014-11-21,207.63999938964844,207.83999633789062,205.97999572753906,206.67999267578125,169.7832794189453,142327300,0.0,0.0,0.0
2014-11-24,207.1699981689453,207.38999938964844,206.91000366210938,207.25999450683594,170.2598114013672,65880800,0.0,0.0,0.0
2014-11-25,207.5399932861328,207.7899932861328,206.8000030517578,207.11000061035156,170.1365203857422,79108300,0.0,0.0,0.0
2014-11-26,207.2899932861328,207.75999450683594,207.02999877929688,207.63999938964844,170.57188415527344,62167800,0.0,0.0,0.0
2014-11-28,207.49000549316406,207.8699951171875,206.91000366210938,207.1999969482422,170.21044921875,57890100,0.0,0.0,0.0
2014-12-01,206.39999389648438,206.5399932861328,205.3800048828125,205.75999450683594,169.02757263183594,103968400,0.0,0.0,0.0
2014-12-02,205.80999755859375,207.33999633789062,205.77999877929688,207.08999633789062,170.1200714111328,74507200,0.0,0.0,0.0
2014-12-03,207.3000030517578,208.14999389648438,207.10000610351562,207.88999938964844,170.7772674560547,68952000,0.0,0.0,0.0
2014-12-04,207.5399932861328,208.27000427246094,206.6999969482422,207.66000366210938,170.5883026123047,91316600,0.0,0.0,0.0
2014-12-05,207.8699951171875,208.47000122070312,207.5500030517578,208.0,170.86766052246094,91025500,0.0,0.0,0.0
2014-12-08,207.52000427246094,208.1199951171875,205.92999267578125,206.61000061035156,169.72581481933594,108588200,0.0,0.0,0.0
2014-12-09,204.3699951171875,206.60000610351562,203.91000366210938,206.47000122070312,169.6107940673828,125180100,0.0,0.0,0.0
2014-12-10,205.91000366210938,205.97999572753906,202.92999267578125,203.16000366210938,166.89170837402344,159856400,0.0,0.0,0.0
2014-12-11,203.8800048828125,206.19000244140625,203.7100067138672,204.19000244140625,167.73780822753906,159012800,0.0,0.0,0.0
2014-12-12,202.63999938964844,203.82000732421875,200.85000610351562,200.88999938964844,165.02696228027344,202330200,0.0,0.0,0.0
2014-12-15,201.97999572753906,202.52999877929688,198.77999877929688,199.50999450683594,163.8932342529297,189965800,0.0,0.0,0.0
2014-12-16,198.5800018310547,202.39999389648438,197.86000061035156,197.91000366210938,162.5789031982422,259543800,0.0,0.0,0.0
2014-12-17,198.44000244140625,202.33999633789062,198.2899932861328,201.7899932861328,165.76625061035156,253910100,0.0,0.0,0.0
2014-12-18,204.74000549316406,212.97000122070312,203.9199981689453,206.77999877929688,169.86546325683594,257633900,0.0,0.0,0.0
2014-12-19,206.42999267578125,207.3300018310547,205.61000061035156,206.52000427246094,170.5882110595703,245084600,1.135,0.0,0.0
2014-12-22,206.75,207.47000122070312,206.4600067138672,207.47000122070312,171.37290954589844,148318900,0.0,0.0,0.0
2014-12-23,208.1699981689453,208.22999572753906,207.39999389648438,207.75,171.60421752929688,122167900,0.0,0.0,0.0
2014-12-24,208.02000427246094,208.33999633789062,207.72000122070312,207.77000427246094,171.62071228027344,42963400,0.0,0.0,0.0
2014-12-26,208.30999755859375,208.85000610351562,208.25,208.44000244140625,172.17417907714844,57326700,0.0,0.0,0.0
2014-12-29,208.22000122070312,208.97000122070312,208.13999938964844,208.72000122070312,172.40542602539062,79643900,0.0,0.0,0.0
2014-12-30,208.2100067138672,208.3699951171875,207.50999450683594,207.60000610351562,171.48028564453125,73540800,0.0,0.0,0.0
2014-12-31,207.99000549316406,208.19000244140625,205.38999938964844,205.5399932861328,169.7786865234375,130333800,0.0,0.0,0.0
2015-01-02,206.3800048828125,206.8800048828125,204.17999267578125,205.42999267578125,169.6877899169922,121465900,0.0,0.0,0.0
2015-01-05,204.1699981689453,204.3699951171875,201.35000610351562,201.72000122070312,166.62332153320312,169632600,0.0,0.0,0.0
2015-01-06,202.08999633789062,202.72000122070312,198.86000061035156,199.82000732421875,165.05393981933594,209151400,0.0,0.0,0.0
2015-01-07,201.4199981689453,202.72000122070312,200.8800048828125,202.30999755859375,167.11065673828125,125346700,0.0,0.0,0.0
2015-01-08,204.00999450683594,206.16000366210938,203.99000549316406,205.89999389648438,170.0760955810547,147217800,0.0,0.0,0.0
2015-01-09,206.39999389648438,206.4199981689453,203.50999450683594,204.25,168.71316528320312,158567300,0.0,0.0,0.0
2015-01-12,204.41000366210938,204.60000610351562,201.9199981689453,202.64999389648438,167.39154052734375,144396100,0.0,0.0,0.0
2015-01-13,204.1199951171875,205.47999572753906,200.50999450683594,202.0800018310547,166.92071533203125,214553300,0.0,0.0,0.0
2015-01-14,199.64999389648438,201.10000610351562,198.57000732421875,200.86000061035156,165.91294860839844,192991100,0.0,0.0,0.0
2015-01-15,201.6300048828125,202.00999450683594,198.8800048828125,199.02000427246094,164.39309692382812,176613900,0.0,0.0,0.0
2015-01-16,198.77000427246094,201.82000732421875,198.5500030517578,201.6300048828125,166.54901123046875,211879600,0.0,0.0,0.0
2015-01-20,202.39999389648438,202.72000122070312,200.1699981689453,202.05999755859375,166.9041748046875,130991100,0.0,0.0,0.0
2015-01-21,201.5,203.66000366210938,200.94000244140625,203.0800018310547,167.74671936035156,122942700,0.0,0.0,0.0
2015-01-22,203.99000549316406,206.25999450683594,202.3300018310547,206.10000610351562,170.24130249023438,174356000,0.0,0.0,0.0
2015-01-23,205.7899932861328,206.10000610351562,204.80999755859375,204.97000122070312,169.3078155517578,117516800,0.0,0.0,0.0
2015-01-26,204.7100067138672,205.55999755859375,203.85000610351562,205.4499969482422,169.70431518554688,92009700,0.0,0.0,0.0
2015-01-27,202.97000122070312,204.1199951171875,201.74000549316406,202.74000549316406,167.46591186523438,134044600,0.0,0.0,0.0
2015-01-28,204.1699981689453,204.2899932861328,199.91000366210938,200.13999938964844,165.31825256347656,168514300,0.0,0.0,0.0
2015-01-29,200.3800048828125,202.3000030517578,198.67999267578125,201.99000549316406,166.84632873535156,173585400,0.0,0.0,0.0
2015-01-30,200.57000732421875,202.1699981689453,199.1300048828125,199.4499969482422,164.74832153320312,197729700,0.0,0.0,0.0
2015-02-02,200.0500030517578,202.02999877929688,197.86000061035156,201.9199981689453,166.78854370117188,163107000,0.0,0.0,0.0
2015-02-03,203.0,204.85000610351562,202.5500030517578,204.83999633789062,169.2005157470703,124212900,0.0,0.0,0.0
2015-02-04,203.9199981689453,205.3800048828125,203.50999450683594,204.05999755859375,168.55618286132812,134306700,0.0,0.0,0.0
2015-02-05,204.86000061035156,206.3000030517578,204.77000427246094,206.1199951171875,170.25779724121094,97953200,0.0,0.0,0.0
2015-02-06,206.55999755859375,207.24000549316406,204.9199981689453,205.5500030517578,169.78697204589844,125672000,0.0,0.0,0.0
2015-02-09,204.77000427246094,205.63999938964844,204.13999938964844,204.6300048828125,169.02703857421875,87219000,0.0,0.0,0.0
2015-02-10,205.8800048828125,207.1199951171875,204.67999267578125,206.80999755859375,170.82774353027344,96164200,0.0,0.0,0.0
2015-02-11,206.61000061035156,207.4499969482422,205.8300018310547,206.92999267578125,170.9268798828125,91087800,0.0,0.0,0.0
2015-02-12,207.88999938964844,208.99000549316406,206.97000122070312,208.9199981689453,172.57064819335938,97545900,0.0,0.0,0.0
2015-02-13,209.07000732421875,209.83999633789062,208.75999450683594,209.77999877929688,173.28097534179688,93670400,0.0,0.0,0.0
2015-02-17,209.39999389648438,210.32000732421875,209.10000610351562,210.11000061035156,173.5535430908203,76968200,0.0,0.0,0.0
2015-02-18,209.66000366210938,210.22000122070312,209.33999633789062,210.1300048828125,173.57005310058594,80652900,0.0,0.0,0.0
2015-02-19,209.41000366210938,210.4199981689453,209.24000549316406,209.97999572753906,173.4461669921875,91462500,0.0,0.0,0.0
2015-02-20,209.47999572753906,211.3300018310547,208.72999572753906,211.24000549316406,174.48696899414062,140896400,0.0,0.0,0.0
2015-02-23,210.94000244140625,211.2100067138672,210.47999572753906,211.2100067138672,174.46224975585938,74411100,0.0,0.0,0.0
2015-02-24,211.1199951171875,212.0500030517578,210.75999450683594,211.80999755859375,174.95779418945312,72472300,0.0,0.0,0.0
2015-02-25,211.66000366210938,212.24000549316406,211.22000122070312,211.6300048828125,174.80914306640625,73061700,0.0,0.0,0.0
2015-02-26,211.52000427246094,211.7100067138672,210.64999389648438,211.3800048828125,174.60263061523438,72697900,0.0,0.0,0.0
2015-02-27,211.25999450683594,211.5800018310547,210.60000610351562,210.66000366210938,174.00790405273438,108076000,0.0,0.0,0.0
2015-03-02,210.77999877929688,212.05999755859375,210.72000122070312,211.99000549316406,175.10653686523438,87491400,0.0,0.0,0.0
2015-03-03,211.47000122070312,212.0500030517578,210.0800018310547,211.1199951171875,174.3878631591797,110325800,0.0,0.0,0.0
2015-03-04,210.39999389648438,210.49000549316406,209.05999755859375,210.22999572753906,173.65269470214844,114497200,0.0,0.0,0.0
2015-03-05,210.6199951171875,210.8000030517578,209.85000610351562,210.4600067138672,173.84274291992188,76873000,0.0,0.0,0.0
2015-03-06,209.4199981689453,209.94000244140625,207.10000610351562,207.5,171.39768981933594,188128000,0.0,0.0,0.0
2015-03-09,207.74000549316406,208.7899932861328,207.5500030517578,208.36000061035156,172.10804748535156,89818900,0.0,0.0,0.0
2015-03-10,206.7100067138672,206.80999755859375,204.92999267578125,204.97999572753906,169.31614685058594,157121300,0.0,0.0,0.0
2015-03-11,205.2899932861328,205.5,204.39999389648438,204.5,168.919677734375,110145700,0.0,0.0,0.0
2015-03-12,205.25999450683594,207.17999267578125,205.1999969482422,207.10000610351562,171.06729125976562,93993500,0.0,0.0,0.0
2015-03-13,206.77000427246094,207.92999267578125,204.5800018310547,205.8300018310547,170.0182342529297,162410900,0.0,0.0,0.0
2015-03-16,206.7100067138672,208.69000244140625,205.86000061035156,208.5800018310547,172.2897491455078,136099200,0.0,0.0,0.0
2015-03-17,207.69000244140625,208.4199981689453,206.97999572753906,207.9600067138672,171.77760314941406,94510400,0.0,0.0,0.0
2015-03-18,207.38999938964844,211.27000427246094,206.6199951171875,210.4600067138672,173.84274291992188,228808500,0.0,0.0,0.0
2015-03-19,209.9600067138672,210.47000122070312,209.02999877929688,209.5,173.04971313476562,117917300,0.0,0.0,0.0
2015-03-20,209.7100067138672,211.02000427246094,209.49000549316406,210.41000366210938,174.5771942138672,177715100,0.931,0.0,0.0
2015-03-23,210.4199981689453,211.11000061035156,210.0,210.0,174.23704528808594,71784500,0.0,0.0,0.0
2015-03-24,209.85000610351562,210.39999389648438,208.74000549316406,208.82000732421875,173.2579803466797,77805300,0.0,0.0,0.0
2015-03-25,209.07000732421875,209.35000610351562,205.7100067138672,205.75999450683594,170.71913146972656,159521700,0.0,0.0,0.0
2015-03-26,204.9600067138672,206.3699951171875,204.1199951171875,205.27000427246094,170.31251525878906,153067200,0.0,0.0,0.0
2015-03-27,205.1300048828125,205.9499969482422,204.89999389648438,205.74000549316406,170.70252990722656,118939000,0.0,0.0,0.0
2015-03-30,206.97999572753906,208.61000061035156,206.9600067138672,208.25,172.7850341796875,96180400,0.0,0.0,0.0
2015-03-31,207.25999450683594,208.10000610351562,206.36000061035156,206.42999267578125,171.27500915527344,126768700,0.0,0.0,0.0
2015-04-01,206.38999938964844,206.4199981689453,204.50999450683594,205.6999969482422,170.6693115234375,137303600,0.0,0.0,0.0
2015-04-02,205.6199951171875,206.97999572753906,205.39999389648438,206.44000244140625,171.28329467773438,86900900,0.0,0.0,0.0
2015-04-06,205.3699951171875,208.4499969482422,205.2100067138672,207.8300018310547,172.4365692138672,114368200,0.0,0.0,0.0
2015-04-07,207.86000061035156,208.75999450683594,207.24000549316406,207.27999877929688,171.980224609375,81236300,0.0,0.0,0.0
2015-04-08,207.5500030517578,208.50999450683594,207.0800018310547,207.97999572753906,172.56101989746094,89351900,0.0,0.0,0.0
2015-04-09,207.77999877929688,209.17999267578125,207.19000244140625,208.89999389648438,173.32432556152344,85548900,0.0,0.0,0.0
2015-04-10,209.1999969482422,210.08999633789062,208.9600067138672,210.0399932861328,174.27020263671875,72722900,0.0,0.0,0.0
2015-04-13,209.8699951171875,210.6300048828125,209.02999877929688,209.08999633789062,173.48204040527344,74436600,0.0,0.0,0.0
2015-04-14,208.85000610351562,209.7100067138672,208.10000610351562,209.49000549316406,173.8138885498047,75099900,0.0,0.0,0.0
2015-04-15,210.0500030517578,211.0399932861328,209.9499969482422,210.42999267578125,174.59376525878906,99529300,0.0,0.0,0.0
2015-04-16,210.02999877929688,210.97999572753906,209.7899932861328,210.3699951171875,174.54403686523438,68934900,0.0,0.0,0.0
2015-04-17,208.94000244140625,209.22999572753906,207.00999450683594,207.9499969482422,172.53611755371094,191113200,0.0,0.0,0.0
2015-04-20,209.05999755859375,210.25,208.9600067138672,209.85000610351562,174.11256408691406,92189500,0.0,0.0,0.0
2015-04-21,210.6699981689453,210.86000061035156,209.24000549316406,209.60000610351562,173.90509033203125,72559800,0.0,0.0,0.0
2015-04-22,210.00999450683594,210.85000610351562,208.89999389648438,210.6300048828125,174.759765625,78264600,0.0,0.0,0.0
2015-04-23,210.14999389648438,211.94000244140625,210.00999450683594,211.16000366210938,175.19949340820312,102585900,0.0,0.0,0.0
2015-04-24,211.66000366210938,211.97000122070312,211.11000061035156,211.64999389648438,175.60601806640625,61327400,0.0,0.0,0.0
2015-04-27,212.3300018310547,212.47999572753906,210.5399932861328,210.77000427246094,174.87591552734375,79358100,0.0,0.0,0.0
2015-04-28,210.74000549316406,211.5,209.3300018310547,211.44000244140625,175.43179321289062,86863500,0.0,0.0,0.0
2015-04-29,210.3699951171875,211.2899932861328,209.60000610351562,210.57000732421875,174.70994567871094,125684900,0.0,0.0,0.0
2015-04-30,209.8800048828125,210.35000610351562,207.6199951171875,208.4600067138672,172.959228515625,161304900,0.0,0.0,0.0
2015-05-01,209.39999389648438,210.77000427246094,209.27999877929688,210.72000122070312,174.83445739746094,103399700,0.0,0.0,0.0
2015-05-04,211.22999572753906,212.02000427246094,211.10000610351562,211.32000732421875,175.3322296142578,70927200,0.0,0.0,0.0
2015-05-05,211.02999877929688,211.4600067138672,208.72999572753906,208.89999389648438,173.32432556152344,113326200,0.0,0.0,0.0
2015-05-06,209.55999755859375,209.92999267578125,206.75999450683594,208.0399932861328,172.61080932617188,135060200,0.0,0.0,0.0
2015-05-07,207.9199981689453,209.3800048828125,207.52000427246094,208.8699951171875,173.2994384765625,88244900,0.0,0.0,0.0
2015-05-08,210.8800048828125,211.86000061035156,210.77999877929688,211.6199951171875,175.5811309814453,155877300,0.0,0.0,0.0
2015-05-11,211.57000732421875,211.88999938964844,210.52000427246094,210.61000061035156,174.74314880371094,75708100,0.0,0.0,0.0
2015-05-12,209.61000061035156,210.6300048828125,208.6199951171875,209.97999572753906,174.2203369140625,119727600,0.0,0.0,0.0
2015-05-13,210.47000122070312,211.22000122070312,209.74000549316406,210.02000427246094,174.25364685058594,94667900,0.0,0.0,0.0
2015-05-14,211.24000549316406,212.32000732421875,210.91000366210938,212.2100067138672,176.07066345214844,95934000,0.0,0.0,0.0
2015-05-15,212.44000244140625,212.61000061035156,211.86000061035156,212.44000244140625,176.2615203857422,76510100,0.0,0.0,0.0
2015-05-18,212.24000549316406,213.39999389648438,212.16000366210938,213.10000610351562,176.80911254882812,74549700,0.0,0.0,0.0
2015-05-19,213.24000549316406,213.57000732421875,212.69000244140625,213.02999877929688,176.75108337402344,72114600,0.0,0.0,0.0
2015-05-20,213.14999389648438,213.77999877929688,212.5,212.8800048828125,176.62655639648438,76857500,0.0,0.0,0.0
2015-05-21,212.7100067138672,213.75,212.50999450683594,213.5,177.1409454345703,64764600,0.0,0.0,0.0
2015-05-22,213.0399932861328,213.5399932861328,212.91000366210938,212.99000549316406,176.7178192138672,57433500,0.0,0.0,0.0
2015-05-26,212.39999389648438,212.91000366210938,210.1999969482422,210.6999969482422,174.81784057617188,124308600,0.0,0.0,0.0
2015-05-27,211.25,212.97999572753906,210.75999450683594,212.6999969482422,176.47726440429688,93214000,0.0,0.0,0.0
2015-05-28,212.3300018310547,212.58999633789062,211.6300048828125,212.4600067138672,176.27806091308594,74974600,0.0,0.0,0.0
2015-05-29,212.3800048828125,212.42999267578125,210.82000732421875,211.13999938964844,175.18289184570312,124919600,0.0,0.0,0.0
2015-06-01,211.94000244140625,212.33999633789062,210.6199951171875,211.57000732421875,175.5395965576172,93338800,0.0,0.0,0.0
2015-06-02,211.02000427246094,212.19000244140625,210.27000427246094,211.36000061035156,175.36538696289062,91531000,0.0,0.0,0.0
2015-06-03,212.0,212.6699981689453,211.3300018310547,211.9199981689453,175.82998657226562,87820900,0.0,0.0,0.0
2015-06-04,211.07000732421875,211.86000061035156,209.75,210.1300048828125,174.3448486328125,151882800,0.0,0.0,0.0
2015-06-05,209.9499969482422,210.5800018310547,208.97999572753906,209.77000427246094,174.0461883544922,121704700,0.0,0.0,0.0
2015-06-08,209.63999938964844,209.82000732421875,208.38999938964844,208.47999572753906,172.97589111328125,89063300,0.0,0.0,0.0
2015-06-09,208.4499969482422,209.10000610351562,207.69000244140625,208.4499969482422,172.9510040283203,105034700,0.0,0.0,0.0
2015-06-10,209.3699951171875,211.41000366210938,209.3000030517578,210.9499969482422,175.0252685546875,134551300,0.0,0.0,0.0
2015-06-11,211.47999572753906,212.08999633789062,211.1999969482422,211.6300048828125,175.58941650390625,73876400,0.0,0.0,0.0
2015-06-12,210.63999938964844,211.47999572753906,209.67999267578125,210.00999450683594,174.24534606933594,135382400,0.0,0.0,0.0
2015-06-15,208.63999938964844,209.4499969482422,207.7899932861328,209.11000061035156,173.49856567382812,124384200,0.0,0.0,0.0
2015-06-16,208.92999267578125,210.35000610351562,208.72000122070312,210.25,174.4444580078125,85308200,0.0,0.0,0.0
2015-06-17,210.58999633789062,211.32000732421875,209.36000061035156,210.58999633789062,174.72653198242188,126708600,0.0,0.0,0.0
2015-06-18,211.30999755859375,213.33999633789062,210.6300048828125,212.77999877929688,176.5435791015625,165867900,0.0,0.0,0.0
2015-06-19,211.4600067138672,211.5500030517578,210.36000061035156,210.80999755859375,175.7598876953125,130478700,1.03,0.0,0.0
2015-06-22,211.91000366210938,212.58999633789062,211.63999938964844,211.88999938964844,176.66026306152344,70696000,0.0,0.0,0.0
2015-06-23,212.13999938964844,212.44000244140625,211.57000732421875,212.0399932861328,176.7853546142578,68476800,0.0,0.0,0.0
2015-06-24,211.72000122070312,212.1699981689453,210.47000122070312,210.5,175.50144958496094,92307300,0.0,0.0,0.0
2015-06-25,211.10000610351562,211.25,209.77000427246094,209.86000061035156,174.96786499023438,97107400,0.0,0.0,0.0
2015-06-26,210.2899932861328,210.5800018310547,209.16000366210938,209.82000732421875,174.9344940185547,104174800,0.0,0.0,0.0
2015-06-29,208.0500030517578,209.8300018310547,205.3300018310547,205.4199981689453,171.26605224609375,202621300,0.0,0.0,0.0
2015-06-30,207.25999450683594,207.32000732421875,205.27999877929688,205.85000610351562,171.62457275390625,182925100,0.0,0.0,0.0
2015-07-01,207.72999572753906,208.02999877929688,206.55999755859375,207.5,173.00021362304688,135979900,0.0,0.0,0.0
2015-07-02,208.07000732421875,208.27000427246094,206.80999755859375,207.30999755859375,172.84178161621094,104373700,0.0,0.0,0.0
2015-07-06,205.77000427246094,207.64999389648438,205.52999877929688,206.72000122070312,172.34991455078125,117975400,0.0,0.0,0.0
2015-07-07,206.9600067138672,208.1699981689453,204.11000061035156,208.02000427246094,173.4337921142578,173820200,0.0,0.0,0.0
2015-07-08,206.4199981689453,206.75999450683594,204.25,204.52999877929688,170.52403259277344,164020100,0.0,0.0,0.0
2015-07-09,207.0399932861328,207.35000610351562,204.77000427246094,204.89999389648438,170.83250427246094,144113100,0.0,0.0,0.0
2015-07-10,207.2899932861328,207.97999572753906,204.9499969482422,207.47999572753906,172.98353576660156,129456900,0.0,0.0,0.0
2015-07-13,208.99000549316406,209.89999389648438,208.94000244140625,209.77000427246094,174.8927764892578,106069400,0.0,0.0,0.0
2015-07-14,209.72000122070312,211.0500030517578,209.64999389648438,210.67999267578125,175.6514434814453,81709600,0.0,0.0,0.0
2015-07-15,210.72999572753906,211.27999877929688,210.0399932861328,210.61000061035156,175.5931396484375,97914100,0.0,0.0,0.0
2015-07-16,211.8699951171875,212.3000030517578,211.5800018310547,212.3000030517578,177.00213623046875,106683300,0.0,0.0,0.0
2015-07-17,212.2899932861328,212.5500030517578,211.8000030517578,212.47999572753906,177.15223693847656,89030000,0.0,0.0,0.0
2015-07-20,212.75,213.17999267578125,212.2100067138672,212.58999633789062,177.243896484375,70446800,0.0,0.0,0.0
2015-07-21,212.42999267578125,212.74000549316406,211.38999938964844,211.75,176.5435791015625,77965000,0.0,0.0,0.0
2015-07-22,210.92999267578125,211.77000427246094,210.88999938964844,211.3699951171875,176.22674560546875,88667900,0.0,0.0,0.0
2015-07-23,211.52999877929688,211.64999389648438,209.75,210.17999267578125,175.23464965820312,90509100,0.0,0.0,0.0
2015-07-24,210.3000030517578,210.3699951171875,207.60000610351562,208.0,173.41708374023438,117755000,0.0,0.0,0.0
2015-07-27,206.94000244140625,207.5500030517578,206.25999450683594,206.7899932861328,172.40823364257812,132361100,0.0,0.0,0.0
2015-07-28,207.7899932861328,209.5,206.8000030517578,209.3300018310547,174.5259246826172,123544800,0.0,0.0,0.0
2015-07-29,209.47999572753906,211.0399932861328,209.30999755859375,210.77000427246094,175.72650146484375,105791300,0.0,0.0,0.0
2015-07-30,210.16000366210938,211.02000427246094,209.4199981689453,210.82000732421875,175.76820373535156,91304400,0.0,0.0,0.0
2015-07-31,211.4199981689453,211.4499969482422,210.16000366210938,210.5,175.50144958496094,103266900,0.0,0.0,0.0
2015-08-03,210.4600067138672,210.52999877929688,208.64999389648438,209.7899932861328,174.90948486328125,113965700,0.0,0.0,0.0
2015-08-04,209.6999969482422,210.25,208.8000030517578,209.3800048828125,174.5677032470703,81820800,0.0,0.0,0.0
2015-08-05,210.4499969482422,211.30999755859375,209.72999572753906,210.07000732421875,175.1428680419922,85786800,0.0,0.0,0.0
2015-08-06,210.2899932861328,210.4199981689453,207.64999389648438,208.35000610351562,173.7089080810547,116030800,0.0,0.0,0.0
2015-08-07,208.16000366210938,208.33999633789062,206.8699951171875,207.9499969482422,173.37538146972656,117858000,0.0,0.0,0.0
2015-08-10,209.27999877929688,210.6699981689453,209.27999877929688,210.57000732421875,175.55975341796875,80270700,0.0,0.0,0.0
2015-08-11,208.97000122070312,209.47000122070312,207.75999450683594,208.6699981689453,173.9756622314453,126081400,0.0,0.0,0.0
2015-08-12,207.11000061035156,209.13999938964844,205.36000061035156,208.9199981689453,174.1841278076172,172123700,0.0,0.0,0.0
2015-08-13,208.72999572753906,209.5500030517578,208.00999450683594,208.66000366210938,173.9673309326172,89383300,0.0,0.0,0.0
2015-08-14,208.42999267578125,209.50999450683594,208.25999450683594,209.4199981689453,174.60101318359375,72786500,0.0,0.0,0.0
2015-08-17,208.7100067138672,210.58999633789062,208.16000366210938,210.58999633789062,175.57647705078125,79072600,0.0,0.0,0.0
2015-08-18,210.25999450683594,210.67999267578125,209.6999969482422,209.97999572753906,175.06784057617188,71692700,0.0,0.0,0.0
2015-08-19,209.08999633789062,210.00999450683594,207.35000610351562,208.32000732421875,173.68386840820312,172946000,0.0,0.0,0.0
2015-08-20,206.50999450683594,208.2899932861328,203.89999389648438,203.97000122070312,170.05711364746094,194327900,0.0,0.0,0.0
2015-08-21,201.72999572753906,203.94000244140625,197.52000427246094,197.8300018310547,164.93798828125,346588500,0.0,0.0,0.0
2015-08-24,187.49000549316406,197.47999572753906,182.39999389648438,189.5,157.9929656982422,507244300,0.0,0.0,0.0
2015-08-25,195.42999267578125,195.4499969482422,186.9199981689453,187.27000427246094,156.1337890625,369833100,0.0,0.0,0.0
2015-08-26,192.0800018310547,194.7899932861328,188.3699951171875,194.4600067138672,162.12831115722656,339257000,0.0,0.0,0.0
2015-08-27,197.02000427246094,199.4199981689453,195.2100067138672,199.27000427246094,166.13861083984375,274143900,0.0,0.0,0.0
2015-08-28,198.5,199.83999633789062,197.9199981689453,199.27999877929688,166.14691162109375,160414400,0.0,0.0,0.0
2015-08-31,198.11000061035156,199.1300048828125,197.00999450683594,197.6699981689453,164.8046112060547,163298800,0.0,0.0,0.0
2015-09-01,193.1199951171875,194.77000427246094,190.72999572753906,191.77000427246094,159.88555908203125,256000400,0.0,0.0,0.0
2015-09-02,194.6199951171875,195.4600067138672,192.4199981689453,195.41000366210938,162.9203338623047,160269300,0.0,0.0,0.0
2015-09-03,196.25999450683594,198.0500030517578,194.9600067138672,195.5500030517578,163.0370635986328,152087800,0.0,0.0,0.0
2015-09-04,192.85000610351562,193.86000061035156,191.61000061035156,192.58999633789062,160.5692138671875,207081000,0.0,0.0,0.0
2015-09-08,195.94000244140625,197.61000061035156,195.1699981689453,197.42999267578125,164.60452270507812,116025700,0.0,0.0,0.0
2015-09-09,199.32000732421875,199.47000122070312,194.35000610351562,194.7899932861328,162.40341186523438,149347700,0.0,0.0,0.0
2015-09-10,194.55999755859375,197.22000122070312,194.25,195.85000610351562,163.2871856689453,158611100,0.0,0.0,0.0
2015-09-11,195.3800048828125,196.82000732421875,194.52999877929688,196.74000549316406,164.02914428710938,119691200,0.0,0.0,0.0
2015-09-14,196.9499969482422,197.00999450683594,195.42999267578125,196.00999450683594,163.4205780029297,79452000,0.0,0.0,0.0
2015-09-15,196.61000061035156,198.99000549316406,195.9600067138672,198.4600067138672,165.46328735351562,113806200,0.0,0.0,0.0
2015-09-16,198.82000732421875,200.41000366210938,198.41000366210938,200.17999267578125,166.8972625732422,99581600,0.0,0.0,0.0
2015-09-17,200.02000427246094,202.88999938964844,199.27999877929688,199.72999572753906,166.52207946777344,276046600,0.0,0.0,0.0
2015-09-18,195.7100067138672,198.67999267578125,194.9600067138672,195.4499969482422,163.80087280273438,223657500,1.033,0.0,0.0
2015-09-21,196.44000244140625,197.67999267578125,195.2100067138672,196.4600067138672,164.64732360839844,105726200,0.0,0.0,0.0
2015-09-22,193.8800048828125,194.4600067138672,192.55999755859375,193.91000366210938,162.51022338867188,153890900,0.0,0.0,0.0
2015-09-23,194.11000061035156,194.6699981689453,192.91000366210938,193.60000610351562,162.25039672851562,92790600,0.0,0.0,0.0
2015-09-24,192.14999389648438,193.4499969482422,190.55999755859375,192.89999389648438,161.663818359375,159378800,0.0,0.0,0.0
2015-09-25,194.63999938964844,195.0,191.80999755859375,192.85000610351562,161.6219024658203,155054800,0.0,0.0,0.0
2015-09-28,191.77999877929688,191.91000366210938,187.63999938964844,188.00999450683594,157.56561279296875,178515900,0.0,0.0,0.0
2015-09-29,188.27000427246094,189.74000549316406,186.92999267578125,188.1199951171875,157.65777587890625,159045600,0.0,0.0,0.0
2015-09-30,190.3699951171875,191.8300018310547,189.44000244140625,191.6300048828125,160.59945678710938,163452000,0.0,0.0,0.0
2015-10-01,192.0800018310547,192.49000549316406,189.82000732421875,192.1300048828125,161.01846313476562,131079000,0.0,0.0,0.0
2015-10-02,189.77000427246094,195.02999877929688,189.1199951171875,195.0,163.4237518310547,211003300,0.0,0.0,0.0
2015-10-05,196.4600067138672,198.74000549316406,196.3300018310547,198.47000122070312,166.3318328857422,126320800,0.0,0.0,0.0
2015-10-06,198.30999755859375,198.97999572753906,197.0,197.7899932861328,165.76194763183594,110274500,0.0,0.0,0.0
2015-10-07,198.89999389648438,199.8300018310547,197.47999572753906,199.41000366210938,167.11961364746094,124307300,0.0,0.0,0.0
2015-10-08,198.9499969482422,201.5500030517578,198.58999633789062,201.2100067138672,168.62814331054688,153055200,0.0,0.0,0.0
2015-10-09,201.3800048828125,201.89999389648438,200.5800018310547,201.3300018310547,168.72869873046875,107069200,0.0,0.0,0.0
2015-10-12,201.4199981689453,201.75999450683594,200.91000366210938,201.52000427246094,168.88795471191406,56395600,0.0,0.0,0.0
2015-10-13,200.64999389648438,202.16000366210938,200.0500030517578,200.25,167.8236083984375,88038700,0.0,0.0,0.0
2015-10-14,200.17999267578125,200.8699951171875,198.94000244140625,199.2899932861328,167.01910400390625,99106200,0.0,0.0,0.0
2015-10-15,200.0800018310547,202.36000061035156,199.63999938964844,202.35000610351562,169.5835723876953,134142200,0.0,0.0,0.0
2015-10-16,202.8300018310547,203.2899932861328,201.9199981689453,203.27000427246094,170.3545684814453,114580100,0.0,0.0,0.0
2015-10-19,202.5,203.3699951171875,202.1300048828125,203.3699951171875,170.4383544921875,76523900,0.0,0.0,0.0
2015-10-20,202.85000610351562,203.83999633789062,202.5500030517578,203.11000061035156,170.2205047607422,78448500,0.0,0.0,0.0
2015-10-21,203.61000061035156,203.7899932861328,201.64999389648438,201.85000610351562,169.16455078125,102038000,0.0,0.0,0.0
2015-10-22,202.97999572753906,205.50999450683594,201.85000610351562,205.25999450683594,172.0222930908203,174911700,0.0,0.0,0.0
2015-10-23,207.25,207.9499969482422,206.3000030517578,207.50999450683594,173.90802001953125,144442300,0.0,0.0,0.0
2015-10-26,207.3000030517578,207.3699951171875,206.55999755859375,207.0,173.4805908203125,69033000,0.0,0.0,0.0
2015-10-27,206.1999969482422,207.0,205.7899932861328,206.60000610351562,173.14535522460938,77905800,0.0,0.0,0.0
2015-10-28,207.0,208.97999572753906,206.2100067138672,208.9499969482422,175.11480712890625,135906700,0.0,0.0,0.0
2015-10-29,208.35000610351562,209.27000427246094,208.2100067138672,208.8300018310547,175.01419067382812,90525500,0.0,0.0,0.0
2015-10-30,209.05999755859375,209.44000244140625,207.74000549316406,207.92999267578125,174.25999450683594,131076900,0.0,0.0,0.0
2015-11-02,208.32000732421875,210.6199951171875,208.1699981689453,210.38999938964844,176.32164001464844,86270800,0.0,0.0,0.0
2015-11-03,209.97000122070312,211.66000366210938,209.6999969482422,211.0,176.83285522460938,95246100,0.0,0.0,0.0
2015-11-04,211.35000610351562,211.5,209.72000122070312,210.36000061035156,176.2964630126953,96224500,0.0,0.0,0.0
2015-11-05,210.42999267578125,210.97999572753906,209.08999633789062,210.14999389648438,176.12046813964844,78408700,0.0,0.0,0.0
2015-11-06,209.74000549316406,210.32000732421875,208.4600067138672,210.0399932861328,176.0283203125,110471500,0.0,0.0,0.0
2015-11-09,209.30999755859375,209.49000549316406,206.9499969482422,208.0800018310547,174.38571166992188,131008700,0.0,0.0,0.0
2015-11-10,207.50999450683594,208.60000610351562,207.19000244140625,208.55999755859375,174.7878875732422,75874600,0.0,0.0,0.0
2015-11-11,208.8800048828125,208.94000244140625,207.66000366210938,207.74000549316406,174.10076904296875,67846000,0.0,0.0,0.0
2015-11-12,206.5,207.05999755859375,204.82000732421875,204.83999633789062,171.67037963867188,121315200,0.0,0.0,0.0
2015-11-13,204.35000610351562,204.6699981689453,202.44000244140625,202.5399932861328,169.74278259277344,153577100,0.0,0.0,0.0
2015-11-16,202.32000732421875,205.69000244140625,202.17999267578125,205.6199951171875,172.32400512695312,117645200,0.0,0.0,0.0
2015-11-17,205.99000549316406,207.0399932861328,204.8800048828125,205.47000122070312,172.19830322265625,121123700,0.0,0.0,0.0
2015-11-18,206.0399932861328,208.89999389648438,205.99000549316406,208.72999572753906,174.93038940429688,121342500,0.0,0.0,0.0
2015-11-19,208.58999633789062,209.0500030517578,208.1999969482422,208.5500030517578,174.77960205078125,88220500,0.0,0.0,0.0
2015-11-20,209.4499969482422,210.1199951171875,208.86000061035156,209.30999755859375,175.41653442382812,94011500,0.0,0.0,0.0
2015-11-23,209.3800048828125,209.97999572753906,208.52000427246094,209.07000732421875,175.2153778076172,64931200,0.0,0.0,0.0
2015-11-24,207.8699951171875,209.8300018310547,207.41000366210938,209.35000610351562,175.45010375976562,98874400,0.0,0.0,0.0
2015-11-25,209.5,209.74000549316406,209.00999450683594,209.32000732421875,175.4249267578125,51980100,0.0,0.0,0.0
2015-11-27,209.42999267578125,209.8000030517578,208.86000061035156,209.55999755859375,175.62600708007812,37317800,0.0,0.0,0.0
2015-11-30,209.75,209.88999938964844,208.55999755859375,208.69000244140625,174.89694213867188,112822700,0.0,0.0,0.0
2015-12-01,209.44000244140625,210.82000732421875,209.11000061035156,210.67999267578125,176.56466674804688,97858400,0.0,0.0,0.0
2015-12-02,210.6199951171875,211.0,208.22999572753906,208.52999877929688,174.76283264160156,108441300,0.0,0.0,0.0
2015-12-03,208.8300018310547,209.14999389648438,204.75,205.61000061035156,172.31568908691406,166224200,0.0,0.0,0.0
2015-12-04,205.61000061035156,209.97000122070312,205.61000061035156,209.6199951171875,175.6763458251953,192913900,0.0,0.0,0.0
2015-12-07,209.22999572753906,209.72999572753906,207.1999969482422,208.35000610351562,174.6119842529297,102027100,0.0,0.0,0.0
2015-12-08,206.49000549316406,208.2899932861328,205.77999877929688,206.9499969482422,173.43865966796875,103372400,0.0,0.0,0.0
2015-12-09,206.19000244140625,208.67999267578125,204.17999267578125,205.33999633789062,172.0894012451172,162401500,0.0,0.0,0.0
2015-12-10,205.4199981689453,207.42999267578125,205.13999938964844,205.8699951171875,172.53353881835938,116128900,0.0,0.0,0.0
2015-12-11,203.35000610351562,204.13999938964844,201.50999450683594,201.8800048828125,169.1896514892578,211173300,0.0,0.0,0.0
2015-12-14,202.07000732421875,203.0500030517578,199.9499969482422,202.89999389648438,170.04444885253906,182385200,0.0,0.0,0.0
2015-12-15,204.6999969482422,206.11000061035156,202.8699951171875,205.02999877929688,171.82957458496094,154069600,0.0,0.0,0.0
2015-12-16,206.3699951171875,208.38999938964844,204.8000030517578,208.02999877929688,174.3437957763672,197017000,0.0,0.0,0.0
2015-12-17,208.39999389648438,208.47999572753906,204.83999633789062,204.86000061035156,171.68710327148438,173092500,0.0,0.0,0.0
2015-12-18,202.77000427246094,202.92999267578125,199.8300018310547,200.02000427246094,168.6284942626953,251393500,1.212,0.0,0.0
2015-12-21,201.41000366210938,201.8800048828125,200.08999633789062,201.6699981689453,170.01954650878906,99094300,0.0,0.0,0.0
2015-12-22,202.72000122070312,203.85000610351562,201.5500030517578,203.5,171.56228637695312,111026200,0.0,0.0,0.0
2015-12-23,204.69000244140625,206.07000732421875,204.5800018310547,206.02000427246094,173.6868896484375,110987200,0.0,0.0,0.0
2015-12-24,205.72000122070312,206.3300018310547,205.4199981689453,205.67999267578125,173.4001922607422,48539600,0.0,0.0,0.0
2015-12-28,204.86000061035156,205.25999450683594,203.94000244140625,205.2100067138672,173.00399780273438,65899900,0.0,0.0,0.0
2015-12-29,206.50999450683594,207.7899932861328,206.47000122070312,207.39999389648438,174.85028076171875,92640700,0.0,0.0,0.0
2015-12-30,207.11000061035156,207.2100067138672,205.75999450683594,205.92999267578125,173.6109619140625,63317700,0.0,0.0,0.0
2015-12-31,205.1300048828125,205.88999938964844,203.8699951171875,203.8699951171875,171.874267578125,114877900,0.0,0.0,0.0
2016-01-04,200.49000549316406,201.02999877929688,198.58999633789062,201.02000427246094,169.47157287597656,222353500,0.0,0.0,0.0
2016-01-05,201.39999389648438,201.89999389648438,200.0500030517578,201.36000061035156,169.7582244873047,110845800,0.0,0.0,0.0
2016-01-06,198.33999633789062,200.05999755859375,197.60000610351562,198.82000732421875,167.61683654785156,152112600,0.0,0.0,0.0
2016-01-07,195.3300018310547,197.44000244140625,193.58999633789062,194.0500030517578,163.595458984375,213436100,0.0,0.0,0.0
2016-01-08,195.19000244140625,195.85000610351562,191.5800018310547,191.9199981689453,161.7997283935547,209817200,0.0,0.0,0.0
2016-01-11,193.00999450683594,193.41000366210938,189.82000732421875,192.11000061035156,161.95989990234375,187941300,0.0,0.0,0.0
2016-01-12,193.82000732421875,194.5500030517578,191.13999938964844,193.66000366210938,163.2666473388672,172330500,0.0,0.0,0.0
2016-01-13,194.4499969482422,194.86000061035156,188.3800048828125,188.8300018310547,159.19467163085938,221168900,0.0,0.0,0.0
2016-01-14,189.5500030517578,193.25999450683594,187.66000366210938,191.92999267578125,161.80812072753906,240795600,0.0,0.0,0.0
2016-01-15,186.77000427246094,188.75999450683594,185.52000427246094,187.80999755859375,158.3347625732422,324846400,0.0,0.0,0.0
2016-01-19,189.9600067138672,190.11000061035156,186.1999969482422,188.05999755859375,158.54547119140625,195244400,0.0,0.0,0.0
2016-01-20,185.02999877929688,187.5,181.02000427246094,185.64999389648438,156.51370239257812,286547800,0.0,0.0,0.0
2016-01-21,186.2100067138672,188.8699951171875,184.63999938964844,186.69000244140625,157.3905029296875,195772900,0.0,0.0,0.0
2016-01-22,189.77999877929688,190.75999450683594,188.8800048828125,190.52000427246094,160.6194610595703,168319600,0.0,0.0,0.0
2016-01-25,189.9199981689453,190.14999389648438,187.41000366210938,187.63999938964844,158.19142150878906,130371700,0.0,0.0,0.0
2016-01-26,188.4199981689453,190.52999877929688,188.02000427246094,190.1999969482422,160.34963989257812,141036800,0.0,0.0,0.0
2016-01-27,189.5800018310547,191.55999755859375,187.05999755859375,188.1300048828125,158.60450744628906,185681700,0.0,0.0,0.0
2016-01-28,189.9600067138672,190.1999969482422,187.16000366210938,189.11000061035156,159.43077087402344,143798800,0.0,0.0,0.0
2016-01-29,190.02000427246094,193.8800048828125,189.8800048828125,193.72000122070312,163.31723022460938,210529300,0.0,0.0,0.0
2016-02-01,192.52999877929688,194.5800018310547,191.83999633789062,193.64999389648438,163.25819396972656,136061600,0.0,0.0,0.0
2016-02-02,191.9600067138672,191.97000122070312,189.5399932861328,190.16000366210938,160.31594848632812,182564900,0.0,0.0,0.0
2016-02-03,191.41000366210938,191.77999877929688,187.10000610351562,191.3000030517578,161.2770538330078,205054900,0.0,0.0,0.0
2016-02-04,190.7100067138672,192.75,189.9600067138672,191.60000610351562,161.52989196777344,139531800,0.0,0.0,0.0
2016-02-05,190.99000549316406,191.6699981689453,187.1999969482422,187.9499969482422,158.45277404785156,180788300,0.0,0.0,0.0
2016-02-08,185.77000427246094,186.1199951171875,182.8000030517578,185.4199981689453,156.31982421875,191526700,0.0,0.0,0.0
2016-02-09,183.36000061035156,186.94000244140625,183.1999969482422,185.42999267578125,156.3282928466797,184513100,0.0,0.0,0.0
2016-02-10,186.41000366210938,188.33999633789062,185.1199951171875,185.27000427246094,156.193359375,148214100,0.0,0.0,0.0
2016-02-11,182.33999633789062,184.10000610351562,181.08999633789062,182.86000061035156,154.16163635253906,219058900,0.0,0.0,0.0
2016-02-12,184.9600067138672,186.64999389648438,183.9600067138672,186.6300048828125,157.33995056152344,127632400,0.0,0.0,0.0
2016-02-16,188.77000427246094,189.80999755859375,187.6300048828125,189.77999877929688,159.99559020996094,120250700,0.0,0.0,0.0
2016-02-17,191.16000366210938,193.32000732421875,191.00999450683594,192.8800048828125,162.60910034179688,136009500,0.0,0.0,0.0
2016-02-18,193.1999969482422,193.27000427246094,191.72000122070312,192.08999633789062,161.94302368164062,102343000,0.0,0.0,0.0
2016-02-19,191.1699981689453,192.17999267578125,190.4499969482422,192.0,161.86721801757812,114793000,0.0,0.0,0.0
2016-02-22,193.8699951171875,194.9499969482422,193.7899932861328,194.77999877929688,164.21087646484375,103640300,0.0,0.0,0.0
2016-02-23,194.0,194.32000732421875,192.17999267578125,192.32000732421875,162.136962890625,111455300,0.0,0.0,0.0
2016-02-24,190.6300048828125,193.52999877929688,189.32000732421875,193.1999969482422,162.8788299560547,150812200,0.0,0.0,0.0
2016-02-25,193.72999572753906,195.5500030517578,192.8300018310547,195.5399932861328,164.8516082763672,110728300,0.0,0.0,0.0
2016-02-26,196.57000732421875,196.67999267578125,194.89999389648438,195.08999633789062,164.47219848632812,129833700,0.0,0.0,0.0
2016-02-29,195.11000061035156,196.22999572753906,193.3300018310547,193.55999755859375,163.18231201171875,125918100,0.0,0.0,0.0
2016-03-01,195.00999450683594,198.2100067138672,194.4499969482422,198.11000061035156,167.01824951171875,141799700,0.0,0.0,0.0
2016-03-02,197.74000549316406,199.05999755859375,197.25,199.0,167.76858520507812,102415000,0.0,0.0,0.0
2016-03-03,198.7899932861328,199.8000030517578,198.11000061035156,199.77999877929688,168.4261474609375,95172200,0.0,0.0,0.0
2016-03-04,200.00999450683594,201.35000610351562,199.02999877929688,200.42999267578125,168.97418212890625,129293600,0.0,0.0,0.0
2016-03-07,199.33999633789062,201.07000732421875,199.25,200.58999633789062,169.1090545654297,100219000,0.0,0.0,0.0
2016-03-08,199.32000732421875,199.9199981689453,198.2100067138672,198.39999389648438,167.26275634765625,123974900,0.0,0.0,0.0
2016-03-09,199.36000061035156,199.7899932861328,198.42999267578125,199.3800048828125,168.0889434814453,94801200,0.0,0.0,0.0
2016-03-10,199.9600067138672,201.07000732421875,197.3800048828125,199.5399932861328,168.22378540039062,156838700,0.0,0.0,0.0
2016-03-11,201.25999450683594,202.80999755859375,199.52000427246094,202.75999450683594,170.93849182128906,137964500,0.0,0.0,0.0
2016-03-14,202.16000366210938,203.0399932861328,201.77000427246094,202.5,170.7192840576172,73612000,0.0,0.0,0.0
2016-03-15,201.36000061035156,202.52999877929688,201.0500030517578,202.1699981689453,170.4410858154297,93169100,0.0,0.0,0.0
2016-03-16,201.60000610351562,203.82000732421875,201.5500030517578,203.33999633789062,171.4274139404297,129303200,0.0,0.0,0.0
2016-03-17,203.24000549316406,205.22999572753906,202.77000427246094,204.6300048828125,172.5149688720703,134278500,0.0,0.0,0.0
2016-03-18,204.1699981689453,204.77999877929688,203.8000030517578,204.3800048828125,173.19288635253906,138372400,1.05,0.0,0.0
2016-03-21,204.07000732421875,204.94000244140625,203.8000030517578,204.6699981689453,173.43865966796875,72926700,0.0,0.0,0.0
2016-03-22,203.75999450683594,205.22999572753906,203.57000732421875,204.55999755859375,173.34544372558594,97471900,0.0,0.0,0.0
2016-03-23,204.11000061035156,204.3300018310547,203.00999450683594,203.2100067138672,172.2014923095703,81052500,0.0,0.0,0.0
2016-03-24,202.0,203.16000366210938,201.74000549316406,203.1199951171875,172.1251983642578,84360900,0.0,0.0,0.0
2016-03-28,203.61000061035156,203.86000061035156,202.7100067138672,203.24000549316406,172.2268524169922,62408200,0.0,0.0,0.0
2016-03-29,202.75999450683594,205.25,202.39999389648438,205.1199951171875,173.81996154785156,92922900,0.0,0.0,0.0
2016-03-30,206.3000030517578,206.8699951171875,205.58999633789062,206.02000427246094,174.58270263671875,86365300,0.0,0.0,0.0
2016-03-31,205.91000366210938,206.41000366210938,205.3300018310547,205.52000427246094,174.15892028808594,94584100,0.0,0.0,0.0
2016-04-01,204.35000610351562,207.13999938964844,203.97999572753906,206.9199981689453,175.34530639648438,114423500,0.0,0.0,0.0
2016-04-04,206.8300018310547,207.07000732421875,205.88999938964844,206.25,174.777587890625,63497000,0.0,0.0,0.0
2016-04-05,204.6699981689453,206.25999450683594,203.88999938964844,204.19000244140625,173.0319061279297,99662200,0.0,0.0,0.0
2016-04-06,204.19000244140625,206.49000549316406,203.97999572753906,206.4199981689453,174.92164611816406,91839800,0.0,0.0,0.0
2016-04-07,205.13999938964844,205.55999755859375,203.08999633789062,203.9499969482422,172.82850646972656,113859000,0.0,0.0,0.0
2016-04-08,205.33999633789062,205.85000610351562,203.8699951171875,204.5,173.2946319580078,95040600,0.0,0.0,0.0
2016-04-11,205.25,206.07000732421875,203.91000366210938,204.02000427246094,172.8878936767578,83757500,0.0,0.0,0.0
2016-04-12,204.22000122070312,206.25,203.6999969482422,205.9199981689453,174.49794006347656,115350600,0.0,0.0,0.0
2016-04-13,207.0,208.10000610351562,206.83999633789062,208.0,176.26051330566406,96336400,0.0,0.0,0.0
2016-04-14,208.07000732421875,208.60000610351562,207.60000610351562,208.00999450683594,176.26901245117188,65212900,0.0,0.0,0.0
2016-04-15,208.00999450683594,208.1699981689453,207.39999389648438,207.77999877929688,176.07408142089844,75761600,0.0,0.0,0.0
2016-04-18,207.77999877929688,209.27999877929688,207.0,209.24000549316406,177.31129455566406,82531000,0.0,0.0,0.0
2016-04-19,209.74000549316406,210.1999969482422,208.94000244140625,209.89999389648438,177.8705596923828,88316100,0.0,0.0,0.0
2016-04-20,209.9499969482422,210.9199981689453,209.38999938964844,210.10000610351562,178.04000854492188,81100300,0.0,0.0,0.0
2016-04-21,210.1199951171875,210.25,208.64999389648438,208.97000122070312,177.0824737548828,85695000,0.0,0.0,0.0
2016-04-22,208.5500030517578,209.2899932861328,207.91000366210938,208.97000122070312,177.0824737548828,99251700,0.0,0.0,0.0
2016-04-25,208.25999450683594,208.66000366210938,207.5399932861328,208.61000061035156,176.7775115966797,66166500,0.0,0.0,0.0
2016-04-26,209.0399932861328,209.52000427246094,208.36000061035156,208.9199981689453,177.04017639160156,75864200,0.0,0.0,0.0
2016-04-27,208.47000122070312,209.80999755859375,208.0500030517578,209.35000610351562,177.40455627441406,77329400,0.0,0.0,0.0
2016-04-28,208.4600067138672,209.75999450683594,206.9600067138672,207.4499969482422,175.79446411132812,97216200,0.0,0.0,0.0
2016-04-29,206.72000122070312,207.1300048828125,205.02999877929688,206.3300018310547,174.84535217285156,142424100,0.0,0.0,0.0
2016-05-02,206.9199981689453,208.17999267578125,206.41000366210938,207.97000122070312,176.2350616455078,62188000,0.0,0.0,0.0
2016-05-03,206.52000427246094,206.8000030517578,205.27999877929688,206.16000366210938,174.70127868652344,106422100,0.0,0.0,0.0
2016-05-04,204.99000549316406,205.85000610351562,204.4199981689453,205.00999450683594,173.726806640625,92243800,0.0,0.0,0.0
2016-05-05,205.55999755859375,205.97999572753906,204.47000122070312,204.97000122070312,173.69288635253906,67619200,0.0,0.0,0.0
2016-05-06,204.05999755859375,205.77000427246094,203.8800048828125,205.72000122070312,174.3284454345703,89315000,0.0,0.0,0.0
2016-05-09,205.57000732421875,206.39999389648438,205.36000061035156,205.88999938964844,174.47250366210938,74374900,0.0,0.0,0.0
2016-05-10,206.72000122070312,208.47000122070312,206.63999938964844,208.4499969482422,176.64187622070312,77472200,0.0,0.0,0.0
2016-05-11,207.91000366210938,208.5399932861328,206.5,206.5,174.9893798828125,81727000,0.0,0.0,0.0
2016-05-12,207.2899932861328,207.49000549316406,205.3699951171875,206.55999755859375,175.04025268554688,89586300,0.0,0.0,0.0
2016-05-13,206.2100067138672,206.86000061035156,204.3800048828125,204.75999450683594,173.51487731933594,96474600,0.0,0.0,0.0
2016-05-16,204.9600067138672,207.33999633789062,204.88999938964844,206.77999877929688,175.22665405273438,77486800,0.0,0.0,0.0
2016-05-17,206.4600067138672,206.8000030517578,204.22999572753906,204.85000610351562,173.5911865234375,114924900,0.0,0.0,0.0
2016-05-18,204.44000244140625,206.3000030517578,203.6300048828125,204.91000366210938,173.6420135498047,120062100,0.0,0.0,0.0
2016-05-19,204.05999755859375,204.5399932861328,202.77999877929688,204.1999969482422,173.04037475585938,115430500,0.0,0.0,0.0
2016-05-20,204.9199981689453,206.10000610351562,204.86000061035156,205.49000549316406,174.1334991455078,104990400,0.0,0.0,0.0
2016-05-23,205.50999450683594,205.83999633789062,204.99000549316406,205.2100067138672,173.89630126953125,58682600,0.0,0.0,0.0
2016-05-24,206.1699981689453,208.24000549316406,206.13999938964844,207.8699951171875,176.15037536621094,93537800,0.0,0.0,0.0
2016-05-25,208.6699981689453,209.77000427246094,207.8699951171875,209.27999877929688,177.34521484375,76621400,0.0,0.0,0.0
2016-05-26,209.44000244140625,209.7100067138672,208.97000122070312,209.33999633789062,177.39599609375,55280700,0.0,0.0,0.0
2016-05-27,209.52999877929688,210.25,209.47000122070312,210.24000549316406,178.15870666503906,64211200,0.0,0.0,0.0
2016-05-31,210.55999755859375,210.69000244140625,209.17999267578125,209.83999633789062,177.81976318359375,109879400,0.0,0.0,0.0
2016-06-01,209.1199951171875,210.47999572753906,208.88999938964844,210.27000427246094,178.1841278076172,69936200,0.0,0.0,0.0
2016-06-02,209.8000030517578,210.92999267578125,209.24000549316406,210.91000366210938,178.72650146484375,63044700,0.0,0.0,0.0
2016-06-03,210.25,210.69000244140625,208.86000061035156,210.27999877929688,178.19259643554688,101757100,0.0,0.0,0.0
2016-06-06,210.6999969482422,211.77000427246094,210.50999450683594,211.35000610351562,179.09934997558594,64887000,0.0,0.0,0.0
2016-06-07,211.52999877929688,212.33999633789062,211.5,211.67999267578125,179.37890625,60974800,0.0,0.0,0.0
2016-06-08,211.83999633789062,212.52000427246094,211.69000244140625,212.3699951171875,179.96368408203125,66170900,0.0,0.0,0.0
2016-06-09,211.50999450683594,212.22000122070312,211.19000244140625,212.0800018310547,179.71792602539062,73786900,0.0,0.0,0.0
2016-06-10,210.4600067138672,210.86000061035156,209.42999267578125,210.07000732421875,178.01463317871094,113829200,0.0,0.0,0.0
2016-06-13,209.36000061035156,210.3699951171875,208.35000610351562,208.4499969482422,176.64187622070312,117751200,0.0,0.0,0.0
2016-06-14,208.0,208.74000549316406,206.9199981689453,208.0399932861328,176.29444885253906,125059300,0.0,0.0,0.0
2016-06-15,208.0399932861328,209.36000061035156,207.52999877929688,207.75,176.04872131347656,109124500,0.0,0.0,0.0
2016-06-16,207.75,208.57000732421875,205.58999633789062,208.3699951171875,176.5740966796875,149533100,0.0,0.0,0.0
2016-06-17,207.1699981689453,207.1999969482422,205.75,206.52000427246094,175.9164581298828,117055700,1.078,0.0,0.0
2016-06-20,208.82000732421875,209.61000061035156,207.75,207.85000610351562,177.04937744140625,82789600,0.0,0.0,0.0
2016-06-21,208.3000030517578,208.9199981689453,207.77999877929688,208.44000244140625,177.5519561767578,72461700,0.0,0.0,0.0
2016-06-22,208.64999389648438,209.5,207.92999267578125,208.10000610351562,177.26235961914062,95560500,0.0,0.0,0.0
2016-06-23,209.80999755859375,210.8699951171875,209.27000427246094,210.80999755859375,179.5707244873047,102731400,0.0,0.0,0.0
2016-06-24,203.6300048828125,210.85000610351562,202.72000122070312,203.24000549316406,173.12249755859375,333444400,0.0,0.0,0.0
2016-06-27,201.58999633789062,201.60000610351562,198.64999389648438,199.60000610351562,170.02195739746094,230775800,0.0,0.0,0.0
2016-06-28,201.47999572753906,203.22999572753906,201.1199951171875,203.1999969482422,173.08847045898438,159382400,0.0,0.0,0.0
2016-06-29,204.83999633789062,206.92999267578125,204.72000122070312,206.66000366210938,176.03570556640625,137328600,0.0,0.0,0.0
2016-06-30,207.2100067138672,209.5399932861328,206.55999755859375,209.47999572753906,178.43783569335938,165021900,0.0,0.0,0.0
2016-07-01,209.47999572753906,210.49000549316406,209.2899932861328,209.9199981689453,178.8126220703125,106055300,0.0,0.0,0.0
2016-07-05,208.9499969482422,209.0800018310547,207.7100067138672,208.41000366210938,177.52639770507812,109803700,0.0,0.0,0.0
2016-07-06,207.8300018310547,209.8000030517578,207.05999755859375,209.66000366210938,178.59112548828125,96021500,0.0,0.0,0.0
2016-07-07,209.8699951171875,210.64999389648438,208.6300048828125,209.52999877929688,178.48045349121094,85593800,0.0,0.0,0.0
2016-07-08,211.0500030517578,212.94000244140625,210.77999877929688,212.64999389648438,181.13812255859375,133971000,0.0,0.0,0.0
2016-07-11,213.19000244140625,214.07000732421875,212.9499969482422,213.39999389648438,181.7769317626953,73633900,0.0,0.0,0.0
2016-07-12,214.52999877929688,215.3000030517578,213.42999267578125,214.9499969482422,183.09725952148438,101275600,0.0,0.0,0.0
2016-07-13,215.44000244140625,215.4499969482422,214.35000610351562,214.9199981689453,183.07164001464844,87324100,0.0,0.0,0.0
2016-07-14,216.39999389648438,216.6699981689453,215.66000366210938,216.1199951171875,184.09388732910156,91230900,0.0,0.0,0.0
2016-07-15,216.77999877929688,217.00999450683594,215.30999755859375,215.8300018310547,183.84683227539062,107155400,0.0,0.0,0.0
2016-07-18,215.97000122070312,216.60000610351562,215.6699981689453,216.41000366210938,184.3408966064453,58725900,0.0,0.0,0.0
2016-07-19,215.9199981689453,216.22999572753906,215.6300048828125,216.19000244140625,184.15347290039062,54345700,0.0,0.0,0.0
2016-07-20,216.19000244140625,217.3699951171875,216.19000244140625,217.08999633789062,184.92013549804688,58159500,0.0,0.0,0.0
2016-07-21,216.9600067138672,217.22000122070312,215.75,216.27000427246094,184.2216339111328,67777300,0.0,0.0,0.0
2016-07-22,216.41000366210938,217.3000030517578,216.10000610351562,217.24000549316406,185.0479278564453,62787500,0.0,0.0,0.0
2016-07-25,217.0,217.05999755859375,215.97000122070312,216.64999389648438,184.5453643798828,55873100,0.0,0.0,0.0
2016-07-26,216.52999877929688,217.1699981689453,215.75999450683594,216.75,184.63055419921875,70080500,0.0,0.0,0.0
2016-07-27,217.19000244140625,217.27000427246094,215.6199951171875,216.52000427246094,184.4346466064453,84083900,0.0,0.0,0.0
2016-07-28,216.2899932861328,217.11000061035156,215.75,216.77000427246094,184.64755249023438,65035700,0.0,0.0,0.0
2016-07-29,216.4600067138672,217.5399932861328,216.1300048828125,217.1199951171875,184.94569396972656,79519400,0.0,0.0,0.0
2016-08-01,217.19000244140625,217.64999389648438,216.41000366210938,216.94000244140625,184.79238891601562,73311400,0.0,0.0,0.0
2016-08-02,216.64999389648438,216.8300018310547,214.57000732421875,215.5500030517578,183.60838317871094,92295500,0.0,0.0,0.0
2016-08-03,215.47999572753906,216.25,215.1300048828125,216.17999267578125,184.1449737548828,53993600,0.0,0.0,0.0
2016-08-04,216.30999755859375,216.77999877929688,214.25,216.41000366210938,184.3408966064453,46585500,0.0,0.0,0.0
2016-08-05,216.41000366210938,218.22999572753906,216.41000366210938,218.17999267578125,185.8485870361328,71892200,0.0,0.0,0.0
2016-08-08,218.39999389648438,218.52000427246094,217.74000549316406,218.0500030517578,185.7378692626953,39906500,0.0,0.0,0.0
2016-08-09,218.1300048828125,218.75999450683594,217.8000030517578,218.17999267578125,185.8485870361328,51251700,0.0,0.0,0.0
2016-08-10,218.30999755859375,218.39999389648438,217.22999572753906,217.63999938964844,185.38864135742188,57941100,0.0,0.0,0.0
2016-08-11,218.25999450683594,218.94000244140625,217.9499969482422,218.64999389648438,186.24900817871094,72504300,0.0,0.0,0.0
2016-08-12,218.2899932861328,218.7100067138672,217.99000549316406,218.4600067138672,186.087158203125,61313500,0.0,0.0,0.0
2016-08-15,218.88999938964844,219.5,218.8800048828125,219.08999633789062,186.62379455566406,49813500,0.0,0.0,0.0
2016-08-16,218.60000610351562,218.67999267578125,217.9600067138672,217.9600067138672,185.66123962402344,53213600,0.0,0.0,0.0
2016-08-17,218.0,218.52999877929688,217.02000427246094,218.3699951171875,186.01043701171875,75134300,0.0,0.0,0.0
2016-08-18,218.33999633789062,218.89999389648438,218.2100067138672,218.86000061035156,186.42787170410156,52989300,0.0,0.0,0.0
2016-08-19,218.30999755859375,218.75,217.74000549316406,218.5399932861328,186.15525817871094,75443000,0.0,0.0,0.0
2016-08-22,218.25999450683594,218.8000030517578,217.8300018310547,218.52999877929688,186.14674377441406,61368800,0.0,0.0,0.0
2016-08-23,219.25,219.60000610351562,218.89999389648438,218.97000122070312,186.5215606689453,53399200,0.0,0.0,0.0
2016-08-24,218.8000030517578,218.91000366210938,217.36000061035156,217.85000610351562,185.5675506591797,71728900,0.0,0.0,0.0
2016-08-25,217.39999389648438,218.19000244140625,217.22000122070312,217.6999969482422,185.43972778320312,69224800,0.0,0.0,0.0
2016-08-26,217.9199981689453,219.1199951171875,216.25,217.2899932861328,185.09051513671875,122506300,0.0,0.0,0.0
2016-08-29,217.44000244140625,218.6699981689453,217.39999389648438,218.36000061035156,186.00192260742188,70502200,0.0,0.0,0.0
2016-08-30,218.25999450683594,218.58999633789062,217.35000610351562,218.0,185.69529724121094,58114500,0.0,0.0,0.0
2016-08-31,217.61000061035156,217.75,216.47000122070312,217.3800048828125,185.1671142578125,85269500,0.0,0.0,0.0
2016-09-01,217.3699951171875,217.72999572753906,216.02999877929688,217.38999938964844,185.17567443847656,97844200,0.0,0.0,0.0
2016-09-02,218.38999938964844,218.8699951171875,217.6999969482422,218.3699951171875,186.01043701171875,79293900,0.0,0.0,0.0
2016-09-06,218.6999969482422,219.1199951171875,217.86000061035156,219.02999877929688,186.5726318359375,56702100,0.0,0.0,0.0
2016-09-07,218.83999633789062,219.22000122070312,218.3000030517578,219.00999450683594,186.55560302734375,76554900,0.0,0.0,0.0
2016-09-08,218.6199951171875,218.94000244140625,218.14999389648438,218.50999450683594,186.1297149658203,74102900,0.0,0.0,0.0
2016-09-09,216.97000122070312,217.02999877929688,213.25,213.27999877929688,181.67474365234375,221589100,0.0,0.0,0.0
2016-09-12,212.38999938964844,216.80999755859375,212.30999755859375,216.33999633789062,184.28126525878906,168110900,0.0,0.0,0.0
2016-09-13,214.83999633789062,215.14999389648438,212.5,213.22999572753906,181.63214111328125,182828800,0.0,0.0,0.0
2016-09-14,213.2899932861328,214.6999969482422,212.5,213.14999389648438,181.56398010253906,134185500,0.0,0.0,0.0
2016-09-15,212.9600067138672,215.72999572753906,212.75,215.27999877929688,183.3783416748047,134427900,0.0,0.0,0.0
2016-09-16,213.47999572753906,213.69000244140625,212.57000732421875,213.3699951171875,182.66944885253906,155236400,1.082,0.0,0.0
2016-09-19,214.1300048828125,214.8800048828125,213.02999877929688,213.41000366210938,182.70375061035156,80250500,0.0,0.0,0.0
2016-09-20,214.41000366210938,214.58999633789062,213.3800048828125,213.4199981689453,182.71226501464844,69665300,0.0,0.0,0.0
2016-09-21,214.24000549316406,216.02999877929688,213.44000244140625,215.82000732421875,184.7670135498047,110284400,0.0,0.0,0.0
2016-09-22,217.0,217.52999877929688,216.7100067138672,217.17999267578125,185.9312744140625,76678700,0.0,0.0,0.0
2016-09-23,216.72000122070312,216.8800048828125,215.8800048828125,215.99000549316406,184.9125518798828,73630900,0.0,0.0,0.0
2016-09-26,215.02000427246094,215.22999572753906,214.00999450683594,214.24000549316406,183.41429138183594,89827300,0.0,0.0,0.0
2016-09-27,214.0500030517578,215.67999267578125,213.6199951171875,215.57000732421875,184.5529327392578,78494800,0.0,0.0,0.0
2016-09-28,215.8300018310547,216.82000732421875,214.7100067138672,216.63999938964844,185.4689483642578,87411000,0.0,0.0,0.0
2016-09-29,216.39999389648438,216.8699951171875,214.0399932861328,214.67999267578125,183.7909698486328,128070600,0.0,0.0,0.0
2016-09-30,215.64999389648438,217.1199951171875,215.36000061035156,216.3000030517578,185.1779327392578,117202900,0.0,0.0,0.0
2016-10-03,215.82000732421875,216.0399932861328,215.0399932861328,215.77999877929688,184.73269653320312,83512100,0.0,0.0,0.0
2016-10-04,215.91000366210938,216.1699981689453,213.99000549316406,214.67999267578125,183.7909698486328,119948100,0.0,0.0,0.0
2016-10-05,215.41000366210938,216.1300048828125,215.3300018310547,215.6300048828125,184.6042938232422,72816000,0.0,0.0,0.0
2016-10-06,215.3699951171875,216.0399932861328,214.74000549316406,215.77999877929688,184.73269653320312,62927400,0.0,0.0,0.0
2016-10-07,216.10000610351562,216.3000030517578,214.19000244140625,215.0399932861328,184.09918212890625,89788300,0.0,0.0,0.0
2016-10-10,216.16000366210938,216.6999969482422,215.99000549316406,216.16000366210938,185.0580291748047,51855000,0.0,0.0,0.0
2016-10-11,215.66000366210938,215.74000549316406,212.5800018310547,213.42999267578125,182.72084045410156,130367400,0.0,0.0,0.0
2016-10-12,213.58999633789062,214.32000732421875,213.00999450683594,213.7100067138672,182.9605712890625,73866100,0.0,0.0,0.0
2016-10-13,212.16000366210938,213.58999633789062,211.2100067138672,213.00999450683594,182.36129760742188,101357000,0.0,0.0,0.0
2016-10-14,214.14999389648438,214.69000244140625,213.02999877929688,213.1199951171875,182.4554443359375,93346200,0.0,0.0,0.0
2016-10-17,213.08999633789062,213.38999938964844,212.1699981689453,212.3800048828125,181.82192993164062,58275700,0.0,0.0,0.0
2016-10-18,214.24000549316406,214.30999755859375,213.27000427246094,213.7100067138672,182.9605712890625,76869700,0.0,0.0,0.0
2016-10-19,214.02000427246094,214.63999938964844,213.60000610351562,214.27999877929688,183.44857788085938,66519200,0.0,0.0,0.0
2016-10-20,213.8699951171875,214.52999877929688,213.11000061035156,213.8800048828125,183.10604858398438,73639800,0.0,0.0,0.0
2016-10-21,213.8800048828125,214.0800018310547,212.75999450683594,213.97999572753906,183.191650390625,89089100,0.0,0.0,0.0
2016-10-24,215.0,215.32000732421875,214.47999572753906,214.88999938964844,183.97080993652344,60146600,0.0,0.0,0.0
2016-10-25,214.67999267578125,214.97999572753906,213.97999572753906,214.1699981689453,183.35440063476562,66542300,0.0,0.0,0.0
2016-10-26,213.2100067138672,214.4199981689453,212.92999267578125,213.74000549316406,182.98626708984375,75705500,0.0,0.0,0.0
2016-10-27,214.5800018310547,214.6199951171875,213.0800018310547,213.1699981689453,182.49827575683594,77220200,0.0,0.0,0.0
2016-10-28,213.13999938964844,213.92999267578125,211.7100067138672,212.5399932861328,181.95889282226562,140623200,0.0,0.0,0.0
2016-10-31,212.92999267578125,213.19000244140625,212.36000061035156,212.5500030517578,181.96746826171875,61272500,0.0,0.0,0.0
2016-11-01,212.92999267578125,212.99000549316406,209.60000610351562,211.00999450683594,180.64901733398438,122781800,0.0,0.0,0.0
2016-11-02,210.64999389648438,211.10000610351562,209.22999572753906,209.74000549316406,179.561767578125,103330800,0.0,0.0,0.0
2016-11-03,209.99000549316406,210.24000549316406,208.4600067138672,208.77999877929688,178.73989868164062,88939300,0.0,0.0,0.0
2016-11-04,208.91000366210938,209.88999938964844,208.3800048828125,208.5500030517578,178.54302978515625,109122100,0.0,0.0,0.0
2016-11-07,208.5500030517578,213.19000244140625,208.5500030517578,213.14999389648438,182.4811248779297,109794900,0.0,0.0,0.0
2016-11-08,212.69000244140625,214.77000427246094,212.3800048828125,214.11000061035156,183.30303955078125,106772100,0.0,0.0,0.0
2016-11-09,212.3699951171875,217.10000610351562,212.33999633789062,216.3800048828125,185.24635314941406,258429000,0.0,0.0,0.0
2016-11-10,217.3000030517578,218.30999755859375,215.22000122070312,216.9199981689453,185.70872497558594,172113300,0.0,0.0,0.0
2016-11-11,216.0800018310547,216.6999969482422,215.32000732421875,216.4199981689453,185.28065490722656,100552700,0.0,0.0,0.0
2016-11-14,217.02999877929688,217.27000427246094,215.72000122070312,216.58999633789062,185.4261474609375,94580000,0.0,0.0,0.0
2016-11-15,217.0399932861328,218.27999877929688,216.8000030517578,218.27999877929688,186.87301635742188,91652600,0.0,0.0,0.0
2016-11-16,217.55999755859375,218.13999938964844,217.4199981689453,217.8699951171875,186.52200317382812,65617700,0.0,0.0,0.0
2016-11-17,218.0500030517578,219.05999755859375,217.9199981689453,218.99000549316406,187.48081970214844,69797200,0.0,0.0,0.0
2016-11-18,219.07000732421875,219.27000427246094,218.2899932861328,218.5,187.06138610839844,86265800,0.0,0.0,0.0
2016-11-21,219.1699981689453,220.17999267578125,219.0,220.14999389648438,188.47396850585938,72402600,0.0,0.0,0.0
2016-11-22,220.50999450683594,220.7899932861328,219.72999572753906,220.5800018310547,188.8420867919922,67429000,0.0,0.0,0.0
2016-11-23,219.97999572753906,220.75999450683594,219.75,220.6999969482422,188.9447784423828,56620200,0.0,0.0,0.0
2016-11-25,221.10000610351562,221.55999755859375,221.00999450683594,221.52000427246094,189.64682006835938,37872300,0.0,0.0,0.0
2016-11-28,221.16000366210938,221.47999572753906,220.36000061035156,220.47999572753906,188.75648498535156,76572500,0.0,0.0,0.0
2016-11-29,220.52000427246094,221.44000244140625,220.1699981689453,220.91000366210938,189.12460327148438,69886700,0.0,0.0,0.0
2016-11-30,221.6300048828125,221.82000732421875,220.30999755859375,220.3800048828125,188.67088317871094,113291800,0.0,0.0,0.0
2016-12-01,220.72999572753906,220.72999572753906,219.14999389648438,219.57000732421875,187.97738647460938,79040500,0.0,0.0,0.0
2016-12-02,219.6699981689453,220.25,219.25999450683594,219.67999267578125,188.0715789794922,74840300,0.0,0.0,0.0
2016-12-05,220.64999389648438,221.39999389648438,220.4199981689453,221.0,189.20162963867188,67837800,0.0,0.0,0.0
2016-12-06,221.22000122070312,221.74000549316406,220.66000366210938,221.6999969482422,189.8009033203125,59877400,0.0,0.0,0.0
2016-12-07,221.52000427246094,224.6699981689453,221.3800048828125,224.60000610351562,192.28366088867188,110738100,0.0,0.0,0.0
2016-12-08,224.57000732421875,225.6999969482422,224.25999450683594,225.14999389648438,192.75453186035156,99714400,0.0,0.0,0.0
2016-12-09,225.41000366210938,226.52999877929688,225.3699951171875,226.50999450683594,193.91885375976562,88005800,0.0,0.0,0.0
2016-12-12,226.39999389648438,226.9600067138672,225.75999450683594,226.25,193.6962127685547,102016100,0.0,0.0,0.0
2016-12-13,227.02000427246094,228.33999633789062,227.0,227.75999450683594,194.98895263671875,110477500,0.0,0.0,0.0
2016-12-14,227.41000366210938,228.22999572753906,225.3699951171875,225.8800048828125,193.37948608398438,142501800,0.0,0.0,0.0
2016-12-15,226.16000366210938,227.80999755859375,225.88999938964844,226.80999755859375,194.1757049560547,124972600,0.0,0.0,0.0
2016-12-16,226.00999450683594,226.0800018310547,224.6699981689453,225.0399932861328,193.79592895507812,156420200,1.329,0.0,0.0
2016-12-19,225.25,226.02000427246094,225.0800018310547,225.52999877929688,194.2178955078125,90341100,0.0,0.0,0.0
2016-12-20,226.14999389648438,226.57000732421875,225.8800048828125,226.39999389648438,194.96710205078125,89838800,0.0,0.0,0.0
2016-12-21,226.25,226.4499969482422,225.77000427246094,225.77000427246094,194.42454528808594,67909000,0.0,0.0,0.0
2016-12-22,225.60000610351562,225.74000549316406,224.9199981689453,225.3800048828125,194.08868408203125,56219100,0.0,0.0,0.0
2016-12-23,225.42999267578125,225.72000122070312,225.2100067138672,225.7100067138672,194.37289428710938,36697800,0.0,0.0,0.0
2016-12-27,226.02000427246094,226.72999572753906,226.0,226.27000427246094,194.85513305664062,42672500,0.0,0.0,0.0
2016-12-28,226.57000732421875,226.58999633789062,224.27000427246094,224.39999389648438,193.2447052001953,64095000,0.0,0.0,0.0
2016-12-29,224.47999572753906,224.88999938964844,223.83999633789062,224.35000610351562,193.20167541503906,48696100,0.0,0.0,0.0
2016-12-30,224.72999572753906,224.8300018310547,222.72999572753906,223.52999877929688,192.4955596923828,108998300,0.0,0.0,0.0
2017-01-03,225.0399932861328,225.8300018310547,223.8800048828125,225.24000549316406,193.9681854248047,91366500,0.0,0.0,0.0
2017-01-04,225.6199951171875,226.75,225.61000061035156,226.5800018310547,195.12210083007812,78744400,0.0,0.0,0.0
2017-01-05,226.27000427246094,226.5800018310547,225.47999572753906,226.39999389648438,194.96710205078125,78379000,0.0,0.0,0.0
2017-01-06,226.52999877929688,227.75,225.89999389648438,227.2100067138672,195.66461181640625,71559900,0.0,0.0,0.0
2017-01-09,226.91000366210938,227.07000732421875,226.4199981689453,226.4600067138672,195.01876831054688,46939700,0.0,0.0,0.0
2017-01-10,226.47999572753906,227.4499969482422,226.00999450683594,226.4600067138672,195.01876831054688,63771900,0.0,0.0,0.0
2017-01-11,226.36000061035156,227.10000610351562,225.58999633789062,227.10000610351562,195.5699005126953,74650000,0.0,0.0,0.0
2017-01-12,226.5,226.75,224.9600067138672,226.52999877929688,195.07904052734375,72113200,0.0,0.0,0.0
2017-01-13,226.72999572753906,227.39999389648438,226.69000244140625,227.0500030517578,195.52684020996094,62717900,0.0,0.0,0.0
2017-01-17,226.30999755859375,226.77999877929688,225.8000030517578,226.25,194.8379669189453,61240800,0.0,0.0,0.0
2017-01-18,226.5399932861328,226.8000030517578,225.89999389648438,226.75,195.26849365234375,54793300,0.0,0.0,0.0
2017-01-19,226.83999633789062,227.0,225.41000366210938,225.91000366210938,194.5450897216797,66608800,0.0,0.0,0.0
2017-01-20,226.6999969482422,227.30999755859375,225.97000122070312,226.74000549316406,195.25982666015625,129168600,0.0,0.0,0.0
2017-01-23,226.74000549316406,226.80999755859375,225.27000427246094,226.14999389648438,194.75180053710938,75061600,0.0,0.0,0.0
2017-01-24,226.39999389648438,228.0800018310547,226.27000427246094,227.60000610351562,196.00045776367188,95555300,0.0,0.0,0.0
2017-01-25,228.6999969482422,229.57000732421875,228.50999450683594,229.57000732421875,197.69696044921875,84437700,0.0,0.0,0.0
2017-01-26,229.39999389648438,229.7100067138672,229.00999450683594,229.3300018310547,197.49024963378906,59970700,0.0,0.0,0.0
2017-01-27,229.4199981689453,229.58999633789062,228.75999450683594,228.97000122070312,197.18028259277344,59711100,0.0,0.0,0.0
2017-01-30,228.1699981689453,228.1999969482422,226.41000366210938,227.5500030517578,195.9574432373047,79737300,0.0,0.0,0.0
2017-01-31,226.97999572753906,227.60000610351562,226.32000732421875,227.52999877929688,195.9402313232422,75880800,0.0,0.0,0.0
2017-02-01,227.52999877929688,228.58999633789062,226.94000244140625,227.6199951171875,196.01768493652344,79117700,0.0,0.0,0.0
2017-02-02,227.6199951171875,228.10000610351562,226.82000732421875,227.77000427246094,196.1468963623047,69657600,0.0,0.0,0.0
2017-02-03,228.82000732421875,229.5500030517578,228.4600067138672,229.33999633789062,197.49891662597656,80563200,0.0,0.0,0.0
2017-02-06,228.8699951171875,229.3300018310547,228.5399932861328,228.92999267578125,197.1457977294922,57790100,0.0,0.0,0.0
2017-02-07,229.3800048828125,229.66000366210938,228.72000122070312,228.94000244140625,197.15443420410156,57931200,0.0,0.0,0.0
2017-02-08,228.94000244140625,229.38999938964844,228.30999755859375,229.24000549316406,197.4127960205078,51566200,0.0,0.0,0.0
2017-02-09,229.24000549316406,230.9499969482422,229.24000549316406,230.60000610351562,198.58399963378906,65955200,0.0,0.0,0.0
2017-02-10,231.0,231.77000427246094,230.6199951171875,231.50999450683594,199.3676300048828,66015900,0.0,0.0,0.0
2017-02-13,232.0800018310547,233.07000732421875,232.0500030517578,232.77000427246094,200.45269775390625,55182100,0.0,0.0,0.0
2017-02-14,232.55999755859375,233.7100067138672,232.16000366210938,233.6999969482422,201.2535858154297,71109000,0.0,0.0,0.0
2017-02-15,233.4499969482422,235.13999938964844,233.38999938964844,234.9199981689453,202.30416870117188,86785800,0.0,0.0,0.0
2017-02-16,234.9499969482422,235.16000366210938,233.85000610351562,234.72000122070312,202.13194274902344,84722400,0.0,0.0,0.0
2017-02-17,233.9499969482422,235.08999633789062,233.92999267578125,235.08999633789062,202.45062255859375,77204100,0.0,0.0,0.0
2017-02-21,235.52000427246094,236.69000244140625,235.50999450683594,236.49000549316406,203.65626525878906,88946100,0.0,0.0,0.0
2017-02-22,236.02000427246094,236.5399932861328,235.8300018310547,236.27999877929688,203.4754180908203,62115200,0.0,0.0,0.0
2017-02-23,236.8800048828125,236.89999389648438,235.55999755859375,236.44000244140625,203.61312866210938,74615900,0.0,0.0,0.0
2017-02-24,235.4600067138672,236.7899932861328,235.41000366210938,236.74000549316406,203.87152099609375,82381600,0.0,0.0,0.0
2017-02-27,236.63999938964844,237.30999755859375,236.35000610351562,237.11000061035156,204.1901397705078,56515400,0.0,0.0,0.0
2017-02-28,236.6699981689453,236.9499969482422,236.02000427246094,236.47000122070312,203.63902282714844,96961900,0.0,0.0,0.0
2017-03-01,238.38999938964844,240.32000732421875,238.3699951171875,239.77999877929688,206.48947143554688,149158200,0.0,0.0,0.0
2017-03-02,239.55999755859375,239.57000732421875,238.2100067138672,238.27000427246094,205.1891326904297,70246000,0.0,0.0,0.0
2017-03-03,238.1699981689453,238.61000061035156,237.72999572753906,238.4199981689453,205.3183135986328,81974300,0.0,0.0,0.0
2017-03-06,237.5,238.1199951171875,237.00999450683594,237.7100067138672,204.7068634033203,55391500,0.0,0.0,0.0
2017-03-07,237.36000061035156,237.77000427246094,236.75999450683594,237.0,204.0954132080078,65103700,0.0,0.0,0.0
2017-03-08,237.33999633789062,237.63999938964844,236.39999389648438,236.55999755859375,203.71649169921875,78168800,0.0,0.0,0.0
2017-03-09,236.6999969482422,237.24000549316406,235.74000549316406,236.86000061035156,203.97486877441406,90683900,0.0,0.0,0.0
2017-03-10,237.97000122070312,238.02000427246094,236.58999633789062,237.69000244140625,204.68960571289062,81991700,0.0,0.0,0.0
2017-03-13,237.6199951171875,237.86000061035156,237.24000549316406,237.80999755859375,204.79296875,57256800,0.0,0.0,0.0
2017-03-14,237.17999267578125,237.24000549316406,236.19000244140625,236.89999389648438,204.00929260253906,59880800,0.0,0.0,0.0
2017-03-15,237.55999755859375,239.44000244140625,237.2899932861328,238.9499969482422,205.77464294433594,96081800,0.0,0.0,0.0
2017-03-16,239.11000061035156,239.1999969482422,238.10000610351562,238.47999572753906,205.3699493408203,78344000,0.0,0.0,0.0
2017-03-17,237.75,237.97000122070312,237.02999877929688,237.02999877929688,205.00929260253906,89002100,1.033,0.0,0.0
2017-03-20,237.02999877929688,237.36000061035156,236.32000732421875,236.77000427246094,204.784423828125,52537000,0.0,0.0,0.0
2017-03-21,237.47000122070312,237.61000061035156,233.5800018310547,233.72999572753906,202.15509033203125,131809300,0.0,0.0,0.0
2017-03-22,233.77000427246094,234.61000061035156,233.0500030517578,234.27999877929688,202.63079833984375,97569200,0.0,0.0,0.0
2017-03-23,234.27999877929688,235.33999633789062,233.60000610351562,234.02999877929688,202.41448974609375,100410300,0.0,0.0,0.0
2017-03-24,234.3800048828125,235.0399932861328,232.9600067138672,233.86000061035156,202.26754760742188,112504900,0.0,0.0,0.0
2017-03-27,231.92999267578125,233.9199981689453,231.61000061035156,233.6199951171875,202.0599365234375,87454500,0.0,0.0,0.0
2017-03-28,233.27000427246094,235.80999755859375,233.13999938964844,235.32000732421875,203.5302734375,93483900,0.0,0.0,0.0
2017-03-29,234.99000549316406,235.80999755859375,234.72999572753906,235.5399932861328,203.7205810546875,61950400,0.0,0.0,0.0
2017-03-30,235.47000122070312,236.52000427246094,235.27000427246094,236.2899932861328,204.3692169189453,56737900,0.0,0.0,0.0
2017-03-31,235.89999389648438,236.50999450683594,235.67999267578125,235.74000549316406,203.89349365234375,73733100,0.0,0.0,0.0
2017-04-03,235.8000030517578,236.02999877929688,233.91000366210938,235.3300018310547,203.5388946533203,85546500,0.0,0.0,0.0
2017-04-04,235.0,235.5800018310547,234.55999755859375,235.47999572753906,203.66864013671875,56466200,0.0,0.0,0.0
2017-04-05,236.25999450683594,237.38999938964844,234.5399932861328,234.77999877929688,203.06321716308594,108800600,0.0,0.0,0.0
2017-04-06,234.94000244140625,236.0399932861328,234.42999267578125,235.44000244140625,203.63409423828125,69135800,0.0,0.0,0.0
2017-04-07,235.14999389648438,236.0,234.63999938964844,235.1999969482422,203.4264373779297,74412300,0.0,0.0,0.0
2017-04-10,235.36000061035156,236.25999450683594,234.72999572753906,235.33999633789062,203.5475616455078,67615300,0.0,0.0,0.0
2017-04-11,234.89999389648438,235.17999267578125,233.33999633789062,235.05999755859375,203.305419921875,88045300,0.0,0.0,0.0
2017-04-12,234.74000549316406,234.9600067138672,233.77000427246094,234.02999877929688,202.41448974609375,81864400,0.0,0.0,0.0
2017-04-13,233.63999938964844,234.49000549316406,232.50999450683594,232.50999450683594,201.099853515625,92880400,0.0,0.0,0.0
2017-04-17,233.11000061035156,234.57000732421875,232.8800048828125,234.57000732421875,202.88160705566406,68405400,0.0,0.0,0.0
2017-04-18,233.72000122070312,234.49000549316406,233.0800018310547,233.8699951171875,202.27615356445312,83225800,0.0,0.0,0.0
2017-04-19,234.52000427246094,234.9499969482422,233.17999267578125,233.44000244140625,201.90423583984375,68699900,0.0,0.0,0.0
2017-04-20,234.14999389648438,235.85000610351562,233.77999877929688,235.33999633789062,203.5475616455078,92572200,0.0,0.0,0.0
2017-04-21,235.25,235.30999755859375,234.1300048828125,234.58999633789062,202.89889526367188,110389800,0.0,0.0,0.0
2017-04-24,237.17999267578125,237.41000366210938,234.55999755859375,237.1699981689453,205.13034057617188,119209900,0.0,0.0,0.0
2017-04-25,237.91000366210938,238.9499969482422,237.80999755859375,238.5500030517578,206.3239288330078,76698300,0.0,0.0,0.0
2017-04-26,238.50999450683594,239.52999877929688,238.35000610351562,238.39999389648438,206.1941680908203,84702500,0.0,0.0,0.0
2017-04-27,238.77000427246094,238.9499969482422,237.97999572753906,238.60000610351562,206.36717224121094,57410300,0.0,0.0,0.0
2017-04-28,238.89999389648438,238.92999267578125,237.92999267578125,238.0800018310547,205.91738891601562,63532800,0.0,0.0,0.0
2017-05-01,238.67999267578125,239.1699981689453,238.1999969482422,238.67999267578125,206.43629455566406,66882500,0.0,0.0,0.0
2017-05-02,238.83999633789062,238.97999572753906,238.3000030517578,238.77000427246094,206.5142059326172,57375700,0.0,0.0,0.0
2017-05-03,238.77000427246094,238.8800048828125,237.6999969482422,238.47999572753906,206.26333618164062,73137700,0.0,0.0,0.0
2017-05-04,238.8300018310547,238.9199981689453,237.77999877929688,238.75999450683594,206.50555419921875,61462700,0.0,0.0,0.0
2017-05-05,239.19000244140625,239.72000122070312,238.67999267578125,239.6999969482422,207.31858825683594,62001300,0.0,0.0,0.0
2017-05-08,239.75,239.9199981689453,239.1699981689453,239.66000366210938,207.28399658203125,48385700,0.0,0.0,0.0
2017-05-09,239.9600067138672,240.19000244140625,239.0399932861328,239.44000244140625,207.0936737060547,51363200,0.0,0.0,0.0
2017-05-10,239.38999938964844,239.8699951171875,239.14999389648438,239.8699951171875,207.46559143066406,54293800,0.0,0.0,0.0
2017-05-11,239.35000610351562,239.57000732421875,238.1300048828125,239.3800048828125,207.04180908203125,62358300,0.0,0.0,0.0
2017-05-12,239.08999633789062,239.42999267578125,238.6699981689453,238.97999572753906,206.6958465576172,53912700,0.0,0.0,0.0
2017-05-15,239.47000122070312,240.44000244140625,239.4499969482422,240.3000030517578,207.8375244140625,61918900,0.0,0.0,0.0
2017-05-16,240.63999938964844,240.6699981689453,239.6300048828125,240.0800018310547,207.6472625732422,51241800,0.0,0.0,0.0
2017-05-17,240.0800018310547,240.0800018310547,235.75,235.82000732421875,203.96273803710938,172174100,0.0,0.0,0.0
2017-05-18,235.72999572753906,237.75,235.42999267578125,236.77000427246094,204.784423828125,107047700,0.0,0.0,0.0
2017-05-19,237.3300018310547,239.0800018310547,237.27000427246094,238.30999755859375,206.1163330078125,115011400,0.0,0.0,0.0
2017-05-22,238.89999389648438,239.7100067138672,238.82000732421875,239.52000427246094,207.16290283203125,61010600,0.0,0.0,0.0
2017-05-23,239.9499969482422,240.24000549316406,239.50999450683594,240.0500030517578,207.62127685546875,48341700,0.0,0.0,0.0
2017-05-24,240.32000732421875,240.72999572753906,239.92999267578125,240.61000061035156,208.10568237304688,46927700,0.0,0.0,0.0
2017-05-25,241.1999969482422,242.0800018310547,240.9600067138672,241.75999450683594,209.10028076171875,64071700,0.0,0.0,0.0
2017-05-26,241.5399932861328,241.89999389648438,241.4499969482422,241.7100067138672,209.05703735351562,46629900,0.0,0.0,0.0
2017-05-30,241.33999633789062,241.7899932861328,241.16000366210938,241.5,208.87535095214844,35201900,0.0,0.0,0.0
2017-05-31,241.83999633789062,241.8800048828125,240.63999938964844,241.44000244140625,208.823486328125,91796000,0.0,0.0,0.0
2017-06-01,241.97000122070312,243.3800048828125,241.63999938964844,243.36000061035156,210.48414611816406,68962000,0.0,0.0,0.0
2017-06-02,243.4199981689453,244.35000610351562,243.0800018310547,244.1699981689453,211.18470764160156,88666100,0.0,0.0,0.0
2017-06-05,243.97000122070312,244.3000030517578,243.75999450683594,243.99000549316406,211.02899169921875,44698800,0.0,0.0,0.0
2017-06-06,243.33999633789062,243.97999572753906,243.1199951171875,243.2100067138672,210.35443115234375,50375400,0.0,0.0,0.0
2017-06-07,243.60000610351562,243.9199981689453,242.8300018310547,243.66000366210938,210.74359130859375,54144300,0.0,0.0,0.0
2017-06-08,243.77000427246094,244.3300018310547,243.1699981689453,243.77999877929688,210.847412109375,65950700,0.0,0.0,0.0
2017-06-09,244.08999633789062,245.00999450683594,241.9499969482422,243.41000366210938,210.52737426757812,132256400,0.0,0.0,0.0
2017-06-12,243.1300048828125,243.4199981689453,242.3800048828125,243.36000061035156,210.48414611816406,86108100,0.0,0.0,0.0
2017-06-13,243.97999572753906,244.61000061035156,243.5800018310547,244.5500030517578,211.51341247558594,60067000,0.0,0.0,0.0
2017-06-14,244.86000061035156,244.8699951171875,243.2899932861328,244.24000549316406,211.24526977539062,78602300,0.0,0.0,0.0
2017-06-15,242.67999267578125,243.91000366210938,242.36000061035156,243.77000427246094,210.83876037597656,66464900,0.0,0.0,0.0
2017-06-16,242.77000427246094,242.8300018310547,241.6300048828125,242.63999938964844,210.88482666015625,84553100,1.183,0.0,0.0
2017-06-19,243.58999633789062,244.72999572753906,243.47999572753906,244.66000366210938,212.6404571533203,65123800,0.0,0.0,0.0
2017-06-20,244.25,244.25999450683594,242.99000549316406,243.00999450683594,211.2064208984375,56906400,0.0,0.0,0.0
2017-06-21,243.4600067138672,243.58999633789062,242.41000366210938,242.9499969482422,211.1542205810547,55977600,0.0,0.0,0.0
2017-06-22,242.9600067138672,243.52999877929688,242.63999938964844,242.83999633789062,211.05862426757812,44148100,0.0,0.0,0.0
2017-06-23,242.91000366210938,243.50999450683594,242.47000122070312,243.1300048828125,211.3107147216797,66986800,0.0,0.0,0.0
2017-06-26,243.89999389648438,244.3800048828125,243.0500030517578,243.2899932861328,211.4497528076172,56700500,0.0,0.0,0.0
2017-06-27,243.0399932861328,243.3800048828125,241.30999755859375,241.3300018310547,209.74623107910156,82247700,0.0,0.0,0.0
2017-06-28,242.5,243.72000122070312,242.22999572753906,243.49000549316406,211.6236114501953,70042600,0.0,0.0,0.0
2017-06-29,243.66000366210938,243.72000122070312,239.9600067138672,241.35000610351562,209.7636260986328,106949700,0.0,0.0,0.0
2017-06-30,242.27999877929688,242.7100067138672,241.5800018310547,241.8000030517578,210.15480041503906,86820700,0.0,0.0,0.0
2017-07-03,242.8800048828125,243.3800048828125,242.2100067138672,242.2100067138672,210.51112365722656,39153800,0.0,0.0,0.0
2017-07-05,242.6300048828125,243.00999450683594,241.6999969482422,242.77000427246094,210.99781799316406,54427600,0.0,0.0,0.0
2017-07-06,241.88999938964844,242.02999877929688,240.33999633789062,240.5500030517578,209.06837463378906,65400800,0.0,0.0,0.0
2017-07-07,241.2100067138672,242.27999877929688,240.55999755859375,242.11000061035156,210.42420959472656,57972300,0.0,0.0,0.0
2017-07-10,242.11000061035156,242.8000030517578,241.75999450683594,242.3699951171875,210.650146484375,36663300,0.0,0.0,0.0
2017-07-11,242.3699951171875,242.5500030517578,240.85000610351562,242.19000244140625,210.4937286376953,50354600,0.0,0.0,0.0
2017-07-12,243.3000030517578,244.1999969482422,243.3000030517578,244.00999450683594,212.07553100585938,59610400,0.0,0.0,0.0
2017-07-13,244.02000427246094,244.5500030517578,243.75999450683594,244.4199981689453,212.4318389892578,39471600,0.0,0.0,0.0
2017-07-14,244.4199981689453,245.97000122070312,244.30999755859375,245.55999755859375,213.42263793945312,60262700,0.0,0.0,0.0
2017-07-17,245.47000122070312,245.91000366210938,245.3300018310547,245.52999877929688,213.3966064453125,33531900,0.0,0.0,0.0
2017-07-18,245.05999755859375,245.72000122070312,244.6699981689453,245.66000366210938,213.50955200195312,42742500,0.0,0.0,0.0
2017-07-19,246.02000427246094,247.0,246.00999450683594,246.99000549316406,214.66549682617188,51034300,0.0,0.0,0.0
2017-07-20,247.27999877929688,247.4199981689453,246.47000122070312,247.10000610351562,214.7611541748047,47135200,0.0,0.0,0.0
2017-07-21,246.44000244140625,246.91000366210938,246.17999267578125,246.8800048828125,214.5699005126953,82340800,0.0,0.0,0.0
2017-07-24,246.7899932861328,246.97999572753906,246.27999877929688,246.82000732421875,214.51773071289062,46622300,0.0,0.0,0.0
2017-07-25,247.67999267578125,247.8000030517578,247.16000366210938,247.4199981689453,215.03921508789062,54915600,0.0,0.0,0.0
2017-07-26,247.75,247.7899932861328,247.1300048828125,247.42999267578125,215.0479278564453,47575400,0.0,0.0,0.0
2017-07-27,247.9600067138672,248.0,245.67999267578125,247.1999969482422,214.8479766845703,70766600,0.0,0.0,0.0
2017-07-28,246.64999389648438,247.05999755859375,246.1300048828125,246.91000366210938,214.59600830078125,50088400,0.0,0.0,0.0
2017-07-31,247.3699951171875,247.47999572753906,246.52999877929688,246.77000427246094,214.4743194580078,65838700,0.0,0.0,0.0
2017-08-01,247.4600067138672,247.5,246.72000122070312,247.32000732421875,214.95236206054688,55050400,0.0,0.0,0.0
2017-08-02,247.47000122070312,247.60000610351562,246.3699951171875,247.44000244140625,215.05662536621094,47211200,0.0,0.0,0.0
2017-08-03,247.30999755859375,247.33999633789062,246.63999938964844,246.9600067138672,214.63941955566406,40856000,0.0,0.0,0.0
2017-08-04,247.52000427246094,247.7899932861328,246.97000122070312,247.41000366210938,215.03053283691406,60191800,0.0,0.0,0.0
2017-08-07,247.49000549316406,247.8699951171875,247.3699951171875,247.8699951171875,215.4303436279297,31995000,0.0,0.0,0.0
2017-08-08,247.50999450683594,248.91000366210938,246.8300018310547,247.25999450683594,214.900146484375,61719400,0.0,0.0,0.0
2017-08-09,246.47000122070312,247.30999755859375,246.05999755859375,247.25,214.89151000976562,62632600,0.0,0.0,0.0
2017-08-10,246.2899932861328,246.44000244140625,243.6999969482422,243.75999450683594,211.8582305908203,120479500,0.0,0.0,0.0
2017-08-11,244.02000427246094,244.8000030517578,243.75,244.1199951171875,212.17108154296875,74869900,0.0,0.0,0.0
2017-08-14,245.58999633789062,246.7899932861328,245.5500030517578,246.5399932861328,214.2744140625,73291900,0.0,0.0,0.0
2017-08-15,246.97999572753906,247.0,246.16000366210938,246.50999450683594,214.24832153320312,55242700,0.0,0.0,0.0
2017-08-16,247.11000061035156,247.57000732421875,246.4499969482422,246.94000244140625,214.6220703125,56715500,0.0,0.0,0.0
2017-08-17,246.24000549316406,246.60000610351562,243.08999633789062,243.08999633789062,211.2759246826172,128490400,0.0,0.0,0.0
2017-08-18,242.89999389648438,244.19000244140625,242.1999969482422,242.7100067138672,210.94569396972656,136748000,0.0,0.0,0.0
2017-08-21,242.63999938964844,243.1999969482422,241.8300018310547,242.89999389648438,211.1107635498047,65469700,0.0,0.0,0.0
2017-08-22,243.57000732421875,245.6199951171875,243.5500030517578,245.44000244140625,213.31837463378906,63140100,0.0,0.0,0.0
2017-08-23,244.3300018310547,245.0500030517578,244.16000366210938,244.55999755859375,212.5535125732422,50203800,0.0,0.0,0.0
2017-08-24,245.0,245.17999267578125,243.75,243.99000549316406,212.05813598632812,50741700,0.0,0.0,0.0
2017-08-25,244.89999389648438,245.61000061035156,244.38999938964844,244.55999755859375,212.5535125732422,64445900,0.0,0.0,0.0
2017-08-28,245.1699981689453,245.1999969482422,244.08999633789062,244.57000732421875,212.56222534179688,40565600,0.0,0.0,0.0
2017-08-29,243.05999755859375,245.14999389648438,242.92999267578125,244.85000610351562,212.80557250976562,51135700,0.0,0.0,0.0
2017-08-30,244.8300018310547,246.32000732421875,244.6199951171875,246.00999450683594,213.81373596191406,62030800,0.0,0.0,0.0
2017-08-31,246.72000122070312,247.77000427246094,246.0500030517578,247.49000549316406,215.10008239746094,103803900,0.0,0.0,0.0
2017-09-01,247.9199981689453,248.3300018310547,247.6699981689453,247.83999633789062,215.4042510986328,62007000,0.0,0.0,0.0
2017-09-05,247.25999450683594,247.52000427246094,244.9499969482422,246.05999755859375,213.85723876953125,91398800,0.0,0.0,0.0
2017-09-06,246.83999633789062,247.27999877929688,246.22999572753906,246.89999389648438,214.58726501464844,57916900,0.0,0.0,0.0
2017-09-07,247.25,247.27000427246094,246.39999389648438,246.8699951171875,214.56118774414062,58034700,0.0,0.0,0.0
2017-09-08,246.5399932861328,247.11000061035156,246.3000030517578,246.5800018310547,214.30917358398438,63832800,0.0,0.0,0.0
2017-09-11,248.0399932861328,249.3000030517578,248.02000427246094,249.2100067138672,216.5950164794922,71364800,0.0,0.0,0.0
2017-09-12,249.6300048828125,250.08999633789062,249.4199981689453,250.0500030517578,217.3250274658203,56896000,0.0,0.0,0.0
2017-09-13,249.72000122070312,250.2100067138672,249.58999633789062,250.1699981689453,217.42929077148438,59228000,0.0,0.0,0.0
2017-09-14,249.8000030517578,250.32000732421875,249.60000610351562,250.08999633789062,217.35977172851562,95446300,0.0,0.0,0.0
2017-09-15,248.69000244140625,249.2899932861328,248.57000732421875,249.19000244140625,217.65243530273438,95432400,1.235,0.0,0.0
2017-09-18,249.61000061035156,250.1199951171875,249.27999877929688,249.72000122070312,218.1153564453125,46235200,0.0,0.0,0.0
2017-09-19,250.0,250.07000732421875,249.60000610351562,249.97000122070312,218.33364868164062,47108100,0.0,0.0,0.0
2017-09-20,250.07000732421875,250.19000244140625,248.9199981689453,250.05999755859375,218.4123077392578,59574100,0.0,0.0,0.0
2017-09-21,249.8800048828125,249.97999572753906,249.19000244140625,249.38999938964844,217.82711791992188,48211400,0.0,0.0,0.0
2017-09-22,249.0500030517578,249.6300048828125,249.02000427246094,249.44000244140625,217.87078857421875,51214000,0.0,0.0,0.0
2017-09-25,249.14999389648438,249.5500030517578,248.0800018310547,248.92999267578125,217.42532348632812,57064400,0.0,0.0,0.0
2017-09-26,249.4199981689453,249.6999969482422,248.80999755859375,249.0800018310547,217.55636596679688,54082000,0.0,0.0,0.0
2017-09-27,249.8800048828125,250.49000549316406,248.8699951171875,250.0500030517578,218.40354919433594,81001400,0.0,0.0,0.0
2017-09-28,249.72999572753906,250.44000244140625,249.6300048828125,250.35000610351562,218.66555786132812,44778800,0.0,0.0,0.0
2017-09-29,250.33999633789062,251.32000732421875,250.1300048828125,251.22999572753906,219.43423461914062,85578000,0.0,0.0,0.0
2017-10-02,251.49000549316406,252.32000732421875,251.2899932861328,252.32000732421875,220.3862762451172,59023000,0.0,0.0,0.0
2017-10-03,252.32000732421875,252.88999938964844,252.22999572753906,252.86000061035156,220.85797119140625,66810200,0.0,0.0,0.0
2017-10-04,252.69000244140625,253.44000244140625,252.55999755859375,253.16000366210938,221.11997985839844,55953600,0.0,0.0,0.0
2017-10-05,253.5399932861328,254.67999267578125,253.1999969482422,254.66000366210938,222.43011474609375,63522800,0.0,0.0,0.0
2017-10-06,254.14999389648438,254.6999969482422,253.85000610351562,254.3699951171875,222.1768341064453,80646000,0.0,0.0,0.0
2017-10-09,254.6300048828125,254.6999969482422,253.64999389648438,253.9499969482422,221.80996704101562,35803100,0.0,0.0,0.0
2017-10-10,254.60000610351562,255.0500030517578,253.97999572753906,254.6199951171875,222.39520263671875,43057400,0.0,0.0,0.0
2017-10-11,254.50999450683594,255.02000427246094,254.32000732421875,255.02000427246094,222.74456787109375,47674300,0.0,0.0,0.0
2017-10-12,254.66000366210938,255.05999755859375,254.3699951171875,254.63999938964844,222.4126739501953,47065100,0.0,0.0,0.0
2017-10-13,255.13999938964844,255.27000427246094,254.63999938964844,254.9499969482422,222.6834259033203,54800400,0.0,0.0,0.0
2017-10-16,255.2100067138672,255.50999450683594,254.82000732421875,255.2899932861328,222.9803924560547,38221700,0.0,0.0,0.0
2017-10-17,255.22999572753906,255.52000427246094,254.97999572753906,255.47000122070312,223.13763427734375,31561000,0.0,0.0,0.0
2017-10-18,255.89999389648438,255.9499969482422,255.5,255.72000122070312,223.3560028076172,40888300,0.0,0.0,0.0
2017-10-19,254.8300018310547,255.8300018310547,254.35000610351562,255.7899932861328,223.41709899902344,61903800,0.0,0.0,0.0
2017-10-20,256.70001220703125,257.1400146484375,255.77000427246094,257.1099853515625,224.57000732421875,89176400,0.0,0.0,0.0
2017-10-23,257.4800109863281,257.510009765625,256.0199890136719,256.1099853515625,223.69659423828125,63915300,0.0,0.0,0.0
2017-10-24,256.6000061035156,256.8299865722656,256.1499938964844,256.55999755859375,224.08963012695312,66935900,0.0,0.0,0.0
2017-10-25,256.17999267578125,256.30999755859375,254.0,255.2899932861328,222.9803924560547,103715300,0.0,0.0,0.0
2017-10-26,255.99000549316406,256.29998779296875,255.47999572753906,255.6199951171875,223.2686004638672,69798000,0.0,0.0,0.0
2017-10-27,256.4700012207031,257.8900146484375,255.6300048828125,257.7099914550781,225.09410095214844,85562500,0.0,0.0,0.0
2017-10-30,256.4700012207031,257.6000061035156,256.4100036621094,256.75,224.25559997558594,54285700,0.0,0.0,0.0
2017-10-31,257.17999267578125,257.44000244140625,256.80999755859375,257.1499938964844,224.60494995117188,60304800,0.0,0.0,0.0
2017-11-01,258.0400085449219,258.42999267578125,257.07000732421875,257.489990234375,224.90200805664062,54202700,0.0,0.0,0.0
2017-11-02,257.4100036621094,257.75,256.19000244140625,257.5899963378906,224.98928833007812,56449500,0.0,0.0,0.0
2017-11-03,257.7699890136719,258.5,257.29998779296875,258.45001220703125,225.74049377441406,59589700,0.0,0.0,0.0
2017-11-06,258.29998779296875,259.0,258.2200012207031,258.8500061035156,226.08984375,49652600,0.0,0.0,0.0
2017-11-07,258.9700012207031,259.3500061035156,258.0899963378906,258.6700134277344,225.93260192871094,57502200,0.0,0.0,0.0
2017-11-08,258.4700012207031,259.2200012207031,258.1499938964844,259.1099853515625,226.31687927246094,50469600,0.0,0.0,0.0
2017-11-09,257.7300109863281,258.3900146484375,256.3599853515625,258.1700134277344,225.4958953857422,95085500,0.0,0.0,0.0
2017-11-10,257.7300109863281,258.2900085449219,257.3699951171875,258.0899963378906,225.42601013183594,59984700,0.0,0.0,0.0
2017-11-13,257.30999755859375,258.5899963378906,257.2699890136719,258.3299865722656,225.6356201171875,50228600,0.0,0.0,0.0
2017-11-14,257.4100036621094,257.8500061035156,256.5199890136719,257.7300109863281,225.11158752441406,61315200,0.0,0.0,0.0
2017-11-15,256.6199951171875,257.2200012207031,255.6300048828125,256.44000244140625,223.98486328125,80811500,0.0,0.0,0.0
2017-11-16,257.5199890136719,259.0400085449219,257.4700012207031,258.6199951171875,225.8889617919922,67777000,0.0,0.0,0.0
2017-11-17,258.2200012207031,258.5899963378906,257.7699890136719,257.8599853515625,225.22512817382812,75756800,0.0,0.0,0.0
2017-11-20,258.1400146484375,258.5199890136719,257.8599853515625,258.29998779296875,225.6094207763672,48075500,0.0,0.0,0.0
2017-11-21,259.17999267578125,260.20001220703125,258.260009765625,259.989990234375,227.08551025390625,69176800,0.0,0.0,0.0
2017-11-22,260.0,260.1499938964844,259.57000732421875,259.760009765625,226.88465881347656,45033400,0.0,0.0,0.0
2017-11-24,260.32000732421875,260.4800109863281,260.1600036621094,260.3599853515625,227.4087677001953,27856500,0.0,0.0,0.0
2017-11-27,260.4100036621094,260.75,260.0,260.2300109863281,227.29515075683594,52274900,0.0,0.0,0.0
2017-11-28,260.760009765625,262.8999938964844,260.6499938964844,262.8699951171875,229.60107421875,98971700,0.0,0.0,0.0
2017-11-29,263.0199890136719,263.6300048828125,262.20001220703125,262.7099914550781,229.46133422851562,77512100,0.0,0.0,0.0
2017-11-30,263.760009765625,266.04998779296875,263.6700134277344,265.010009765625,231.47019958496094,127894400,0.0,0.0,0.0
2017-12-01,264.760009765625,265.30999755859375,260.760009765625,264.4599914550781,230.98980712890625,164390900,0.0,0.0,0.0
2017-12-04,266.30999755859375,266.79998779296875,264.0799865722656,264.1400146484375,230.7103729248047,94040600,0.0,0.0,0.0
2017-12-05,263.19000244140625,265.1499938964844,263.0400085449219,263.19000244140625,229.88055419921875,77994500,0.0,0.0,0.0
2017-12-06,263.29998779296875,263.7300109863281,262.7099914550781,263.239990234375,229.92420959472656,75898600,0.0,0.0,0.0
2017-12-07,264.07000732421875,264.42999267578125,262.94000244140625,264.07000732421875,230.6492462158203,77218600,0.0,0.0,0.0
2017-12-08,265.1600036621094,265.5199890136719,264.0299987792969,265.510009765625,231.9069366455078,76563900,0.0,0.0,0.0
2017-12-11,266.30999755859375,266.3800048828125,265.4800109863281,266.30999755859375,232.60572814941406,83077500,0.0,0.0,0.0
2017-12-12,267.2099914550781,267.32000732421875,266.3500061035156,266.7799987792969,233.01626586914062,85195800,0.0,0.0,0.0
2017-12-13,267.05999755859375,267.55999755859375,266.6499938964844,266.75,232.98995971679688,102905400,0.0,0.0,0.0
2017-12-14,267.0899963378906,267.2200012207031,265.6000061035156,265.6600036621094,232.0379638671875,100666700,0.0,0.0,0.0
2017-12-15,265.45001220703125,267.0400085449219,265.3900146484375,266.510009765625,233.97021484375,144610300,1.351,0.0,0.0
2017-12-18,268.1000061035156,268.6000061035156,267.9800109863281,268.20001220703125,235.45394897460938,83653600,0.0,0.0,0.0
2017-12-19,268.4800109863281,268.5299987792969,267.0899963378906,267.1700134277344,234.54971313476562,82382900,0.0,0.0,0.0
2017-12-20,268.2699890136719,268.3299865722656,266.69000244140625,267.0299987792969,234.42672729492188,76751500,0.0,0.0,0.0
2017-12-21,267.739990234375,268.3900146484375,267.29998779296875,267.5799865722656,234.90957641601562,67032300,0.0,0.0,0.0
2017-12-22,267.6000061035156,267.6400146484375,266.8999938964844,267.510009765625,234.84815979003906,78720900,0.0,0.0,0.0
2017-12-26,267.04998779296875,267.44000244140625,266.8900146484375,267.19000244140625,234.56724548339844,45244400,0.0,0.0,0.0
2017-12-27,267.3800048828125,267.7300109863281,267.010009765625,267.32000732421875,234.68128967285156,57751000,0.0,0.0,0.0
2017-12-28,267.8900146484375,267.9200134277344,267.45001220703125,267.8699951171875,235.16419982910156,45116100,0.0,0.0,0.0
2017-12-29,268.5299987792969,268.54998779296875,266.6400146484375,266.8599853515625,234.27749633789062,96007400,0.0,0.0,0.0
2018-01-02,267.8399963378906,268.80999755859375,267.3999938964844,268.7699890136719,235.9542694091797,86655700,0.0,0.0,0.0
2018-01-03,268.9599914550781,270.6400146484375,268.9599914550781,270.4700012207031,237.44671630859375,90070400,0.0,0.0,0.0
2018-01-04,271.20001220703125,272.1600036621094,270.5400085449219,271.6099853515625,238.44754028320312,80636400,0.0,0.0,0.0
2018-01-05,272.510009765625,273.55999755859375,271.95001220703125,273.4200134277344,240.03656005859375,83524000,0.0,0.0,0.0
2018-01-08,273.30999755859375,274.1000061035156,272.9800109863281,273.9200134277344,240.4755859375,57319200,0.0,0.0,0.0
2018-01-09,274.3999938964844,275.25,274.0799865722656,274.5400085449219,241.01979064941406,57254000,0.0,0.0,0.0
2018-01-10,273.67999267578125,274.4200134277344,272.9200134277344,274.1199951171875,240.65101623535156,69574300,0.0,0.0,0.0
2018-01-11,274.75,276.1199951171875,274.55999755859375,276.1199951171875,242.4069061279297,62361500,0.0,0.0,0.0
2018-01-12,276.4200134277344,278.1099853515625,276.0799865722656,277.9200134277344,243.98715209960938,90816100,0.0,0.0,0.0
2018-01-16,279.3500061035156,280.0899963378906,276.17999267578125,276.9700012207031,243.1531524658203,106555100,0.0,0.0,0.0
2018-01-17,278.0299987792969,280.04998779296875,276.9700012207031,279.6099853515625,245.4707489013672,113258800,0.0,0.0,0.0
2018-01-18,279.4800109863281,279.9599914550781,278.5799865722656,279.1400146484375,245.05816650390625,100728000,0.0,0.0,0.0
2018-01-19,279.79998779296875,280.4100036621094,279.1400146484375,280.4100036621094,246.17311096191406,140920100,0.0,0.0,0.0
2018-01-22,280.1700134277344,282.69000244140625,280.1099853515625,282.69000244140625,248.17474365234375,91322400,0.0,0.0,0.0
2018-01-23,282.739990234375,283.6199951171875,282.3699951171875,283.2900085449219,248.7014617919922,97084700,0.0,0.0,0.0
2018-01-24,284.0199890136719,284.70001220703125,281.8399963378906,283.17999267578125,248.6048583984375,134816100,0.0,0.0,0.0
2018-01-25,284.1600036621094,284.2699890136719,282.3999938964844,283.29998779296875,248.71014404296875,84587300,0.0,0.0,0.0
2018-01-26,284.25,286.6300048828125,283.9599914550781,286.5799865722656,251.58981323242188,107743100,0.0,0.0,0.0
2018-01-29,285.92999267578125,286.42999267578125,284.5,284.67999267578125,249.92172241210938,90118300,0.0,0.0,0.0
2018-01-30,282.6000061035156,284.739990234375,281.2200012207031,281.760009765625,247.35830688476562,131796400,0.0,0.0,0.0
2018-01-31,282.7300109863281,283.29998779296875,280.67999267578125,281.8999938964844,247.481201171875,108364800,0.0,0.0,0.0
2018-02-01,281.07000732421875,283.05999755859375,280.67999267578125,281.5799865722656,247.2002716064453,90102500,0.0,0.0,0.0
2018-02-02,280.0799865722656,280.2300109863281,275.4100036621094,275.45001220703125,241.81866455078125,173174800,0.0,0.0,0.0
2018-02-05,273.45001220703125,275.8500061035156,263.30999755859375,263.92999267578125,231.70530700683594,294681800,0.0,0.0,0.0
2018-02-06,259.94000244140625,269.70001220703125,258.70001220703125,269.1300048828125,236.27032470703125,355026800,0.0,0.0,0.0
2018-02-07,268.5,272.3599853515625,267.5799865722656,267.6700134277344,234.9885711669922,167376100,0.0,0.0,0.0
2018-02-08,268.010009765625,268.1700134277344,257.5899963378906,257.6300048828125,226.17445373535156,246449500,0.0,0.0,0.0
2018-02-09,260.79998779296875,263.6099853515625,252.9199981689453,261.5,229.5718994140625,283565300,0.0,0.0,0.0
2018-02-12,263.8299865722656,267.010009765625,261.6600036621094,265.3399963378906,232.94305419921875,143736000,0.0,0.0,0.0
2018-02-13,263.9700012207031,266.6199951171875,263.30999755859375,266.0,233.52252197265625,81223600,0.0,0.0,0.0
2018-02-14,264.30999755859375,270.0,264.29998779296875,269.5899963378906,236.67417907714844,120735700,0.0,0.0,0.0
2018-02-15,271.57000732421875,273.0400085449219,268.7699890136719,273.0299987792969,239.6941375732422,111200300,0.0,0.0,0.0
2018-02-16,272.32000732421875,275.32000732421875,272.2699890136719,273.1099853515625,239.76431274414062,160420100,0.0,0.0,0.0
2018-02-20,272.0299987792969,273.6700134277344,270.5,271.3999938964844,238.2632293701172,86369700,0.0,0.0,0.0
2018-02-21,271.8999938964844,274.7200012207031,269.94000244140625,270.04998779296875,237.07801818847656,98883700,0.0,0.0,0.0
2018-02-22,271.1000061035156,273.04998779296875,269.6400146484375,270.3999938964844,237.38528442382812,110511300,0.0,0.0,0.0
2018-02-23,271.7900085449219,274.7099914550781,271.25,274.7099914550781,241.1690673828125,92766400,0.0,0.0,0.0
2018-02-26,275.92999267578125,278.010009765625,275.260009765625,277.8999938964844,243.96957397460938,86491400,0.0,0.0,0.0
2018-02-27,278.1099853515625,278.9200134277344,274.3599853515625,274.42999267578125,240.92318725585938,99099200,0.0,0.0,0.0
2018-02-28,275.67999267578125,276.19000244140625,271.2900085449219,271.6499938964844,238.48265075683594,121907800,0.0,0.0,0.0
2018-03-01,271.4100036621094,273.1700134277344,266.0,267.70001220703125,235.01492309570312,176855100,0.0,0.0,0.0
2018-03-02,265.79998779296875,269.7200012207031,264.82000732421875,269.0799865722656,236.22645568847656,139083200,0.0,0.0,0.0
2018-03-05,267.7300109863281,272.8900146484375,267.6099853515625,272.19000244140625,238.95677185058594,97307400,0.0,0.0,0.0
2018-03-06,273.29998779296875,273.3900146484375,271.17999267578125,272.8800048828125,239.56256103515625,79213200,0.0,0.0,0.0
2018-03-07,270.4200134277344,273.17999267578125,270.20001220703125,272.7799987792969,239.47463989257812,87063500,0.0,0.0,0.0
2018-03-08,273.54998779296875,274.239990234375,272.4200134277344,274.1000061035156,240.6334686279297,66901200,0.0,0.0,0.0
2018-03-09,275.70001220703125,278.8699951171875,275.3399963378906,278.8699951171875,244.8210906982422,113625300,0.0,0.0,0.0
2018-03-12,279.20001220703125,279.9100036621094,278.0799865722656,278.5199890136719,244.51380920410156,71924800,0.0,0.0,0.0
2018-03-13,279.8399963378906,280.4100036621094,276.0299987792969,276.7200012207031,242.93357849121094,91968900,0.0,0.0,0.0
2018-03-14,277.80999755859375,278.0199890136719,274.6700134277344,275.29998779296875,241.68701171875,105895100,0.0,0.0,0.0
2018-03-15,275.8800048828125,276.6099853515625,274.42999267578125,275.0,241.4236602783203,83433000,0.0,0.0,0.0
2018-03-16,274.5,275.3900146484375,274.1400146484375,274.20001220703125,241.6854248046875,100343700,1.097,0.0,0.0
2018-03-19,273.3500061035156,274.3999938964844,268.6199951171875,270.489990234375,238.4153289794922,109208400,0.0,0.0,0.0
2018-03-20,270.94000244140625,271.6700134277344,270.17999267578125,270.95001220703125,238.82077026367188,59757300,0.0,0.0,0.0
2018-03-21,270.8999938964844,273.2699890136719,270.19000244140625,270.42999267578125,238.3624725341797,78709600,0.0,0.0,0.0
2018-03-22,267.9100036621094,268.8699951171875,263.3599853515625,263.6700134277344,232.40403747558594,148785900,0.0,0.0,0.0
2018-03-23,264.1700134277344,264.5400085449219,257.8299865722656,258.04998779296875,227.45050048828125,183534800,0.0,0.0,0.0
2018-03-26,262.1300048828125,265.42999267578125,259.4100036621094,265.1099853515625,233.67330932617188,141956100,0.0,0.0,0.0
2018-03-27,266.1700134277344,266.7699890136719,258.8399963378906,260.6000061035156,229.69808959960938,129941400,0.0,0.0,0.0
2018-03-28,260.75,262.6400146484375,258.5799865722656,259.8299865722656,229.0194549560547,146452300,0.0,0.0,0.0
2018-03-29,261.1199951171875,265.260009765625,259.8399963378906,263.1499938964844,231.94564819335938,111601600,0.0,0.0,0.0
2018-04-02,262.54998779296875,263.1300048828125,254.6699981689453,257.4700012207031,226.9393310546875,186286300,0.0,0.0,0.0
2018-04-03,258.8699951171875,261.30999755859375,256.8399963378906,260.7699890136719,229.84793090820312,119956900,0.0,0.0,0.0
2018-04-04,256.75,264.3599853515625,256.6000061035156,263.55999755859375,232.30709838867188,123715300,0.0,0.0,0.0
2018-04-05,265.54998779296875,266.6400146484375,264.32000732421875,265.6400146484375,234.14047241210938,82652600,0.0,0.0,0.0
2018-04-06,263.4200134277344,265.1099853515625,258.0,259.7200012207031,228.9224395751953,179521200,0.0,0.0,0.0
2018-04-09,261.3699951171875,264.8399963378906,259.94000244140625,261.0,230.0507049560547,105442900,0.0,0.0,0.0
2018-04-10,264.2699890136719,266.0400085449219,262.9800109863281,265.1499938964844,233.70858764648438,103529000,0.0,0.0,0.0
2018-04-11,263.4700012207031,265.6400146484375,263.3900146484375,263.760009765625,232.48341369628906,91140200,0.0,0.0,0.0
2018-04-12,265.260009765625,267.0,265.05999755859375,265.92999267578125,234.39608764648438,68890500,0.0,0.0,0.0
2018-04-13,267.4100036621094,267.5400085449219,264.010009765625,265.1499938964844,233.70858764648438,85079200,0.0,0.0,0.0
2018-04-16,267.0,268.20001220703125,266.07000732421875,267.3299865722656,235.63009643554688,63405300,0.0,0.0,0.0
2018-04-17,269.3299865722656,270.8699951171875,268.75,270.19000244140625,238.1509552001953,64682000,0.0,0.0,0.0
2018-04-18,270.69000244140625,271.29998779296875,269.8699951171875,270.3900146484375,238.3272247314453,57303900,0.0,0.0,0.0
2018-04-19,269.6499938964844,269.8800048828125,267.7200012207031,268.8900146484375,237.00511169433594,77655900,0.0,0.0,0.0
2018-04-20,268.80999755859375,269.05999755859375,265.6099853515625,266.6099853515625,234.99542236328125,99953100,0.0,0.0,0.0
2018-04-23,267.260009765625,267.8900146484375,265.3500061035156,266.57000732421875,234.96017456054688,65558000,0.0,0.0,0.0
2018-04-24,267.7300109863281,267.9800109863281,261.2799987792969,262.9800109863281,231.7959442138672,112885500,0.0,0.0,0.0
2018-04-25,262.9100036621094,264.1300048828125,260.8500061035156,263.6300048828125,232.3688201904297,103840900,0.0,0.0,0.0
2018-04-26,264.7900085449219,267.25,264.2900085449219,266.30999755859375,234.7310333251953,67731900,0.0,0.0,0.0
2018-04-27,267.0,267.3399963378906,265.5,266.55999755859375,234.9512939453125,57053600,0.0,0.0,0.0
2018-04-30,267.260009765625,267.8900146484375,264.42999267578125,264.510009765625,233.14451599121094,82182300,0.0,0.0,0.0
2018-05-01,263.8699951171875,265.1000061035156,262.1099853515625,264.9800109863281,233.5586700439453,74203400,0.0,0.0,0.0
2018-05-02,264.760009765625,265.67999267578125,262.760009765625,263.20001220703125,231.9897918701172,86368900,0.0,0.0,0.0
2018-05-03,262.260009765625,263.3599853515625,259.04998779296875,262.6199951171875,231.47857666015625,136311500,0.0,0.0,0.0
2018-05-04,261.5199890136719,266.7900085449219,261.1499938964844,266.0199890136719,234.4753875732422,91222100,0.0,0.0,0.0
2018-05-07,266.8900146484375,268.0199890136719,266.1099853515625,266.9200134277344,235.26873779296875,55304900,0.0,0.0,0.0
2018-05-08,266.5,267.3299865722656,265.1499938964844,266.9200134277344,235.26873779296875,67499200,0.0,0.0,0.0
2018-05-09,267.67999267578125,269.8699951171875,267.0899963378906,269.5,237.5426788330078,59666100,0.0,0.0,0.0
2018-05-10,270.3399963378906,272.3900146484375,270.2200012207031,272.0199890136719,239.7638702392578,72063900,0.0,0.0,0.0
2018-05-11,272.1600036621094,273.1499938964844,271.5799865722656,272.8500061035156,240.49549865722656,59871500,0.0,0.0,0.0
2018-05-14,273.3399963378906,274.0799865722656,272.3599853515625,272.9800109863281,240.61013793945312,54790600,0.0,0.0,0.0
2018-05-15,271.5899963378906,271.6099853515625,270.0299987792969,271.1000061035156,238.9530487060547,87036100,0.0,0.0,0.0
2018-05-16,271.1400146484375,272.760009765625,271.1099853515625,272.239990234375,239.9578094482422,53942600,0.0,0.0,0.0
2018-05-17,271.94000244140625,273.2300109863281,271.1300048828125,272.010009765625,239.75511169433594,56536400,0.0,0.0,0.0
2018-05-18,271.6199951171875,272.0299987792969,270.92999267578125,271.3299865722656,239.15573120117188,64368000,0.0,0.0,0.0
2018-05-21,273.010009765625,273.9800109863281,272.57000732421875,273.3699951171875,240.95382690429688,58025900,0.0,0.0,0.0
2018-05-22,273.9599914550781,274.25,272.239990234375,272.6099853515625,240.2839813232422,52966400,0.0,0.0,0.0
2018-05-23,271.1700134277344,273.3900146484375,270.989990234375,273.3599853515625,240.9449920654297,64694200,0.0,0.0,0.0
2018-05-24,272.9100036621094,273.2200012207031,270.7799987792969,272.79998779296875,240.4513702392578,76043800,0.0,0.0,0.0
2018-05-25,272.1499938964844,272.8599853515625,271.5799865722656,272.1499938964844,239.87850952148438,56374800,0.0,0.0,0.0
2018-05-29,270.30999755859375,271.1700134277344,267.760009765625,269.0199890136719,237.11961364746094,115908600,0.0,0.0,0.0
2018-05-30,270.5,273.1099853515625,270.4200134277344,272.6099853515625,240.2839813232422,69678400,0.0,0.0,0.0
2018-05-31,272.1499938964844,272.489990234375,270.260009765625,270.94000244140625,238.8119659423828,93519900,0.0,0.0,0.0
2018-06-01,272.4100036621094,273.94000244140625,272.3299865722656,273.6000061035156,241.1565399169922,71258400,0.0,0.0,0.0
2018-06-04,274.5299987792969,275.19000244140625,274.260009765625,274.8999938964844,242.30238342285156,45385200,0.0,0.0,0.0
2018-06-05,275.04998779296875,275.5299987792969,274.17999267578125,275.1000061035156,242.47879028320312,51135000,0.0,0.0,0.0
2018-06-06,275.7900085449219,277.5199890136719,275.0899963378906,277.3999938964844,244.50592041015625,62732200,0.0,0.0,0.0
2018-06-07,277.95001220703125,278.2799987792969,276.3399963378906,277.3699951171875,244.47955322265625,72969400,0.0,0.0,0.0
2018-06-08,276.8500061035156,278.25,276.6600036621094,278.19000244140625,245.2022705078125,72139700,0.0,0.0,0.0
2018-06-11,278.44000244140625,279.3699951171875,278.30999755859375,278.55999755859375,245.52845764160156,58892500,0.0,0.0,0.0
2018-06-12,279.0299987792969,279.3299865722656,278.19000244140625,278.9200134277344,245.8457489013672,72329000,0.0,0.0,0.0
2018-06-13,279.19000244140625,279.4800109863281,277.79998779296875,278.0299987792969,245.06126403808594,79070600,0.0,0.0,0.0
2018-06-14,279.010009765625,279.3299865722656,278.05999755859375,278.7300109863281,245.67828369140625,77097600,0.0,0.0,0.0
2018-06-15,276.6000061035156,277.510009765625,275.3500061035156,277.1300048828125,245.36488342285156,120041600,1.246,0.0,0.0
2018-06-18,275.489990234375,276.70001220703125,274.95001220703125,276.55999755859375,244.8601837158203,52917600,0.0,0.0,0.0
2018-06-19,274.0,275.75,273.5299987792969,275.5,243.9217071533203,97531500,0.0,0.0,0.0
2018-06-20,276.2699890136719,276.7200012207031,275.5899963378906,275.9700012207031,244.3378448486328,53785500,0.0,0.0,0.0
2018-06-21,275.9599914550781,275.9800109863281,273.67999267578125,274.239990234375,242.80599975585938,71061400,0.0,0.0,0.0
2018-06-22,275.6600036621094,275.7900085449219,274.489990234375,274.739990234375,243.24874877929688,54898500,0.0,0.0,0.0
2018-06-25,273.44000244140625,273.6199951171875,269.1000061035156,271.0,239.93746948242188,137854200,0.0,0.0,0.0
2018-06-26,271.6400146484375,272.55999755859375,270.7900085449219,271.6000061035156,240.46864318847656,68547400,0.0,0.0,0.0
2018-06-27,272.260009765625,273.8699951171875,269.17999267578125,269.3500061035156,238.4766845703125,105110700,0.0,0.0,0.0
2018-06-28,269.2900085449219,271.75,268.489990234375,270.8900146484375,239.8401641845703,76650500,0.0,0.0,0.0
2018-06-29,272.1199951171875,273.6600036621094,271.1499938964844,271.2799987792969,240.1854248046875,97592500,0.0,0.0,0.0
2018-07-02,269.510009765625,272.0400085449219,269.239990234375,271.8599853515625,240.69882202148438,63554800,0.0,0.0,0.0
2018-07-03,272.8699951171875,272.9800109863281,270.4200134277344,270.8999938964844,239.8489227294922,42187100,0.0,0.0,0.0
2018-07-05,272.1700134277344,273.17999267578125,270.9599914550781,273.1099853515625,241.8055877685547,56925900,0.0,0.0,0.0
2018-07-06,273.1400146484375,275.8399963378906,272.7099914550781,275.4200134277344,243.85084533691406,66493700,0.0,0.0,0.0
2018-07-09,276.54998779296875,277.9599914550781,276.5,277.8999938964844,246.04652404785156,50550400,0.0,0.0,0.0
2018-07-10,278.4100036621094,279.010009765625,278.0799865722656,278.8999938964844,246.93190002441406,51966800,0.0,0.0,0.0
2018-07-11,277.1499938964844,278.0400085449219,276.5199890136719,276.8599853515625,245.12571716308594,77054700,0.0,0.0,0.0
2018-07-12,278.2799987792969,279.42999267578125,277.6000061035156,279.3699951171875,247.3480224609375,60124700,0.0,0.0,0.0
2018-07-13,279.1700134277344,279.92999267578125,278.6600036621094,279.5899963378906,247.54293823242188,48216000,0.0,0.0,0.0
2018-07-16,279.6400146484375,279.79998779296875,278.8399963378906,279.3399963378906,247.32150268554688,48201000,0.0,0.0,0.0
2018-07-17,278.4700012207031,280.9100036621094,278.4100036621094,280.4700012207031,248.3219451904297,52315500,0.0,0.0,0.0
2018-07-18,280.55999755859375,281.17999267578125,280.05999755859375,281.05999755859375,248.84439086914062,44593500,0.0,0.0,0.0
2018-07-19,280.30999755859375,280.739990234375,279.4599914550781,280.0,247.90582275390625,61412100,0.0,0.0,0.0
2018-07-20,279.7699890136719,280.4800109863281,279.5,279.67999267578125,247.62255859375,82337700,0.0,0.0,0.0
2018-07-23,279.45001220703125,280.42999267578125,279.05999755859375,280.20001220703125,248.08297729492188,47047600,0.0,0.0,0.0
2018-07-24,281.7900085449219,282.55999755859375,280.6300048828125,281.6099853515625,249.33131408691406,68026900,0.0,0.0,0.0
2018-07-25,281.3299865722656,284.3699951171875,281.2799987792969,284.010009765625,251.45619201660156,78882900,0.0,0.0,0.0
2018-07-26,283.20001220703125,284.1099853515625,283.0899963378906,283.3399963378906,250.86306762695312,57919500,0.0,0.0,0.0
2018-07-27,283.7099914550781,283.82000732421875,280.3800048828125,281.4200134277344,249.1631622314453,76768700,0.0,0.0,0.0
2018-07-30,281.510009765625,281.69000244140625,279.3599853515625,279.95001220703125,247.8616180419922,63742500,0.0,0.0,0.0
2018-07-31,280.80999755859375,282.0199890136719,280.3800048828125,281.3299865722656,249.08340454101562,68570500,0.0,0.0,0.0
2018-08-01,281.55999755859375,282.1300048828125,280.1300048828125,280.8599853515625,248.66734313964844,53853300,0.0,0.0,0.0
2018-08-02,279.3900146484375,282.5799865722656,279.1600036621094,282.3900146484375,250.02194213867188,63426400,0.0,0.0,0.0
2018-08-03,282.5299987792969,283.6600036621094,282.3299865722656,283.6000061035156,251.09327697753906,53935400,0.0,0.0,0.0
2018-08-06,283.6400146484375,284.989990234375,283.20001220703125,284.6400146484375,252.01406860351562,39400900,0.0,0.0,0.0
2018-08-07,285.3900146484375,286.010009765625,285.239990234375,285.5799865722656,252.8462677001953,43196600,0.0,0.0,0.0
2018-08-08,285.3900146484375,285.9100036621094,284.94000244140625,285.4599914550781,252.74002075195312,42114600,0.0,0.0,0.0
2018-08-09,285.5299987792969,285.9700012207031,284.9200134277344,285.07000732421875,252.39476013183594,35717000,0.0,0.0,0.0
2018-08-10,283.45001220703125,284.05999755859375,282.3599853515625,283.1600036621094,250.7037353515625,77076000,0.0,0.0,0.0
2018-08-13,283.4700012207031,284.1600036621094,281.7699890136719,282.1000061035156,249.76512145996094,65732900,0.0,0.0,0.0
2018-08-14,282.9200134277344,284.1700134277344,282.4800109863281,283.8999938964844,251.35882568359375,43842000,0.0,0.0,0.0
2018-08-15,282.3800048828125,282.5400085449219,280.1600036621094,281.7799987792969,249.48184204101562,102925400,0.0,0.0,0.0
2018-08-16,283.3999938964844,285.0400085449219,283.3599853515625,284.05999755859375,251.5004425048828,69967900,0.0,0.0,0.0
2018-08-17,283.8299865722656,285.55999755859375,283.3699951171875,285.05999755859375,252.38595581054688,65618500,0.0,0.0,0.0
2018-08-20,285.57000732421875,285.9700012207031,285.05999755859375,285.6700134277344,252.92588806152344,39807500,0.0,0.0,0.0
2018-08-21,286.25,287.30999755859375,285.7099914550781,286.3399963378906,253.5191650390625,67272000,0.0,0.0,0.0
2018-08-22,285.8800048828125,286.760009765625,285.5799865722656,286.1700134277344,253.36863708496094,44993300,0.0,0.0,0.0
2018-08-23,285.9700012207031,286.94000244140625,285.42999267578125,285.7900085449219,253.03219604492188,49204900,0.0,0.0,0.0
2018-08-24,286.44000244140625,287.6700134277344,286.3800048828125,287.510009765625,254.5549774169922,57487400,0.0,0.0,0.0
2018-08-27,288.8599853515625,289.8999938964844,288.67999267578125,289.7799987792969,256.56488037109375,57072400,0.0,0.0,0.0
2018-08-28,290.29998779296875,290.4200134277344,289.3999938964844,289.9200134277344,256.6888427734375,46943500,0.0,0.0,0.0
2018-08-29,290.1600036621094,291.739990234375,289.8900146484375,291.4800109863281,258.0699768066406,61485500,0.0,0.0,0.0
2018-08-30,290.94000244140625,291.3599853515625,289.6300048828125,290.29998779296875,257.0252685546875,61229500,0.0,0.0,0.0
2018-08-31,289.8399963378906,290.80999755859375,289.2900085449219,290.30999755859375,257.0340576171875,66140800,0.0,0.0,0.0
2018-09-04,289.8399963378906,290.2099914550781,288.67999267578125,289.80999755859375,256.5914611816406,57594400,0.0,0.0,0.0
2018-09-05,289.4100036621094,289.6400146484375,287.8900146484375,289.0299987792969,255.9008331298828,72452400,0.0,0.0,0.0
2018-09-06,289.1499938964844,289.489990234375,287.0,288.1600036621094,255.1304931640625,65909900,0.0,0.0,0.0
2018-09-07,286.9800109863281,288.70001220703125,286.7099914550781,287.6000061035156,254.6346893310547,73524800,0.0,0.0,0.0
2018-09-10,288.739990234375,289.0400085449219,287.8800048828125,288.1000061035156,255.0774383544922,50210900,0.0,0.0,0.0
2018-09-11,287.3699951171875,289.54998779296875,286.9800109863281,289.04998779296875,255.91848754882812,50530500,0.0,0.0,0.0
2018-09-12,289.05999755859375,289.79998779296875,288.2300109863281,289.1199951171875,255.98049926757812,59810800,0.0,0.0,0.0
2018-09-13,290.32000732421875,291.0400085449219,290.0,290.8299865722656,257.4945373535156,51034200,0.0,0.0,0.0
2018-09-14,291.05999755859375,291.2699890136719,290.0,290.8800048828125,257.53875732421875,55079900,0.0,0.0,0.0
2018-09-17,290.82000732421875,290.8599853515625,289.0299987792969,289.3399963378906,256.17529296875,68244000,0.0,0.0,0.0
2018-09-18,289.5799865722656,291.5799865722656,289.54998779296875,290.9100036621094,257.5653076171875,61930400,0.0,0.0,0.0
2018-09-19,290.9700012207031,291.69000244140625,290.8299865722656,291.2200012207031,257.83990478515625,49080600,0.0,0.0,0.0
2018-09-20,292.6400146484375,293.94000244140625,291.239990234375,293.5799865722656,259.9292907714844,100360600,0.0,0.0,0.0
2018-09-21,293.0899963378906,293.2200012207031,291.80999755859375,291.989990234375,259.6918640136719,105479700,1.323,0.0,0.0
2018-09-24,291.3399963378906,291.5,290.3699951171875,291.0199890136719,258.8291015625,53409600,0.0,0.0,0.0
2018-09-25,291.5299987792969,291.6499938964844,290.4800109863281,290.75,258.5889892578125,44370000,0.0,0.0,0.0
2018-09-26,290.9100036621094,292.239990234375,289.4100036621094,289.8800048828125,257.8152160644531,79739700,0.0,0.0,0.0
2018-09-27,290.4100036621094,291.9100036621094,290.1000061035156,290.69000244140625,258.5356750488281,59249500,0.0,0.0,0.0
2018-09-28,289.989990234375,291.2799987792969,289.95001220703125,290.7200012207031,258.56231689453125,70091400,0.0,0.0,0.0
2018-10-01,292.1099853515625,292.92999267578125,290.9800109863281,291.7300109863281,259.46063232421875,62078900,0.0,0.0,0.0
2018-10-02,291.55999755859375,292.3599853515625,291.1400146484375,291.55999755859375,259.309326171875,47258200,0.0,0.0,0.0
2018-10-03,292.739990234375,293.2099914550781,291.32000732421875,291.7200012207031,259.4517517089844,64694600,0.0,0.0,0.0
2018-10-04,291.17999267578125,291.239990234375,287.6600036621094,289.44000244140625,257.42388916015625,111545900,0.0,0.0,0.0
2018-10-05,289.69000244140625,290.2699890136719,286.2200012207031,287.82000732421875,255.9831085205078,105951700,0.0,0.0,0.0
2018-10-08,287.04998779296875,288.2200012207031,285.5,287.82000732421875,255.9831085205078,87742200,0.0,0.0,0.0
2018-10-09,287.3900146484375,288.8599853515625,286.7699890136719,287.3999938964844,255.6095428466797,74339000,0.0,0.0,0.0
2018-10-10,286.8299865722656,286.9100036621094,277.8800048828125,278.29998779296875,247.51612854003906,214731000,0.0,0.0,0.0
2018-10-11,277.0799865722656,278.8999938964844,270.3599853515625,272.1700134277344,242.064208984375,274840500,0.0,0.0,0.0
2018-10-12,276.7699890136719,277.0899963378906,272.3699951171875,275.95001220703125,245.42605590820312,183186500,0.0,0.0,0.0
2018-10-15,275.54998779296875,277.0400085449219,274.29998779296875,274.3999938964844,244.04751586914062,102263700,0.0,0.0,0.0
2018-10-16,276.6000061035156,280.82000732421875,276.07000732421875,280.3999938964844,249.38385009765625,118255800,0.0,0.0,0.0
2018-10-17,280.44000244140625,281.1499938964844,277.55999755859375,280.45001220703125,249.42831420898438,110626000,0.0,0.0,0.0
2018-10-18,279.3999938964844,280.07000732421875,274.9700012207031,276.3999938964844,245.8262176513672,134557500,0.0,0.0,0.0
2018-10-19,277.1300048828125,279.29998779296875,275.4700012207031,276.25,245.69284057617188,139901600,0.0,0.0,0.0
2018-10-22,277.0,277.3599853515625,274.4100036621094,275.010009765625,244.59005737304688,82415800,0.0,0.0,0.0
2018-10-23,270.95001220703125,274.8699951171875,268.6099853515625,273.6099853515625,243.34494018554688,146352700,0.0,0.0,0.0
2018-10-24,273.3299865722656,273.760009765625,264.70001220703125,265.32000732421875,235.97195434570312,177806700,0.0,0.0,0.0
2018-10-25,267.3800048828125,271.80999755859375,266.2300109863281,270.0799865722656,240.20538330078125,138061500,0.0,0.0,0.0
2018-10-26,265.9200134277344,271.0,262.2900085449219,265.3299865722656,235.9808349609375,201574600,0.0,0.0,0.0
2018-10-29,268.79998779296875,270.25,259.8500061035156,263.8599853515625,234.67340087890625,160749100,0.0,0.0,0.0
2018-10-30,263.6700134277344,268.1199951171875,263.1199951171875,267.7699890136719,238.15090942382812,157116000,0.0,0.0,0.0
2018-10-31,270.6499938964844,273.2300109863281,270.1199951171875,270.6300048828125,240.69456481933594,128296300,0.0,0.0,0.0
2018-11-01,271.6000061035156,273.7300109863281,270.3800048828125,273.510009765625,243.25601196289062,99495000,0.0,0.0,0.0
2018-11-02,274.75,275.2300109863281,269.5899963378906,271.8900146484375,241.815185546875,122634100,0.0,0.0,0.0
2018-11-05,272.44000244140625,274.010009765625,271.3500061035156,273.3900146484375,243.1492919921875,65622500,0.0,0.0,0.0
2018-11-06,273.32000732421875,275.29998779296875,273.25,275.1199951171875,244.68792724609375,60085900,0.0,0.0,0.0
2018-11-07,277.55999755859375,281.1000061035156,277.0799865722656,281.010009765625,249.92640686035156,102752100,0.0,0.0,0.0
2018-11-08,280.1099853515625,281.2200012207031,279.2200012207031,280.5,249.47276306152344,65584900,0.0,0.0,0.0
2018-11-09,279.0299987792969,279.239990234375,276.17999267578125,277.760009765625,247.03585815429688,98812600,0.0,0.0,0.0
2018-11-12,277.19000244140625,277.4599914550781,271.989990234375,272.57000732421875,242.4199676513672,99673600,0.0,0.0,0.0
2018-11-13,273.0899963378906,275.3299865722656,271.25,272.05999755859375,241.96630859375,98176600,0.0,0.0,0.0
2018-11-14,274.1600036621094,274.6099853515625,268.45001220703125,270.20001220703125,240.31211853027344,125335900,0.0,0.0,0.0
2018-11-15,268.7799987792969,273.5400085449219,267.010009765625,273.0199890136719,242.82022094726562,135101400,0.0,0.0,0.0
2018-11-16,271.7900085449219,274.75,271.2099914550781,273.7300109863281,243.45156860351562,126668000,0.0,0.0,0.0
2018-11-19,273.04998779296875,273.3800048828125,268.07000732421875,269.1000061035156,239.33383178710938,103061700,0.0,0.0,0.0
2018-11-20,265.3599853515625,267.0,263.1499938964844,264.1199951171875,234.9046173095703,136021300,0.0,0.0,0.0
2018-11-21,265.8599853515625,267.1499938964844,265.010009765625,265.0199890136719,235.7051239013672,75563700,0.0,0.0,0.0
2018-11-23,263.17999267578125,264.82000732421875,263.07000732421875,263.25,234.13088989257812,42807900,0.0,0.0,0.0
2018-11-26,265.7799987792969,267.75,265.3399963378906,267.5,237.9108123779297,79981400,0.0,0.0,0.0
2018-11-27,266.3399963378906,268.3999938964844,265.6600036621094,268.3999938964844,238.711181640625,75502400,0.0,0.0,0.0
2018-11-28,269.6000061035156,274.5799865722656,268.3299865722656,274.5799865722656,244.2076416015625,127629600,0.0,0.0,0.0
2018-11-29,273.7099914550781,275.54998779296875,272.42999267578125,273.9800109863281,243.67401123046875,82346400,0.0,0.0,0.0
2018-11-30,273.80999755859375,276.2799987792969,273.45001220703125,275.6499938964844,245.1592559814453,98204200,0.0,0.0,0.0
2018-12-03,280.2799987792969,280.3999938964844,277.510009765625,279.29998779296875,248.405517578125,103176300,0.0,0.0,0.0
2018-12-04,278.3699951171875,278.8500061035156,269.8999938964844,270.25,240.35655212402344,177986000,0.0,0.0,0.0
2018-12-06,265.9200134277344,269.9700012207031,262.44000244140625,269.8399963378906,239.99197387695312,204185400,0.0,0.0,0.0
2018-12-07,269.4599914550781,271.2200012207031,262.6300048828125,263.57000732421875,234.41546630859375,161018900,0.0,0.0,0.0
2018-12-10,263.3699951171875,265.1600036621094,258.6199951171875,264.07000732421875,234.8602294921875,151445900,0.0,0.0,0.0
2018-12-11,267.6600036621094,267.8699951171875,262.4800109863281,264.1300048828125,234.9135284423828,121504400,0.0,0.0,0.0
2018-12-12,267.4700012207031,269.0,265.3699951171875,265.4599914550781,236.09642028808594,97976700,0.0,0.0,0.0
2018-12-13,266.5199890136719,267.489990234375,264.1199951171875,265.3699951171875,236.01634216308594,96662700,0.0,0.0,0.0
2018-12-14,262.9599914550781,264.0299987792969,259.8500061035156,260.4700012207031,231.6583709716797,116961100,0.0,0.0,0.0
2018-12-17,259.3999938964844,260.6499938964844,253.52999877929688,255.36000061035156,227.11363220214844,165492300,0.0,0.0,0.0
2018-12-18,257.20001220703125,257.95001220703125,253.27999877929688,255.0800018310547,226.8646240234375,134515100,0.0,0.0,0.0
2018-12-19,255.1699981689453,259.3999938964844,249.35000610351562,251.25999450683594,223.46714782714844,214992800,0.0,0.0,0.0
2018-12-20,249.86000061035156,251.6199951171875,244.64999389648438,247.1699981689453,219.82955932617188,252053400,0.0,0.0,0.0
2018-12-21,246.74000549316406,249.7100067138672,239.97999572753906,240.6999969482422,215.3253173828125,255345600,1.435,0.0,0.0
2018-12-24,239.0399932861328,240.83999633789062,234.27000427246094,234.33999633789062,209.63583374023438,147311600,0.0,0.0,0.0
2018-12-26,235.97000122070312,246.17999267578125,233.75999450683594,246.17999267578125,220.2276153564453,218485400,0.0,0.0,0.0
2018-12-27,242.57000732421875,248.2899932861328,238.9600067138672,248.07000732421875,221.91847229003906,186267300,0.0,0.0,0.0
2018-12-28,249.5800018310547,251.39999389648438,246.4499969482422,247.75,221.6321258544922,153100200,0.0,0.0,0.0
2018-12-31,249.55999755859375,250.19000244140625,247.47000122070312,249.9199981689453,223.5733642578125,144299400,0.0,0.0,0.0
2019-01-02,245.97999572753906,251.2100067138672,245.9499969482422,250.17999267578125,223.8059539794922,126925200,0.0,0.0,0.0
2019-01-03,248.22999572753906,248.57000732421875,243.6699981689453,244.2100067138672,218.46534729003906,144140700,0.0,0.0,0.0
2019-01-04,247.58999633789062,253.11000061035156,247.1699981689453,252.38999938964844,225.78298950195312,142628800,0.0,0.0,0.0
2019-01-07,252.69000244140625,255.9499969482422,251.69000244140625,254.3800048828125,227.56317138671875,103139100,0.0,0.0,0.0
2019-01-08,256.82000732421875,257.30999755859375,254.0,256.7699890136719,229.70127868652344,102512600,0.0,0.0,0.0
2019-01-09,257.55999755859375,258.9100036621094,256.19000244140625,257.9700012207031,230.7747039794922,95006600,0.0,0.0,0.0
2019-01-10,256.260009765625,259.1600036621094,255.5,258.8800048828125,231.58885192871094,96823900,0.0,0.0,0.0
2019-01-11,257.67999267578125,259.010009765625,257.0299987792969,258.9800109863281,231.67828369140625,73858100,0.0,0.0,0.0
2019-01-14,256.8599853515625,258.29998779296875,256.4100036621094,257.3999938964844,230.2648162841797,70908200,0.0,0.0,0.0
2019-01-15,257.82000732421875,260.70001220703125,257.80999755859375,260.3500061035156,232.90382385253906,85208300,0.0,0.0,0.0
2019-01-16,260.8299865722656,261.9700012207031,260.6000061035156,260.9800109863281,233.46739196777344,77636700,0.0,0.0,0.0
2019-01-17,260.010009765625,263.9200134277344,259.9599914550781,262.9599914550781,235.2386932373047,96118400,0.0,0.0,0.0
2019-01-18,264.9800109863281,266.9800109863281,263.0,266.4599914550781,238.3697509765625,127900300,0.0,0.0,0.0
2019-01-22,264.82000732421875,265.05999755859375,261.05999755859375,262.8599853515625,235.14920043945312,115531200,0.0,0.0,0.0
2019-01-23,264.010009765625,264.7900085449219,260.6600036621094,263.4100036621094,235.64125061035156,86030300,0.0,0.0,0.0
2019-01-24,263.2099914550781,264.20001220703125,262.0799865722656,263.54998779296875,235.76651000976562,59204100,0.0,0.0,0.0
2019-01-25,265.6099853515625,266.70001220703125,263.6600036621094,265.7799987792969,237.76141357421875,96883400,0.0,0.0,0.0
2019-01-28,263.3900146484375,263.8299865722656,261.7900085449219,263.760009765625,235.95436096191406,85613700,0.0,0.0,0.0
2019-01-29,263.9200134277344,264.54998779296875,262.4800109863281,263.4100036621094,235.64125061035156,66136300,0.0,0.0,0.0
2019-01-30,265.1000061035156,268.5199890136719,264.25,267.5799865722656,239.37164306640625,92473700,0.0,0.0,0.0
2019-01-31,267.510009765625,270.4700012207031,267.2699890136719,269.92999267578125,241.47389221191406,104012100,0.0,0.0,0.0
2019-02-01,270.1499938964844,271.20001220703125,269.17999267578125,270.05999755859375,241.5902099609375,85782500,0.0,0.0,0.0
2019-02-04,270.1099853515625,272.0299987792969,269.3599853515625,271.9599914550781,243.28988647460938,60744800,0.0,0.0,0.0
2019-02-05,272.44000244140625,273.44000244140625,271.8800048828125,273.1000061035156,244.30972290039062,79552800,0.0,0.0,0.0
2019-02-06,272.7900085449219,273.3399963378906,271.9200134277344,272.739990234375,243.98764038085938,58347800,0.0,0.0,0.0
2019-02-07,270.94000244140625,271.54998779296875,268.2900085449219,270.1400146484375,241.6617431640625,95482000,0.0,0.0,0.0
2019-02-08,268.75,270.5799865722656,267.8299865722656,270.4700012207031,241.9569549560547,75788900,0.0,0.0,0.0
2019-02-11,271.20001220703125,271.489990234375,270.0299987792969,270.6199951171875,242.09112548828125,68021400,0.0,0.0,0.0
2019-02-12,272.4200134277344,274.5199890136719,272.3399963378906,274.1000061035156,245.20428466796875,72270200,0.0,0.0,0.0
2019-02-13,275.0299987792969,275.92999267578125,274.55999755859375,274.989990234375,246.00047302246094,65277200,0.0,0.0,0.0
2019-02-14,273.7799987792969,275.6400146484375,272.8699951171875,274.3800048828125,245.45486450195312,83234400,0.0,0.0,0.0
2019-02-15,276.3599853515625,277.4100036621094,276.1300048828125,277.3699951171875,248.1295623779297,97088700,0.0,0.0,0.0
2019-02-19,276.4800109863281,278.5799865722656,276.4700012207031,277.8500061035156,248.5590362548828,59120800,0.0,0.0,0.0
2019-02-20,277.80999755859375,278.9200134277344,277.25,278.4100036621094,249.05996704101562,76610800,0.0,0.0,0.0
2019-02-21,277.70001220703125,278.1000061035156,276.3500061035156,277.4200134277344,248.1743927001953,64214700,0.0,0.0,0.0
2019-02-22,278.1099853515625,279.3599853515625,277.3999938964844,279.1400146484375,249.71298217773438,78114600,0.0,0.0,0.0
2019-02-25,280.7300109863281,281.30999755859375,279.42999267578125,279.5199890136719,250.052978515625,69030700,0.0,0.0,0.0
2019-02-26,279.1300048828125,280.29998779296875,278.8999938964844,279.32000732421875,249.87400817871094,56844100,0.0,0.0,0.0
2019-02-27,278.5199890136719,279.5899963378906,277.4800109863281,279.20001220703125,249.76663208007812,56921600,0.0,0.0,0.0
2019-02-28,278.9599914550781,279.45001220703125,278.32000732421875,278.67999267578125,249.30142211914062,69268300,0.0,0.0,0.0
2019-03-01,280.44000244140625,280.8800048828125,278.82000732421875,280.4200134277344,250.8581085205078,78880500,0.0,0.0,0.0
2019-03-04,281.6000061035156,281.8699951171875,276.8399963378906,279.3999938964844,249.94558715820312,106494600,0.0,0.0,0.0
2019-03-05,279.5400085449219,279.760009765625,278.4100036621094,279.0199890136719,249.60565185546875,59114600,0.0,0.0,0.0
2019-03-06,279.1499938964844,279.1600036621094,276.9700012207031,277.3299865722656,248.09381103515625,75039800,0.0,0.0,0.0
2019-03-07,276.8299865722656,276.989990234375,274.07000732421875,275.010009765625,246.0183868408203,94885100,0.0,0.0,0.0
2019-03-08,272.94000244140625,274.6499938964844,272.4200134277344,274.4599914550781,245.5263671875,85795800,0.0,0.0,0.0
2019-03-11,275.260009765625,278.6199951171875,275.2300109863281,278.44000244140625,249.0867919921875,65098900,0.0,0.0,0.0
2019-03-12,279.05999755859375,280.07000732421875,278.8500061035156,279.489990234375,250.02609252929688,79667500,0.0,0.0,0.0
2019-03-13,280.4800109863281,282.3800048828125,280.29998779296875,281.3399963378906,251.68112182617188,80639200,0.0,0.0,0.0
2019-03-14,281.3699951171875,281.8399963378906,280.6700134277344,281.1600036621094,251.5200653076172,67518400,0.0,0.0,0.0
2019-03-15,280.5400085449219,282.2099914550781,280.3299865722656,281.30999755859375,252.7626953125,81309000,1.233,0.0,0.0
2019-03-18,281.54998779296875,282.6600036621094,281.29998779296875,282.3299865722656,253.67922973632812,62199800,0.0,0.0,0.0
2019-03-19,283.510009765625,284.3599853515625,281.4100036621094,282.3999938964844,253.74205017089844,90268100,0.0,0.0,0.0
2019-03-20,282.1600036621094,283.5,280.32000732421875,281.54998779296875,252.97837829589844,84609200,0.0,0.0,0.0
2019-03-21,280.6400146484375,285.17999267578125,280.5899963378906,284.7300109863281,255.83566284179688,79550400,0.0,0.0,0.0
2019-03-22,283.2200012207031,283.79998779296875,279.17999267578125,279.25,250.9116668701172,122659300,0.0,0.0,0.0
2019-03-25,278.8699951171875,280.19000244140625,277.6400146484375,279.0400085449219,250.72308349609375,85575200,0.0,0.0,0.0
2019-03-26,280.989990234375,282.17999267578125,279.55999755859375,281.1199951171875,252.59197998046875,68125900,0.0,0.0,0.0
2019-03-27,281.1099853515625,281.760009765625,277.92999267578125,279.6499938964844,251.27113342285156,72224700,0.0,0.0,0.0
2019-03-28,280.3500061035156,281.2099914550781,279.07000732421875,280.7099914550781,252.2235565185547,56238500,0.0,0.0,0.0
2019-03-29,282.3900146484375,282.8399963378906,281.1400146484375,282.4800109863281,253.81402587890625,82186800,0.0,0.0,0.0
2019-04-01,284.70001220703125,286.1600036621094,284.3999938964844,285.8299865722656,256.8240051269531,77617900,0.0,0.0,0.0
2019-04-02,286.0400085449219,286.2300109863281,285.0899963378906,285.9700012207031,256.9498291015625,40070400,0.0,0.0,0.0
2019-04-03,287.32000732421875,287.760009765625,285.75,286.4200134277344,257.3542175292969,68243200,0.0,0.0,0.0
2019-04-04,286.7799987792969,287.4599914550781,286.010009765625,287.17999267578125,258.03704833984375,48997500,0.0,0.0,0.0
2019-04-05,287.9200134277344,288.6300048828125,287.6000061035156,288.57000732421875,259.28594970703125,58621700,0.0,0.0,0.0
2019-04-08,288.1000061035156,288.9100036621094,287.3699951171875,288.7900085449219,259.4835510253906,53566300,0.0,0.0,0.0
2019-04-09,287.7200012207031,288.0799865722656,286.70001220703125,287.30999755859375,258.1538391113281,66142300,0.0,0.0,0.0
2019-04-10,287.7699890136719,288.3900146484375,287.30999755859375,288.2900085449219,259.0343933105469,52601500,0.0,0.0,0.0
2019-04-11,288.8299865722656,288.8399963378906,287.5799865722656,288.2099914550781,258.9625549316406,55093100,0.0,0.0,0.0
2019-04-12,290.0,290.4700012207031,288.260009765625,290.1600036621094,260.71453857421875,69727800,0.0,0.0,0.0
2019-04-15,290.239990234375,290.3500061035156,289.0799865722656,289.9700012207031,260.5438537597656,49596700,0.0,0.0,0.0
2019-04-16,290.95001220703125,291.010009765625,289.5,290.1600036621094,260.71453857421875,52153200,0.0,0.0,0.0
2019-04-17,291.3999938964844,291.42999267578125,288.989990234375,289.45001220703125,260.07666015625,58268300,0.0,0.0,0.0
2019-04-18,290.1000061035156,290.32000732421875,288.6600036621094,290.0199890136719,260.5888366699219,68708500,0.0,0.0,0.0
2019-04-22,289.1700134277344,290.44000244140625,289.07000732421875,290.2699890136719,260.81341552734375,40160100,0.0,0.0,0.0
2019-04-23,290.67999267578125,293.1400146484375,290.4200134277344,292.8800048828125,263.1585998535156,52246600,0.0,0.0,0.0
2019-04-24,292.7900085449219,293.1600036621094,292.07000732421875,292.2300109863281,262.5745849609375,50392900,0.0,0.0,0.0
2019-04-25,292.1199951171875,292.7799987792969,290.7300109863281,292.04998779296875,262.4128112792969,57770900,0.0,0.0,0.0
2019-04-26,292.1000061035156,293.489990234375,291.239990234375,293.4100036621094,263.6347351074219,50916400,0.0,0.0,0.0
2019-04-29,293.510009765625,294.45001220703125,293.4100036621094,293.8699951171875,264.048095703125,57197700,0.0,0.0,0.0
2019-04-30,293.489990234375,294.3399963378906,291.9200134277344,294.0199890136719,264.18280029296875,81111700,0.0,0.0,0.0
2019-05-01,294.7200012207031,294.95001220703125,291.79998779296875,291.80999755859375,262.19720458984375,71671900,0.0,0.0,0.0
2019-05-02,291.67999267578125,292.70001220703125,289.5199890136719,291.17999267578125,261.6310119628906,65030200,0.0,0.0,0.0
2019-05-03,292.82000732421875,294.3399963378906,291.29998779296875,294.0299987792969,264.1918640136719,56543700,0.0,0.0,0.0
2019-05-06,289.25,293.30999755859375,288.8999938964844,292.82000732421875,263.10467529296875,107198100,0.0,0.0,0.0
2019-05-07,290.1499938964844,290.80999755859375,285.80999755859375,287.92999267578125,258.7108459472656,144729900,0.0,0.0,0.0
2019-05-08,287.5299987792969,289.42999267578125,286.8699951171875,287.5299987792969,258.3514404296875,91568300,0.0,0.0,0.0
2019-05-09,285.2300109863281,287.3299865722656,283.29998779296875,286.6600036621094,257.56976318359375,103471100,0.0,0.0,0.0
2019-05-10,285.6199951171875,288.94000244140625,282.29998779296875,288.1000061035156,258.8636169433594,112429300,0.0,0.0,0.0
2019-05-13,282.4200134277344,283.489990234375,279.92999267578125,280.8599853515625,252.35830688476562,127290500,0.0,0.0,0.0
2019-05-14,281.989990234375,285.1000061035156,281.8500061035156,283.3999938964844,254.6405029296875,77003200,0.0,0.0,0.0
2019-05-15,281.5899963378906,285.7699890136719,281.3599853515625,285.05999755859375,256.1321716308594,73956400,0.0,0.0,0.0
2019-05-16,285.8399963378906,289.2099914550781,285.760009765625,287.70001220703125,258.5042419433594,76749600,0.0,0.0,0.0
2019-05-17,285.1400146484375,288.6000061035156,285.1199951171875,285.8399963378906,256.8330383300781,100353000,0.0,0.0,0.0
2019-05-20,284.05999755859375,285.9599914550781,283.1199951171875,283.95001220703125,255.134765625,62877600,0.0,0.0,0.0
2019-05-21,285.8299865722656,286.92999267578125,285.54998779296875,286.510009765625,257.4350280761719,46847100,0.0,0.0,0.0
2019-05-22,285.45001220703125,286.69000244140625,285.1000061035156,285.6300048828125,256.6442565917969,49482500,0.0,0.0,0.0
2019-05-23,283.1600036621094,283.2099914550781,280.57000732421875,282.1400146484375,253.50843811035156,98733800,0.0,0.0,0.0
2019-05-24,283.739990234375,284.20001220703125,282.0899963378906,282.7799987792969,254.08346557617188,55268100,0.0,0.0,0.0
2019-05-28,283.0899963378906,284.1499938964844,280.1300048828125,280.1499938964844,251.720458984375,70029400,0.0,0.0,0.0
2019-05-29,278.9100036621094,279.3599853515625,276.7099914550781,278.2699890136719,250.03118896484375,104972900,0.0,0.0,0.0
2019-05-30,279.1099853515625,280.0400085449219,277.80999755859375,279.0299987792969,250.7140350341797,62523800,0.0,0.0,0.0
2019-05-31,276.20001220703125,277.1199951171875,275.239990234375,275.2699890136719,247.33560180664062,86862800,0.0,0.0,0.0
2019-06-03,275.30999755859375,276.54998779296875,273.0899963378906,274.57000732421875,246.70664978027344,96428000,0.0,0.0,0.0
2019-06-04,277.1199951171875,280.67999267578125,276.6199951171875,280.5299987792969,252.06187438964844,77231900,0.0,0.0,0.0
2019-06-05,282.3299865722656,282.989990234375,280.32000732421875,282.9599914550781,254.24525451660156,71169700,0.0,0.0,0.0
2019-06-06,283.2900085449219,285.54998779296875,282.57000732421875,284.79998779296875,255.8984832763672,69430400,0.0,0.0,0.0
2019-06-07,285.92999267578125,288.8500061035156,285.739990234375,287.6499938964844,258.4593505859375,74272200,0.0,0.0,0.0
2019-06-10,289.3699951171875,290.82000732421875,288.8699951171875,288.9700012207031,259.6454162597656,60799100,0.0,0.0,0.0
2019-06-11,290.989990234375,291.3999938964844,288.17999267578125,288.8999938964844,259.5824279785156,58641300,0.0,0.0,0.0
2019-06-12,288.6400146484375,289.260009765625,287.82000732421875,288.3900146484375,259.1242370605469,47096300,0.0,0.0,0.0
2019-06-13,289.3999938964844,289.9800109863281,288.6199951171875,289.5799865722656,260.19342041015625,48945200,0.0,0.0,0.0
2019-06-14,289.260009765625,289.92999267578125,288.4100036621094,289.260009765625,259.9059753417969,52324700,0.0,0.0,0.0
2019-06-17,289.5199890136719,290.2200012207031,289.17999267578125,289.3699951171875,260.0047302246094,39205700,0.0,0.0,0.0
2019-06-18,291.3900146484375,293.57000732421875,290.989990234375,292.3999938964844,262.727294921875,85434800,0.0,0.0,0.0
2019-06-19,292.54998779296875,293.6499938964844,291.4700012207031,293.05999755859375,263.3203430175781,78674400,0.0,0.0,0.0
2019-06-20,296.0400085449219,296.30999755859375,293.1300048828125,295.8599853515625,265.83612060546875,116570000,0.0,0.0,0.0
2019-06-21,294.1300048828125,295.5199890136719,293.760009765625,294.0,265.4497375488281,83309500,1.432,0.0,0.0
2019-06-24,294.2300109863281,294.5799865722656,293.4700012207031,293.6400146484375,265.1246337890625,47582700,0.0,0.0,0.0
2019-06-25,293.70001220703125,293.7300109863281,290.6400146484375,290.760009765625,262.5244140625,82028700,0.0,0.0,0.0
2019-06-26,291.75,292.30999755859375,290.3500061035156,290.4700012207031,262.26251220703125,51584900,0.0,0.0,0.0
2019-06-27,291.30999755859375,292.05999755859375,290.8900146484375,291.5,263.1925354003906,40355200,0.0,0.0,0.0
2019-06-28,292.5799865722656,293.54998779296875,292.010009765625,293.0,264.5468444824219,59350900,0.0,0.0,0.0
2019-07-01,296.67999267578125,296.9200134277344,294.3299865722656,295.6600036621094,266.948486328125,78705600,0.0,0.0,0.0
2019-07-02,295.6099853515625,296.489990234375,294.67999267578125,296.42999267578125,267.643798828125,61504500,0.0,0.0,0.0
2019-07-03,297.17999267578125,298.82000732421875,297.0199890136719,298.79998779296875,269.78363037109375,40898900,0.0,0.0,0.0
2019-07-05,297.44000244140625,298.6400146484375,296.010009765625,298.4599914550781,269.4765319824219,51677300,0.0,0.0,0.0
2019-07-08,297.010009765625,298.260009765625,296.2200012207031,296.82000732421875,267.99591064453125,45841800,0.0,0.0,0.0
2019-07-09,295.5400085449219,297.5199890136719,295.4800109863281,297.19000244140625,268.33001708984375,41101300,0.0,0.0,0.0
2019-07-10,298.3699951171875,299.6600036621094,297.7799987792969,298.6099853515625,269.6120300292969,58448500,0.0,0.0,0.0
2019-07-11,299.32000732421875,299.5799865722656,298.20001220703125,299.30999755859375,270.2440185546875,50826100,0.0,0.0,0.0
2019-07-12,299.8500061035156,300.7300109863281,299.510009765625,300.6499938964844,271.4539489746094,40326000,0.0,0.0,0.0
2019-07-15,301.1300048828125,301.1300048828125,300.19000244140625,300.75,271.5442199707031,33900000,0.0,0.0,0.0
2019-07-16,300.6499938964844,300.8800048828125,299.44000244140625,299.7799987792969,270.6684875488281,36650100,0.0,0.0,0.0
2019-07-17,299.75,299.92999267578125,297.739990234375,297.739990234375,268.82647705078125,36036300,0.0,0.0,0.0
2019-07-18,297.19000244140625,299.25,296.70001220703125,298.8299865722656,269.8106689453125,51392600,0.0,0.0,0.0
2019-07-19,300.0400085449219,300.07000732421875,296.9800109863281,297.1700134277344,268.3118591308594,58678600,0.0,0.0,0.0
2019-07-22,297.6099853515625,298.5,297.0400085449219,297.8999938964844,268.9709777832031,43638100,0.0,0.0,0.0
2019-07-23,299.1400146484375,300.0299987792969,298.2200012207031,300.0299987792969,270.8941650390625,44564500,0.0,0.0,0.0
2019-07-24,299.19000244140625,301.44000244140625,299.0899963378906,301.44000244140625,272.167236328125,47213200,0.0,0.0,0.0
2019-07-25,300.94000244140625,301.0,299.1099853515625,300.0,270.86712646484375,55394100,0.0,0.0,0.0
2019-07-26,300.760009765625,302.2300109863281,300.6199951171875,302.010009765625,272.6818542480469,45084100,0.0,0.0,0.0
2019-07-29,301.8800048828125,302.010009765625,300.8500061035156,301.4599914550781,272.18524169921875,38126500,0.0,0.0,0.0
2019-07-30,299.9100036621094,301.1700134277344,299.489990234375,300.7200012207031,271.5171813964844,45849000,0.0,0.0,0.0
2019-07-31,300.989990234375,301.20001220703125,295.20001220703125,297.42999267578125,268.5466003417969,104245200,0.0,0.0,0.0
2019-08-01,297.6000061035156,300.8699951171875,293.9599914550781,294.8399963378906,266.20819091796875,142646600,0.0,0.0,0.0
2019-08-02,293.8500061035156,294.1199951171875,290.8999938964844,292.6199951171875,264.2037353515625,116749700,0.0,0.0,0.0
2019-08-05,288.0899963378906,288.2099914550781,281.7200012207031,283.82000732421875,256.2582702636719,178745400,0.0,0.0,0.0
2019-08-06,285.9100036621094,288.0400085449219,284.2799987792969,287.79998779296875,259.851806640625,120711700,0.0,0.0,0.0
2019-08-07,284.3999938964844,288.82000732421875,282.0400085449219,287.9700012207031,260.0053405761719,140572300,0.0,0.0,0.0
2019-08-08,289.6199951171875,293.6199951171875,289.010009765625,293.6199951171875,265.10662841796875,87713900,0.0,0.0,0.0
2019-08-09,292.5799865722656,293.239990234375,289.6499938964844,291.6199951171875,263.3009338378906,93730000,0.0,0.0,0.0
2019-08-12,289.9599914550781,291.6099853515625,287.0199890136719,288.07000732421875,260.0956115722656,65527600,0.0,0.0,0.0
2019-08-13,287.739990234375,294.1499938964844,287.3599853515625,292.54998779296875,264.14056396484375,94299800,0.0,0.0,0.0
2019-08-14,288.07000732421875,288.739990234375,283.760009765625,283.8999938964844,256.3305969238281,135622100,0.0,0.0,0.0
2019-08-15,284.8800048828125,285.6400146484375,282.3900146484375,284.6499938964844,257.0076904296875,99556600,0.0,0.0,0.0
2019-08-16,286.4800109863281,289.3299865722656,284.7099914550781,288.8500061035156,260.79986572265625,83018300,0.0,0.0,0.0
2019-08-19,292.19000244140625,293.0799865722656,291.44000244140625,292.3299865722656,263.94189453125,53571800,0.0,0.0,0.0
2019-08-20,291.7699890136719,292.3599853515625,289.95001220703125,290.0899963378906,261.91937255859375,51596400,0.0,0.0,0.0
2019-08-21,292.4800109863281,292.8599853515625,291.7200012207031,292.45001220703125,264.0502624511719,49524700,0.0,0.0,0.0
2019-08-22,293.2300109863281,293.92999267578125,290.3999938964844,292.3599853515625,263.9689636230469,51666400,0.0,0.0,0.0
2019-08-23,290.9200134277344,292.760009765625,283.4700012207031,284.8500061035156,257.1882629394531,149161500,0.0,0.0,0.0
2019-08-26,287.2699890136719,288.0,285.5799865722656,288.0,260.0323791503906,72423800,0.0,0.0,0.0
2019-08-27,289.5400085449219,289.95001220703125,286.0299987792969,286.8699951171875,259.0120544433594,66668900,0.0,0.0,0.0
2019-08-28,286.1400146484375,289.07000732421875,285.25,288.8900146484375,260.8359375,59696700,0.0,0.0,0.0
2019-08-29,291.7200012207031,293.1600036621094,290.6099853515625,292.5799865722656,264.1676025390625,57899400,0.0,0.0,0.0
2019-08-30,294.2200012207031,294.239990234375,291.4200134277344,292.45001220703125,264.0502624511719,62901200,0.0,0.0,0.0
2019-09-03,290.57000732421875,291.5799865722656,289.2699890136719,290.739990234375,262.50640869140625,69101400,0.0,0.0,0.0
2019-09-04,293.1400146484375,294.05999755859375,292.30999755859375,294.0400085449219,265.48583984375,46887300,0.0,0.0,0.0
2019-09-05,296.7900085449219,298.8299865722656,294.0,297.82000732421875,268.89874267578125,83258100,0.0,0.0,0.0
2019-09-06,298.1700134277344,298.760009765625,297.4200134277344,298.04998779296875,269.1063537597656,49584300,0.0,0.0,0.0
2019-09-09,299.1400146484375,299.239990234375,297.1600036621094,298.20001220703125,269.2419128417969,51260300,0.0,0.0,0.0
2019-09-10,297.3599853515625,298.20001220703125,295.9700012207031,298.1300048828125,269.1787414550781,57947100,0.0,0.0,0.0
2019-09-11,298.4700012207031,300.3399963378906,297.75,300.25,271.0928039550781,68821100,0.0,0.0,0.0
2019-09-12,301.25,302.4599914550781,300.4100036621094,301.2900085449219,272.0318298339844,72908700,0.0,0.0,0.0
2019-09-13,301.7799987792969,302.1700134277344,300.67999267578125,301.0899963378906,271.85125732421875,62104800,0.0,0.0,0.0
2019-09-16,299.8399963378906,301.1400146484375,299.45001220703125,300.1600036621094,271.0115051269531,58191200,0.0,0.0,0.0
2019-09-17,299.94000244140625,301.0199890136719,299.75,300.9200134277344,271.69769287109375,41475500,0.0,0.0,0.0
2019-09-18,300.489990234375,301.2200012207031,298.239990234375,301.1000061035156,271.8602294921875,73375800,0.0,0.0,0.0
2019-09-19,301.5299987792969,302.6300048828125,300.7099914550781,301.0799865722656,271.8421936035156,76560500,0.0,0.0,0.0
2019-09-20,300.3599853515625,300.6700134277344,297.4100036621094,298.2799987792969,270.5578308105469,89565000,1.384,0.0,0.0
2019-09-23,297.54998779296875,299.0,297.2699890136719,298.2099914550781,270.49432373046875,43476800,0.0,0.0,0.0
2019-09-24,299.4100036621094,299.8399963378906,294.80999755859375,295.8699951171875,268.3717346191406,94869400,0.0,0.0,0.0
2019-09-25,295.9599914550781,298.1099853515625,294.3299865722656,297.6199951171875,269.959228515625,71854000,0.0,0.0,0.0
2019-09-26,297.6300048828125,297.8599853515625,295.45001220703125,297.0,269.3968200683594,56179700,0.0,0.0,0.0
2019-09-27,297.8299865722656,297.95001220703125,293.69000244140625,295.3999938964844,267.94549560546875,84746600,0.0,0.0,0.0
2019-09-30,295.9700012207031,297.54998779296875,295.9200134277344,296.7699890136719,269.1880187988281,51662400,0.0,0.0,0.0
2019-10-01,297.739990234375,298.4599914550781,293.0,293.239990234375,265.9862060546875,88242400,0.0,0.0,0.0
2019-10-02,291.5,291.510009765625,286.6400146484375,288.05999755859375,261.2876892089844,122539500,0.0,0.0,0.0
2019-10-03,287.80999755859375,290.45001220703125,284.82000732421875,290.4200134277344,263.4283142089844,85278800,0.0,0.0,0.0
2019-10-04,291.1400146484375,294.6300048828125,291.0799865722656,294.3500061035156,266.99310302734375,65091200,0.0,0.0,0.0
2019-10-07,293.4700012207031,295.260009765625,292.7699890136719,293.0799865722656,265.8410339355469,59610500,0.0,0.0,0.0
2019-10-08,291.0400085449219,291.8500061035156,288.489990234375,288.5299987792969,261.7139892578125,95708100,0.0,0.0,0.0
2019-10-09,290.75,292.29998779296875,290.05999755859375,291.2699890136719,264.1993103027344,62359400,0.0,0.0,0.0
2019-10-10,291.17999267578125,294.2099914550781,291.0,293.239990234375,265.9862060546875,55296300,0.0,0.0,0.0
2019-10-11,296.2699890136719,298.739990234375,296.1400146484375,296.2799987792969,268.74365234375,98720400,0.0,0.0,0.0
2019-10-14,295.92999267578125,296.6700134277344,295.57000732421875,295.95001220703125,268.4443054199219,40394800,0.0,0.0,0.0
2019-10-15,297.1000061035156,299.70001220703125,296.9700012207031,298.8800048828125,271.1020812988281,46754500,0.0,0.0,0.0
2019-10-16,298.3699951171875,299.1600036621094,297.9200134277344,298.3999938964844,270.6665954589844,48928200,0.0,0.0,0.0
2019-10-17,299.67999267578125,300.239990234375,298.5199890136719,299.2799987792969,271.4648742675781,45736600,0.0,0.0,0.0
2019-10-18,298.69000244140625,299.3999938964844,297.0299987792969,297.9700012207031,270.27667236328125,64304000,0.0,0.0,0.0
2019-10-21,299.4200134277344,300.2099914550781,298.94000244140625,299.989990234375,272.1088562011719,39048600,0.0,0.0,0.0
2019-10-22,300.5799865722656,300.8999938964844,298.9100036621094,299.010009765625,271.2200622558594,48594700,0.0,0.0,0.0
2019-10-23,298.7300109863281,299.94000244140625,298.5,299.8800048828125,272.009033203125,34352200,0.0,0.0,0.0
2019-10-24,300.9100036621094,301.07000732421875,299.4599914550781,300.3699951171875,272.4535827636719,35453100,0.0,0.0,0.0
2019-10-25,299.739990234375,302.20001220703125,299.67999267578125,301.6000061035156,273.5692443847656,45205400,0.0,0.0,0.0
2019-10-28,302.94000244140625,303.8500061035156,302.9100036621094,303.29998779296875,275.1112976074219,42147000,0.0,0.0,0.0
2019-10-29,303.0,304.2300109863281,302.8599853515625,303.2099914550781,275.029541015625,44284900,0.0,0.0,0.0
2019-10-30,303.42999267578125,304.54998779296875,301.989990234375,304.1400146484375,275.8731384277344,49643900,0.0,0.0,0.0
2019-10-31,304.1300048828125,304.1300048828125,301.7300109863281,303.3299865722656,275.1384582519531,69053800,0.0,0.0,0.0
2019-11-01,304.9200134277344,306.19000244140625,304.739990234375,306.1400146484375,277.6873474121094,71141500,0.0,0.0,0.0
2019-11-04,307.8500061035156,308.0,306.9599914550781,307.3699951171875,278.802978515625,60606900,0.0,0.0,0.0
2019-11-05,307.5899963378906,307.9200134277344,306.7099914550781,307.0299987792969,278.49456787109375,42933200,0.0,0.0,0.0
2019-11-06,307.0299987792969,307.3999938964844,306.05999755859375,307.1000061035156,278.55804443359375,46487100,0.0,0.0,0.0
2019-11-07,308.57000732421875,309.6499938964844,307.6600036621094,308.17999267578125,279.53765869140625,54272300,0.0,0.0,0.0
2019-11-08,307.79998779296875,309.0,307.0299987792969,308.94000244140625,280.22705078125,49032100,0.0,0.0,0.0
2019-11-11,307.4200134277344,308.5400085449219,307.2699890136719,308.3500061035156,279.6918640136719,35797300,0.0,0.0,0.0
2019-11-12,308.75,309.989990234375,308.1499938964844,309.0,280.2814025878906,46484600,0.0,0.0,0.0
2019-11-13,307.9100036621094,309.5400085449219,307.6600036621094,309.1000061035156,280.3721618652344,53917700,0.0,0.0,0.0
2019-11-14,308.7900085449219,309.6400146484375,308.0899963378906,309.54998779296875,280.7803649902344,51219900,0.0,0.0,0.0
2019-11-15,311.0199890136719,311.8399963378906,310.260009765625,311.7900085449219,282.8121643066406,62023600,0.0,0.0,0.0
2019-11-18,311.5299987792969,312.2799987792969,311.0299987792969,312.0199890136719,283.02081298828125,49228000,0.0,0.0,0.0
2019-11-19,312.67999267578125,312.69000244140625,311.2200012207031,311.92999267578125,282.9391784667969,67804700,0.0,0.0,0.0
2019-11-20,311.2799987792969,311.8500061035156,309.05999755859375,310.7699890136719,281.8868713378906,79406200,0.0,0.0,0.0
2019-11-21,310.8900146484375,311.010009765625,309.3900146484375,310.2699890136719,281.4333190917969,54664700,0.0,0.0,0.0
2019-11-22,311.0899963378906,311.239990234375,309.8500061035156,310.9599914550781,282.0592956542969,44850200,0.0,0.0,0.0
2019-11-25,311.9800109863281,313.3699951171875,311.9800109863281,313.3699951171875,284.245361328125,48647200,0.0,0.0,0.0
2019-11-26,313.4100036621094,314.2799987792969,313.05999755859375,314.0799865722656,284.88934326171875,37569000,0.0,0.0,0.0
2019-11-27,314.6099853515625,315.4800109863281,314.3699951171875,315.4800109863281,286.1591491699219,44444600,0.0,0.0,0.0
2019-11-29,314.8599853515625,315.1300048828125,314.05999755859375,314.30999755859375,285.097900390625,36592700,0.0,0.0,0.0
2019-12-02,314.5899963378906,314.6600036621094,311.1700134277344,311.6400146484375,282.67608642578125,75767800,0.0,0.0,0.0
2019-12-03,308.6499938964844,309.6400146484375,307.1300048828125,309.54998779296875,280.7803649902344,73941700,0.0,0.0,0.0
2019-12-04,310.70001220703125,312.1199951171875,310.32000732421875,311.4599914550781,282.5128479003906,49080000,0.0,0.0,0.0
2019-12-05,312.2300109863281,312.25,310.5799865722656,312.0199890136719,283.02081298828125,40709000,0.0,0.0,0.0
2019-12-06,314.1199951171875,315.30999755859375,314.1099853515625,314.8699951171875,285.6059265136719,48927000,0.0,0.0,0.0
2019-12-09,314.44000244140625,315.17999267578125,313.79998779296875,313.8800048828125,284.7079162597656,34838500,0.0,0.0,0.0
2019-12-10,313.82000732421875,314.54998779296875,312.80999755859375,313.5299987792969,284.3904724121094,52649800,0.0,0.0,0.0
2019-12-11,314.0299987792969,314.70001220703125,313.44000244140625,314.4200134277344,285.19769287109375,53429100,0.0,0.0,0.0
2019-12-12,314.42999267578125,317.989990234375,314.1700134277344,317.1300048828125,287.65582275390625,96389600,0.0,0.0,0.0
2019-12-13,316.8699951171875,318.6700134277344,316.0199890136719,317.32000732421875,287.82818603515625,81503900,0.0,0.0,0.0
2019-12-16,319.2200012207031,320.1499938964844,317.25,319.5,289.80560302734375,82749700,0.0,0.0,0.0
2019-12-17,319.9200134277344,320.25,319.4800109863281,319.57000732421875,289.8691711425781,61097700,0.0,0.0,0.0
2019-12-18,320.0,320.25,319.5299987792969,319.5899963378906,289.8872375488281,48133000,0.0,0.0,0.0
2019-12-19,319.79998779296875,320.9800109863281,319.5199890136719,320.8999938964844,291.0754699707031,85310500,0.0,0.0,0.0
2019-12-20,320.4599914550781,321.9700012207031,319.3900146484375,320.7300109863281,292.3515930175781,147142100,1.57,0.0,0.0
2019-12-23,321.5899963378906,321.6499938964844,321.05999755859375,321.2200012207031,292.7982482910156,52990000,0.0,0.0,0.0
2019-12-24,321.4700012207031,321.5199890136719,320.8999938964844,321.2300109863281,292.807373046875,20270000,0.0,0.0,0.0
2019-12-26,321.6499938964844,322.95001220703125,321.6400146484375,322.94000244140625,294.36602783203125,30911200,0.0,0.0,0.0
2019-12-27,323.739990234375,323.79998779296875,322.2799987792969,322.8599853515625,294.29315185546875,42528800,0.0,0.0,0.0
2019-12-30,322.95001220703125,323.1000061035156,320.54998779296875,321.0799865722656,292.67059326171875,49729100,0.0,0.0,0.0
2019-12-31,320.5299987792969,322.1300048828125,320.1499938964844,321.8599853515625,293.381591796875,57077300,0.0,0.0,0.0
2020-01-02,323.5400085449219,324.8900146484375,322.5299987792969,324.8699951171875,296.1252746582031,59151200,0.0,0.0,0.0
2020-01-03,321.1600036621094,323.6400146484375,321.1000061035156,322.4100036621094,293.88299560546875,77709700,0.0,0.0,0.0
2020-01-06,320.489990234375,323.7300109863281,320.3599853515625,323.6400146484375,295.0040588378906,55653900,0.0,0.0,0.0
2020-01-07,323.0199890136719,323.5400085449219,322.239990234375,322.7300109863281,294.1746826171875,40496400,0.0,0.0,0.0
2020-01-08,322.94000244140625,325.7799987792969,322.6700134277344,324.45001220703125,295.7425231933594,68296000,0.0,0.0,0.0
2020-01-09,326.1600036621094,326.7300109863281,325.5199890136719,326.6499938964844,297.74774169921875,48473300,0.0,0.0,0.0
2020-01-10,327.2900085449219,327.4599914550781,325.20001220703125,325.7099914550781,296.8909606933594,53029300,0.0,0.0,0.0
2020-01-13,326.3900146484375,327.9599914550781,325.9200134277344,327.95001220703125,298.9327392578125,47086800,0.0,0.0,0.0
2020-01-14,327.4700012207031,328.6199951171875,326.8399963378906,327.45001220703125,298.47698974609375,62832800,0.0,0.0,0.0
2020-01-15,327.3500061035156,329.0199890136719,327.260009765625,328.19000244140625,299.1515197753906,72056600,0.0,0.0,0.0
2020-01-16,329.70001220703125,330.9200134277344,329.45001220703125,330.9200134277344,301.6399230957031,54050300,0.0,0.0,0.0
2020-01-17,331.70001220703125,332.17999267578125,330.8500061035156,331.95001220703125,302.5788879394531,95846000,0.0,0.0,0.0
2020-01-21,330.8999938964844,332.17999267578125,330.82000732421875,331.29998779296875,301.986328125,77742400,0.0,0.0,0.0
2020-01-22,332.239990234375,332.95001220703125,331.1700134277344,331.3399963378906,302.02276611328125,48914900,0.0,0.0,0.0
2020-01-23,330.6300048828125,332.1700134277344,329.4100036621094,331.7200012207031,302.36920166015625,51963000,0.0,0.0,0.0
2020-01-24,332.44000244140625,332.5299987792969,327.3599853515625,328.7699890136719,299.68017578125,87578400,0.0,0.0,0.0
2020-01-27,323.0299987792969,325.1199951171875,322.6600036621094,323.5,294.8765563964844,84062500,0.0,0.0,0.0
2020-01-28,325.05999755859375,327.8500061035156,323.6000061035156,326.8900146484375,297.96661376953125,63834000,0.0,0.0,0.0
2020-01-29,328.3800048828125,328.6300048828125,326.3999938964844,326.6199951171875,297.7203674316406,53888900,0.0,0.0,0.0
2020-01-30,324.3599853515625,327.9100036621094,323.5400085449219,327.67999267578125,298.6866455078125,75491800,0.0,0.0,0.0
2020-01-31,327.0,327.1700134277344,320.7300109863281,321.7300109863281,293.2630920410156,113845600,0.0,0.0,0.0
2020-02-03,323.3500061035156,326.1600036621094,323.2200012207031,324.1199951171875,295.4416809082031,69083000,0.0,0.0,0.0
2020-02-04,328.07000732421875,330.010009765625,327.7200012207031,329.05999755859375,299.944580078125,62573200,0.0,0.0,0.0
2020-02-05,332.2699890136719,333.0899963378906,330.6700134277344,332.8599853515625,303.40826416015625,65951100,0.0,0.0,0.0
2020-02-06,333.9100036621094,334.19000244140625,332.79998779296875,333.9800109863281,304.42919921875,50359700,0.0,0.0,0.0
2020-02-07,332.82000732421875,333.989990234375,331.6000061035156,332.20001220703125,302.80670166015625,64139400,0.0,0.0,0.0
2020-02-10,331.2300109863281,334.75,331.19000244140625,334.67999267578125,305.0672912597656,42070000,0.0,0.0,0.0
2020-02-11,336.1600036621094,337.0199890136719,334.67999267578125,335.260009765625,305.5959777832031,54864500,0.0,0.0,0.0
2020-02-12,336.8299865722656,337.6499938964844,336.42999267578125,337.4200134277344,307.5648498535156,43992700,0.0,0.0,0.0
2020-02-13,335.8599853515625,338.1199951171875,335.55999755859375,337.05999755859375,307.2366943359375,54501900,0.0,0.0,0.0
2020-02-14,337.510009765625,337.7300109863281,336.20001220703125,337.6000061035156,307.7289733886719,64582200,0.0,0.0,0.0
2020-02-18,336.510009765625,337.6700134277344,335.2099914550781,336.7300109863281,306.9359436035156,57226200,0.0,0.0,0.0
2020-02-19,337.7900085449219,339.0799865722656,337.4800109863281,338.3399963378906,308.4034729003906,48814700,0.0,0.0,0.0
2020-02-20,337.739990234375,338.6400146484375,333.67999267578125,336.95001220703125,307.1364440917969,74163400,0.0,0.0,0.0
2020-02-21,335.4700012207031,335.80999755859375,332.5799865722656,333.4800109863281,303.9735107421875,113788200,0.0,0.0,0.0
2020-02-24,323.1400146484375,333.55999755859375,321.239990234375,322.4200134277344,293.8920593261719,161088400,0.0,0.0,0.0
2020-02-25,323.94000244140625,324.6099853515625,311.69000244140625,312.6499938964844,284.98663330078125,218913200,0.0,0.0,0.0
2020-02-26,314.17999267578125,318.1099853515625,310.70001220703125,311.5,283.9382629394531,194773800,0.0,0.0,0.0
2020-02-27,305.4599914550781,311.55999755859375,297.510009765625,297.510009765625,271.1861267089844,284353500,0.0,0.0,0.0
2020-02-28,288.70001220703125,297.8900146484375,285.5400085449219,296.260009765625,270.0467224121094,384975800,0.0,0.0,0.0
2020-03-02,298.2099914550781,309.1600036621094,294.4599914550781,309.0899963378906,281.74151611328125,238703600,0.0,0.0,0.0
2020-03-03,309.5,313.8399963378906,297.57000732421875,300.239990234375,273.674560546875,300139100,0.0,0.0,0.0
2020-03-04,306.1199951171875,313.1000061035156,303.3299865722656,312.8599853515625,285.1779479980469,176613400,0.0,0.0,0.0
2020-03-05,304.9800109863281,308.4700012207031,300.010009765625,302.4599914550781,275.6981506347656,186366800,0.0,0.0,0.0
2020-03-06,293.1499938964844,298.7799987792969,290.2300109863281,297.4599914550781,271.1404724121094,228667200,0.0,0.0,0.0
2020-03-09,275.29998779296875,284.19000244140625,273.45001220703125,274.2300109863281,249.9659881591797,309417300,0.0,0.0,0.0
2020-03-10,284.6400146484375,288.5199890136719,273.5,288.4200134277344,262.900390625,276444100,0.0,0.0,0.0
2020-03-11,280.70001220703125,281.94000244140625,270.8800048828125,274.3599853515625,250.0844268798828,255316300,0.0,0.0,0.0
2020-03-12,256.0,266.6600036621094,247.67999267578125,248.11000061035156,226.15704345703125,392220700,0.0,0.0,0.0
2020-03-13,263.0899963378906,271.4800109863281,248.52000427246094,269.32000732421875,245.4904327392578,329566100,0.0,0.0,0.0
2020-03-16,241.17999267578125,256.8999938964844,237.36000061035156,239.85000610351562,218.62791442871094,297240000,0.0,0.0,0.0
2020-03-17,245.0399932861328,256.1700134277344,237.07000732421875,252.8000030517578,230.43209838867188,262070500,0.0,0.0,0.0
2020-03-18,236.25,248.3699951171875,228.02000427246094,240.0,218.76463317871094,327597100,0.0,0.0,0.0
2020-03-19,239.25,247.3800048828125,232.22000122070312,240.50999450683594,219.2295379638672,289322000,0.0,0.0,0.0
2020-03-20,242.52999877929688,244.47000122070312,228.5,228.8000030517578,209.78199768066406,347158800,1.406,0.0,0.0
2020-03-23,228.19000244140625,229.67999267578125,218.25999450683594,222.9499969482422,204.41824340820312,326025200,0.0,0.0,0.0
2020-03-24,234.4199981689453,244.10000610351562,233.8000030517578,243.14999389648438,222.939208984375,235494500,0.0,0.0,0.0
2020-03-25,244.8699951171875,256.3500061035156,239.75,246.7899932861328,226.276611328125,299430300,0.0,0.0,0.0
2020-03-26,249.52000427246094,262.79998779296875,249.0500030517578,261.20001220703125,239.4888916015625,257632800,0.0,0.0,0.0
2020-03-27,253.27000427246094,260.80999755859375,251.0500030517578,253.4199981689453,232.35556030273438,224341200,0.0,0.0,0.0
2020-03-30,255.6999969482422,262.42999267578125,253.52999877929688,261.6499938964844,239.9015350341797,171369500,0.0,0.0,0.0
2020-03-31,260.55999755859375,263.3299865722656,256.2200012207031,257.75,236.32568359375,194881100,0.0,0.0,0.0
2020-04-01,247.97999572753906,257.6600036621094,243.89999389648438,246.14999389648438,225.6898651123047,189554600,0.0,0.0,0.0
2020-04-02,245.19000244140625,252.67999267578125,244.58999633789062,251.8300018310547,230.8977508544922,177660400,0.0,0.0,0.0
2020-04-03,250.75999450683594,253.32000732421875,245.22000122070312,248.19000244140625,227.56028747558594,135561200,0.0,0.0,0.0
2020-04-06,257.8399963378906,267.0,248.1699981689453,264.8599853515625,242.84469604492188,188061200,0.0,0.0,0.0
2020-04-07,274.2099914550781,275.0299987792969,264.8900146484375,265.1300048828125,243.09226989746094,201427200,0.0,0.0,0.0
2020-04-08,267.9599914550781,276.0,265.25,274.0299987792969,251.25242614746094,153774500,0.0,0.0,0.0
2020-04-09,277.5799865722656,281.20001220703125,275.4700012207031,278.20001220703125,255.07579040527344,189999200,0.0,0.0,0.0
2020-04-13,277.1400146484375,277.510009765625,271.4100036621094,275.6600036621094,252.7469482421875,114839100,0.0,0.0,0.0
2020-04-14,280.9800109863281,284.8999938964844,275.510009765625,283.7900085449219,260.201171875,134143400,0.0,0.0,0.0
2020-04-15,277.57000732421875,283.94000244140625,275.4599914550781,277.760009765625,254.6724395751953,121775000,0.0,0.0,0.0
2020-04-16,279.1499938964844,280.0299987792969,275.760009765625,279.1000061035156,255.90098571777344,131798300,0.0,0.0,0.0
2020-04-17,285.3800048828125,287.29998779296875,282.3999938964844,286.6400146484375,262.8143005371094,146684800,0.0,0.0,0.0
2020-04-20,282.6099853515625,286.7900085449219,281.3500061035156,281.5899963378906,258.18408203125,100109300,0.0,0.0,0.0
2020-04-21,276.7300109863281,278.0400085449219,272.0199890136719,273.0400085449219,250.34463500976562,126385700,0.0,0.0,0.0
2020-04-22,278.3500061035156,281.0,276.9100036621094,279.1000061035156,255.90098571777344,92951600,0.0,0.0,0.0
2020-04-23,280.489990234375,283.94000244140625,278.75,279.0799865722656,255.8827362060547,104709700,0.0,0.0,0.0
2020-04-24,280.7300109863281,283.70001220703125,278.5,282.9700012207031,259.4493103027344,85063200,0.0,0.0,0.0
2020-04-27,285.1199951171875,288.2699890136719,284.6199951171875,287.04998779296875,263.190185546875,77896600,0.0,0.0,0.0
2020-04-28,291.0199890136719,291.3999938964844,285.3999938964844,285.7300109863281,261.9799499511719,105270000,0.0,0.0,0.0
2020-04-29,291.5299987792969,294.8800048828125,290.4100036621094,293.2099914550781,268.83807373046875,118745600,0.0,0.0,0.0
2020-04-30,291.7099914550781,293.32000732421875,288.5899963378906,290.4800109863281,266.3351745605469,122901700,0.0,0.0,0.0
2020-05-01,285.30999755859375,290.6600036621094,281.5199890136719,282.7900085449219,259.28436279296875,125180000,0.0,0.0,0.0
2020-05-04,280.739990234375,283.8999938964844,279.1300048828125,283.57000732421875,259.99945068359375,80873200,0.0,0.0,0.0
2020-05-05,286.6400146484375,289.25,283.7099914550781,286.19000244140625,262.40167236328125,79569900,0.0,0.0,0.0
2020-05-06,288.0400085449219,288.4599914550781,283.7799987792969,284.25,260.62298583984375,73632600,0.0,0.0,0.0
2020-05-07,287.75,289.7799987792969,287.1300048828125,287.67999267578125,263.7678527832031,75250400,0.0,0.0,0.0
2020-05-08,291.0899963378906,292.95001220703125,289.8599853515625,292.44000244140625,268.1322937011719,76452400,0.0,0.0,0.0
2020-05-11,290.3399963378906,294.0,289.8800048828125,292.5,268.18719482421875,79514200,0.0,0.0,0.0
2020-05-12,293.7900085449219,294.239990234375,286.5199890136719,286.6700134277344,262.8418884277344,95870800,0.0,0.0,0.0
2020-05-13,286.05999755859375,287.19000244140625,278.9599914550781,281.6000061035156,258.1932067871094,144721100,0.0,0.0,0.0
2020-05-14,278.95001220703125,285.1099853515625,272.989990234375,284.9700012207031,261.28314208984375,121977900,0.0,0.0,0.0
2020-05-15,282.3699951171875,286.3299865722656,281.3399963378906,286.2799987792969,262.4841613769531,111146300,0.0,0.0,0.0
2020-05-18,293.04998779296875,296.75,292.70001220703125,295.0,270.4794006347656,119703800,0.0,0.0,0.0
2020-05-19,294.3500061035156,296.2099914550781,291.95001220703125,291.9700012207031,267.7012939453125,95189300,0.0,0.0,0.0
2020-05-20,295.82000732421875,297.8699951171875,295.57000732421875,296.92999267578125,272.24896240234375,85861700,0.0,0.0,0.0
2020-05-21,296.7900085449219,297.6700134277344,293.69000244140625,294.8800048828125,270.3694152832031,78293900,0.0,0.0,0.0
2020-05-22,294.57000732421875,295.6300048828125,293.2200012207031,295.44000244140625,270.8828430175781,63958200,0.0,0.0,0.0
2020-05-26,301.92999267578125,302.19000244140625,295.4599914550781,299.0799865722656,274.22027587890625,88951400,0.0,0.0,0.0
2020-05-27,302.1199951171875,303.57000732421875,296.8699951171875,303.5299987792969,278.3003234863281,104817400,0.0,0.0,0.0
2020-05-28,304.6499938964844,306.8399963378906,302.239990234375,302.9700012207031,277.7869873046875,90405200,0.0,0.0,0.0
2020-05-29,302.4599914550781,304.9599914550781,299.4700012207031,304.32000732421875,279.0247802734375,119090800,0.0,0.0,0.0
2020-06-01,303.6199951171875,306.2099914550781,303.05999755859375,305.54998779296875,280.15252685546875,55758300,0.0,0.0,0.0
2020-06-02,306.54998779296875,308.1300048828125,305.1000061035156,308.0799865722656,282.47222900390625,74267200,0.0,0.0,0.0
2020-06-03,310.239990234375,313.2200012207031,309.94000244140625,312.17999267578125,286.23138427734375,92567600,0.0,0.0,0.0
2020-06-04,311.1099853515625,313.0,309.0799865722656,311.3599853515625,285.4795227050781,75794400,0.0,0.0,0.0
2020-06-05,317.2300109863281,321.2699890136719,317.1600036621094,319.3399963378906,292.79620361328125,150524700,0.0,0.0,0.0
2020-06-08,320.2200012207031,323.4100036621094,319.6300048828125,323.20001220703125,296.3354797363281,73641200,0.0,0.0,0.0
2020-06-09,320.29998779296875,323.2799987792969,319.3599853515625,320.7900085449219,294.1257629394531,77479200,0.0,0.0,0.0
2020-06-10,321.4200134277344,322.3900146484375,318.2200012207031,319.0,292.4845275878906,95000800,0.0,0.0,0.0
2020-06-11,311.4599914550781,312.1499938964844,300.010009765625,300.6099853515625,275.6231384277344,209243600,0.0,0.0,0.0
2020-06-12,308.239990234375,309.0799865722656,298.6000061035156,304.2099914550781,278.923828125,194678900,0.0,0.0,0.0
2020-06-15,298.0199890136719,308.2799987792969,296.739990234375,307.04998779296875,281.5277404785156,135782700,0.0,0.0,0.0
2020-06-16,315.4800109863281,315.6400146484375,307.6700134277344,312.9599914550781,286.946533203125,137627500,0.0,0.0,0.0
2020-06-17,314.07000732421875,314.3900146484375,310.8599853515625,311.6600036621094,285.7546081542969,83398900,0.0,0.0,0.0
2020-06-18,310.010009765625,312.29998779296875,309.510009765625,311.7799987792969,285.8646545410156,80828700,0.0,0.0,0.0
2020-06-19,314.1700134277344,314.3800048828125,306.5299987792969,308.6400146484375,284.2309265136719,135549600,1.366,0.0,0.0
2020-06-22,307.989990234375,311.04998779296875,306.75,310.6199951171875,286.0543212890625,74649400,0.0,0.0,0.0
2020-06-23,313.489990234375,314.5,311.6099853515625,312.04998779296875,287.37115478515625,68471200,0.0,0.0,0.0
2020-06-24,309.8399963378906,310.510009765625,302.1000061035156,304.0899963378906,280.04071044921875,132813500,0.0,0.0,0.0
2020-06-25,303.4700012207031,307.6400146484375,301.2799987792969,307.3500061035156,283.04302978515625,89468000,0.0,0.0,0.0
2020-06-26,306.1600036621094,306.3900146484375,299.4200134277344,300.04998779296875,276.32025146484375,127961000,0.0,0.0,0.0
2020-06-29,301.4100036621094,304.6099853515625,298.92999267578125,304.4599914550781,280.3815002441406,79773300,0.0,0.0,0.0
2020-06-30,303.989990234375,310.20001220703125,303.82000732421875,308.3599853515625,283.9731140136719,113394800,0.0,0.0,0.0
2020-07-01,309.57000732421875,311.8900146484375,309.07000732421875,310.5199890136719,285.96221923828125,72396500,0.0,0.0,0.0
2020-07-02,314.239990234375,315.70001220703125,311.510009765625,312.2300109863281,287.53704833984375,69344200,0.0,0.0,0.0
2020-07-06,316.3699951171875,317.67999267578125,315.55999755859375,317.04998779296875,291.9757995605469,61713800,0.0,0.0,0.0
2020-07-07,315.3800048828125,317.5199890136719,313.3699951171875,313.7799987792969,288.9645080566406,82910000,0.0,0.0,0.0
2020-07-08,314.6099853515625,316.29998779296875,312.70001220703125,316.17999267578125,291.1745910644531,54638600,0.0,0.0,0.0
2020-07-09,316.8399963378906,317.1000061035156,310.67999267578125,314.3800048828125,289.5169982910156,83354200,0.0,0.0,0.0
2020-07-10,314.30999755859375,317.8800048828125,312.760009765625,317.5899963378906,292.4731140136719,57550400,0.0,0.0,0.0
2020-07-13,320.1300048828125,322.7099914550781,314.1300048828125,314.8399963378906,289.94061279296875,102997500,0.0,0.0,0.0
2020-07-14,313.29998779296875,319.760009765625,312.0,318.9200134277344,293.697998046875,93657000,0.0,0.0,0.0
2020-07-15,322.4100036621094,323.0400085449219,319.2699890136719,321.8500061035156,296.396240234375,87196500,0.0,0.0,0.0
2020-07-16,319.7900085449219,321.2799987792969,319.0899963378906,320.7900085449219,295.4200744628906,54622500,0.0,0.0,0.0
2020-07-17,321.8800048828125,322.57000732421875,319.739990234375,321.7200012207031,296.2765197753906,62774900,0.0,0.0,0.0
2020-07-20,321.42999267578125,325.1300048828125,320.6199951171875,324.32000732421875,298.6708984375,56308800,0.0,0.0,0.0
2020-07-21,326.45001220703125,326.92999267578125,323.94000244140625,325.010009765625,299.3062744140625,57292200,0.0,0.0,0.0
2020-07-22,324.6199951171875,327.20001220703125,324.5,326.8599853515625,301.00994873046875,57792900,0.0,0.0,0.0
2020-07-23,326.4700012207031,327.2300109863281,321.4800109863281,322.9599914550781,297.4183654785156,75738000,0.0,0.0,0.0
2020-07-24,320.95001220703125,321.989990234375,319.25,320.8800048828125,295.5029602050781,73766600,0.0,0.0,0.0
2020-07-27,321.6300048828125,323.4100036621094,320.7699890136719,323.2200012207031,297.6578369140625,48293000,0.0,0.0,0.0
2020-07-28,322.42999267578125,323.6400146484375,320.8500061035156,321.1700134277344,295.77008056640625,57495000,0.0,0.0,0.0
2020-07-29,322.1199951171875,325.7300109863281,322.0799865722656,325.1199951171875,299.4076232910156,48454200,0.0,0.0,0.0
2020-07-30,321.8999938964844,324.4100036621094,319.6400146484375,323.9599914550781,298.3393249511719,61861700,0.0,0.0,0.0
2020-07-31,325.8999938964844,326.6300048828125,321.3299865722656,326.5199890136719,300.6968994140625,84986800,0.0,0.0,0.0
2020-08-03,328.32000732421875,329.6199951171875,327.7300109863281,328.7900085449219,302.7873840332031,53077900,0.0,0.0,0.0
2020-08-04,327.8599853515625,330.05999755859375,327.8599853515625,330.05999755859375,303.9569396972656,41917900,0.0,0.0,0.0
2020-08-05,331.4700012207031,332.3900146484375,331.17999267578125,332.1099853515625,305.84478759765625,42697700,0.0,0.0,0.0
2020-08-06,331.4800109863281,334.4599914550781,331.1300048828125,334.3299865722656,307.88922119140625,43679400,0.0,0.0,0.0
2020-08-07,333.2799987792969,334.8800048828125,332.29998779296875,334.57000732421875,308.1102294921875,57308300,0.0,0.0,0.0
2020-08-10,335.05999755859375,335.7699890136719,332.9599914550781,335.57000732421875,309.0312194824219,44282100,0.0,0.0,0.0
2020-08-11,336.8500061035156,337.5400085449219,332.010009765625,332.79998779296875,306.4801940917969,69601100,0.0,0.0,0.0
2020-08-12,335.44000244140625,338.2799987792969,335.4100036621094,337.44000244140625,310.7532958984375,53774400,0.0,0.0,0.0
2020-08-13,336.6099853515625,338.25,335.8299865722656,336.8299865722656,310.1914978027344,41816100,0.0,0.0,0.0
2020-08-14,336.4100036621094,337.4200134277344,335.6199951171875,336.8399963378906,310.20074462890625,47260400,0.0,0.0,0.0
2020-08-17,337.94000244140625,338.3399963378906,336.8500061035156,337.9100036621094,311.1861877441406,35481000,0.0,0.0,0.0
2020-08-18,338.3399963378906,339.1000061035156,336.6099853515625,338.6400146484375,311.8584289550781,38733900,0.0,0.0,0.0
2020-08-19,339.04998779296875,339.6099853515625,336.6199951171875,337.2300109863281,310.55987548828125,68054200,0.0,0.0,0.0
2020-08-20,335.3599853515625,338.79998779296875,335.2200012207031,338.2799987792969,311.52685546875,42207800,0.0,0.0,0.0
2020-08-21,337.9200134277344,339.7200012207031,337.54998779296875,339.4800109863281,312.6319580078125,55106600,0.0,0.0,0.0
2020-08-24,342.1199951171875,343.0,339.45001220703125,342.9200134277344,315.7999267578125,48588700,0.0,0.0,0.0
2020-08-25,343.5299987792969,344.2099914550781,342.2699890136719,344.1199951171875,316.9049377441406,38463400,0.0,0.0,0.0
2020-08-26,344.760009765625,347.8599853515625,344.1700134277344,347.57000732421875,320.0821228027344,50790200,0.0,0.0,0.0
2020-08-27,348.510009765625,349.8999938964844,346.5299987792969,348.3299865722656,320.7819519042969,58034100,0.0,0.0,0.0
2020-08-28,349.44000244140625,350.7200012207031,348.1499938964844,350.5799865722656,322.85406494140625,48588900,0.0,0.0,0.0
2020-08-31,350.3500061035156,351.29998779296875,349.05999755859375,349.30999755859375,321.6845397949219,66099200,0.0,0.0,0.0
2020-09-01,350.2099914550781,352.7099914550781,349.239990234375,352.6000061035156,324.71435546875,54908700,0.0,0.0,0.0
2020-09-02,354.6700134277344,358.75,353.42999267578125,357.70001220703125,329.4109191894531,69540000,0.0,0.0,0.0
2020-09-03,355.8699951171875,356.3800048828125,342.5899963378906,345.3900146484375,318.0744934082031,148011100,0.0,0.0,0.0
2020-09-04,346.1300048828125,347.8299865722656,334.8699951171875,342.57000732421875,315.4775695800781,139156300,0.0,0.0,0.0
2020-09-08,336.7099914550781,342.6400146484375,332.8800048828125,333.2099914550781,306.8576965332031,114465300,0.0,0.0,0.0
2020-09-09,337.54998779296875,342.4599914550781,336.6099853515625,339.7900085449219,312.9175109863281,91462300,0.0,0.0,0.0
2020-09-10,341.82000732421875,342.5299987792969,332.8500061035156,333.8900146484375,307.48394775390625,90569500,0.0,0.0,0.0
2020-09-11,335.82000732421875,336.9700012207031,331.0,334.05999755859375,307.6405334472656,84680200,0.0,0.0,0.0
2020-09-14,337.489990234375,340.3800048828125,334.2200012207031,338.4599914550781,311.6925964355469,65605700,0.0,0.0,0.0
2020-09-15,341.1199951171875,342.0199890136719,338.4700012207031,340.1700134277344,313.2673645019531,52920900,0.0,0.0,0.0
2020-09-16,341.510009765625,343.05999755859375,338.5199890136719,338.82000732421875,312.02410888671875,82096000,0.0,0.0,0.0
2020-09-17,333.55999755859375,337.70001220703125,332.989990234375,335.8399963378906,309.2798156738281,91523300,0.0,0.0,0.0
2020-09-18,335.3699951171875,335.489990234375,327.9700012207031,330.6499938964844,305.7191162109375,105877900,1.339,0.0,0.0
2020-09-21,325.70001220703125,327.1300048828125,321.7300109863281,326.9700012207031,302.3166198730469,99450800,0.0,0.0,0.0
2020-09-22,328.57000732421875,330.8999938964844,325.8599853515625,330.29998779296875,305.3955383300781,63612100,0.0,0.0,0.0
2020-09-23,330.8999938964844,331.20001220703125,322.1000061035156,322.6400146484375,298.3131103515625,93112200,0.0,0.0,0.0
2020-09-24,321.2200012207031,326.79998779296875,319.79998779296875,323.5,299.1082763671875,76681300,0.0,0.0,0.0
2020-09-25,322.5799865722656,329.5799865722656,321.6400146484375,328.7300109863281,303.9439392089844,71069400,0.0,0.0,0.0
2020-09-28,333.2200012207031,334.9599914550781,332.1499938964844,334.19000244140625,308.99224853515625,64584600,0.0,0.0,0.0
2020-09-29,333.9700012207031,334.7699890136719,331.6199951171875,332.3699951171875,307.3094787597656,51304000,0.0,0.0,0.0
2020-09-30,333.0899963378906,338.2900085449219,332.8800048828125,334.8900146484375,309.6394958496094,104081100,0.0,0.0,0.0
2020-10-01,337.69000244140625,338.739990234375,335.010009765625,337.0400085449219,311.6274108886719,88698700,0.0,0.0,0.0
2020-10-02,331.70001220703125,337.010009765625,331.19000244140625,333.8399963378906,308.6686706542969,89431100,0.0,0.0,0.0
2020-10-05,336.05999755859375,339.9599914550781,336.010009765625,339.760009765625,314.14227294921875,45713100,0.0,0.0,0.0
2020-10-06,339.9100036621094,342.1700134277344,334.3800048828125,334.92999267578125,309.67645263671875,90128900,0.0,0.0,0.0
2020-10-07,338.1199951171875,341.6300048828125,338.0899963378906,340.760009765625,315.06689453125,56999600,0.0,0.0,0.0
2020-10-08,342.8500061035156,343.8500061035156,341.8599853515625,343.7799987792969,317.859130859375,45242500,0.0,0.0,0.0
2020-10-09,345.55999755859375,347.3500061035156,344.8900146484375,346.8500061035156,320.69769287109375,59528600,0.0,0.0,0.0
2020-10-12,349.5899963378906,354.0199890136719,349.05999755859375,352.42999267578125,325.85687255859375,80388500,0.0,0.0,0.0
2020-10-13,352.2799987792969,352.4700012207031,349.0899963378906,350.1300048828125,323.7303771972656,73255500,0.0,0.0,0.0
2020-10-14,350.75,351.92999267578125,347.1400146484375,347.92999267578125,321.6962585449219,57727900,0.0,0.0,0.0
2020-10-15,343.7099914550781,348.0199890136719,343.1300048828125,347.5,321.29864501953125,60357700,0.0,0.0,0.0
2020-10-16,348.9599914550781,350.75,347.1000061035156,347.2900085449219,321.1044921875,89501900,0.0,0.0,0.0
2020-10-19,348.6499938964844,349.3299865722656,341.0400085449219,342.010009765625,316.2226257324219,68425600,0.0,0.0,0.0
2020-10-20,343.4599914550781,346.8800048828125,342.6400146484375,343.3800048828125,317.4892883300781,60051900,0.0,0.0,0.0
2020-10-21,343.3299865722656,345.6700134277344,342.3999938964844,342.7300109863281,316.8883056640625,63575000,0.0,0.0,0.0
2020-10-22,342.9599914550781,345.239990234375,340.6499938964844,344.6099853515625,318.62652587890625,55399300,0.0,0.0,0.0
2020-10-23,345.92999267578125,345.989990234375,343.1300048828125,345.7799987792969,319.70849609375,49143900,0.0,0.0,0.0
2020-10-26,342.1300048828125,342.9800109863281,335.6199951171875,339.3900146484375,313.80029296875,91473000,0.0,0.0,0.0
2020-10-27,339.760009765625,340.1199951171875,337.989990234375,338.2200012207031,312.7184143066406,65994100,0.0,0.0,0.0
2020-10-28,332.1000061035156,338.25,326.1300048828125,326.6600036621094,302.030029296875,127094300,0.0,0.0,0.0
2020-10-29,326.9100036621094,333.3999938964844,325.0899963378906,329.9800109863281,305.0997314453125,90597700,0.0,0.0,0.0
2020-10-30,328.2799987792969,329.69000244140625,322.6000061035156,326.5400085449219,301.9190673828125,120287300,0.0,0.0,0.0
2020-11-02,330.20001220703125,332.3599853515625,327.239990234375,330.20001220703125,305.3031311035156,86068300,0.0,0.0,0.0
2020-11-03,333.69000244140625,338.25,330.2900085449219,336.0299987792969,310.69354248046875,93294200,0.0,0.0,0.0
2020-11-04,340.8599853515625,347.94000244140625,339.5899963378906,343.5400085449219,317.6373291015625,126959700,0.0,0.0,0.0
2020-11-05,349.239990234375,352.19000244140625,348.8599853515625,350.239990234375,323.83203125,82039700,0.0,0.0,0.0
2020-11-06,349.92999267578125,351.510009765625,347.6499938964844,350.1600036621094,323.7581481933594,74973000,0.0,0.0,0.0
2020-11-09,363.9700012207031,364.3800048828125,354.05999755859375,354.55999755859375,327.8263854980469,172304200,0.0,0.0,0.0
2020-11-10,353.489990234375,355.17999267578125,350.510009765625,354.0400085449219,327.3456115722656,85552000,0.0,0.0,0.0
2020-11-11,356.3999938964844,357.55999755859375,355.05999755859375,356.6700134277344,329.7772521972656,58649000,0.0,0.0,0.0
2020-11-12,355.5799865722656,356.7200012207031,351.260009765625,353.2099914550781,326.578125,67546200,0.0,0.0,0.0
2020-11-13,355.2699890136719,358.8999938964844,354.7099914550781,358.1000061035156,331.0994567871094,62892200,0.0,0.0,0.0
2020-11-16,360.9800109863281,362.7799987792969,359.5899963378906,362.57000732421875,335.232421875,74541100,0.0,0.0,0.0
2020-11-17,359.9700012207031,361.9200134277344,358.3399963378906,360.6199951171875,333.42950439453125,66111000,0.0,0.0,0.0
2020-11-18,360.9100036621094,361.5,356.239990234375,356.2799987792969,329.41668701171875,70591300,0.0,0.0,0.0
2020-11-19,355.6000061035156,358.17999267578125,354.1499938964844,357.7799987792969,330.8035583496094,59940900,0.0,0.0,0.0
2020-11-20,357.5,357.7200012207031,355.25,355.3299865722656,328.53826904296875,70417300,0.0,0.0,0.0
2020-11-23,357.2799987792969,358.82000732421875,354.8699951171875,357.4599914550781,330.50775146484375,63230600,0.0,0.0,0.0
2020-11-24,360.2099914550781,363.80999755859375,359.2900085449219,363.2200012207031,335.8334045410156,62415900,0.0,0.0,0.0
2020-11-25,363.1300048828125,363.1600036621094,361.4800109863281,362.6600036621094,335.3155822753906,45330900,0.0,0.0,0.0
2020-11-27,363.8399963378906,364.17999267578125,362.5799865722656,363.6700134277344,336.2494812011719,28514100,0.0,0.0,0.0
2020-11-30,362.8299865722656,363.1199951171875,359.1700134277344,362.05999755859375,334.7608642578125,83872700,0.0,0.0,0.0
2020-12-01,365.57000732421875,367.67999267578125,364.92999267578125,366.0199890136719,338.4223327636719,74231400,0.0,0.0,0.0
2020-12-02,364.82000732421875,366.9599914550781,364.20001220703125,366.7900085449219,339.13427734375,45927000,0.0,0.0,0.0
2020-12-03,366.67999267578125,368.19000244140625,365.5,366.69000244140625,339.0418395996094,62882000,0.0,0.0,0.0
2020-12-04,367.32000732421875,369.8500061035156,367.2200012207031,369.8500061035156,341.9635314941406,50749900,0.0,0.0,0.0
2020-12-07,369.0199890136719,369.6199951171875,367.7200012207031,369.0899963378906,341.26080322265625,48944300,0.0,0.0,0.0
2020-12-08,367.7200012207031,370.7799987792969,367.6700134277344,370.1700134277344,342.2593994140625,42458900,0.0,0.0,0.0
2020-12-09,370.8800048828125,371.04998779296875,365.95001220703125,366.8500061035156,339.189697265625,74098300,0.0,0.0,0.0
2020-12-10,365.3699951171875,367.8599853515625,364.42999267578125,366.7300109863281,339.0787658691406,57735400,0.0,0.0,0.0
2020-12-11,364.8999938964844,366.739990234375,363.260009765625,366.29998779296875,338.6811828613281,57698600,0.0,0.0,0.0
2020-12-14,368.6400146484375,369.79998779296875,364.4700012207031,364.6600036621094,337.164794921875,69216200,0.0,0.0,0.0
2020-12-15,367.3999938964844,369.5899963378906,365.9200134277344,369.5899963378906,341.72314453125,63865300,0.0,0.0,0.0
2020-12-16,369.82000732421875,371.1600036621094,368.8699951171875,370.1700134277344,342.2593994140625,58420500,0.0,0.0,0.0
2020-12-17,371.94000244140625,372.4599914550781,371.04998779296875,372.239990234375,344.17327880859375,64119500,0.0,0.0,0.0
2020-12-18,370.9700012207031,371.1499938964844,367.0199890136719,369.17999267578125,342.7991027832031,136542300,1.58,0.0,0.0
2020-12-21,364.9700012207031,378.4599914550781,362.0299987792969,367.8599853515625,341.5733337402344,96386700,0.0,0.0,0.0
2020-12-22,368.2099914550781,368.3299865722656,366.0299987792969,367.239990234375,340.9976501464844,47949000,0.0,0.0,0.0
2020-12-23,368.2799987792969,369.6199951171875,367.2200012207031,367.57000732421875,341.3041687011719,46201400,0.0,0.0,0.0
2020-12-24,368.0799865722656,369.0299987792969,367.45001220703125,369.0,342.6319580078125,26457900,0.0,0.0,0.0
2020-12-28,371.739990234375,372.5899963378906,371.07000732421875,372.1700134277344,345.5753173828125,39000400,0.0,0.0,0.0
2020-12-29,373.80999755859375,374.0,370.8299865722656,371.4599914550781,344.91607666015625,53680500,0.0,0.0,0.0
2020-12-30,372.3399963378906,373.1000061035156,371.57000732421875,371.989990234375,345.4082336425781,49455300,0.0,0.0,0.0
2020-12-31,371.7799987792969,374.6600036621094,371.2300109863281,373.8800048828125,347.1632385253906,78520700,0.0,0.0,0.0
2021-01-04,375.30999755859375,375.45001220703125,364.82000732421875,368.7900085449219,342.43695068359375,110210800,0.0,0.0,0.0
2021-01-05,368.1000061035156,372.5,368.04998779296875,371.3299865722656,344.7954406738281,66426200,0.0,0.0,0.0
2021-01-06,369.7099914550781,376.9800109863281,369.1199951171875,373.54998779296875,346.8567199707031,107997700,0.0,0.0,0.0
2021-01-07,376.1000061035156,379.8999938964844,375.9100036621094,379.1000061035156,352.01019287109375,68766800,0.0,0.0,0.0
2021-01-08,380.5899963378906,381.489990234375,377.1000061035156,381.260009765625,354.01580810546875,71677200,0.0,0.0,0.0
2021-01-11,377.8500061035156,380.5799865722656,377.7200012207031,378.69000244140625,351.6294250488281,51034700,0.0,0.0,0.0
2021-01-12,378.8900146484375,379.8599853515625,376.3599853515625,378.7699890136719,351.7037048339844,52547700,0.0,0.0,0.0
2021-01-13,378.69000244140625,380.8599853515625,377.8500061035156,379.7900085449219,352.65087890625,45303600,0.0,0.0,0.0
2021-01-14,380.5899963378906,381.1300048828125,378.1000061035156,378.4599914550781,351.4159240722656,49989100,0.0,0.0,0.0
2021-01-15,376.7200012207031,377.5799865722656,373.70001220703125,375.70001220703125,348.8531494140625,107160000,0.0,0.0,0.0
2021-01-19,378.3399963378906,379.2300109863281,376.75,378.6499938964844,351.59234619140625,51233300,0.0,0.0,0.0
2021-01-20,381.1099853515625,384.7900085449219,380.69000244140625,383.8900146484375,356.4578857421875,61836100,0.0,0.0,0.0
2021-01-21,384.489990234375,384.95001220703125,383.25,384.239990234375,356.7829284667969,47840100,0.0,0.0,0.0
2021-01-22,382.25,384.1300048828125,381.8399963378906,382.8800048828125,355.52001953125,52860500,0.0,0.0,0.0
2021-01-25,383.6700134277344,384.7699890136719,378.4599914550781,384.3900146484375,356.9221496582031,70402000,0.0,0.0,0.0
2021-01-26,385.4100036621094,385.8500061035156,383.5400085449219,383.7900085449219,356.36505126953125,42665300,0.0,0.0,0.0
2021-01-27,380.2200012207031,380.32000732421875,372.010009765625,374.4100036621094,347.6553649902344,123351100,0.0,0.0,0.0
2021-01-28,376.3599853515625,381.92999267578125,375.8900146484375,377.6300048828125,350.64520263671875,94198100,0.0,0.0,0.0
2021-01-29,375.6300048828125,376.6700134277344,368.2699890136719,370.07000732421875,343.6254577636719,126765100,0.0,0.0,0.0
2021-02-01,373.7200012207031,377.3399963378906,370.3800048828125,376.2300109863281,349.34521484375,75817600,0.0,0.0,0.0
2021-02-02,379.6499938964844,383.2200012207031,376.32000732421875,381.54998779296875,354.28515625,64450700,0.0,0.0,0.0
2021-02-03,382.44000244140625,383.70001220703125,380.4800109863281,381.8500061035156,354.56365966796875,52427100,0.0,0.0,0.0
2021-02-04,382.9599914550781,386.239990234375,381.9700012207031,386.19000244140625,358.59356689453125,47142600,0.0,0.0,0.0
2021-02-05,388.20001220703125,388.4700012207031,386.1400146484375,387.7099914550781,360.0048522949219,48669800,0.0,0.0,0.0
2021-02-08,389.2699890136719,390.55999755859375,388.3500061035156,390.510009765625,362.6048889160156,38365200,0.0,0.0,0.0
2021-02-09,389.6099853515625,390.8900146484375,389.1700134277344,390.25,362.36346435546875,35551100,0.0,0.0,0.0
2021-02-10,392.1199951171875,392.2799987792969,387.5,390.0799865722656,362.2055969238281,59154400,0.0,0.0,0.0
2021-02-11,391.239990234375,391.69000244140625,388.1000061035156,390.7099914550781,362.7906188964844,42913300,0.0,0.0,0.0
2021-02-12,389.8500061035156,392.8999938964844,389.7699890136719,392.6400146484375,364.5826110839844,50593300,0.0,0.0,0.0
2021-02-16,393.9599914550781,394.1700134277344,391.5299987792969,392.29998779296875,364.2669372558594,50972400,0.0,0.0,0.0
2021-02-17,390.4200134277344,392.6600036621094,389.3299865722656,392.3900146484375,364.3505554199219,52290600,0.0,0.0,0.0
2021-02-18,389.5899963378906,391.5199890136719,387.739990234375,390.7200012207031,362.7998046875,59712800,0.0,0.0,0.0
2021-02-19,392.07000732421875,392.3800048828125,389.54998779296875,390.0299987792969,362.1592102050781,83241000,0.0,0.0,0.0
2021-02-22,387.05999755859375,389.6199951171875,386.739990234375,387.0299987792969,359.37353515625,67414200,0.0,0.0,0.0
2021-02-23,384.6600036621094,388.95001220703125,380.20001220703125,387.5,359.8099365234375,107284100,0.0,0.0,0.0
2021-02-24,386.3299865722656,392.2300109863281,385.2699890136719,391.7699890136719,363.77484130859375,72433900,0.0,0.0,0.0
2021-02-25,390.4100036621094,391.8800048828125,380.7799987792969,382.3299865722656,355.0093688964844,146670500,0.0,0.0,0.0
2021-02-26,384.3500061035156,385.5799865722656,378.2300109863281,380.3599853515625,353.18011474609375,152701600,0.0,0.0,0.0
2021-03-01,385.5899963378906,390.9200134277344,380.57000732421875,389.5799865722656,361.7412414550781,105348800,0.0,0.0,0.0
2021-03-02,389.82000732421875,390.07000732421875,386.0,386.5400085449219,358.9186096191406,79595300,0.0,0.0,0.0
2021-03-03,385.7900085449219,386.8299865722656,381.30999755859375,381.4200134277344,354.1644287109375,119940200,0.0,0.0,0.0
2021-03-04,381.2200012207031,384.0,371.8800048828125,376.70001220703125,349.78173828125,183433000,0.0,0.0,0.0
2021-03-05,380.4599914550781,384.760009765625,372.6400146484375,383.6300048828125,356.2165222167969,152039600,0.0,0.0,0.0
2021-03-08,384.6600036621094,387.67999267578125,381.4200134277344,381.7200012207031,354.44305419921875,123149200,0.0,0.0,0.0
2021-03-09,385.8500061035156,389.9100036621094,385.30999755859375,387.1700134277344,359.50347900390625,113633600,0.0,0.0,0.0
2021-03-10,389.69000244140625,391.3999938964844,388.1700134277344,389.5799865722656,361.7412414550781,109899400,0.0,0.0,0.0
2021-03-11,392.2300109863281,395.6499938964844,391.739990234375,393.5299987792969,365.4090576171875,86245000,0.0,0.0,0.0
2021-03-12,392.07000732421875,394.2099914550781,391.20001220703125,394.05999755859375,365.9012756347656,64653600,0.0,0.0,0.0
2021-03-15,394.3299865722656,396.69000244140625,392.0299987792969,396.4100036621094,368.0832824707031,73427200,0.0,0.0,0.0
2021-03-16,397.07000732421875,397.8299865722656,395.0799865722656,395.9100036621094,367.6190185546875,73722500,0.0,0.0,0.0
2021-03-17,394.5299987792969,398.1199951171875,393.29998779296875,397.260009765625,368.8725280761719,97959300,0.0,0.0,0.0
2021-03-18,394.4800109863281,396.7200012207031,390.75,391.4800109863281,363.50555419921875,115349100,0.0,0.0,0.0
2021-03-19,389.8800048828125,391.57000732421875,387.1499938964844,389.4800109863281,362.8329772949219,113624500,1.278,0.0,0.0
2021-03-22,390.0299987792969,394.07000732421875,389.9700012207031,392.5899963378906,365.7301025390625,73778600,0.0,0.0,0.0
2021-03-23,391.9100036621094,393.4599914550781,388.6600036621094,389.5,362.8515930175781,90686600,0.0,0.0,0.0
2021-03-24,391.0,392.75,387.4700012207031,387.5199890136719,361.007080078125,97588600,0.0,0.0,0.0
2021-03-25,385.9800109863281,390.54998779296875,383.8999938964844,389.70001220703125,363.0378723144531,116128600,0.0,0.0,0.0
2021-03-26,390.92999267578125,396.4100036621094,390.2900085449219,395.9800109863281,368.88818359375,114409100,0.0,0.0,0.0
2021-03-29,394.3999938964844,396.75,392.80999755859375,395.7799987792969,368.7019348144531,108107600,0.0,0.0,0.0
2021-03-30,394.4200134277344,395.45001220703125,393.0199890136719,394.7300109863281,367.7237548828125,76262200,0.0,0.0,0.0
2021-03-31,395.3399963378906,398.0,395.30999755859375,396.3299865722656,369.2142639160156,112734200,0.0,0.0,0.0
2021-04-01,398.3999938964844,400.6700134277344,398.17999267578125,400.6099853515625,373.2013854980469,99682900,0.0,0.0,0.0
2021-04-05,403.4599914550781,406.94000244140625,403.3800048828125,406.3599853515625,378.55804443359375,91684800,0.0,0.0,0.0
2021-04-06,405.760009765625,407.239990234375,405.3999938964844,406.1199951171875,378.33447265625,62021000,0.0,0.0,0.0
2021-04-07,405.94000244140625,406.9599914550781,405.45001220703125,406.5899963378906,378.77227783203125,55836300,0.0,0.0,0.0
2021-04-08,407.92999267578125,408.5799865722656,406.92999267578125,408.5199890136719,380.5703125,57863100,0.0,0.0,0.0
2021-04-09,408.3900146484375,411.6700134277344,408.260009765625,411.489990234375,383.3371887207031,61104600,0.0,0.0,0.0
2021-04-12,410.8500061035156,411.92999267578125,410.20001220703125,411.6400146484375,383.4768371582031,56704900,0.0,0.0,0.0
2021-04-13,411.5299987792969,413.5299987792969,411.1199951171875,412.8599853515625,384.6133117675781,56551000,0.0,0.0,0.0
2021-04-14,412.8299865722656,413.9599914550781,410.8699951171875,411.45001220703125,383.2997741699219,61659900,0.0,0.0,0.0
2021-04-15,413.739990234375,416.1600036621094,413.69000244140625,415.8699951171875,387.4173889160156,60229800,0.0,0.0,0.0
2021-04-16,417.25,417.9100036621094,415.7300109863281,417.260009765625,388.7123107910156,82037300,0.0,0.0,0.0
2021-04-19,416.260009765625,416.739990234375,413.7900085449219,415.2099914550781,386.8026123046875,78498500,0.0,0.0,0.0
2021-04-20,413.9100036621094,415.0899963378906,410.5899963378906,412.1700134277344,383.9705505371094,81851800,0.0,0.0,0.0
2021-04-21,411.510009765625,416.2900085449219,411.3599853515625,416.07000732421875,387.60369873046875,66793000,0.0,0.0,0.0
2021-04-22,415.8900146484375,416.7799987792969,411.1300048828125,412.2699890136719,384.0637512207031,97582800,0.0,0.0,0.0
2021-04-23,412.8699951171875,418.25,412.7900085449219,416.739990234375,388.2278747558594,73209200,0.0,0.0,0.0
2021-04-26,417.44000244140625,418.2200012207031,416.80999755859375,417.6099853515625,389.0383605957031,52182400,0.0,0.0,0.0
2021-04-27,417.92999267578125,418.1400146484375,416.29998779296875,417.5199890136719,388.95452880859375,51303100,0.0,0.0,0.0
2021-04-28,417.80999755859375,419.010009765625,416.8999938964844,417.3999938964844,388.8427429199219,51238900,0.0,0.0,0.0
2021-04-29,420.32000732421875,420.7200012207031,416.44000244140625,420.05999755859375,391.3207702636719,78544300,0.0,0.0,0.0
2021-04-30,417.6300048828125,418.5400085449219,416.3399963378906,417.29998779296875,388.74957275390625,85527000,0.0,0.0,0.0
2021-05-03,419.42999267578125,419.8399963378906,417.6700134277344,418.20001220703125,389.5880432128906,68128300,0.0,0.0,0.0
2021-05-04,416.07000732421875,416.6000061035156,411.6700134277344,415.6199951171875,387.18450927734375,101591200,0.0,0.0,0.0
2021-05-05,417.3800048828125,417.6300048828125,415.1499938964844,415.75,387.30560302734375,60162200,0.0,0.0,0.0
2021-05-06,415.8299865722656,419.2099914550781,413.67999267578125,419.07000732421875,390.3984069824219,74321400,0.0,0.0,0.0
2021-05-07,419.8900146484375,422.82000732421875,419.1600036621094,422.1199951171875,393.23974609375,67733800,0.0,0.0,0.0
2021-05-10,422.5,422.739990234375,417.80999755859375,417.94000244140625,389.3458251953125,81852400,0.0,0.0,0.0
2021-05-11,413.1000061035156,415.2699890136719,410.05999755859375,414.2099914550781,385.87103271484375,116888000,0.0,0.0,0.0
2021-05-12,411.2300109863281,412.5899963378906,404.0,405.4100036621094,377.673095703125,134811000,0.0,0.0,0.0
2021-05-13,407.07000732421875,412.3500061035156,407.0199890136719,410.2799987792969,382.2098388671875,106394000,0.0,0.0,0.0
2021-05-14,413.2099914550781,417.489990234375,413.17999267578125,416.5799865722656,388.07879638671875,82201600,0.0,0.0,0.0
2021-05-17,415.3900146484375,416.3900146484375,413.3599853515625,415.5199890136719,387.09136962890625,65129200,0.0,0.0,0.0
2021-05-18,415.79998779296875,416.05999755859375,411.7699890136719,411.94000244140625,383.7563781738281,59810200,0.0,0.0,0.0
2021-05-19,406.9200134277344,411.04998779296875,405.3299865722656,410.8599853515625,382.7501525878906,106467100,0.0,0.0,0.0
2021-05-20,411.79998779296875,416.6300048828125,411.6700134277344,415.2799987792969,386.86767578125,78022200,0.0,0.0,0.0
2021-05-21,416.8699951171875,418.20001220703125,414.45001220703125,414.94000244140625,386.55108642578125,76578700,0.0,0.0,0.0
2021-05-24,417.3399963378906,420.32000732421875,417.0799865722656,419.1700134277344,390.49163818359375,51376700,0.0,0.0,0.0
2021-05-25,420.3299865722656,420.7099914550781,417.6199951171875,418.239990234375,389.625244140625,57451400,0.0,0.0,0.0
2021-05-26,418.8699951171875,419.6099853515625,417.760009765625,419.07000732421875,390.3984069824219,43088600,0.0,0.0,0.0
2021-05-27,420.1700134277344,420.7200012207031,418.989990234375,419.2900085449219,390.6033935546875,56707700,0.0,0.0,0.0
2021-05-28,420.9700012207031,421.25,419.7900085449219,420.0400085449219,391.3021545410156,58520200,0.0,0.0,0.0
2021-06-01,422.57000732421875,422.7200012207031,419.20001220703125,419.6700134277344,390.95745849609375,54216600,0.0,0.0,0.0
2021-06-02,420.3699951171875,421.2300109863281,419.2900085449219,420.3299865722656,391.572265625,49097100,0.0,0.0,0.0
2021-06-03,417.8500061035156,419.989990234375,416.2799987792969,418.7699890136719,390.11895751953125,58138800,0.0,0.0,0.0
2021-06-04,420.75,422.9200134277344,418.8399963378906,422.6000061035156,393.6870422363281,55938800,0.0,0.0,0.0
2021-06-07,422.5899963378906,422.7799987792969,421.19000244140625,422.19000244140625,393.30499267578125,51555000,0.0,0.0,0.0
2021-06-08,423.1099853515625,423.2099914550781,420.32000732421875,422.2799987792969,393.38885498046875,47134300,0.0,0.0,0.0
2021-06-09,423.17999267578125,423.260009765625,421.4100036621094,421.6499938964844,392.8019714355469,48436300,0.0,0.0,0.0
2021-06-10,422.9599914550781,424.6300048828125,421.54998779296875,423.6099853515625,394.62786865234375,51020100,0.0,0.0,0.0
2021-06-11,424.20001220703125,424.42999267578125,422.82000732421875,424.30999755859375,395.27996826171875,45570800,0.0,0.0,0.0
2021-06-14,424.42999267578125,425.3699951171875,423.1000061035156,425.260009765625,396.16497802734375,42358500,0.0,0.0,0.0
2021-06-15,425.4200134277344,425.4599914550781,423.5400085449219,424.4800109863281,395.4383850097656,51508500,0.0,0.0,0.0
2021-06-16,424.6300048828125,424.8699951171875,419.9200134277344,422.1099853515625,393.23046875,80386100,0.0,0.0,0.0
2021-06-17,421.6700134277344,423.0199890136719,419.32000732421875,421.9700012207031,393.1000671386719,90949700,0.0,0.0,0.0
2021-06-18,417.0899963378906,417.8299865722656,414.70001220703125,414.9200134277344,387.79705810546875,118676300,1.376,0.0,0.0
2021-06-21,416.79998779296875,421.05999755859375,415.92999267578125,420.8599853515625,393.34869384765625,72822000,0.0,0.0,0.0
2021-06-22,420.8500061035156,424.0,420.0799865722656,423.1099853515625,395.4516296386719,57700300,0.0,0.0,0.0
2021-06-23,423.19000244140625,424.04998779296875,422.510009765625,422.6000061035156,394.9750061035156,49445400,0.0,0.0,0.0
2021-06-24,424.8900146484375,425.54998779296875,424.6199951171875,425.1000061035156,397.3114929199219,45110300,0.0,0.0,0.0
2021-06-25,425.8999938964844,427.0899963378906,425.54998779296875,426.6099853515625,398.7228088378906,58129500,0.0,0.0,0.0
2021-06-28,427.1700134277344,427.6499938964844,425.8900146484375,427.4700012207031,399.5265808105469,53159600,0.0,0.0,0.0
2021-06-29,427.8800048828125,428.55999755859375,427.1300048828125,427.70001220703125,399.7415771484375,35970500,0.0,0.0,0.0
2021-06-30,427.2099914550781,428.7799987792969,427.17999267578125,428.05999755859375,400.07806396484375,64827900,0.0,0.0,0.0
2021-07-01,428.8699951171875,430.6000061035156,428.79998779296875,430.42999267578125,402.2931213378906,53441000,0.0,0.0,0.0
2021-07-02,431.6700134277344,434.1000061035156,430.5199890136719,433.7200012207031,405.3680114746094,57697700,0.0,0.0,0.0
2021-07-06,433.7799987792969,434.010009765625,430.010009765625,432.92999267578125,404.62969970703125,68710400,0.0,0.0,0.0
2021-07-07,433.6600036621094,434.760009765625,431.510009765625,434.4599914550781,406.0596618652344,63549500,0.0,0.0,0.0
2021-07-08,428.7799987792969,431.7300109863281,427.5199890136719,430.9200134277344,402.7511291503906,97595200,0.0,0.0,0.0
2021-07-09,432.5299987792969,435.8399963378906,430.7099914550781,435.5199890136719,407.05029296875,76238600,0.0,0.0,0.0
2021-07-12,435.42999267578125,437.3500061035156,434.9700012207031,437.0799865722656,408.50836181640625,52889600,0.0,0.0,0.0
2021-07-13,436.239990234375,437.8399963378906,435.30999755859375,435.5899963378906,407.1158447265625,52911300,0.0,0.0,0.0
2021-07-14,437.3999938964844,437.9200134277344,434.9100036621094,436.239990234375,407.7232360839844,64130400,0.0,0.0,0.0
2021-07-15,434.80999755859375,435.5299987792969,432.7200012207031,434.75,406.3307189941406,55126400,0.0,0.0,0.0
2021-07-16,436.010009765625,436.05999755859375,430.9200134277344,431.3399963378906,403.1435852050781,75874700,0.0,0.0,0.0
2021-07-19,426.19000244140625,431.4100036621094,421.9700012207031,424.9700012207031,397.1900329589844,147987000,0.0,0.0,0.0
2021-07-20,425.67999267578125,432.4200134277344,424.8299865722656,431.05999755859375,402.8819580078125,99608200,0.0,0.0,0.0
2021-07-21,432.3399963378906,434.70001220703125,431.010009765625,434.54998779296875,406.1437683105469,64724400,0.0,0.0,0.0
2021-07-22,434.739990234375,435.7200012207031,433.69000244140625,435.4599914550781,406.9943542480469,47878500,0.0,0.0,0.0
2021-07-23,437.5199890136719,440.29998779296875,436.7900085449219,439.94000244140625,411.18145751953125,63766600,0.0,0.0,0.0
2021-07-26,439.30999755859375,441.0299987792969,439.260009765625,441.0199890136719,412.1908264160156,43719200,0.0,0.0,0.0
2021-07-27,439.9100036621094,439.94000244140625,435.989990234375,439.010009765625,410.3122253417969,67397100,0.0,0.0,0.0
2021-07-28,439.67999267578125,440.29998779296875,437.30999755859375,438.8299865722656,410.1440124511719,52472400,0.0,0.0,0.0
2021-07-29,439.82000732421875,441.79998779296875,439.80999755859375,440.6499938964844,411.8450622558594,47435300,0.0,0.0,0.0
2021-07-30,437.9100036621094,440.05999755859375,437.7699890136719,438.510009765625,409.8448791503906,68951200,0.0,0.0,0.0
2021-08-02,440.3399963378906,440.92999267578125,437.2099914550781,437.5899963378906,408.98504638671875,58783300,0.0,0.0,0.0
2021-08-03,438.44000244140625,441.2799987792969,436.1000061035156,441.1499938964844,412.3123474121094,58053900,0.0,0.0,0.0
2021-08-04,439.7799987792969,441.1199951171875,438.7300109863281,438.9800109863281,410.2842102050781,46732200,0.0,0.0,0.0
2021-08-05,440.2200012207031,441.8500061035156,439.8800048828125,441.760009765625,412.8824462890625,38969700,0.0,0.0,0.0
2021-08-06,442.1000061035156,442.94000244140625,441.79998779296875,442.489990234375,413.56475830078125,46930000,0.0,0.0,0.0
2021-08-09,442.4599914550781,442.79998779296875,441.30999755859375,442.1300048828125,413.22833251953125,41222600,0.0,0.0,0.0
2021-08-10,442.6099853515625,443.44000244140625,441.8800048828125,442.67999267578125,413.74237060546875,43339300,0.0,0.0,0.0
2021-08-11,443.82000732421875,443.8800048828125,442.6199951171875,443.7799987792969,414.7704772949219,44034300,0.0,0.0,0.0
2021-08-12,443.6199951171875,445.260009765625,442.6600036621094,445.1099853515625,416.01348876953125,38909400,0.0,0.0,0.0
2021-08-13,445.5899963378906,445.94000244140625,445.07000732421875,445.9200134277344,416.7705993652344,39470300,0.0,0.0,0.0
2021-08-16,444.5299987792969,447.1099853515625,442.8699951171875,446.9700012207031,417.7519226074219,73740000,0.0,0.0,0.0
2021-08-17,444.239990234375,444.9599914550781,440.8500061035156,444.0400085449219,415.0134582519531,92673900,0.0,0.0,0.0
2021-08-18,442.9599914550781,444.6300048828125,438.9200134277344,439.17999267578125,410.47113037109375,89351900,0.0,0.0,0.0
2021-08-19,436.2699890136719,441.1400146484375,436.1199951171875,439.8599853515625,411.106689453125,92812200,0.0,0.0,0.0
2021-08-20,440.2300109863281,443.7099914550781,439.7099914550781,443.3599853515625,414.3778991699219,72008700,0.0,0.0,0.0
2021-08-23,445.1600036621094,448.2300109863281,443.44000244140625,447.260009765625,418.02294921875,54973000,0.0,0.0,0.0
2021-08-24,447.9700012207031,448.5400085449219,447.4200134277344,447.9700012207031,418.6864929199219,38744700,0.0,0.0,0.0
2021-08-25,448.1700134277344,449.4599914550781,447.7699890136719,448.9100036621094,419.5650634765625,40529700,0.0,0.0,0.0
2021-08-26,448.6099853515625,448.8599853515625,446.1600036621094,446.260009765625,417.08831787109375,57829600,0.0,0.0,0.0
2021-08-27,447.1199951171875,450.6499938964844,447.05999755859375,450.25,420.8174743652344,77235100,0.0,0.0,0.0
2021-08-30,450.9700012207031,453.07000732421875,450.7099914550781,452.2300109863281,422.6680908203125,48357400,0.0,0.0,0.0
2021-08-31,452.1300048828125,452.489990234375,450.9200134277344,451.55999755859375,422.0418395996094,59300200,0.0,0.0,0.0
2021-09-01,452.55999755859375,453.1099853515625,451.54998779296875,451.79998779296875,422.26611328125,48721400,0.0,0.0,0.0
2021-09-02,453.32000732421875,454.04998779296875,451.9100036621094,453.19000244140625,423.5652770996094,42501000,0.0,0.0,0.0
2021-09-03,451.9800109863281,453.6300048828125,451.54998779296875,453.0799865722656,423.4625244140625,47170500,0.0,0.0,0.0
2021-09-07,452.7099914550781,452.80999755859375,450.739990234375,451.4599914550781,421.9483337402344,51671500,0.0,0.0,0.0
2021-09-08,450.8900146484375,451.6700134277344,448.8599853515625,450.9100036621094,421.4343566894531,56181900,0.0,0.0,0.0
2021-09-09,450.70001220703125,452.57000732421875,448.7200012207031,448.9800109863281,419.63055419921875,57970400,0.0,0.0,0.0
2021-09-10,451.0400085449219,451.489990234375,445.30999755859375,445.44000244140625,416.3219299316406,89948200,0.0,0.0,0.0
2021-09-13,448.6400146484375,448.9200134277344,444.1099853515625,446.5799865722656,417.3873291015625,83738600,0.0,0.0,0.0
2021-09-14,448.1199951171875,448.3399963378906,443.2200012207031,444.1700134277344,415.1349182128906,78197100,0.0,0.0,0.0
2021-09-15,444.6199951171875,448.4100036621094,443.44000244140625,447.8800048828125,418.6024169921875,78792200,0.0,0.0,0.0
2021-09-16,447.32000732421875,448.3599853515625,444.0199890136719,447.1700134277344,417.93878173828125,77786700,0.0,0.0,0.0
2021-09-17,444.9200134277344,445.3699951171875,441.0199890136719,441.3999938964844,413.8676452636719,118425000,1.428,0.0,0.0
2021-09-20,434.8800048828125,436.55999755859375,428.8599853515625,434.0400085449219,406.9668273925781,166445500,0.0,0.0,0.0
2021-09-21,436.5299987792969,437.9100036621094,433.07000732421875,433.6300048828125,406.5823669433594,92526100,0.0,0.0,0.0
2021-09-22,436.04998779296875,440.0299987792969,433.75,437.8599853515625,410.5484313964844,102350100,0.0,0.0,0.0
2021-09-23,439.8500061035156,444.8900146484375,439.6000061035156,443.17999267578125,415.53662109375,76396000,0.0,0.0,0.0
2021-09-24,441.44000244140625,444.6700134277344,441.2099914550781,443.9100036621094,416.22113037109375,62094800,0.0,0.0,0.0
2021-09-27,442.80999755859375,444.04998779296875,441.8999938964844,442.6400146484375,415.0302734375,61371100,0.0,0.0,0.0
2021-09-28,439.69000244140625,440.0400085449219,432.94000244140625,433.7200012207031,406.66668701171875,130436300,0.0,0.0,0.0
2021-09-29,435.19000244140625,437.0400085449219,433.8500061035156,434.45001220703125,407.3511962890625,82329200,0.0,0.0,0.0
2021-09-30,436.0199890136719,436.7699890136719,428.7799987792969,429.1400146484375,402.3723449707031,140506000,0.0,0.0,0.0
2021-10-01,430.9800109863281,436.0299987792969,427.2300109863281,434.239990234375,407.154296875,129240100,0.0,0.0,0.0
2021-10-04,433.0,433.9599914550781,426.3599853515625,428.6400146484375,401.903564453125,128570000,0.0,0.0,0.0
2021-10-05,430.239990234375,435.489990234375,429.3900146484375,433.1000061035156,406.08538818359375,90682500,0.0,0.0,0.0
2021-10-06,429.2699890136719,435.1199951171875,427.5400085449219,434.8999938964844,407.77313232421875,113032200,0.0,0.0,0.0
2021-10-07,438.3900146484375,441.67999267578125,438.20001220703125,438.6600036621094,411.2985534667969,72437500,0.0,0.0,0.0
2021-10-08,439.4800109863281,439.8900146484375,437.19000244140625,437.8599853515625,410.5484313964844,74557400,0.0,0.0,0.0
2021-10-11,437.1600036621094,440.260009765625,434.6199951171875,434.69000244140625,407.5762023925781,65233300,0.0,0.0,0.0
2021-10-12,435.6700134277344,436.1000061035156,432.7799987792969,433.6199951171875,406.572998046875,71181200,0.0,0.0,0.0
2021-10-13,434.7099914550781,436.04998779296875,431.5400085449219,435.17999267578125,408.03564453125,72974000,0.0,0.0,0.0
2021-10-14,439.0799865722656,442.6600036621094,438.5799865722656,442.5,414.8990783691406,70236800,0.0,0.0,0.0
2021-10-15,444.75,446.260009765625,444.0899963378906,445.8699951171875,418.0588073730469,66260200,0.0,0.0,0.0
2021-10-18,443.9700012207031,447.54998779296875,443.2699890136719,447.19000244140625,419.2965393066406,62213200,0.0,0.0,0.0
2021-10-19,448.9200134277344,450.7099914550781,448.2699890136719,450.6400146484375,422.53131103515625,46996800,0.0,0.0,0.0
2021-10-20,451.1300048828125,452.7300109863281,451.010009765625,452.4100036621094,424.1909484863281,49571600,0.0,0.0,0.0
2021-10-21,451.7699890136719,453.8299865722656,451.30999755859375,453.5899963378906,425.29736328125,41305400,0.0,0.0,0.0
2021-10-22,453.1300048828125,454.6700134277344,451.04998779296875,453.1199951171875,424.85662841796875,58845100,0.0,0.0,0.0
2021-10-25,454.2799987792969,455.8999938964844,452.3900146484375,455.54998779296875,427.1351013183594,45214500,0.0,0.0,0.0
2021-10-26,457.20001220703125,458.489990234375,455.55999755859375,455.9599914550781,427.5195007324219,56075100,0.0,0.0,0.0
2021-10-27,456.45001220703125,457.1600036621094,453.8599853515625,453.94000244140625,425.6254577636719,72438000,0.0,0.0,0.0
2021-10-28,455.4599914550781,458.3999938964844,455.45001220703125,458.32000732421875,429.7322998046875,51437900,0.0,0.0,0.0
2021-10-29,455.8699951171875,459.55999755859375,455.55999755859375,459.25,430.6042785644531,70162400,0.0,0.0,0.0
2021-11-01,460.29998779296875,460.70001220703125,458.20001220703125,460.0400085449219,431.344970703125,48433600,0.0,0.0,0.0
2021-11-02,460.2200012207031,462.2300109863281,460.0799865722656,461.8999938964844,433.0889587402344,48908400,0.0,0.0,0.0
2021-11-03,461.29998779296875,465.1499938964844,460.8299865722656,464.7200012207031,435.7331237792969,52509800,0.0,0.0,0.0
2021-11-04,465.3599853515625,467.0,464.989990234375,466.9100036621094,437.7864074707031,52847100,0.0,0.0,0.0
2021-11-05,469.2799987792969,470.6499938964844,466.9200134277344,468.5299987792969,439.3054504394531,66390600,0.0,0.0,0.0
2021-11-08,469.70001220703125,470.2300109863281,468.20001220703125,468.92999267578125,439.6805419921875,50405200,0.0,0.0,0.0
2021-11-09,469.32000732421875,469.57000732421875,465.8800048828125,467.3800048828125,438.22711181640625,51149100,0.0,0.0,0.0
2021-11-10,465.5799865722656,467.3800048828125,462.0400085449219,463.6199951171875,434.70172119140625,69429700,0.0,0.0,0.0
2021-11-11,465.2099914550781,465.2900085449219,463.75,463.7699890136719,434.84228515625,34848500,0.0,0.0,0.0
2021-11-12,465.1199951171875,467.8599853515625,464.1099853515625,467.2699890136719,438.1240234375,53466700,0.0,0.0,0.0
2021-11-15,468.6400146484375,468.80999755859375,466.2300109863281,467.42999267578125,438.2740478515625,46980500,0.0,0.0,0.0
2021-11-16,467.1499938964844,470.489990234375,467.07000732421875,469.2799987792969,440.0086975097656,48857500,0.0,0.0,0.0
2021-11-17,469.0,469.19000244140625,467.4800109863281,468.1400146484375,438.9398193359375,47858300,0.0,0.0,0.0
2021-11-18,469.239990234375,470.010009765625,466.3399963378906,469.7300109863281,440.4306640625,50625600,0.0,0.0,0.0
2021-11-19,469.6099853515625,470.94000244140625,468.5,468.8900146484375,439.6430358886719,57315600,0.0,0.0,0.0
2021-11-22,470.8900146484375,473.5400085449219,467.3500061035156,467.57000732421875,438.4053039550781,72762000,0.0,0.0,0.0
2021-11-23,467.2200012207031,469.1000061035156,464.45001220703125,468.19000244140625,438.9866943359375,73206500,0.0,0.0,0.0
2021-11-24,466.05999755859375,469.57000732421875,465.19000244140625,469.44000244140625,440.15863037109375,61858800,0.0,0.0,0.0
2021-11-26,462.3399963378906,463.8999938964844,457.7699890136719,458.9700012207031,430.3417053222656,112669600,0.0,0.0,0.0
2021-11-29,464.07000732421875,466.55999755859375,461.7300109863281,464.6000061035156,435.62060546875,86268800,0.0,0.0,0.0
2021-11-30,462.0,464.0299987792969,455.29998779296875,455.55999755859375,427.1444396972656,148559600,0.0,0.0,0.0
2021-12-01,461.6400146484375,464.6700134277344,450.2900085449219,450.5,422.40008544921875,131939200,0.0,0.0,0.0
2021-12-02,450.7300109863281,459.07000732421875,450.30999755859375,457.3999938964844,428.8696594238281,127637800,0.0,0.0,0.0
2021-12-03,459.1700134277344,460.29998779296875,448.9200134277344,453.4200134277344,425.137939453125,137331600,0.0,0.0,0.0
2021-12-06,456.1300048828125,460.7900085449219,453.55999755859375,458.7900085449219,430.1730041503906,98977500,0.0,0.0,0.0
2021-12-07,464.4100036621094,468.8800048828125,458.6499938964844,468.2799987792969,439.0710754394531,95484700,0.0,0.0,0.0
2021-12-08,468.70001220703125,470.0,466.8299865722656,469.5199890136719,440.233642578125,72238800,0.0,0.0,0.0
2021-12-09,468.1499938964844,469.6300048828125,466.1400146484375,466.3500061035156,437.26141357421875,61272600,0.0,0.0,0.0
2021-12-10,469.2300109863281,470.8999938964844,466.510009765625,470.739990234375,441.3775634765625,77159800,0.0,0.0,0.0
2021-12-13,470.19000244140625,470.55999755859375,466.2699890136719,466.57000732421875,437.4677429199219,87724700,0.0,0.0,0.0
2021-12-14,463.0899963378906,465.739990234375,460.25,463.3599853515625,434.4578552246094,97264100,0.0,0.0,0.0
2021-12-15,463.4200134277344,470.8599853515625,460.739990234375,470.6000061035156,441.2463684082031,116899300,0.0,0.0,0.0
2021-12-16,472.57000732421875,472.8699951171875,464.79998779296875,466.45001220703125,437.3551940917969,116568600,0.0,0.0,0.0
2021-12-17,461.54998779296875,464.739990234375,458.05999755859375,459.8699951171875,432.70050048828125,135511600,1.633,0.0,0.0
2021-12-20,454.4800109863281,455.3999938964844,451.1400146484375,454.9800109863281,428.0993347167969,107134800,0.0,0.0,0.0
2021-12-21,458.6099853515625,463.2099914550781,456.30999755859375,463.05999755859375,435.7019958496094,69806300,0.0,0.0,0.0
2021-12-22,462.7900085449219,467.80999755859375,462.5799865722656,467.69000244140625,440.0584716796875,58890200,0.0,0.0,0.0
2021-12-23,468.75,472.19000244140625,468.6400146484375,470.6000061035156,442.7965393066406,56439700,0.0,0.0,0.0
2021-12-27,472.05999755859375,477.30999755859375,472.010009765625,477.260009765625,449.0631103515625,56808600,0.0,0.0,0.0
2021-12-28,477.7200012207031,478.80999755859375,476.05999755859375,476.8699951171875,448.6960754394531,47274600,0.0,0.0,0.0
2021-12-29,476.9800109863281,478.55999755859375,475.9200134277344,477.4800109863281,449.27008056640625,54503000,0.0,0.0,0.0
2021-12-30,477.92999267578125,479.0,475.6700134277344,476.1600036621094,448.0280456542969,55329000,0.0,0.0,0.0
2021-12-31,475.6400146484375,476.8599853515625,474.6700134277344,474.9599914550781,446.89898681640625,65237400,0.0,0.0,0.0
2022-01-03,476.29998779296875,477.8500061035156,473.8500061035156,477.7099914550781,449.4864501953125,72668200,0.0,0.0,0.0
2022-01-04,479.2200012207031,479.9800109863281,475.5799865722656,477.54998779296875,449.3358459472656,71178700,0.0,0.0,0.0
2022-01-05,477.1600036621094,477.9800109863281,468.2799987792969,468.3800048828125,440.70770263671875,104538900,0.0,0.0,0.0
2022-01-06,467.8900146484375,470.82000732421875,465.42999267578125,467.94000244140625,440.2937316894531,86858900,0.0,0.0,0.0
2022-01-07,467.95001220703125,469.20001220703125,464.6499938964844,466.0899963378906,438.5530090332031,85111600,0.0,0.0,0.0
2022-01-10,462.70001220703125,465.739990234375,456.6000061035156,465.510009765625,438.00726318359375,119362000,0.0,0.0,0.0
2022-01-11,465.2300109863281,469.8500061035156,462.04998779296875,469.75,441.9967346191406,74303100,0.0,0.0,0.0
2022-01-12,471.5899963378906,473.20001220703125,468.94000244140625,471.0199890136719,443.1916809082031,67605400,0.0,0.0,0.0
2022-01-13,472.19000244140625,472.8800048828125,463.44000244140625,464.5299987792969,437.0850830078125,91173100,0.0,0.0,0.0
2022-01-14,461.19000244140625,465.0899963378906,459.8999938964844,464.7200012207031,437.2639465332031,95890900,0.0,0.0,0.0
2022-01-18,459.739990234375,459.9599914550781,455.30999755859375,456.489990234375,429.5201416015625,109709100,0.0,0.0,0.0
2022-01-19,458.1300048828125,459.6099853515625,451.4599914550781,451.75,425.06024169921875,109357600,0.0,0.0,0.0
2022-01-20,453.75,458.739990234375,444.5,446.75,420.35565185546875,122379700,0.0,0.0,0.0
2022-01-21,445.55999755859375,448.05999755859375,437.95001220703125,437.9800109863281,412.103759765625,202271200,0.0,0.0,0.0
2022-01-24,432.0299987792969,440.3800048828125,420.760009765625,439.8399963378906,413.8538513183594,251783900,0.0,0.0,0.0
2022-01-25,433.05999755859375,439.7200012207031,427.1499938964844,434.4700012207031,408.8011169433594,167997300,0.0,0.0,0.0
2022-01-26,440.7200012207031,444.0400085449219,428.8599853515625,433.3800048828125,407.7755126953125,186391100,0.0,0.0,0.0
2022-01-27,438.260009765625,441.5899963378906,429.45001220703125,431.239990234375,405.761962890625,149878300,0.0,0.0,0.0
2022-01-28,432.67999267578125,442.0,427.82000732421875,441.95001220703125,415.8392028808594,164457400,0.0,0.0,0.0
2022-01-31,441.239990234375,450.2799987792969,439.80999755859375,449.9100036621094,423.3288879394531,152251400,0.0,0.0,0.0
2022-02-01,450.67999267578125,453.6300048828125,446.94000244140625,452.95001220703125,426.1893005371094,123155400,0.0,0.0,0.0
2022-02-02,455.5,458.1199951171875,453.04998779296875,457.3500061035156,430.329345703125,117361000,0.0,0.0,0.0
2022-02-03,450.95001220703125,452.9700012207031,445.7099914550781,446.6000061035156,420.2144775390625,118024400,0.0,0.0,0.0
2022-02-04,446.3500061035156,452.7799987792969,443.8299865722656,448.70001220703125,422.1903991699219,118454400,0.0,0.0,0.0
2022-02-07,449.510009765625,450.989990234375,445.8500061035156,447.260009765625,420.83551025390625,84472900,0.0,0.0,0.0
2022-02-08,446.7300109863281,451.9200134277344,445.2200012207031,450.94000244140625,424.2980651855469,81012000,0.0,0.0,0.0
2022-02-09,455.2200012207031,457.8800048828125,455.010009765625,457.5400085449219,430.5081481933594,92589900,0.0,0.0,0.0
2022-02-10,451.3399963378906,457.7099914550781,447.20001220703125,449.32000732421875,422.77374267578125,140103700,0.0,0.0,0.0
2022-02-11,449.4100036621094,451.6099853515625,438.94000244140625,440.4599914550781,414.437255859375,153214600,0.0,0.0,0.0
2022-02-14,439.9200134277344,441.6000061035156,435.3399963378906,439.0199890136719,413.08233642578125,123006300,0.0,0.0,0.0
2022-02-15,443.7300109863281,446.2799987792969,443.17999267578125,446.1000061035156,419.74395751953125,88482700,0.0,0.0,0.0
2022-02-16,443.92999267578125,448.05999755859375,441.94000244140625,446.6000061035156,420.2144775390625,84863600,0.0,0.0,0.0
2022-02-17,443.2200012207031,446.57000732421875,436.4200134277344,437.05999755859375,411.2381286621094,102259100,0.0,0.0,0.0
2022-02-18,437.3299865722656,438.6600036621094,431.82000732421875,434.2300109863281,408.5753479003906,132642900,0.0,0.0,0.0
2022-02-22,431.8900146484375,435.5,425.8599853515625,429.57000732421875,404.19061279296875,124391800,0.0,0.0,0.0
2022-02-23,432.6600036621094,433.260009765625,421.3500061035156,421.95001220703125,397.0208740234375,132578000,0.0,0.0,0.0
2022-02-24,411.0199890136719,428.760009765625,410.6400146484375,428.29998779296875,402.99560546875,213942900,0.0,0.0,0.0
2022-02-25,429.6099853515625,437.8399963378906,427.8599853515625,437.75,411.8873291015625,121804500,0.0,0.0,0.0
2022-02-28,432.0299987792969,438.20001220703125,430.70001220703125,436.6300048828125,410.8335266113281,145615000,0.0,0.0,0.0
2022-03-01,435.0400085449219,437.1700134277344,427.1099853515625,429.9800109863281,404.576416015625,137785900,0.0,0.0,0.0
2022-03-02,432.3699951171875,439.7200012207031,431.57000732421875,437.8900146484375,412.0190734863281,117726500,0.0,0.0,0.0
2022-03-03,440.4700012207031,441.1099853515625,433.79998779296875,435.7099914550781,409.9678955078125,105501700,0.0,0.0,0.0
2022-03-04,431.75,433.3699951171875,427.8800048828125,432.1700134277344,406.636962890625,113978200,0.0,0.0,0.0
2022-03-07,431.54998779296875,432.29998779296875,419.3599853515625,419.42999267578125,394.649658203125,137896600,0.0,0.0,0.0
2022-03-08,419.6199951171875,427.2099914550781,415.1199951171875,416.25,391.6575927734375,164772700,0.0,0.0,0.0
2022-03-09,425.1400146484375,429.510009765625,422.82000732421875,427.4100036621094,402.158203125,116990800,0.0,0.0,0.0
2022-03-10,422.5199890136719,426.42999267578125,420.44000244140625,425.4800109863281,400.34222412109375,93972700,0.0,0.0,0.0
2022-03-11,428.1199951171875,428.7699890136719,419.5299987792969,420.07000732421875,395.25189208984375,95636300,0.0,0.0,0.0
2022-03-14,420.8900146484375,424.54998779296875,415.7900085449219,417.0,392.3632507324219,95729200,0.0,0.0,0.0
2022-03-15,419.7699890136719,426.8399963378906,418.4200134277344,426.1700134277344,400.9915466308594,106219100,0.0,0.0,0.0
2022-03-16,429.8900146484375,435.67999267578125,424.79998779296875,435.6199951171875,409.8831787109375,144954800,0.0,0.0,0.0
2022-03-17,433.5899963378906,441.07000732421875,433.19000244140625,441.07000732421875,415.01116943359375,102676900,0.0,0.0,0.0
2022-03-18,438.0,444.8599853515625,437.2200012207031,444.5199890136719,419.55670166015625,106345500,1.366,0.0,0.0
2022-03-21,444.3399963378906,446.4599914550781,440.67999267578125,444.3900146484375,419.43402099609375,88349800,0.0,0.0,0.0
2022-03-22,445.8599853515625,450.5799865722656,445.8599853515625,449.5899963378906,424.3419494628906,74650400,0.0,0.0,0.0
2022-03-23,446.9100036621094,448.489990234375,443.7099914550781,443.79998779296875,418.8771667480469,79426100,0.0,0.0,0.0
2022-03-24,445.94000244140625,450.5,444.760009765625,450.489990234375,425.19146728515625,64736900,0.0,0.0,0.0
2022-03-25,451.1600036621094,452.9800109863281,448.42999267578125,452.69000244140625,427.2679443359375,77101300,0.0,0.0,0.0
2022-03-28,452.05999755859375,455.9100036621094,450.05999755859375,455.9100036621094,430.3070068359375,68529800,0.0,0.0,0.0
2022-03-29,460.0199890136719,462.07000732421875,457.17999267578125,461.54998779296875,435.63031005859375,86581500,0.0,0.0,0.0
2022-03-30,460.3399963378906,461.20001220703125,456.4700012207031,458.70001220703125,432.9404296875,79666900,0.0,0.0,0.0
2022-03-31,457.8900146484375,458.760009765625,451.1600036621094,451.6400146484375,426.27691650390625,121699900,0.0,0.0,0.0
2022-04-01,453.30999755859375,453.4599914550781,449.1400146484375,452.9200134277344,427.4849853515625,89048800,0.0,0.0,0.0
2022-04-04,453.1300048828125,456.9100036621094,452.260009765625,456.79998779296875,431.1470947265625,59601000,0.0,0.0,0.0
2022-04-05,455.2200012207031,457.8299865722656,449.82000732421875,451.0299987792969,425.7011413574219,74214500,0.0,0.0,0.0
2022-04-06,446.8900146484375,448.92999267578125,443.4700012207031,446.5199890136719,421.4443664550781,106898000,0.0,0.0,0.0
2022-04-07,445.5899963378906,450.69000244140625,443.5299987792969,448.7699890136719,423.56805419921875,78097200,0.0,0.0,0.0
2022-04-08,447.9700012207031,450.6300048828125,445.94000244140625,447.57000732421875,422.4354553222656,79272700,0.0,0.0,0.0
2022-04-11,444.1099853515625,445.0,439.3900146484375,439.9200134277344,415.215087890625,89770500,0.0,0.0,0.0
2022-04-12,443.0799865722656,445.75,436.6499938964844,438.2900085449219,413.6766052246094,84363600,0.0,0.0,0.0
2022-04-13,438.0299987792969,444.1099853515625,437.8399963378906,443.30999755859375,418.4146728515625,74070400,0.0,0.0,0.0
2022-04-14,443.54998779296875,444.7300109863281,437.67999267578125,437.7900085449219,413.2047119140625,97869500,0.0,0.0,0.0
2022-04-18,436.80999755859375,439.75,435.6099853515625,437.9700012207031,413.37451171875,66002500,0.0,0.0,0.0
2022-04-19,437.8599853515625,445.79998779296875,437.67999267578125,445.0400085449219,420.04754638671875,77821000,0.0,0.0,0.0
2022-04-20,446.9200134277344,447.57000732421875,443.4800109863281,444.7099914550781,419.73602294921875,65224400,0.0,0.0,0.0
2022-04-21,448.5400085449219,450.010009765625,437.1000061035156,438.05999755859375,413.45953369140625,85417300,0.0,0.0,0.0
2022-04-22,436.9100036621094,438.0799865722656,425.44000244140625,426.0400085449219,402.1145324707031,132471800,0.0,0.0,0.0
2022-04-25,423.6700134277344,428.69000244140625,418.8399963378906,428.510009765625,404.4457702636719,119647700,0.0,0.0,0.0
2022-04-26,425.8299865722656,426.0400085449219,416.07000732421875,416.1000061035156,392.7326965332031,103996300,0.0,0.0,0.0
2022-04-27,417.239990234375,422.9200134277344,415.010009765625,417.2699890136719,393.8370056152344,122030000,0.0,0.0,0.0
2022-04-28,422.2900085449219,429.6400146484375,417.6000061035156,427.80999755859375,403.78515625,105449100,0.0,0.0,0.0
2022-04-29,423.5899963378906,425.8699951171875,411.2099914550781,412.0,388.863037109375,145491100,0.0,0.0,0.0
2022-05-02,412.07000732421875,415.9200134277344,405.0199890136719,414.4800109863281,391.2037658691406,158312500,0.0,0.0,0.0
2022-05-03,415.010009765625,418.92999267578125,413.3599853515625,416.3800048828125,392.9970703125,100028200,0.0,0.0,0.0
2022-05-04,417.0799865722656,429.6600036621094,413.7099914550781,429.05999755859375,404.9649353027344,144247900,0.0,0.0,0.0
2022-05-05,424.54998779296875,425.0,409.44000244140625,413.80999755859375,390.5713806152344,172929100,0.0,0.0,0.0
2022-05-06,411.1000061035156,414.79998779296875,405.7300109863281,411.3399963378906,388.2400817871094,151770800,0.0,0.0,0.0
2022-05-09,405.1000061035156,406.4100036621094,396.5,398.1700134277344,375.8096618652344,155586100,0.0,0.0,0.0
2022-05-10,404.489990234375,406.0799865722656,394.82000732421875,399.0899963378906,376.677978515625,132497200,0.0,0.0,0.0
2022-05-11,398.07000732421875,404.0400085449219,391.9599914550781,392.75,370.6939697265625,142361000,0.0,0.0,0.0
2022-05-12,389.3699951171875,395.79998779296875,385.1499938964844,392.3399963378906,370.3070373535156,125090800,0.0,0.0,0.0
2022-05-13,396.7099914550781,403.17999267578125,395.6099853515625,401.7200012207031,379.1602783203125,104174400,0.0,0.0,0.0
2022-05-16,399.9800109863281,403.9700012207031,397.6000061035156,400.0899963378906,377.6217956542969,78622400,0.0,0.0,0.0
2022-05-17,406.5299987792969,408.57000732421875,402.5799865722656,408.32000732421875,385.3896484375,83029700,0.0,0.0,0.0
2022-05-18,403.5,403.79998779296875,390.54998779296875,391.8599853515625,369.85400390625,117674500,0.0,0.0,0.0
2022-05-19,388.6199951171875,394.1400146484375,387.1099853515625,389.4599914550781,367.5887451171875,98510700,0.0,0.0,0.0
2022-05-20,393.25,397.0299987792969,380.5400085449219,389.6300048828125,367.7492370605469,131432200,0.0,0.0,0.0
2022-05-23,392.8299865722656,397.7300109863281,390.3800048828125,396.9200134277344,374.6298522949219,76414900,0.0,0.0,0.0
2022-05-24,392.55999755859375,395.1499938964844,386.9599914550781,393.8900146484375,371.77001953125,91448800,0.0,0.0,0.0
2022-05-25,392.30999755859375,399.45001220703125,391.8900146484375,397.3699951171875,375.0545959472656,91472900,0.0,0.0,0.0
2022-05-26,398.6700134277344,407.0400085449219,398.45001220703125,405.30999755859375,382.5487060546875,82168300,0.0,0.0,0.0
2022-05-27,407.9100036621094,415.3800048828125,407.70001220703125,415.260009765625,391.9399108886719,84768700,0.0,0.0,0.0
2022-05-31,413.54998779296875,416.4599914550781,410.0299987792969,412.92999267578125,389.74078369140625,95937000,0.0,0.0,0.0
2022-06-01,415.1700134277344,416.239990234375,406.92999267578125,409.5899963378906,386.58831787109375,86585800,0.0,0.0,0.0
2022-06-02,409.4200134277344,417.44000244140625,407.0400085449219,417.3900146484375,393.9503173828125,79609600,0.0,0.0,0.0
2022-06-03,412.3999938964844,414.0400085449219,409.510009765625,410.5400085449219,387.4849548339844,71874300,0.0,0.0,0.0
2022-06-06,414.7799987792969,416.6099853515625,410.54998779296875,411.7900085449219,388.66473388671875,57508900,0.0,0.0,0.0
2022-06-07,408.1000061035156,416.2200012207031,407.6099853515625,415.739990234375,392.39288330078125,59272400,0.0,0.0,0.0
2022-06-08,413.92999267578125,415.82000732421875,410.3800048828125,411.2200012207031,388.1268005371094,64350000,0.0,0.0,0.0
2022-06-09,409.3399963378906,411.739990234375,401.44000244140625,401.44000244140625,378.89605712890625,86289800,0.0,0.0,0.0
2022-06-10,394.8800048828125,395.7799987792969,389.75,389.79998779296875,367.90966796875,132893900,0.0,0.0,0.0
2022-06-13,379.8500061035156,381.80999755859375,373.29998779296875,375.0,353.9408264160156,170004900,0.0,0.0,0.0
2022-06-14,376.8500061035156,377.94000244140625,370.5899963378906,373.8699951171875,352.8743591308594,104011800,0.0,0.0,0.0
2022-06-15,377.3599853515625,383.8999938964844,372.1199951171875,379.20001220703125,357.9049377441406,125666800,0.0,0.0,0.0
2022-06-16,370.510009765625,370.94000244140625,364.0799865722656,366.6499938964844,346.059814453125,134473300,0.0,0.0,0.0
2022-06-17,365.510009765625,369.3800048828125,362.1700134277344,365.8599853515625,346.8056945800781,111113900,1.577,0.0,0.0
2022-06-21,371.8900146484375,376.5299987792969,371.80999755859375,375.07000732421875,355.53607177734375,76811900,0.0,0.0,0.0
2022-06-22,370.6199951171875,378.7200012207031,370.17999267578125,374.3900146484375,354.8915100097656,90059400,0.0,0.0,0.0
2022-06-23,376.6400146484375,378.8299865722656,372.8900146484375,378.05999755859375,358.370361328125,79292100,0.0,0.0,0.0
2022-06-24,381.3999938964844,390.0899963378906,381.3699951171875,390.0799865722656,369.7643127441406,98050300,0.0,0.0,0.0
2022-06-27,391.04998779296875,391.3599853515625,387.44000244140625,388.5899963378906,368.35198974609375,66009600,0.0,0.0,0.0
2022-06-28,390.2300109863281,393.1600036621094,380.5299987792969,380.6499938964844,360.8254699707031,86548900,0.0,0.0,0.0
2022-06-29,381.2300109863281,382.2699890136719,378.4200134277344,380.3399963378906,360.5316162109375,65676000,0.0,0.0,0.0
2022-06-30,376.239990234375,380.6600036621094,372.55999755859375,377.25,357.60260009765625,112508300,0.0,0.0,0.0
2022-07-01,376.55999755859375,381.70001220703125,373.79998779296875,381.239990234375,361.3847351074219,74839700,0.0,0.0,0.0
2022-07-05,375.8800048828125,381.9800109863281,372.8999938964844,381.9599914550781,362.0672302246094,81438000,0.0,0.0,0.0
2022-07-06,382.1099853515625,385.8699951171875,379.6000061035156,383.25,363.29010009765625,70426200,0.0,0.0,0.0
2022-07-07,385.1199951171875,389.8299865722656,383.2699890136719,388.989990234375,368.73114013671875,64525900,0.0,0.0,0.0
2022-07-08,387.2699890136719,390.6400146484375,385.6600036621094,388.6700134277344,368.4278259277344,72397800,0.0,0.0,0.0
2022-07-11,385.8500061035156,386.8699951171875,383.5,384.2300109863281,364.2190856933594,58366900,0.0,0.0,0.0
2022-07-12,383.6499938964844,386.1600036621094,378.989990234375,380.8299865722656,360.9960632324219,62219200,0.0,0.0,0.0
2022-07-13,375.1000061035156,381.9200134277344,374.6600036621094,378.8299865722656,359.10028076171875,84224600,0.0,0.0,0.0
2022-07-14,373.6099853515625,379.04998779296875,371.0400085449219,377.9100036621094,358.2281799316406,89704800,0.0,0.0,0.0
2022-07-15,382.54998779296875,385.25,380.5400085449219,385.1300048828125,365.07220458984375,79060400,0.0,0.0,0.0
2022-07-18,388.3800048828125,389.0899963378906,380.6600036621094,381.95001220703125,362.0577697753906,63203600,0.0,0.0,0.0
2022-07-19,386.0799865722656,392.8699951171875,385.3900146484375,392.2699890136719,371.8403015136719,78506000,0.0,0.0,0.0
2022-07-20,392.4700012207031,396.260009765625,391.0299987792969,394.7699890136719,374.2100830078125,71843800,0.0,0.0,0.0
2022-07-21,394.1600036621094,398.8399963378906,391.6300048828125,398.7900085449219,378.0207824707031,64903900,0.0,0.0,0.0
2022-07-22,398.9200134277344,400.17999267578125,392.75,395.0899963378906,374.51336669921875,72197300,0.0,0.0,0.0
2022-07-25,395.75,396.4700012207031,393.2099914550781,395.57000732421875,374.9684143066406,53631500,0.0,0.0,0.0
2022-07-26,393.8399963378906,394.05999755859375,389.95001220703125,390.8900146484375,370.53216552734375,52946400,0.0,0.0,0.0
2022-07-27,394.3599853515625,402.8800048828125,394.04998779296875,401.0400085449219,380.153564453125,82342100,0.0,0.0,0.0
2022-07-28,401.8900146484375,406.79998779296875,398.1499938964844,406.07000732421875,384.9216003417969,73966600,0.0,0.0,0.0
2022-07-29,407.5799865722656,413.0299987792969,406.7699890136719,411.989990234375,390.5332336425781,87003700,0.0,0.0,0.0
2022-08-01,409.1499938964844,413.4100036621094,408.3999938964844,410.7699890136719,389.3768310546875,69997500,0.0,0.0,0.0
2022-08-02,409.1199951171875,413.0,406.82000732421875,408.05999755859375,386.8078918457031,63435400,0.0,0.0,0.0
2022-08-03,410.29998779296875,415.67999267578125,410.0,414.45001220703125,392.86517333984375,67820600,0.0,0.0,0.0
2022-08-04,414.3699951171875,415.0899963378906,412.44000244140625,414.1700134277344,392.5997314453125,45656600,0.0,0.0,0.0
2022-08-05,409.6600036621094,414.1499938964844,409.6000061035156,413.4700012207031,391.9362487792969,56814900,0.0,0.0,0.0
2022-08-08,415.25,417.6199951171875,411.8299865722656,412.989990234375,391.4811706542969,53886100,0.0,0.0,0.0
2022-08-09,412.2200012207031,412.75,410.2200012207031,411.3500061035156,389.9265441894531,44931800,0.0,0.0,0.0
2022-08-10,418.7799987792969,420.1400146484375,416.7200012207031,419.989990234375,398.1166076660156,68665700,0.0,0.0,0.0
2022-08-11,422.989990234375,424.95001220703125,419.2099914550781,419.989990234375,398.1166076660156,59489700,0.0,0.0,0.0
2022-08-12,422.0299987792969,427.2099914550781,421.0299987792969,427.1000061035156,404.85638427734375,61694500,0.0,0.0,0.0
2022-08-15,424.7699890136719,429.4100036621094,424.7099914550781,428.8599853515625,406.52459716796875,54048300,0.0,0.0,0.0
2022-08-16,427.7300109863281,431.7300109863281,426.8800048828125,429.70001220703125,407.3208923339844,59289000,0.0,0.0,0.0
2022-08-17,425.9100036621094,429.5,424.5400085449219,426.6499938964844,404.42974853515625,63563400,0.0,0.0,0.0
2022-08-18,426.8599853515625,428.6099853515625,425.5,427.8900146484375,405.6051940917969,49023200,0.0,0.0,0.0
2022-08-19,424.9800109863281,425.260009765625,421.2200012207031,422.1400146484375,400.1546630859375,68016900,0.0,0.0,0.0
2022-08-22,417.04998779296875,417.2300109863281,412.3999938964844,413.3500061035156,391.82244873046875,77695600,0.0,0.0,0.0
2022-08-23,412.8999938964844,415.4200134277344,411.7699890136719,412.3500061035156,390.87451171875,49105200,0.0,0.0,0.0
2022-08-24,412.1099853515625,415.1099853515625,411.3900146484375,413.6700134277344,392.1258544921875,49177800,0.0,0.0,0.0
2022-08-25,415.239990234375,419.55999755859375,414.0899963378906,419.510009765625,397.6616516113281,50942300,0.0,0.0,0.0
2022-08-26,419.3900146484375,419.9599914550781,405.25,405.30999755859375,384.2012023925781,103087000,0.0,0.0,0.0
2022-08-29,402.20001220703125,405.8399963378906,401.20001220703125,402.6300048828125,381.6607971191406,65370800,0.0,0.0,0.0
2022-08-30,403.8500061035156,404.1000061035156,396.0,398.2099914550781,377.47088623046875,85652400,0.0,0.0,0.0
2022-08-31,399.92999267578125,401.239990234375,395.0400085449219,395.17999267578125,374.5987854003906,76029700,0.0,0.0,0.0
2022-09-01,392.8900146484375,396.7799987792969,390.0400085449219,396.4200134277344,375.774169921875,78740100,0.0,0.0,0.0
2022-09-02,400.2799987792969,401.55999755859375,390.3299865722656,392.239990234375,371.8118591308594,99632100,0.0,0.0,0.0
2022-09-06,393.1300048828125,394.1199951171875,388.4200134277344,390.760009765625,370.408935546875,76637400,0.0,0.0,0.0
2022-09-07,390.42999267578125,398.5899963378906,390.20001220703125,397.7799987792969,377.0632629394531,70964200,0.0,0.0,0.0
2022-09-08,395.3900146484375,400.8599853515625,394.1199951171875,400.3800048828125,379.5279541015625,80821700,0.0,0.0,0.0
2022-09-09,402.739990234375,407.510009765625,402.4599914550781,406.6000061035156,385.42388916015625,76706900,0.0,0.0,0.0
2022-09-12,408.7799987792969,411.7300109863281,408.4599914550781,410.9700012207031,389.56640625,69256300,0.0,0.0,0.0
2022-09-13,401.8299865722656,403.1000061035156,391.9200134277344,393.1000061035156,372.62701416015625,122947100,0.0,0.0,0.0
2022-09-14,394.4700012207031,396.20001220703125,391.1199951171875,394.6000061035156,374.04888916015625,85023700,0.0,0.0,0.0
2022-09-15,392.9599914550781,395.9599914550781,388.7799987792969,390.1199951171875,369.8023376464844,87633800,0.0,0.0,0.0
2022-09-16,384.1400146484375,386.25,382.1099853515625,385.55999755859375,366.9810791015625,103084800,1.596,0.0,0.0
2022-09-19,382.260009765625,388.54998779296875,382.17999267578125,388.54998779296875,369.82696533203125,73278500,0.0,0.0,0.0
2022-09-20,385.05999755859375,386.1199951171875,381.20001220703125,384.0899963378906,365.5819396972656,77274900,0.0,0.0,0.0
2022-09-21,386.1099853515625,389.30999755859375,377.3800048828125,377.3900146484375,359.20477294921875,106746600,0.0,0.0,0.0
2022-09-22,376.5799865722656,378.29998779296875,373.44000244140625,374.2200012207031,356.1875305175781,89472600,0.0,0.0,0.0
2022-09-23,370.5799865722656,370.6199951171875,363.2900085449219,367.95001220703125,350.2197265625,122346900,0.0,0.0,0.0
2022-09-26,366.4100036621094,370.2099914550781,363.0299987792969,364.30999755859375,346.75506591796875,92581200,0.0,0.0,0.0
2022-09-27,368.0199890136719,370.3999938964844,360.8699951171875,363.3800048828125,345.869873046875,108294100,0.0,0.0,0.0
2022-09-28,364.3800048828125,372.29998779296875,362.6000061035156,370.5299987792969,352.67535400390625,110802200,0.0,0.0,0.0
2022-09-29,366.80999755859375,367.1099853515625,359.70001220703125,362.7900085449219,345.3082580566406,112952300,0.0,0.0,0.0
2022-09-30,361.79998779296875,365.9100036621094,357.0400085449219,357.17999267578125,339.9686279296875,153711200,0.0,0.0,0.0
2022-10-03,361.0799865722656,368.54998779296875,359.2099914550781,366.6099853515625,348.9442138671875,89756500,0.0,0.0,0.0
2022-10-04,372.3999938964844,378.0,366.57000732421875,377.9700012207031,359.7568054199219,103602800,0.0,0.0,0.0
2022-10-05,373.3900146484375,379.4599914550781,370.95001220703125,377.0899963378906,358.91925048828125,88065700,0.0,0.0,0.0
2022-10-06,375.6199951171875,378.7200012207031,372.67999267578125,373.20001220703125,355.21673583984375,82333500,0.0,0.0,0.0
2022-10-07,368.9700012207031,373.2900085449219,360.94000244140625,362.7900085449219,345.3082580566406,107789500,0.0,0.0,0.0
2022-10-10,363.9599914550781,364.2099914550781,357.6700134277344,360.0199890136719,342.67181396484375,76042800,0.0,0.0,0.0
2022-10-11,358.239990234375,363.0299987792969,355.7099914550781,357.739990234375,340.5016174316406,92482800,0.0,0.0,0.0
2022-10-12,358.1700134277344,359.82000732421875,356.29998779296875,356.55999755859375,339.3784484863281,76991800,0.0,0.0,0.0
2022-10-13,349.2099914550781,367.510009765625,348.1099853515625,365.9700012207031,348.3350524902344,147254500,0.0,0.0,0.0
2022-10-14,368.54998779296875,370.260009765625,356.9599914550781,357.6300048828125,340.39691162109375,123737000,0.0,0.0,0.0
2022-10-17,364.010009765625,367.9800109863281,357.2799987792969,366.82000732421875,349.1441345214844,93168200,0.0,0.0,0.0
2022-10-18,375.1300048828125,375.45001220703125,367.5199890136719,371.1300048828125,353.2464294433594,97162900,0.0,0.0,0.0
2022-10-19,368.989990234375,371.8500061035156,365.54998779296875,368.5,350.7431945800781,79746900,0.0,0.0,0.0
2022-10-20,368.0299987792969,372.6700134277344,364.6099853515625,365.4100036621094,347.8020324707031,88283100,0.0,0.0,0.0
2022-10-21,365.1199951171875,374.79998779296875,363.5400085449219,374.2900085449219,356.2542419433594,131038400,0.0,0.0,0.0
2022-10-24,375.8900146484375,380.05999755859375,373.1099853515625,378.8699951171875,360.61346435546875,85436900,0.0,0.0,0.0
2022-10-25,378.7900085449219,385.25,378.6700134277344,384.9200134277344,366.3719177246094,78846300,0.0,0.0,0.0
2022-10-26,381.6199951171875,387.5799865722656,381.3500061035156,382.0199890136719,363.6116027832031,104087300,0.0,0.0,0.0
2022-10-27,383.07000732421875,385.0,379.3299865722656,379.9800109863281,361.6699523925781,81971800,0.0,0.0,0.0
2022-10-28,379.8699951171875,389.5199890136719,379.67999267578125,389.0199890136719,370.27435302734375,100302000,0.0,0.0,0.0
2022-10-31,386.44000244140625,388.3999938964844,385.260009765625,386.2099914550781,367.5997619628906,96631300,0.0,0.0,0.0
2022-11-01,390.1400146484375,390.3900146484375,383.2900085449219,384.5199890136719,365.9911804199219,85407600,0.0,0.0,0.0
2022-11-02,383.8999938964844,388.6300048828125,374.760009765625,374.8699951171875,356.8061828613281,126990400,0.0,0.0,0.0
2022-11-03,371.4700012207031,374.20001220703125,368.7900085449219,371.010009765625,353.1322326660156,87100100,0.0,0.0,0.0
2022-11-04,377.0,378.8699951171875,370.0,376.3500061035156,358.21490478515625,103505200,0.0,0.0,0.0
2022-11-07,377.7099914550781,380.57000732421875,375.5299987792969,379.95001220703125,361.6413879394531,68286900,0.0,0.0,0.0
2022-11-08,381.1099853515625,385.1199951171875,377.7200012207031,382.0,363.5926208496094,84641100,0.0,0.0,0.0
2022-11-09,379.92999267578125,381.1400146484375,373.6099853515625,374.1300048828125,356.101806640625,78495500,0.0,0.0,0.0
2022-11-10,388.04998779296875,395.0400085449219,385.6400146484375,394.69000244140625,375.671142578125,141455800,0.0,0.0,0.0
2022-11-11,395.5899963378906,399.3500061035156,393.6099853515625,398.510009765625,379.3070983886719,93839900,0.0,0.0,0.0
2022-11-14,396.6600036621094,400.17999267578125,394.8299865722656,395.1199951171875,376.0804748535156,71903500,0.0,0.0,0.0
2022-11-15,401.1499938964844,402.30999755859375,394.489990234375,398.489990234375,379.2879943847656,93194500,0.0,0.0,0.0
2022-11-16,396.7799987792969,397.7799987792969,394.7900085449219,395.45001220703125,376.39453125,68508500,0.0,0.0,0.0
2022-11-17,390.4599914550781,394.95001220703125,390.1400146484375,394.239990234375,375.24285888671875,74496300,0.0,0.0,0.0
2022-11-18,397.739990234375,397.80999755859375,393.0400085449219,396.0299987792969,376.9465637207031,92922500,0.0,0.0,0.0
2022-11-21,394.6400146484375,395.82000732421875,392.6600036621094,394.5899963378906,375.5759582519531,51243200,0.0,0.0,0.0
2022-11-22,396.6300048828125,400.07000732421875,395.1499938964844,399.8999938964844,380.6300354003906,60429000,0.0,0.0,0.0
2022-11-23,399.54998779296875,402.92999267578125,399.30999755859375,402.4200134277344,383.0286560058594,68261600,0.0,0.0,0.0
2022-11-25,401.8299865722656,402.9100036621094,401.5400085449219,402.3299865722656,382.9430236816406,30545400,0.0,0.0,0.0
2022-11-28,399.0899963378906,400.80999755859375,395.1099853515625,395.9100036621094,376.83233642578125,67881600,0.0,0.0,0.0
2022-11-29,396.04998779296875,397.29998779296875,393.29998779296875,395.2300109863281,376.18511962890625,52310000,0.0,0.0,0.0
2022-11-30,395.489990234375,407.67999267578125,393.4800109863281,407.67999267578125,388.0351867675781,144566700,0.0,0.0,0.0
2022-12-01,408.7699890136719,410.0,404.75,407.3800048828125,387.7496337890625,76398200,0.0,0.0,0.0
2022-12-02,402.25,407.8599853515625,402.1400146484375,406.9100036621094,387.30230712890625,85342700,0.0,0.0,0.0
2022-12-05,403.95001220703125,404.92999267578125,398.1700134277344,399.5899963378906,380.3349609375,77289800,0.0,0.0,0.0
2022-12-06,399.4200134277344,399.989990234375,391.6400146484375,393.8299865722656,374.8525390625,77972200,0.0,0.0,0.0
2022-12-07,392.94000244140625,395.6400146484375,391.9700012207031,393.1600036621094,374.2148742675781,65927900,0.0,0.0,0.0
2022-12-08,395.1400146484375,397.3599853515625,393.2699890136719,396.239990234375,377.14642333984375,60737900,0.0,0.0,0.0
2022-12-09,394.94000244140625,397.6199951171875,393.1499938964844,393.2799987792969,374.3290710449219,81447700,0.0,0.0,0.0
2022-12-12,394.1099853515625,398.95001220703125,393.4100036621094,398.95001220703125,379.725830078125,75405800,0.0,0.0,0.0
2022-12-13,410.2200012207031,410.489990234375,399.07000732421875,401.9700012207031,382.6003723144531,123782500,0.0,0.0,0.0
2022-12-14,401.6099853515625,405.5,396.30999755859375,399.3999938964844,380.1542053222656,108111300,0.0,0.0,0.0
2022-12-15,394.29998779296875,395.25,387.8900146484375,389.6300048828125,370.8549499511719,117705900,0.0,0.0,0.0
2022-12-16,385.17999267578125,386.5799865722656,381.0400085449219,383.2699890136719,366.47662353515625,119858000,1.781,0.0,0.0
2022-12-19,383.4700012207031,383.82000732421875,378.2799987792969,380.0199890136719,363.3689880371094,79878100,0.0,0.0,0.0
2022-12-20,379.2300109863281,382.2300109863281,377.8500061035156,380.5400085449219,363.8663024902344,74427200,0.0,0.0,0.0
2022-12-21,383.25,387.4100036621094,382.69000244140625,386.2300109863281,369.3069152832031,78167400,0.0,0.0,0.0
2022-12-22,383.04998779296875,386.2099914550781,374.7699890136719,380.7200012207031,364.038330078125,100120900,0.0,0.0,0.0
2022-12-23,379.6499938964844,383.05999755859375,378.0299987792969,382.9100036621094,366.1324157714844,59857300,0.0,0.0,0.0
2022-12-27,382.7900085449219,383.1499938964844,379.6499938964844,381.3999938964844,364.6885070800781,51638200,0.0,0.0,0.0
2022-12-28,381.3299865722656,383.3900146484375,376.4200134277344,376.6600036621094,360.1562805175781,70911500,0.0,0.0,0.0
2022-12-29,379.6300048828125,384.3500061035156,379.0799865722656,383.44000244140625,366.6391906738281,66970900,0.0,0.0,0.0
2022-12-30,380.6400146484375,382.5799865722656,378.42999267578125,382.42999267578125,365.67340087890625,84022200,0.0,0.0,0.0
2023-01-03,384.3699951171875,386.42999267578125,377.8299865722656,380.82000732421875,364.13397216796875,74850700,0.0,0.0,0.0
2023-01-04,383.17999267578125,385.8800048828125,380.0,383.760009765625,366.9451599121094,85934100,0.0,0.0,0.0
2023-01-05,381.7200012207031,381.8399963378906,378.760009765625,379.3800048828125,362.7570495605469,76970500,0.0,0.0,0.0
2023-01-06,382.6099853515625,389.25,379.4100036621094,388.0799865722656,371.0758361816406,104189600,0.0,0.0,0.0
2023-01-09,390.3699951171875,393.70001220703125,387.6700134277344,387.8599853515625,370.8655090332031,73978100,0.0,0.0,0.0
2023-01-10,387.25,390.6499938964844,386.2699890136719,390.5799865722656,373.4663391113281,65358100,0.0,0.0,0.0
2023-01-11,392.2300109863281,395.6000061035156,391.3800048828125,395.5199890136719,378.1898498535156,68881100,0.0,0.0,0.0
2023-01-12,396.6700134277344,398.489990234375,392.4200134277344,396.9599914550781,379.5667419433594,90157700,0.0,0.0,0.0
2023-01-13,393.6199951171875,399.1000061035156,393.3399963378906,398.5,381.0392761230469,63903900,0.0,0.0,0.0
2023-01-17,398.4800109863281,400.2300109863281,397.05999755859375,397.7699890136719,380.3412780761719,62677300,0.0,0.0,0.0
2023-01-18,399.010009765625,400.1199951171875,391.2799987792969,391.489990234375,374.33642578125,99632300,0.0,0.0,0.0
2023-01-19,389.3599853515625,391.0799865722656,387.260009765625,388.6400146484375,371.611328125,86958900,0.0,0.0,0.0
2023-01-20,390.1000061035156,396.0400085449219,388.3800048828125,395.8800048828125,378.5340576171875,91806400,0.0,0.0,0.0
2023-01-23,396.7200012207031,402.6499938964844,395.7200012207031,400.6300048828125,383.075927734375,84178800,0.0,0.0,0.0
2023-01-24,398.8800048828125,401.1499938964844,397.6400146484375,400.20001220703125,382.664794921875,59524900,0.0,0.0,0.0
2023-01-25,395.95001220703125,400.70001220703125,393.55999755859375,400.3500061035156,382.8082275390625,84800300,0.0,0.0,0.0
2023-01-26,403.1300048828125,404.9200134277344,400.0299987792969,404.75,387.01544189453125,72287400,0.0,0.0,0.0
2023-01-27,403.6600036621094,408.1600036621094,403.44000244140625,405.67999267578125,387.9047546386719,68346200,0.0,0.0,0.0
2023-01-30,402.79998779296875,405.1300048828125,400.2799987792969,400.5899963378906,383.0377197265625,74202000,0.0,0.0,0.0
2023-01-31,401.1300048828125,406.5299987792969,400.7699890136719,406.4800109863281,388.6696472167969,86811800,0.0,0.0,0.0
2023-02-01,405.2099914550781,413.6700134277344,402.3500061035156,410.79998779296875,392.80035400390625,101459200,0.0,0.0,0.0
2023-02-02,414.8599853515625,418.30999755859375,412.8800048828125,416.7799987792969,398.518310546875,101654500,0.0,0.0,0.0
2023-02-03,411.5899963378906,416.9700012207031,411.0899963378906,412.3500061035156,394.2824401855469,94736800,0.0,0.0,0.0
2023-02-06,409.7900085449219,411.2900085449219,408.1000061035156,409.8299865722656,391.87286376953125,60295300,0.0,0.0,0.0
2023-02-07,408.8699951171875,416.489990234375,407.57000732421875,415.19000244140625,396.9980163574219,90990700,0.0,0.0,0.0
2023-02-08,413.1300048828125,414.5299987792969,409.92999267578125,410.6499938964844,392.65692138671875,76227500,0.0,0.0,0.0
2023-02-09,414.4100036621094,414.57000732421875,405.80999755859375,407.0899963378906,389.2528991699219,78694900,0.0,0.0,0.0
2023-02-10,405.8599853515625,408.44000244140625,405.010009765625,408.0400085449219,390.1612854003906,70769700,0.0,0.0,0.0
2023-02-13,408.7200012207031,412.9700012207031,408.239990234375,412.8299865722656,394.7413635253906,64913500,0.0,0.0,0.0
2023-02-14,411.239990234375,415.04998779296875,408.510009765625,412.6400146484375,394.5597229003906,88389300,0.0,0.0,0.0
2023-02-15,410.3500061035156,414.05999755859375,409.4700012207031,413.9800109863281,395.8410339355469,61555700,0.0,0.0,0.0
2023-02-16,408.7900085449219,412.9100036621094,408.1400146484375,408.2799987792969,390.3907470703125,76431500,0.0,0.0,0.0
2023-02-17,406.05999755859375,407.510009765625,404.04998779296875,407.260009765625,389.4154968261719,89257800,0.0,0.0,0.0
2023-02-21,403.05999755859375,404.1600036621094,398.82000732421875,399.0899963378906,381.60345458984375,82655900,0.0,0.0,0.0
2023-02-22,399.5199890136719,401.1300048828125,397.0199890136719,398.5400085449219,381.0775146484375,83742300,0.0,0.0,0.0
2023-02-23,401.55999755859375,402.20001220703125,396.25,400.6600036621094,383.1046142578125,96242400,0.0,0.0,0.0
2023-02-24,395.4200134277344,397.25,393.6400146484375,396.3800048828125,379.01220703125,108194400,0.0,0.0,0.0
2023-02-27,399.8699951171875,401.2900085449219,396.75,397.7300109863281,380.3030090332031,80444700,0.0,0.0,0.0
2023-02-28,397.2300109863281,399.2799987792969,396.1499938964844,396.260009765625,378.8974609375,96438600,0.0,0.0,0.0
2023-03-01,395.4100036621094,396.69000244140625,393.3800048828125,394.739990234375,377.444091796875,99706800,0.0,0.0,0.0
2023-03-02,392.67999267578125,398.69000244140625,392.3299865722656,397.80999755859375,380.3795166015625,85127800,0.0,0.0,0.0
2023-03-03,399.7099914550781,404.45001220703125,399.0299987792969,404.19000244140625,386.47998046875,90120000,0.0,0.0,0.0
2023-03-06,405.04998779296875,407.45001220703125,404.010009765625,404.4700012207031,386.7476806640625,72795900,0.0,0.0,0.0
2023-03-07,404.4200134277344,404.6700134277344,397.6300048828125,398.2699890136719,380.8193359375,108310600,0.0,0.0,0.0
2023-03-08,398.3900146484375,399.7099914550781,396.5899963378906,398.9200134277344,381.44085693359375,74746600,0.0,0.0,0.0
2023-03-09,399.739990234375,401.4800109863281,390.5299987792969,391.55999755859375,374.4034118652344,111945300,0.0,0.0,0.0
2023-03-10,390.989990234375,393.1600036621094,384.32000732421875,385.9100036621094,369.0009460449219,189253000,0.0,0.0,0.0
2023-03-13,381.80999755859375,390.3900146484375,380.6499938964844,385.3599853515625,368.4749755859375,157790000,0.0,0.0,0.0
2023-03-14,390.5,393.45001220703125,387.04998779296875,391.7300109863281,374.56597900390625,149752400,0.0,0.0,0.0
2023-03-15,385.8900146484375,389.489990234375,383.7099914550781,389.2799987792969,372.2232971191406,172996900,0.0,0.0,0.0
2023-03-16,386.82000732421875,396.4700012207031,386.2900085449219,396.1099853515625,378.75396728515625,143254200,0.0,0.0,0.0
2023-03-17,393.2200012207031,394.3999938964844,388.54998779296875,389.989990234375,374.3253479003906,140553400,1.506,0.0,0.0
2023-03-20,390.79998779296875,394.1700134277344,390.07000732421875,393.739990234375,377.9247741699219,93055800,0.0,0.0,0.0
2023-03-21,397.239990234375,399.4100036621094,395.5799865722656,398.9100036621094,382.88702392578125,91524200,0.0,0.0,0.0
2023-03-22,398.7300109863281,402.489990234375,392.07000732421875,392.1099853515625,376.360107421875,111746600,0.0,0.0,0.0
2023-03-23,395.0899963378906,399.2900085449219,390.3500061035156,393.1700134277344,377.37762451171875,119351300,0.0,0.0,0.0
2023-03-24,391.8399963378906,395.8399963378906,389.3999938964844,395.75,379.8539733886719,107682400,0.0,0.0,0.0
2023-03-27,398.1199951171875,398.9200134277344,395.55999755859375,396.489990234375,380.5642395019531,74010400,0.0,0.0,0.0
2023-03-28,395.7699890136719,396.489990234375,393.69000244140625,395.6000061035156,379.7099914550781,62871700,0.0,0.0,0.0
2023-03-29,399.92999267578125,401.6000061035156,398.67999267578125,401.3500061035156,385.2290344238281,77497900,0.0,0.0,0.0
2023-03-30,404.0899963378906,404.3500061035156,401.760009765625,403.70001220703125,387.48468017578125,69840000,0.0,0.0,0.0
2023-03-31,404.6600036621094,409.70001220703125,404.54998779296875,409.3900146484375,392.94610595703125,112062600,0.0,0.0,0.0
2023-04-03,408.8500061035156,411.3699951171875,408.44000244140625,410.95001220703125,394.4434814453125,67391100,0.0,0.0,0.0
2023-04-04,411.6199951171875,411.9200134277344,407.239990234375,408.6700134277344,392.25506591796875,66601500,0.0,0.0,0.0
2023-04-05,407.9100036621094,408.70001220703125,405.8800048828125,407.6000061035156,391.2279968261719,65200200,0.0,0.0,0.0
2023-04-06,406.7699890136719,409.4800109863281,405.67999267578125,409.19000244140625,392.754150390625,63743300,0.0,0.0,0.0
2023-04-10,406.6099853515625,409.69000244140625,405.9700012207031,409.6099853515625,393.1572570800781,63681000,0.0,0.0,0.0
2023-04-11,410.260009765625,411.17999267578125,408.9200134277344,409.7200012207031,393.2628479003906,59297900,0.0,0.0,0.0
2023-04-12,411.8699951171875,412.1700134277344,407.44000244140625,408.04998779296875,391.6598815917969,86420400,0.0,0.0,0.0
2023-04-13,409.17999267578125,413.8399963378906,407.989990234375,413.4700012207031,396.8622131347656,85814800,0.0,0.0,0.0
2023-04-14,412.80999755859375,415.0899963378906,410.05999755859375,412.4599914550781,395.892822265625,78161500,0.0,0.0,0.0
2023-04-17,412.3699951171875,413.9599914550781,411.0899963378906,413.94000244140625,397.3133544921875,66436400,0.0,0.0,0.0
2023-04-18,415.5799865722656,415.7200012207031,412.7799987792969,414.2099914550781,397.57257080078125,63560000,0.0,0.0,0.0
2023-04-19,412.2200012207031,415.0799865722656,412.1600036621094,414.1400146484375,397.5053405761719,55227300,0.0,0.0,0.0
2023-04-20,411.2099914550781,413.70001220703125,410.2699890136719,411.8800048828125,395.33612060546875,75840400,0.0,0.0,0.0
2023-04-21,412.19000244140625,412.67999267578125,410.1700134277344,412.20001220703125,395.64324951171875,73457400,0.0,0.0,0.0
2023-04-24,411.989990234375,413.07000732421875,410.6000061035156,412.6300048828125,396.0559997558594,64332100,0.0,0.0,0.0
2023-04-25,410.5799865722656,411.1600036621094,406.0199890136719,406.0799865722656,389.7690734863281,97766700,0.0,0.0,0.0
2023-04-26,406.7200012207031,407.8399963378906,403.7799987792969,404.3599853515625,388.1181335449219,80447000,0.0,0.0,0.0
2023-04-27,407.0,412.69000244140625,406.739990234375,412.4100036621094,395.84478759765625,92968400,0.0,0.0,0.0
2023-04-28,411.489990234375,415.94000244140625,411.42999267578125,415.92999267578125,399.2234802246094,89433100,0.0,0.0,0.0
2023-05-01,415.4700012207031,417.6199951171875,415.2699890136719,415.510009765625,398.8202819824219,62122300,0.0,0.0,0.0
2023-05-02,414.7699890136719,414.82000732421875,407.82000732421875,410.8399963378906,394.33782958984375,103998500,0.0,0.0,0.0
2023-05-03,411.3599853515625,413.8699951171875,407.7699890136719,408.0199890136719,391.63116455078125,91531800,0.0,0.0,0.0
2023-05-04,406.92999267578125,407.2699890136719,403.739990234375,405.1300048828125,388.857177734375,94901900,0.0,0.0,0.0
2023-05-05,408.9100036621094,413.7200012207031,408.6400146484375,412.6300048828125,396.0559997558594,87891800,0.0,0.0,0.0
2023-05-08,412.9700012207031,413.239990234375,411.2799987792969,412.739990234375,396.16156005859375,50046800,0.0,0.0,0.0
2023-05-09,411.1300048828125,412.0899963378906,410.69000244140625,410.92999267578125,394.4242858886719,49220100,0.0,0.0,0.0
2023-05-10,413.8800048828125,414.5400085449219,408.8699951171875,412.8500061035156,396.2671203613281,96142900,0.0,0.0,0.0
2023-05-11,411.95001220703125,412.42999267578125,409.9700012207031,412.1300048828125,395.5760803222656,70157100,0.0,0.0,0.0
2023-05-12,413.4200134277344,413.6400146484375,409.07000732421875,411.5899963378906,395.0577697753906,70481500,0.0,0.0,0.0
2023-05-15,412.2200012207031,413.42999267578125,410.2300109863281,413.010009765625,396.4207458496094,54289400,0.0,0.0,0.0
2023-05-16,411.8599853515625,412.82000732421875,410.239990234375,410.25,393.7716369628906,57705500,0.0,0.0,0.0
2023-05-17,412.3500061035156,415.8599853515625,410.6400146484375,415.2300109863281,398.5515441894531,87287000,0.0,0.0,0.0
2023-05-18,414.8999938964844,419.6700134277344,414.6700134277344,419.2300109863281,402.390869140625,97177200,0.0,0.0,0.0
2023-05-19,420.1700134277344,420.7200012207031,417.3500061035156,418.6199951171875,401.8053894042969,103793300,0.0,0.0,0.0
2023-05-22,418.6400146484375,420.3900146484375,417.3500061035156,418.7900085449219,401.9685363769531,60745400,0.0,0.0,0.0
2023-05-23,417.0799865722656,418.7200012207031,413.67999267578125,414.0899963378906,397.4573059082031,86383500,0.0,0.0,0.0
2023-05-24,412.4200134277344,412.82000732421875,409.8800048828125,411.0899963378906,394.5777893066406,89213700,0.0,0.0,0.0
2023-05-25,414.739990234375,416.1600036621094,412.4100036621094,414.6499938964844,397.9948425292969,90961600,0.0,0.0,0.0
2023-05-26,415.3299865722656,420.7699890136719,415.25,420.0199890136719,403.1491394042969,93830000,0.0,0.0,0.0
2023-05-30,422.0299987792969,422.5799865722656,418.739990234375,420.17999267578125,403.3027038574219,72216000,0.0,0.0,0.0
2023-05-31,418.2799987792969,419.2200012207031,416.2200012207031,417.8500061035156,401.0663146972656,110811800,0.0,0.0,0.0
2023-06-01,418.0899963378906,422.9200134277344,416.7900085449219,421.82000732421875,404.8768310546875,88865000,0.0,0.0,0.0
2023-06-02,424.5,428.739990234375,423.95001220703125,427.9200134277344,410.7318420410156,91426200,0.0,0.0,0.0
2023-06-05,428.2799987792969,429.6199951171875,426.3699951171875,427.1000061035156,409.94482421875,65460200,0.0,0.0,0.0
2023-06-06,426.6700134277344,428.5799865722656,425.989990234375,428.0299987792969,410.8373718261719,64022200,0.0,0.0,0.0
2023-06-07,428.44000244140625,429.6199951171875,426.1099853515625,426.54998779296875,409.4168395996094,85373300,0.0,0.0,0.0
2023-06-08,426.6199951171875,429.6000061035156,425.82000732421875,429.1300048828125,411.8932189941406,61952800,0.0,0.0,0.0
2023-06-09,429.9599914550781,431.989990234375,428.8699951171875,429.8999938964844,412.6322937011719,85742800,0.0,0.0,0.0
2023-06-12,430.9200134277344,433.8800048828125,430.1700134277344,433.79998779296875,416.3756103515625,76104300,0.0,0.0,0.0
2023-06-13,435.32000732421875,437.3299865722656,434.6300048828125,436.6600036621094,419.12078857421875,95899700,0.0,0.0,0.0
2023-06-14,437.010009765625,439.05999755859375,433.5899963378906,437.17999267578125,419.6198425292969,100612100,0.0,0.0,0.0
2023-06-15,436.3299865722656,443.8999938964844,436.2300109863281,442.6000061035156,424.8221740722656,110303100,0.0,0.0,0.0
2023-06-16,443.0199890136719,443.6099853515625,438.9700012207031,439.4599914550781,423.3751220703125,114165800,1.638,0.0,0.0
2023-06-20,437.45001220703125,438.3699951171875,435.0299987792969,437.17999267578125,421.1785888671875,76160400,0.0,0.0,0.0
2023-06-21,436.1600036621094,436.989990234375,434.3299865722656,434.94000244140625,419.0205383300781,76982300,0.0,0.0,0.0
2023-06-22,433.95001220703125,436.6199951171875,433.6000061035156,436.510009765625,420.5331115722656,70637200,0.0,0.0,0.0
2023-06-23,432.92999267578125,435.05999755859375,432.4700012207031,433.2099914550781,417.35394287109375,92074500,0.0,0.0,0.0
2023-06-26,432.6199951171875,434.6099853515625,431.19000244140625,431.44000244140625,415.648681640625,72823600,0.0,0.0,0.0
2023-06-27,432.3500061035156,436.80999755859375,431.8800048828125,436.1700134277344,420.2055358886719,72813700,0.0,0.0,0.0
2023-06-28,435.04998779296875,437.44000244140625,434.4100036621094,436.3900146484375,420.4176025390625,75636000,0.0,0.0,0.0
2023-06-29,435.9599914550781,438.2799987792969,435.5400085449219,438.1099853515625,422.0745544433594,67882300,0.0,0.0,0.0
2023-06-30,441.44000244140625,444.29998779296875,441.1099853515625,443.2799987792969,427.0553894042969,104964000,0.0,0.0,0.0
2023-07-03,442.9200134277344,444.0799865722656,442.6300048828125,443.7900085449219,427.5466613769531,32793400,0.0,0.0,0.0
2023-07-05,441.9100036621094,443.8900146484375,441.8999938964844,443.1300048828125,426.91082763671875,58418400,0.0,0.0,0.0
2023-07-06,439.4200134277344,440.1000061035156,437.05999755859375,439.6600036621094,423.5678405761719,80658300,0.0,0.0,0.0
2023-07-07,438.6300048828125,442.6400146484375,438.29998779296875,438.54998779296875,422.49847412109375,86134200,0.0,0.0,0.0
2023-07-10,438.17999267578125,439.8399963378906,437.5899963378906,439.6600036621094,423.5678405761719,62443500,0.0,0.0,0.0
2023-07-11,440.45001220703125,442.9700012207031,439.44000244140625,442.4599914550781,426.2653503417969,64463800,0.0,0.0,0.0
2023-07-12,446.3900146484375,447.4800109863281,444.9100036621094,446.0199890136719,429.6950378417969,91924500,0.0,0.0,0.0
2023-07-13,447.8999938964844,450.3800048828125,447.45001220703125,449.55999755859375,433.10546875,72425200,0.0,0.0,0.0
2023-07-14,450.4800109863281,451.3599853515625,448.489990234375,449.2799987792969,432.83575439453125,69815800,0.0,0.0,0.0
2023-07-17,449.1300048828125,451.92999267578125,449.0799865722656,450.8399963378906,434.338623046875,52680200,0.0,0.0,0.0
2023-07-18,450.5,454.8599853515625,450.04998779296875,454.19000244140625,437.56597900390625,80668200,0.0,0.0,0.0
2023-07-19,455.010009765625,456.42999267578125,454.1099853515625,455.20001220703125,438.5390625,65891700,0.0,0.0,0.0
2023-07-20,454.1700134277344,455.1000061035156,451.44000244140625,452.17999267578125,435.6296081542969,70591600,0.0,0.0,0.0
2023-07-21,453.9599914550781,454.1700134277344,452.1700134277344,452.17999267578125,435.6296081542969,71275600,0.0,0.0,0.0
2023-07-24,453.3699951171875,455.0400085449219,452.29998779296875,454.20001220703125,437.57562255859375,54023400,0.0,0.0,0.0
2023-07-25,453.9200134277344,456.739990234375,453.8699951171875,455.44000244140625,438.7702941894531,55191200,0.0,0.0,0.0
2023-07-26,454.4700012207031,456.989990234375,453.3800048828125,455.510009765625,438.8377380371094,71052900,0.0,0.0,0.0
2023-07-27,459.0199890136719,459.44000244140625,451.54998779296875,452.489990234375,435.92822265625,92194400,0.0,0.0,0.0
2023-07-28,455.8800048828125,457.7799987792969,452.489990234375,456.9200134277344,440.196044921875,80011800,0.0,0.0,0.0
2023-07-31,457.4100036621094,458.1600036621094,456.04998779296875,457.7900085449219,441.0343017578125,62040400,0.0,0.0,0.0
2023-08-01,456.2699890136719,457.25,455.489990234375,456.4800109863281,439.772216796875,55291500,0.0,0.0,0.0
2023-08-02,453.25,453.5199890136719,449.3500061035156,450.1300048828125,433.6545715332031,93933400,0.0,0.0,0.0
2023-08-03,448.0400085449219,450.7900085449219,447.3699951171875,448.8399963378906,432.4118347167969,64276100,0.0,0.0,0.0
2023-08-04,450.7200012207031,452.8999938964844,446.2699890136719,446.80999755859375,430.4561462402344,100128900,0.0,0.0,0.0
2023-08-07,448.7099914550781,450.8699951171875,447.989990234375,450.7099914550781,434.2133483886719,58357500,0.0,0.0,0.0
2023-08-08,448.0799865722656,450.70001220703125,445.2699890136719,448.75,432.3251647949219,71361300,0.0,0.0,0.0
2023-08-09,449.0299987792969,449.20001220703125,444.9599914550781,445.75,429.4349060058594,78789600,0.0,0.0,0.0
2023-08-10,448.19000244140625,451.70001220703125,444.70001220703125,445.9100036621094,429.5890808105469,93005500,0.0,0.0,0.0
2023-08-11,443.9700012207031,446.70001220703125,443.3500061035156,445.6499938964844,429.3385925292969,68690900,0.0,0.0,0.0
2023-08-14,444.70001220703125,448.1099853515625,444.3800048828125,448.1099853515625,431.70849609375,47867400,0.0,0.0,0.0
2023-08-15,446.2699890136719,446.6400146484375,442.29998779296875,442.8900146484375,426.67962646484375,75707500,0.0,0.0,0.0
2023-08-16,442.4599914550781,444.17999267578125,439.5299987792969,439.6400146484375,423.548583984375,80107200,0.0,0.0,0.0
2023-08-17,441.1600036621094,441.42999267578125,435.75,436.2900085449219,420.32122802734375,95711300,0.0,0.0,0.0
2023-08-18,433.3699951171875,437.57000732421875,433.010009765625,436.5,420.5235290527344,98852000,0.0,0.0,0.0
2023-08-21,437.54998779296875,440.1099853515625,435.32000732421875,439.3399963378906,423.259521484375,68719000,0.0,0.0,0.0
2023-08-22,441.17999267578125,441.17999267578125,437.57000732421875,438.1499938964844,422.1131286621094,64994200,0.0,0.0,0.0
2023-08-23,439.25,443.6700134277344,439.1000061035156,443.0299987792969,426.8144836425781,68441000,0.0,0.0,0.0
2023-08-24,444.69000244140625,445.2200012207031,436.8599853515625,436.8900146484375,420.89923095703125,88517300,0.0,0.0,0.0
2023-08-25,438.67999267578125,441.29998779296875,435.0,439.9700012207031,423.8664855957031,102325100,0.0,0.0,0.0
2023-08-28,442.239990234375,443.3999938964844,439.9700012207031,442.760009765625,426.55438232421875,61595400,0.0,0.0,0.0
2023-08-29,442.6499938964844,449.45001220703125,442.4599914550781,449.1600036621094,432.72015380859375,83081900,0.0,0.0,0.0
2023-08-30,449.510009765625,451.6700134277344,448.7799987792969,451.010009765625,434.50238037109375,69053900,0.0,0.0,0.0
2023-08-31,451.6499938964844,452.8299865722656,450.1600036621094,450.3500061035156,433.8665771484375,66084600,0.0,0.0,0.0
2023-09-01,453.1700134277344,453.6700134277344,449.67999267578125,451.19000244140625,434.6758117675781,58944100,0.0,0.0,0.0
2023-09-05,450.7300109863281,451.05999755859375,449.1700134277344,449.239990234375,432.7972106933594,55166200,0.0,0.0,0.0
2023-09-06,448.3999938964844,448.510009765625,443.80999755859375,446.2200012207031,429.8876953125,70758500,0.0,0.0,0.0
2023-09-07,443.1099853515625,445.54998779296875,442.75,444.8500061035156,428.56787109375,70355400,0.0,0.0,0.0
2023-09-08,444.8999938964844,447.1099853515625,444.5299987792969,445.5199890136719,429.21331787109375,61659700,0.0,0.0,0.0
2023-09-11,448.239990234375,448.7699890136719,446.4700012207031,448.45001220703125,432.0360412597656,60180100,0.0,0.0,0.0
2023-09-12,446.95001220703125,448.5299987792969,445.3900146484375,445.989990234375,429.6661376953125,67565400,0.0,0.0,0.0
2023-09-13,446.2200012207031,447.7099914550781,445.0799865722656,446.510009765625,430.1671447753906,60199300,0.0,0.0,0.0
2023-09-14,449.07000732421875,451.0799865722656,447.7200012207031,450.3599853515625,433.876220703125,83430800,0.0,0.0,0.0
2023-09-15,447.1400146484375,447.4800109863281,442.9200134277344,443.3699951171875,428.6487121582031,111848900,1.583,0.0,0.0
2023-09-18,443.04998779296875,444.9700012207031,442.55999755859375,443.6300048828125,428.90008544921875,55752200,0.0,0.0,0.0
2023-09-19,442.67999267578125,443.2900085449219,439.94000244140625,442.7099914550781,428.01068115234375,66514600,0.0,0.0,0.0
2023-09-20,444.010009765625,444.44000244140625,438.42999267578125,438.6400146484375,424.07574462890625,82562600,0.0,0.0,0.0
2023-09-21,435.70001220703125,435.9700012207031,431.2300109863281,431.3900146484375,417.0664978027344,104095800,0.0,0.0,0.0
2023-09-22,432.45001220703125,434.1000061035156,429.989990234375,430.4200134277344,416.1286926269531,100829700,0.0,0.0,0.0
2023-09-25,429.1700134277344,432.2699890136719,428.7200012207031,432.2300109863281,417.87860107421875,70874500,0.0,0.0,0.0
2023-09-26,429.0899963378906,429.82000732421875,425.0199890136719,425.8800048828125,411.7394714355469,96168400,0.0,0.0,0.0
2023-09-27,427.0899963378906,427.6700134277344,422.2900085449219,426.04998779296875,411.9037170410156,104705800,0.0,0.0,0.0
2023-09-28,425.4800109863281,430.25,424.8699951171875,428.5199890136719,414.291748046875,92258300,0.0,0.0,0.0
2023-09-29,431.6700134277344,431.8500061035156,425.9100036621094,427.4800109863281,413.2862854003906,115111300,0.0,0.0,0.0
2023-10-02,426.6199951171875,428.6000061035156,424.4599914550781,427.30999755859375,413.1219482421875,83798600,0.0,0.0,0.0
2023-10-03,425.05999755859375,427.3699951171875,420.17999267578125,421.5899963378906,407.59185791015625,103760600,0.0,0.0,0.0
2023-10-04,422.07000732421875,425.42999267578125,420.55999755859375,424.6600036621094,410.5599365234375,87453000,0.0,0.0,0.0
2023-10-05,424.3599853515625,425.3699951171875,421.1700134277344,424.5,410.40521240234375,70142700,0.0,0.0,0.0
2023-10-06,421.9700012207031,431.1300048828125,420.6000061035156,429.5400085449219,415.27789306640625,113273300,0.0,0.0,0.0
2023-10-09,427.5799865722656,432.8800048828125,427.010009765625,432.2900085449219,417.93658447265625,80374400,0.0,0.0,0.0
2023-10-10,432.94000244140625,437.2200012207031,432.5299987792969,434.5400085449219,420.1119384765625,78607300,0.0,0.0,0.0
2023-10-11,435.6400146484375,436.5799865722656,433.17999267578125,436.32000732421875,421.83282470703125,62451700,0.0,0.0,0.0
2023-10-12,436.95001220703125,437.3399963378906,431.2300109863281,433.6600036621094,419.2611389160156,81154200,0.0,0.0,0.0
2023-10-13,435.2099914550781,436.45001220703125,429.8800048828125,431.5,417.1728210449219,95143100,0.0,0.0,0.0
2023-10-16,433.82000732421875,437.1400146484375,433.57000732421875,436.0400085449219,421.56207275390625,75433200,0.0,0.0,0.0
2023-10-17,432.80999755859375,438.1400146484375,432.45001220703125,436.0199890136719,421.5427551269531,75324700,0.0,0.0,0.0
2023-10-18,434.19000244140625,435.17999267578125,429.0899963378906,430.2099914550781,415.92572021484375,93559800,0.0,0.0,0.0
2023-10-19,430.95001220703125,432.82000732421875,425.7300109863281,426.42999267578125,412.27117919921875,121323000,0.0,0.0,0.0
2023-10-20,425.9800109863281,426.5400085449219,421.0799865722656,421.19000244140625,407.2051696777344,123919900,0.0,0.0,0.0
2023-10-23,419.6099853515625,424.45001220703125,417.79998779296875,420.4599914550781,406.4993591308594,92035100,0.0,0.0,0.0
2023-10-24,422.6499938964844,424.82000732421875,420.739990234375,423.6300048828125,409.5641784667969,78564200,0.0,0.0,0.0
2023-10-25,421.8900146484375,421.9200134277344,417.0199890136719,417.54998779296875,403.68597412109375,94223200,0.0,0.0,0.0
2023-10-26,416.45001220703125,417.3299865722656,411.6000061035156,412.54998779296875,398.8520202636719,115156800,0.0,0.0,0.0
2023-10-27,414.19000244140625,414.6000061035156,409.2099914550781,410.67999267578125,397.04412841796875,107367700,0.0,0.0,0.0
2023-10-30,413.55999755859375,416.67999267578125,412.2200012207031,415.5899963378906,401.79107666015625,86562700,0.0,0.0,0.0
2023-10-31,416.17999267578125,418.5299987792969,414.2099914550781,418.20001220703125,404.3144226074219,79665200,0.0,0.0,0.0
2023-11-01,419.20001220703125,423.5,418.6499938964844,422.6600036621094,408.6263732910156,98068100,0.0,0.0,0.0
2023-11-02,426.5799865722656,430.9200134277344,426.55999755859375,430.760009765625,416.4574279785156,94938900,0.0,0.0,0.0
2023-11-03,433.1400146484375,436.2900085449219,433.010009765625,434.69000244140625,420.2569580078125,100167800,0.0,0.0,0.0
2023-11-06,435.4700012207031,436.1499938964844,433.67999267578125,435.69000244140625,421.22369384765625,67831700,0.0,0.0,0.0
2023-11-07,435.69000244140625,437.5899963378906,434.510009765625,436.92999267578125,422.4225158691406,64256100,0.0,0.0,0.0
2023-11-08,437.54998779296875,438.0899963378906,434.8699951171875,437.25,422.7319030761719,61746000,0.0,0.0,0.0
2023-11-09,438.42999267578125,438.4700012207031,433.3999938964844,433.8399963378906,419.4351501464844,83174400,0.0,0.0,0.0
2023-11-10,435.9800109863281,440.92999267578125,433.8299865722656,440.6099853515625,425.9803466796875,89462200,0.0,0.0,0.0
2023-11-13,439.2300109863281,441.3299865722656,438.4200134277344,440.19000244140625,425.57427978515625,52236100,0.0,0.0,0.0
2023-11-14,446.32000732421875,450.05999755859375,446.0899963378906,448.7300109863281,433.8307800292969,97176900,0.0,0.0,0.0
2023-11-15,450.1099853515625,451.3800048828125,448.79998779296875,449.67999267578125,434.7491760253906,77327600,0.0,0.0,0.0
2023-11-16,449.2200012207031,450.55999755859375,448.1199951171875,450.2300109863281,435.2809753417969,66665800,0.0,0.0,0.0
2023-11-17,450.239990234375,451.4200134277344,449.2900085449219,450.7900085449219,435.8223571777344,83133200,0.0,0.0,0.0
2023-11-20,450.5299987792969,455.1300048828125,450.5199890136719,454.260009765625,439.1771240234375,69936200,0.0,0.0,0.0
2023-11-21,453.17999267578125,454.1300048828125,451.9599914550781,453.2699890136719,438.22003173828125,49244600,0.0,0.0,0.0
2023-11-22,454.9800109863281,456.3800048828125,453.8900146484375,455.0199890136719,439.91192626953125,59394900,0.0,0.0,0.0
2023-11-24,455.07000732421875,455.5,454.7300109863281,455.29998779296875,440.1825866699219,29737400,0.0,0.0,0.0
2023-11-27,454.6499938964844,455.489990234375,454.0799865722656,454.4800109863281,439.3898620605469,50506000,0.0,0.0,0.0
2023-11-28,454.0799865722656,456.2699890136719,453.5,454.92999267578125,439.8248596191406,62115000,0.0,0.0,0.0
2023-11-29,457.1499938964844,458.32000732421875,454.20001220703125,454.6099853515625,439.5154724121094,63146000,0.0,0.0,0.0
2023-11-30,455.4800109863281,456.760009765625,453.3399963378906,456.3999938964844,441.24609375,79752700,0.0,0.0,0.0
2023-12-01,455.7699890136719,459.6499938964844,455.1600036621094,459.1000061035156,443.8564453125,89183400,0.0,0.0,0.0
2023-12-04,455.6000061035156,459.1199951171875,454.3399963378906,456.69000244140625,441.52642822265625,72430900,0.0,0.0,0.0
2023-12-05,455.260009765625,457.5899963378906,454.8699951171875,456.6000061035156,441.439453125,69793500,0.0,0.0,0.0
2023-12-06,458.80999755859375,458.8399963378906,454.30999755859375,454.760009765625,439.6604919433594,69124700,0.0,0.0,0.0
2023-12-07,456.9100036621094,458.8999938964844,456.2900085449219,458.2300109863281,443.0153503417969,66995400,0.0,0.0,0.0
2023-12-08,457.4599914550781,460.75,457.2099914550781,460.20001220703125,444.91998291015625,83194400,0.0,0.0,0.0
2023-12-11,459.69000244140625,462.1700134277344,459.4700012207031,461.989990234375,446.65045166015625,65002200,0.0,0.0,0.0
2023-12-12,461.6300048828125,464.20001220703125,460.6000061035156,464.1000061035156,448.6903991699219,68327600,0.0,0.0,0.0
2023-12-13,464.489990234375,470.760009765625,464.1199951171875,470.5,454.8778991699219,93278000,0.0,0.0,0.0
2023-12-14,472.5,473.7300109863281,469.25,472.010009765625,456.3377685546875,119026000,0.0,0.0,0.0
2023-12-15,469.489990234375,470.70001220703125,467.42999267578125,469.3299865722656,455.5863952636719,141553700,1.906,0.0,0.0
2023-12-18,470.9800109863281,472.9800109863281,469.8900146484375,471.9700012207031,458.14910888671875,70375300,0.0,0.0,0.0
2023-12-19,472.5299987792969,474.9200134277344,472.45001220703125,474.8399963378906,460.93511962890625,55761800,0.0,0.0,0.0
2023-12-20,473.9599914550781,475.8999938964844,467.82000732421875,468.260009765625,454.5478210449219,102921000,0.0,0.0,0.0
2023-12-21,471.3299865722656,472.9800109863281,468.8399963378906,472.70001220703125,458.8577575683594,86667500,0.0,0.0,0.0
2023-12-22,473.8599853515625,475.3800048828125,471.70001220703125,473.6499938964844,459.7799072265625,67160400,0.0,0.0,0.0
2023-12-26,474.07000732421875,476.5799865722656,473.989990234375,475.6499938964844,461.7213439941406,55387000,0.0,0.0,0.0
2023-12-27,475.44000244140625,476.6600036621094,474.8900146484375,476.510009765625,462.5561828613281,68000300,0.0,0.0,0.0
2023-12-28,476.8800048828125,477.54998779296875,476.260009765625,476.69000244140625,462.73089599609375,77158100,0.0,0.0,0.0
2023-12-29,476.489990234375,477.0299987792969,473.29998779296875,475.30999755859375,461.3913269042969,122283100,0.0,0.0,0.0
2024-01-02,472.1600036621094,473.6700134277344,470.489990234375,472.6499938964844,458.8091735839844,123623700,0.0,0.0,0.0
2024-01-03,470.42999267578125,471.19000244140625,468.1700134277344,468.7900085449219,455.062255859375,103585900,0.0,0.0,0.0
2024-01-04,468.29998779296875,470.9599914550781,467.04998779296875,467.2799987792969,453.596435546875,84232200,0.0,0.0,0.0
2024-01-05,467.489990234375,470.44000244140625,466.42999267578125,467.9200134277344,454.2177429199219,86118900,0.0,0.0,0.0
2024-01-08,468.42999267578125,474.75,468.29998779296875,474.6000061035156,460.7021179199219,74879100,0.0,0.0,0.0
2024-01-09,471.8699951171875,474.92999267578125,471.3500061035156,473.8800048828125,460.0032043457031,65931400,0.0,0.0,0.0
2024-01-10,474.1600036621094,477.45001220703125,473.8699951171875,476.55999755859375,462.6047058105469,67310600,0.0,0.0,0.0
2024-01-11,477.5899963378906,478.1199951171875,472.260009765625,476.3500061035156,462.4008483886719,77940700,0.0,0.0,0.0
2024-01-12,477.8399963378906,478.6000061035156,475.2300109863281,476.67999267578125,462.7211608886719,58026400,0.0,0.0,0.0
2024-01-16,475.260009765625,476.6099853515625,473.05999755859375,474.92999267578125,461.0224304199219,85014900,0.0,0.0,0.0
2024-01-17,471.82000732421875,472.7900085449219,469.8699951171875,472.2900085449219,458.45977783203125,68843900,0.0,0.0,0.0
2024-01-18,474.010009765625,477.05999755859375,472.4200134277344,476.489990234375,462.5367736816406,91856200,0.0,0.0,0.0
2024-01-19,477.6499938964844,482.7200012207031,476.5400085449219,482.42999267578125,468.3028259277344,110834500,0.0,0.0,0.0
2024-01-22,484.010009765625,485.2200012207031,482.7799987792969,483.45001220703125,469.2929992675781,75844900,0.0,0.0,0.0
2024-01-23,484.010009765625,485.1099853515625,482.8900146484375,484.8599853515625,470.66162109375,49945300,0.0,0.0,0.0
2024-01-24,487.80999755859375,488.7699890136719,484.8800048828125,485.3900146484375,471.1761474609375,81765000,0.0,0.0,0.0
2024-01-25,487.5799865722656,488.30999755859375,485.3900146484375,488.0299987792969,473.73883056640625,72525000,0.0,0.0,0.0
2024-01-26,487.5899963378906,489.1199951171875,486.5400085449219,487.4100036621094,473.13702392578125,76641600,0.0,0.0,0.0
2024-01-29,487.7300109863281,491.4200134277344,487.1700134277344,491.2699890136719,476.88397216796875,61322800,0.0,0.0,0.0
2024-01-30,490.55999755859375,491.6199951171875,490.1099853515625,490.8900146484375,476.51513671875,58618400,0.0,0.0,0.0
2024-01-31,488.6199951171875,489.0799865722656,482.8599853515625,482.8800048828125,468.7396545410156,126011100,0.0,0.0,0.0
2024-02-01,484.6300048828125,489.2300109863281,483.79998779296875,489.20001220703125,474.8746032714844,91891600,0.0,0.0,0.0
2024-02-02,489.6499938964844,496.04998779296875,489.29998779296875,494.3500061035156,479.8737487792969,99228200,0.0,0.0,0.0
2024-02-05,493.70001220703125,494.3800048828125,490.2300109863281,492.54998779296875,478.12640380859375,75757100,0.0,0.0,0.0
2024-02-06,493.5199890136719,494.32000732421875,492.04998779296875,493.9800109863281,479.5146484375,55918600,0.0,0.0,0.0
2024-02-07,496.2900085449219,498.5299987792969,495.3599853515625,498.1000061035156,483.5139465332031,70556500,0.0,0.0,0.0
2024-02-08,498.1000061035156,498.7099914550781,497.260009765625,498.32000732421875,483.7275085449219,52343600,0.0,0.0,0.0
2024-02-09,498.8399963378906,501.6499938964844,498.489990234375,501.20001220703125,486.5231628417969,63979400,0.0,0.0,0.0
2024-02-12,501.1700134277344,503.5,500.239990234375,500.9800109863281,486.3096008300781,56502300,0.0,0.0,0.0
2024-02-13,494.5299987792969,497.0899963378906,490.7200012207031,494.0799865722656,479.6116638183594,113099200,0.0,0.0,0.0
2024-02-14,496.7900085449219,499.07000732421875,494.3999938964844,498.57000732421875,483.97015380859375,68387800,0.0,0.0,0.0
2024-02-15,499.2900085449219,502.20001220703125,498.79998779296875,502.010009765625,487.3094482421875,61683000,0.0,0.0,0.0
2024-02-16,501.70001220703125,502.8699951171875,498.75,499.510009765625,484.8826599121094,75532900,0.0,0.0,0.0
2024-02-20,497.7200012207031,498.4100036621094,494.45001220703125,496.760009765625,482.21319580078125,71736700,0.0,0.0,0.0
2024-02-21,495.4200134277344,497.3699951171875,493.55999755859375,497.2099914550781,482.6500244140625,59293400,0.0,0.0,0.0
2024-02-22,504.010009765625,508.489990234375,503.0199890136719,507.5,492.63861083984375,76402500,0.0,0.0,0.0
2024-02-23,509.2699890136719,510.1300048828125,507.1000061035156,507.8500061035156,492.97845458984375,61321800,0.0,0.0,0.0
2024-02-26,508.29998779296875,508.75,505.8599853515625,505.989990234375,491.17291259765625,50386700,0.0,0.0,0.0
2024-02-27,506.70001220703125,507.1600036621094,504.75,506.92999267578125,492.0853576660156,48854500,0.0,0.0,0.0
2024-02-28,505.3299865722656,506.8599853515625,504.9599914550781,506.260009765625,491.43499755859375,56506600,0.0,0.0,0.0
2024-02-29,508.07000732421875,509.739990234375,505.3500061035156,508.0799865722656,493.20166015625,83924800,0.0,0.0,0.0
2024-03-01,508.9800109863281,513.2899780273438,508.55999755859375,512.8499755859375,497.8319396972656,76844800,0.0,0.0,0.0
2024-03-04,512.030029296875,514.2000122070312,512.0,512.2999877929688,497.29815673828125,49799300,0.0,0.0,0.0
2024-03-05,510.239990234375,510.70001220703125,504.9100036621094,507.17999267578125,492.32806396484375,72855600,0.0,0.0,0.0
2024-03-06,510.54998779296875,512.0700073242188,508.4200134277344,509.75,494.82281494140625,68382400,0.0,0.0,0.0
2024-03-07,513.1400146484375,515.8900146484375,509.80999755859375,514.8099975585938,499.734619140625,58652100,0.0,0.0,0.0
2024-03-08,515.4600219726562,518.219970703125,511.1300048828125,511.7200012207031,496.7351379394531,86532500,0.0,0.0,0.0
2024-03-11,510.4800109863281,511.8800048828125,508.5,511.2799987792969,496.3079833984375,62557200,0.0,0.0,0.0
2024-03-12,513.4500122070312,517.3800048828125,510.8599853515625,516.780029296875,501.6469421386719,73114400,0.0,0.0,0.0
2024-03-13,517.1099853515625,517.2899780273438,514.489990234375,515.969970703125,500.8606262207031,55104100,0.0,0.0,0.0
2024-03-14,516.969970703125,517.1300048828125,511.82000732421875,514.9500122070312,499.87054443359375,110171800,0.0,0.0,0.0
2024-03-15,510.2099914550781,511.70001220703125,508.1199951171875,509.8299865722656,496.4381103515625,107646300,1.595,0.0,0.0
2024-03-18,514.0,515.47998046875,512.4400024414062,512.8599853515625,499.38848876953125,88893300,0.0,0.0,0.0
2024-03-19,512.1500244140625,516.0,511.1199951171875,515.7100219726562,502.1637878417969,60755300,0.0,0.0,0.0
2024-03-20,515.77001953125,520.6199951171875,515.0800170898438,520.47998046875,506.8083801269531,69594600,0.0,0.0,0.0
2024-03-21,523.3900146484375,524.1099853515625,521.9099731445312,522.2000122070312,508.48321533203125,60256100,0.0,0.0,0.0
2024-03-22,522.1099853515625,522.6099853515625,520.969970703125,521.2100219726562,507.5191955566406,79070800,0.0,0.0,0.0
2024-03-25,519.7999877929688,520.9500122070312,519.6099853515625,519.77001953125,506.1170654296875,48512100,0.0,0.0,0.0
2024-03-26,521.22998046875,521.5800170898438,518.4000244140625,518.8099975585938,505.1822509765625,65463700,0.0,0.0,0.0
2024-03-27,521.7100219726562,523.2100219726562,519.489990234375,523.1699829101562,509.4277038574219,82999800,0.0,0.0,0.0
2024-03-28,523.2100219726562,524.6099853515625,522.780029296875,523.0700073242188,509.330322265625,96294900,0.0,0.0,0.0
2024-04-01,523.8300170898438,524.3800048828125,520.969970703125,522.1599731445312,508.4441833496094,62477500,0.0,0.0,0.0
2024-04-02,518.239990234375,518.97998046875,516.47998046875,518.8400268554688,505.2114562988281,74230300,0.0,0.0,0.0
2024-04-03,517.719970703125,520.9500122070312,517.6699829101562,519.4099731445312,505.7664794921875,59155800,0.0,0.0,0.0
2024-04-04,523.52001953125,523.8699951171875,512.760009765625,513.0700073242188,499.5930480957031,96858100,0.0,0.0,0.0
2024-04-05,514.4600219726562,520.4400024414062,514.010009765625,518.4299926757812,504.8122863769531,74546500,0.0,0.0,0.0
2024-04-08,519.1500244140625,520.1799926757812,517.8900146484375,518.719970703125,505.0946044921875,48401800,0.0,0.0,0.0
2024-04-09,520.5,520.75,514.3499755859375,519.3200073242188,505.67877197265625,68049200,0.0,0.0,0.0
2024-04-10,513.47998046875,516.1599731445312,512.0900268554688,514.1199951171875,500.615478515625,82652800,0.0,0.0,0.0
2024-04-11,515.6799926757812,519.47998046875,512.0800170898438,518.0,504.3935241699219,70099000,0.0,0.0,0.0
2024-04-12,514.3699951171875,515.8200073242188,509.0799865722656,510.8500061035156,497.4313659667969,92561100,0.0,0.0,0.0
2024-04-15,515.1300048828125,515.2999877929688,503.5799865722656,504.45001220703125,491.199462890625,92101400,0.0,0.0,0.0
2024-04-16,504.94000244140625,506.5,502.2099914550781,503.5299987792969,490.3035888671875,73484000,0.0,0.0,0.0
2024-04-17,506.04998779296875,506.2200012207031,499.1199951171875,500.54998779296875,487.4018859863281,75910300,0.0,0.0,0.0
2024-04-18,501.9800109863281,504.1300048828125,498.55999755859375,499.5199890136719,486.3989562988281,74548100,0.0,0.0,0.0
2024-04-19,499.44000244140625,500.4599914550781,493.8599853515625,495.1600036621094,482.1534729003906,102212600,0.0,0.0,0.0
2024-04-22,497.8299865722656,502.3800048828125,495.42999267578125,499.7200012207031,486.5936584472656,67961000,0.0,0.0,0.0
2024-04-23,501.7799987792969,506.0899963378906,499.5299987792969,505.6499938964844,492.3679504394531,64633600,0.0,0.0,0.0
2024-04-24,506.55999755859375,507.3699951171875,503.1300048828125,505.4100036621094,492.13421630859375,55928100,0.0,0.0,0.0
2024-04-25,499.17999267578125,504.2699890136719,497.489990234375,503.489990234375,490.2646179199219,69122400,0.0,0.0,0.0
2024-04-26,506.3500061035156,509.8800048828125,505.70001220703125,508.260009765625,494.90936279296875,64306100,0.0,0.0,0.0
2024-04-29,510.0899963378906,510.75,507.25,510.05999755859375,496.662109375,46415400,0.0,0.0,0.0
2024-04-30,508.55999755859375,509.55999755859375,501.9800109863281,501.9800109863281,488.79437255859375,77483600,0.0,0.0,0.0
2024-05-01,501.3800048828125,508.19000244140625,499.8699951171875,500.3500061035156,487.2071533203125,80242800,0.0,0.0,0.0
2024-05-02,504.1499938964844,505.8900146484375,499.54998779296875,505.0299987792969,491.7642517089844,62550200,0.0,0.0,0.0
2024-05-03,511.1600036621094,512.5499877929688,508.55999755859375,511.2900085449219,497.85980224609375,72756700,0.0,0.0,0.0
2024-05-06,513.75,516.6099853515625,513.2999877929688,516.5700073242188,503.0010681152344,47264700,0.0,0.0,0.0
2024-05-07,517.5599975585938,518.5700073242188,516.4500122070312,517.1400146484375,503.5561218261719,52561300,0.0,0.0,0.0
2024-05-08,515.260009765625,517.739990234375,515.1400146484375,517.1900024414062,503.6048583984375,42047200,0.0,0.0,0.0
2024-05-09,517.3800048828125,520.2100219726562,516.7100219726562,520.1699829101562,506.5065612792969,43643700,0.0,0.0,0.0
2024-05-10,521.8099975585938,522.6400146484375,519.5900268554688,520.8400268554688,507.158935546875,52233200,0.0,0.0,0.0
2024-05-13,522.5599975585938,522.6699829101562,519.739990234375,520.9099731445312,507.22705078125,36716400,0.0,0.0,0.0
2024-05-14,521.1099853515625,523.8300170898438,520.5599975585938,523.2999877929688,509.55426025390625,57535900,0.0,0.0,0.0
2024-05-15,525.8300170898438,530.0800170898438,525.1799926757812,529.780029296875,515.8640747070312,59504900,0.0,0.0,0.0
2024-05-16,529.8800048828125,531.52001953125,528.5399780273438,528.6900024414062,514.8027954101562,50244800,0.0,0.0,0.0
2024-05-17,528.8099975585938,529.52001953125,527.3200073242188,529.4500122070312,515.542724609375,59187600,0.0,0.0,0.0
2024-05-20,529.5700073242188,531.5599975585938,529.1699829101562,530.0599975585938,516.13671875,37764200,0.0,0.0,0.0
2024-05-21,529.280029296875,531.52001953125,529.0700073242188,531.3599853515625,517.402587890625,33437000,0.0,0.0,0.0
2024-05-22,530.6500244140625,531.3800048828125,527.5999755859375,529.8300170898438,515.9127197265625,48390000,0.0,0.0,0.0
2024-05-23,532.9600219726562,533.0700073242188,524.719970703125,525.9600219726562,512.14453125,57211200,0.0,0.0,0.0
2024-05-24,527.8499755859375,530.27001953125,526.8800048828125,529.4400024414062,515.5331420898438,41291100,0.0,0.0,0.0
2024-05-28,530.27001953125,530.510009765625,527.1099853515625,529.8099975585938,515.893310546875,36269600,0.0,0.0,0.0
2024-05-29,525.6799926757812,527.3099975585938,525.3699951171875,526.0999755859375,512.2807006835938,45190300,0.0,0.0,0.0
2024-05-30,524.52001953125,525.2000122070312,521.3300170898438,522.6099853515625,508.88250732421875,46377600,0.0,0.0,0.0
2024-05-31,523.5900268554688,527.5,518.3599853515625,527.3699951171875,513.5174560546875,90785800,0.0,0.0,0.0
2024-06-03,529.02001953125,529.3099975585938,522.5999755859375,527.7999877929688,513.93603515625,46835700,0.0,0.0,0.0
2024-06-04,526.4600219726562,529.1500244140625,524.9600219726562,528.3900146484375,514.5106201171875,34632700,0.0,0.0,0.0
2024-06-05,530.77001953125,534.6900024414062,528.72998046875,534.6699829101562,520.6256103515625,47610400,0.0,0.0,0.0
2024-06-06,534.97998046875,535.4199829101562,532.6799926757812,534.6599731445312,520.6159057617188,30808500,0.0,0.0,0.0
2024-06-07,533.6599731445312,536.8900146484375,532.5399780273438,534.010009765625,519.9829711914062,43224500,0.0,0.0,0.0
2024-06-10,533.1799926757812,535.989990234375,532.5700073242188,535.6599731445312,521.589599609375,35686100,0.0,0.0,0.0
2024-06-11,534.0700073242188,537.010009765625,532.0499877929688,536.9500122070312,522.8458251953125,36383400,0.0,0.0,0.0
2024-06-12,541.6300048828125,544.1199951171875,540.2999877929688,541.3599853515625,527.139892578125,63251300,0.0,0.0,0.0
2024-06-13,543.1500244140625,543.3300170898438,539.5900268554688,542.4500122070312,528.2012939453125,44760900,0.0,0.0,0.0
2024-06-14,540.8800048828125,542.8099975585938,539.8499755859375,542.780029296875,528.522705078125,40089900,0.0,0.0,0.0
2024-06-17,542.0800170898438,548.530029296875,541.6099853515625,547.0999755859375,532.7291870117188,55839500,0.0,0.0,0.0
2024-06-18,547.1599731445312,548.6199951171875,546.72998046875,548.489990234375,534.08251953125,41376400,0.0,0.0,0.0
2024-06-20,549.4400024414062,550.1199951171875,545.1799926757812,547.0,532.6318359375,70328200,0.0,0.0,0.0
2024-06-21,544.4000244140625,545.6500244140625,543.02001953125,544.510009765625,531.9177856445312,64338600,1.759,0.0,0.0
2024-06-24,544.3300170898438,546.9500122070312,542.6199951171875,542.739990234375,530.1885375976562,45528700,0.0,0.0,0.0
2024-06-25,543.989990234375,545.2000122070312,542.4400024414062,544.8300170898438,532.2302856445312,37936200,0.0,0.0,0.0
2024-06-26,543.6900024414062,546.239990234375,543.030029296875,545.510009765625,532.8945922851562,38550600,0.0,0.0,0.0
2024-06-27,545.3699951171875,546.9600219726562,544.6099853515625,546.3699951171875,533.734619140625,35041500,0.0,0.0,0.0
2024-06-28,547.1599731445312,550.280029296875,542.9500122070312,544.219970703125,531.6343994140625,76144500,0.0,0.0,0.0
2024-07-01,545.6300048828125,545.8800048828125,542.52001953125,545.3400268554688,532.7285766601562,40297800,0.0,0.0,0.0
2024-07-02,543.7000122070312,549.010009765625,543.6500244140625,549.010009765625,536.313720703125,40434800,0.0,0.0,0.0
2024-07-03,548.6900024414062,551.8300170898438,548.6500244140625,551.4600219726562,538.7069702148438,32789900,0.0,0.0,0.0
2024-07-05,551.77001953125,555.0499877929688,551.1199951171875,554.6400146484375,541.8134765625,41488400,0.0,0.0,0.0
2024-07-08,555.4400024414062,556.25,554.1900024414062,555.280029296875,542.4385986328125,36110500,0.0,0.0,0.0
2024-07-09,556.260009765625,557.1799926757812,555.52001953125,555.8200073242188,542.9661254882812,27289700,0.0,0.0,0.0
2024-07-10,557.0700073242188,561.6699829101562,556.77001953125,561.3200073242188,548.3389892578125,38701200,0.0,0.0,0.0
2024-07-11,561.4400024414062,562.3300170898438,555.8300170898438,556.47998046875,543.61083984375,53054200,0.0,0.0,0.0
2024-07-12,557.6300048828125,563.6699829101562,557.1500244140625,559.989990234375,547.039794921875,53084400,0.0,0.0,0.0
2024-07-15,562.030029296875,564.8400268554688,559.6300048828125,561.530029296875,548.5441284179688,40584300,0.0,0.0,0.0
2024-07-16,562.8699951171875,565.1599731445312,562.0999755859375,564.8599853515625,551.7970581054688,36475300,0.0,0.0,0.0
2024-07-17,558.7999877929688,560.510009765625,556.6099853515625,556.9400024414062,544.0602416992188,57119000,0.0,0.0,0.0
2024-07-18,558.510009765625,559.52001953125,550.4299926757812,552.6599731445312,539.8792114257812,56270400,0.0,0.0,0.0
2024-07-19,552.4199829101562,554.0800170898438,547.9099731445312,548.989990234375,536.2941284179688,65509100,0.0,0.0,0.0
2024-07-22,553.0,555.27001953125,551.02001953125,554.6500244140625,541.8231811523438,43346700,0.0,0.0,0.0
2024-07-23,554.5399780273438,556.739990234375,553.280029296875,553.780029296875,540.973388671875,34439600,0.0,0.0,0.0
2024-07-24,548.8599853515625,549.1699829101562,540.2899780273438,541.22998046875,528.7135620117188,74515300,0.0,0.0,0.0
2024-07-25,541.3499755859375,547.4600219726562,537.4500122070312,538.4099731445312,525.9586791992188,61158300,0.0,0.0,0.0
2024-07-26,542.280029296875,547.1900024414062,541.489990234375,544.4400024414062,531.8493041992188,53763800,0.0,0.0,0.0
2024-07-29,546.02001953125,547.0499877929688,542.719970703125,544.760009765625,532.1619262695312,39515800,0.0,0.0,0.0
2024-07-30,546.260009765625,547.3400268554688,538.52001953125,542.0,529.4657592773438,46853600,0.0,0.0,0.0
2024-07-31,548.97998046875,553.5,547.5800170898438,550.8099975585938,538.0718994140625,65663400,0.0,0.0,0.0
2024-08-01,552.5700073242188,554.8699951171875,539.4299926757812,543.010009765625,530.4523315429688,76428700,0.0,0.0,0.0
2024-08-02,535.75,536.989990234375,528.5999755859375,532.9000244140625,520.5762329101562,82789100,0.0,0.0,0.0
2024-08-05,511.6400146484375,523.5800170898438,510.2699890136719,517.3800048828125,505.4151611328125,146267400,0.0,0.0,0.0
2024-08-06,519.219970703125,529.75,517.8699951171875,522.1500244140625,510.0748596191406,84826300,0.0,0.0,0.0
2024-08-07,528.469970703125,531.5900268554688,518.0499877929688,518.6599731445312,506.6654968261719,70698300,0.0,0.0,0.0
2024-08-08,523.9099731445312,531.2899780273438,521.8400268554688,530.6500244140625,518.3782958984375,63276600,0.0,0.0,0.0
2024-08-09,529.8099975585938,534.510009765625,528.5599975585938,532.989990234375,520.6640014648438,45619600,0.0,0.0,0.0
2024-08-12,534.2100219726562,535.72998046875,530.9500122070312,533.27001953125,520.9376831054688,42542100,0.0,0.0,0.0
2024-08-13,536.530029296875,542.280029296875,536.280029296875,542.0399780273438,529.5047607421875,52333100,0.0,0.0,0.0
2024-08-14,542.8499755859375,544.9600219726562,540.1199951171875,543.75,531.1752319335938,42446900,0.0,0.0,0.0
2024-08-15,549.5,553.3599853515625,548.8800048828125,553.0700073242188,540.2797241210938,60846800,0.0,0.0,0.0
2024-08-16,551.4199829101562,555.02001953125,551.260009765625,554.3099975585938,541.4910278320312,44430700,0.0,0.0,0.0
2024-08-19,554.72998046875,559.6099853515625,553.8599853515625,559.6099853515625,546.66845703125,39121800,0.0,0.0,0.0
2024-08-20,559.1500244140625,560.8400268554688,557.3300170898438,558.7000122070312,545.779541015625,33732300,0.0,0.0,0.0
2024-08-21,559.77001953125,562.1099853515625,554.72998046875,560.6199951171875,547.6551513671875,41514600,0.0,0.0,0.0
2024-08-22,562.5599975585938,563.1799926757812,554.97998046875,556.219970703125,543.35693359375,56121500,0.0,0.0,0.0
2024-08-23,559.530029296875,563.0900268554688,557.2899780273438,562.1300048828125,549.1301879882812,50639400,0.0,0.0,0.0
2024-08-26,563.1799926757812,563.9099731445312,559.0499877929688,560.7899780273438,547.8212280273438,35788600,0.0,0.0,0.0
2024-08-27,559.489990234375,562.0599975585938,558.3200073242188,561.5599975585938,548.5733642578125,32693900,0.0,0.0,0.0
2024-08-28,561.2100219726562,561.6500244140625,555.0399780273438,558.2999877929688,545.3887939453125,41066000,0.0,0.0,0.0
2024-08-29,560.3099975585938,563.6799926757812,557.1799926757812,558.3499755859375,545.4376220703125,38715200,0.0,0.0,0.0
2024-08-30,560.77001953125,564.2000122070312,557.1400146484375,563.6799926757812,550.644287109375,62700100,0.0,0.0,0.0
2024-09-03,560.469970703125,560.8099975585938,549.510009765625,552.0800170898438,539.3126220703125,60600100,0.0,0.0,0.0
2024-09-04,550.2000122070312,554.4299926757812,549.4600219726562,550.9500122070312,538.208740234375,47224900,0.0,0.0,0.0
2024-09-05,550.8900146484375,553.7999877929688,547.0999755859375,549.6099853515625,536.8997802734375,44264300,0.0,0.0,0.0
2024-09-06,549.9400024414062,551.5999755859375,539.4400024414062,540.3599853515625,527.8637084960938,68493800,0.0,0.0,0.0
2024-09-09,544.6500244140625,547.7100219726562,542.6799926757812,546.4099731445312,533.7736206054688,40445800,0.0,0.0,0.0
2024-09-10,548.3599853515625,549.1500244140625,543.3800048828125,548.7899780273438,536.0986938476562,36394600,0.0,0.0,0.0
2024-09-11,548.7000122070312,555.3599853515625,539.9600219726562,554.4199829101562,541.5985107421875,75248600,0.0,0.0,0.0
2024-09-12,555.010009765625,559.4000244140625,552.739990234375,559.0900268554688,546.1604614257812,51819600,0.0,0.0,0.0
2024-09-13,559.7100219726562,563.030029296875,559.4500122070312,562.010009765625,549.0130615234375,39310500,0.0,0.0,0.0
2024-09-16,561.739990234375,563.1099853515625,559.9000244140625,562.8400268554688,549.8238525390625,36656100,0.0,0.0,0.0
2024-09-17,565.0999755859375,566.5800170898438,560.7899780273438,563.0700073242188,550.0485229492188,49321000,0.0,0.0,0.0
2024-09-18,563.739990234375,568.6900024414062,560.8300170898438,561.4000244140625,548.4171142578125,59044900,0.0,0.0,0.0
2024-09-19,571.010009765625,572.8800048828125,568.0800170898438,570.97998046875,557.7755126953125,75315500,0.0,0.0,0.0
2024-09-20,567.8400268554688,569.3099975585938,565.1699829101562,568.25,556.811279296875,77503100,1.746,0.0,0.0
2024-09-23,569.3400268554688,570.3300170898438,568.0999755859375,569.6699829101562,558.2027587890625,44116900,0.0,0.0,0.0
2024-09-24,570.47998046875,571.3599853515625,567.5999755859375,571.2999877929688,559.7999877929688,46805700,0.0,0.0,0.0
2024-09-25,571.1400146484375,571.8900146484375,568.9099731445312,570.0399780273438,558.5653076171875,38428600,0.0,0.0,0.0
2024-09-26,574.3800048828125,574.7100219726562,569.9000244140625,572.2999877929688,560.7798461914062,48336000,0.0,0.0,0.0
2024-09-27,573.3900146484375,574.219970703125,570.4199829101562,571.469970703125,559.966552734375,42100900,0.0,0.0,0.0
2024-09-30,570.4199829101562,574.3800048828125,568.0800170898438,573.760009765625,562.21044921875,63557400,0.0,0.0,0.0
2024-10-01,573.4000244140625,574.0599975585938,566.0,568.6199951171875,557.1738891601562,72668800,0.0,0.0,0.0
2024-10-02,567.7100219726562,569.9000244140625,565.27001953125,568.8599853515625,557.4090576171875,38097800,0.0,0.0,0.0
2024-10-03,567.3599853515625,569.7999877929688,565.489990234375,567.8200073242188,556.3900146484375,40846500,0.0,0.0,0.0
2024-10-04,572.3499755859375,573.3599853515625,568.0999755859375,572.97998046875,561.4461669921875,42939100,0.0,0.0,0.0
2024-10-07,571.2999877929688,571.9600219726562,566.6300048828125,567.7999877929688,556.3704223632812,49964700,0.0,0.0,0.0
2024-10-08,570.4199829101562,573.780029296875,569.530029296875,573.1699829101562,561.63232421875,37398700,0.0,0.0,0.0
2024-10-09,573.1599731445312,577.7100219726562,572.5499877929688,577.1400146484375,565.5224609375,37912200,0.0,0.0,0.0
2024-10-10,575.77001953125,577.5800170898438,574.489990234375,576.1300048828125,564.53271484375,44138100,0.0,0.0,0.0
2024-10-11,576.0499877929688,580.3300170898438,575.9099731445312,579.5800170898438,567.9132690429688,42268000,0.0,0.0,0.0
2024-10-14,581.219970703125,585.27001953125,580.72998046875,584.3200073242188,572.557861328125,36217200,0.0,0.0,0.0
2024-10-15,584.5900268554688,584.9000244140625,578.5399780273438,579.780029296875,568.1092529296875,54203600,0.0,0.0,0.0
2024-10-16,579.780029296875,582.8300170898438,578.9600219726562,582.2999877929688,570.5785522460938,30725400,0.0,0.0,0.0
2024-10-17,585.9099731445312,586.1199951171875,582.1599731445312,582.3499755859375,570.62744140625,34393700,0.0,0.0,0.0
2024-10-18,584.0700073242188,585.3900146484375,582.5800170898438,584.5900268554688,572.8224487304688,37416800,0.0,0.0,0.0
2024-10-21,583.8499755859375,584.8499755859375,580.5999755859375,583.6300048828125,571.8816528320312,36439000,0.0,0.0,0.0
2024-10-22,581.0499877929688,584.5,580.3800048828125,583.3200073242188,571.5779418945312,34183800,0.0,0.0,0.0
2024-10-23,581.260009765625,581.7100219726562,574.4199829101562,577.989990234375,566.3552856445312,49314600,0.0,0.0,0.0
2024-10-24,579.97998046875,580.0599975585938,576.5700073242188,579.239990234375,567.5801391601562,34979900,0.0,0.0,0.0
2024-10-25,581.510009765625,584.4600219726562,578.0800170898438,579.0399780273438,567.384033203125,47268200,0.0,0.0,0.0
2024-10-28,582.5800170898438,582.7100219726562,580.52001953125,580.8300170898438,569.1381225585938,30174700,0.0,0.0,0.0
2024-10-29,579.8499755859375,582.9099731445312,578.4299926757812,581.77001953125,570.0592041015625,42899700,0.0,0.0,0.0
2024-10-30,581.2899780273438,583.3200073242188,579.2899780273438,580.010009765625,568.3346557617188,41435800,0.0,0.0,0.0
2024-10-31,575.5599975585938,575.6300048828125,568.4400024414062,568.6400146484375,557.1934814453125,60182500,0.0,0.0,0.0
2024-11-01,571.3200073242188,575.5499877929688,570.6199951171875,571.0399780273438,559.5451049804688,45667500,0.0,0.0,0.0
2024-11-04,571.1799926757812,572.5,567.8900146484375,569.8099975585938,558.33984375,38217000,0.0,0.0,0.0
2024-11-05,570.739990234375,576.739990234375,570.52001953125,576.7000122070312,565.09130859375,39478300,0.0,0.0,0.0
2024-11-06,589.2000122070312,591.9299926757812,585.3900146484375,591.0399780273438,579.142578125,68182000,0.0,0.0,0.0
2024-11-07,593.0800170898438,596.6500244140625,593.0,595.6099853515625,583.62060546875,47233200,0.0,0.0,0.0
2024-11-08,596.1699829101562,599.6400146484375,596.1699829101562,598.1900024414062,586.148681640625,46444900,0.0,0.0,0.0
2024-11-11,599.8099975585938,600.1699829101562,597.0,598.760009765625,586.7071533203125,37586800,0.0,0.0,0.0
2024-11-12,598.6799926757812,599.2899780273438,594.3699951171875,596.9000244140625,584.8846435546875,43006100,0.0,0.0,0.0
2024-11-13,597.3699951171875,599.22998046875,594.9600219726562,597.1900024414062,585.1688842773438,47388600,0.0,0.0,0.0
2024-11-14,597.3200073242188,597.8099975585938,592.6500244140625,593.3499755859375,581.4061279296875,38904100,0.0,0.0,0.0
2024-11-15,589.719970703125,590.2000122070312,583.8599853515625,585.75,573.9590454101562,75988800,0.0,0.0,0.0
2024-11-18,586.219970703125,589.489990234375,585.3400268554688,588.1500244140625,576.310791015625,37001700,0.0,0.0,0.0
2024-11-19,584.7100219726562,591.0399780273438,584.030029296875,590.2999877929688,578.4174194335938,49412000,0.0,0.0,0.0
2024-11-20,590.3800048828125,590.7899780273438,584.6300048828125,590.5,578.6134643554688,50032600,0.0,0.0,0.0
2024-11-21,593.4000244140625,595.1199951171875,587.4500122070312,593.6699829101562,581.7196655273438,46750300,0.0,0.0,0.0
2024-11-22,593.6599731445312,596.1500244140625,593.1500244140625,595.510009765625,583.5226440429688,38226400,0.0,0.0,0.0
2024-11-25,599.52001953125,600.8599853515625,595.2000122070312,597.530029296875,585.501953125,42441400,0.0,0.0,0.0
2024-11-26,598.7999877929688,601.3300170898438,598.0700073242188,600.6500244140625,588.5591430664062,45621300,0.0,0.0,0.0
2024-11-27,600.4600219726562,600.8499755859375,597.280029296875,598.8300170898438,586.7758178710938,34000200,0.0,0.0,0.0
2024-11-29,599.6599731445312,603.3499755859375,599.3800048828125,602.5499877929688,590.4208984375,30177400,0.0,0.0,0.0
2024-12-02,602.969970703125,604.3200073242188,602.469970703125,603.6300048828125,591.4791259765625,31746000,0.0,0.0,0.0
2024-12-03,603.3900146484375,604.1599731445312,602.3400268554688,603.9099731445312,591.7535400390625,26906600,0.0,0.0,0.0
2024-12-04,605.6300048828125,607.9099731445312,604.9500122070312,607.6599731445312,595.427978515625,42787600,0.0,0.0,0.0
2024-12-05,607.6599731445312,608.47998046875,606.2999877929688,606.6599731445312,594.4481811523438,28762200,0.0,0.0,0.0
2024-12-06,607.4400024414062,609.0700073242188,607.02001953125,607.8099975585938,595.5750122070312,31241500,0.0,0.0,0.0
2024-12-09,607.6900024414062,607.8599853515625,604.0800170898438,604.6799926757812,592.5079956054688,34742700,0.0,0.0,0.0
2024-12-10,605.3699951171875,605.7999877929688,602.1300048828125,602.7999877929688,590.6658325195312,37234500,0.0,0.0,0.0
2024-12-11,605.780029296875,608.4299926757812,605.5,607.4600219726562,595.2320556640625,28677700,0.0,0.0,0.0
2024-12-12,606.5800170898438,607.1599731445312,604.3300170898438,604.3300170898438,592.1651000976562,31543800,0.0,0.0,0.0
2024-12-13,606.4000244140625,607.1300048828125,602.8099975585938,604.2100219726562,592.0474853515625,35904700,0.0,0.0,0.0
2024-12-16,606.0,607.780029296875,605.2100219726562,606.7899780273438,594.5755004882812,43695200,0.0,0.0,0.0
2024-12-17,604.1900024414062,605.1699829101562,602.8900146484375,604.2899780273438,592.1259155273438,55773500,0.0,0.0,0.0
2024-12-18,603.97998046875,606.4099731445312,585.8900146484375,586.280029296875,574.4784545898438,108248700,0.0,0.0,0.0
2024-12-19,591.3599853515625,593.0,585.8499755859375,586.0999755859375,574.3020629882812,85919500,0.0,0.0,0.0
2024-12-20,581.77001953125,595.75,580.9099731445312,591.1500244140625,581.199951171875,125716700,1.966,0.0,0.0
2024-12-23,590.8900146484375,595.2999877929688,587.6599731445312,594.6900024414062,584.680419921875,57635800,0.0,0.0,0.0
2024-12-24,596.0599975585938,601.3400268554688,595.469970703125,601.2999877929688,591.1790771484375,33160100,0.0,0.0,0.0
2024-12-26,599.5,602.47998046875,598.0800170898438,601.3400268554688,591.2183837890625,41219100,0.0,0.0,0.0
2024-12-27,597.5399780273438,597.780029296875,590.760009765625,595.010009765625,584.9949340820312,64969300,0.0,0.0,0.0
2024-12-30,587.8900146484375,591.739990234375,584.4099731445312,588.219970703125,578.3193359375,56578800,0.0,0.0,0.0
2024-12-31,589.9099731445312,590.6400146484375,584.4199829101562,586.0800170898438,576.2152709960938,57052700,0.0,0.0,0.0
2025-01-02,589.3900146484375,591.1300048828125,580.5,584.6400146484375,574.799560546875,50204000,0.0,0.0,0.0
2025-01-03,587.530029296875,592.5999755859375,586.4299926757812,591.9500122070312,581.9864501953125,37888500,0.0,0.0,0.0
2025-01-06,596.27001953125,599.7000122070312,593.5999755859375,595.3599853515625,585.3390502929688,47679400,0.0,0.0,0.0
2025-01-07,597.4199829101562,597.75,586.780029296875,588.6300048828125,578.7223510742188,60393100,0.0,0.0,0.0
2025-01-08,588.7000122070312,590.5800170898438,585.2000122070312,589.489990234375,579.56787109375,47304700,0.0,0.0,0.0
2025-01-10,585.8800048828125,585.9500122070312,578.5499877929688,580.489990234375,570.7193603515625,73105000,0.0,0.0,0.0
2025-01-13,575.77001953125,581.75,575.3499755859375,581.3900146484375,571.604248046875,47910100,0.0,0.0,0.0
2025-01-14,584.3599853515625,585.0,578.3499755859375,582.1900024414062,572.3908081054688,48420600,0.0,0.0,0.0
2025-01-15,590.3300170898438,593.9400024414062,589.2000122070312,592.780029296875,582.8026123046875,56900200,0.0,0.0,0.0
2025-01-16,594.1699829101562,594.3499755859375,590.9299926757812,591.6400146484375,581.6817626953125,43319700,0.0,0.0,0.0
2025-01-17,596.9600219726562,599.3599853515625,595.6099853515625,597.5800170898438,587.5217895507812,58070600,0.0,0.0,0.0
2025-01-21,600.6699829101562,603.0599975585938,598.6699829101562,603.0499877929688,592.8995971679688,42532900,0.0,0.0,0.0
2025-01-22,605.9199829101562,607.8200073242188,605.3599853515625,606.4400024414062,596.2325439453125,48196000,0.0,0.0,0.0
2025-01-23,605.7999877929688,609.75,605.52001953125,609.75,599.4867553710938,41152100,0.0,0.0,0.0
2025-01-24,609.8099975585938,610.780029296875,606.7999877929688,607.969970703125,597.73681640625,34604700,0.0,0.0,0.0
2025-01-27,594.8099975585938,599.6900024414062,594.6400146484375,599.3699951171875,589.2816162109375,70361100,0.0,0.0,0.0
2025-01-28,600.6199951171875,605.3699951171875,597.25,604.52001953125,594.3449096679688,44433300,0.0,0.0,0.0
2025-01-29,603.719970703125,604.1300048828125,599.219970703125,601.8099975585938,591.6806030273438,37177400,0.0,0.0,0.0
2025-01-30,603.9600219726562,606.5999755859375,600.719970703125,605.0399780273438,594.8561401367188,39281300,0.0,0.0,0.0
2025-01-31,607.5,609.9600219726562,601.0499877929688,601.8200073242188,591.6903076171875,66566900,0.0,0.0,0.0
2025-02-03,592.6699829101562,600.2899780273438,590.489990234375,597.77001953125,587.70849609375,65857200,0.0,0.0,0.0
2025-02-04,597.8300170898438,602.2999877929688,597.280029296875,601.780029296875,591.6510009765625,33457800,0.0,0.0,0.0
2025-02-05,600.6400146484375,604.3699951171875,598.5800170898438,604.219970703125,594.0499267578125,30653100,0.0,0.0,0.0
2025-02-06,605.989990234375,606.4500122070312,602.6300048828125,606.3200073242188,596.1145629882812,35771500,0.0,0.0,0.0
2025-02-07,606.8900146484375,608.1300048828125,600.0499877929688,600.77001953125,590.6580200195312,50788500,0.0,0.0,0.0
2025-02-10,604.030029296875,605.5,602.739990234375,604.8499755859375,594.6693115234375,26048700,0.0,0.0,0.0
2025-02-11,602.5499877929688,605.8599853515625,602.4299926757812,605.3099975585938,595.1216430664062,30056700,0.0,0.0,0.0
2025-02-12,599.2000122070312,604.5499877929688,598.510009765625,603.3599853515625,593.2044067382812,45076100,0.0,0.0,0.0
2025-02-13,604.47998046875,609.9400024414062,603.2000122070312,609.72998046875,599.4671020507812,40921300,0.0,0.0,0.0
2025-02-14,609.9400024414062,610.989990234375,609.0700073242188,609.7000122070312,599.4378051757812,26910400,0.0,0.0,0.0
2025-02-18,610.8800048828125,611.489990234375,608.3800048828125,611.489990234375,601.1975708007812,26749000,0.0,0.0,0.0
2025-02-19,610.0800170898438,613.22998046875,609.5599975585938,612.9299926757812,602.6133422851562,31011100,0.0,0.0,0.0
2025-02-20,611.5399780273438,611.6799926757812,607.02001953125,610.3800048828125,600.1062622070312,36554000,0.0,0.0,0.0
2025-02-21,610.1599731445312,610.2999877929688,599.469970703125,599.9400024414062,589.842041015625,76519800,0.0,0.0,0.0
2025-02-24,602.02001953125,603.030029296875,596.489990234375,597.2100219726562,587.157958984375,50737200,0.0,0.0,0.0
2025-02-25,597.1500244140625,597.8900146484375,589.5599975585938,594.239990234375,584.2379150390625,58266500,0.0,0.0,0.0
2025-02-26,595.9299926757812,599.5800170898438,591.8599853515625,594.5399780273438,584.5327758789062,43321600,0.0,0.0,0.0
2025-02-27,596.8499755859375,598.02001953125,584.6500244140625,585.0499877929688,575.2025756835938,74196700,0.0,0.0,0.0
2025-02-28,585.5599975585938,594.719970703125,582.4400024414062,594.1799926757812,584.178955078125,88744100,0.0,0.0,0.0
2025-03-03,596.1799926757812,597.3400268554688,579.9000244140625,583.77001953125,573.9442138671875,74249200,0.0,0.0,0.0
2025-03-04,579.7100219726562,585.3900146484375,572.25,576.8599853515625,567.1504516601562,109648200,0.0,0.0,0.0
2025-03-05,576.6900024414062,584.8800048828125,573.0800170898438,583.0599975585938,573.2460327148438,71230500,0.0,0.0,0.0
2025-03-06,575.47998046875,580.1699829101562,570.1199951171875,572.7100219726562,563.0703125,80094900,0.0,0.0,0.0
2025-03-07,570.9000244140625,577.3900146484375,565.6300048828125,575.9199829101562,566.2261962890625,81158800,0.0,0.0,0.0
2025-03-10,567.5900268554688,569.5399780273438,555.5900268554688,560.5800170898438,551.1444702148438,99326600,0.0,0.0,0.0
2025-03-11,559.4000244140625,564.02001953125,552.02001953125,555.9199829101562,546.56298828125,88102100,0.0,0.0,0.0
2025-03-12,562.1699829101562,563.1099853515625,553.6900024414062,558.8699951171875,549.4631958007812,69588200,0.0,0.0,0.0
2025-03-13,558.489990234375,559.1099853515625,549.6799926757812,551.4199829101562,542.138671875,74079400,0.0,0.0,0.0
2025-03-14,556.1099853515625,563.8300170898438,551.489990234375,562.8099975585938,553.3369140625,62660300,0.0,0.0,0.0
2025-03-17,562.7899780273438,569.7100219726562,562.3499755859375,567.1500244140625,557.6038818359375,49008700,0.0,0.0,0.0
2025-03-18,564.7999877929688,565.02001953125,559.0599975585938,561.02001953125,551.5770874023438,66041400,0.0,0.0,0.0
2025-03-19,562.8300170898438,570.9500122070312,561.6300048828125,567.1300048828125,557.584228515625,66556000,0.0,0.0,0.0
2025-03-20,563.3300170898438,570.5700073242188,562.5999755859375,565.489990234375,555.9718627929688,62958200,0.0,0.0,0.0
2025-03-21,559.280029296875,564.8900146484375,558.030029296875,563.97998046875,556.1552734375,83763000,1.696,0.0,0.0
2025-03-24,570.7999877929688,575.1500244140625,570.2000122070312,574.0800170898438,566.1151123046875,58766800,0.0,0.0,0.0
2025-03-25,575.2999877929688,576.4099731445312,573.6900024414062,575.4600219726562,567.47607421875,38355700,0.0,0.0,0.0
2025-03-26,575.1900024414062,576.3300170898438,567.1900024414062,568.5900268554688,560.7012939453125,51848300,0.0,0.0,0.0
2025-03-27,567.1799926757812,570.9000244140625,564.9400024414062,567.0800170898438,559.212158203125,42164200,0.0,0.0,0.0
2025-03-28,565.530029296875,566.27001953125,555.0700073242188,555.6599731445312,547.95068359375,71662700,0.0,0.0,0.0
2025-03-31,549.8300170898438,560.7100219726562,546.8699951171875,559.3900146484375,551.6289672851562,95328200,0.0,0.0,0.0
2025-04-01,557.4500122070312,562.9400024414062,553.6799926757812,560.969970703125,553.18701171875,54609600,0.0,0.0,0.0
2025-04-02,555.0499877929688,567.4199829101562,554.8099975585938,564.52001953125,556.687744140625,76014500,0.0,0.0,0.0
2025-04-03,545.1099853515625,547.969970703125,536.7000122070312,536.7000122070312,529.2537841796875,125986000,0.0,0.0,0.0
2025-04-04,523.6699829101562,525.8699951171875,505.05999755859375,505.2799987792969,498.26971435546875,217965100,0.0,0.0,0.0
2025-04-07,489.19000244140625,523.1699829101562,481.79998779296875,504.3800048828125,497.3821716308594,256611400,0.0,0.0,0.0
2025-04-08,521.8599853515625,524.97998046875,489.1600036621094,496.4800109863281,489.591796875,165816600,0.0,0.0,0.0
2025-04-09,493.44000244140625,548.6199951171875,493.04998779296875,548.6199951171875,541.0084228515625,241867300,0.0,0.0,0.0
2025-04-10,532.1699829101562,533.5,509.32000732421875,524.5800170898438,517.3019409179688,162331200,0.0,0.0,0.0
2025-04-11,523.010009765625,536.4299926757812,520.0700073242188,533.9400024414062,526.5321044921875,97866300,0.0,0.0,0.0
2025-04-14,544.0499877929688,544.280029296875,533.8599853515625,539.1199951171875,531.6401977539062,68034000,0.0,0.0,0.0
2025-04-15,539.6699829101562,543.22998046875,536.8099975585938,537.6099853515625,530.151123046875,56892900,0.0,0.0,0.0
2025-04-16,531.6799926757812,537.8900146484375,520.2899780273438,525.6599731445312,518.366943359375,83484800,0.0,0.0,0.0
2025-04-17,527.6400146484375,531.1699829101562,523.9099731445312,526.4099731445312,519.1065063476562,79868100,0.0,0.0,0.0
2025-04-21,521.1599731445312,521.7000122070312,508.4599914550781,513.8800048828125,506.7503662109375,69368100,0.0,0.0,0.0
2025-04-22,520.1400146484375,529.2999877929688,519.1900024414062,527.25,519.9349365234375,75948100,0.0,0.0,0.0
2025-04-23,540.4299926757812,545.4299926757812,533.8800048828125,535.4199829101562,527.991455078125,90590700,0.0,0.0,0.0
2025-04-24,536.719970703125,547.4299926757812,535.4500122070312,546.6900024414062,539.1051635742188,64150400,0.0,0.0,0.0
2025-04-25,546.6500244140625,551.0499877929688,543.6900024414062,550.6400146484375,543.0003662109375,61119600,0.0,0.0,0.0
2025-04-28,551.3900146484375,553.5499877929688,545.02001953125,550.8499755859375,543.2074584960938,47613800,0.0,0.0,0.0
2025-04-29,548.9099731445312,555.4500122070312,548.5499877929688,554.3200073242188,546.6293334960938,47775100,0.0,0.0,0.0
2025-04-30,547.5700073242188,556.52001953125,541.52001953125,554.5399780273438,546.8462524414062,93101500,0.0,0.0,0.0
2025-05-01,560.3699951171875,564.0700073242188,557.8599853515625,558.469970703125,550.7216796875,63186100,0.0,0.0,0.0
2025-05-02,564.72998046875,568.3800048828125,562.3800048828125,566.760009765625,558.896728515625,60717300,0.0,0.0,0.0
2025-05-05,562.5700073242188,566.6500244140625,561.7000122070312,563.510009765625,555.6917724609375,38659200,0.0,0.0,0.0
2025-05-06,557.9299926757812,563.3499755859375,556.9600219726562,558.7999877929688,551.0471801757812,48264700,0.0,0.0,0.0
2025-05-07,560.1500244140625,563.8200073242188,556.0399780273438,561.1500244140625,553.3645629882812,55588000,0.0,0.0,0.0
2025-05-08,565.239990234375,570.3099975585938,561.7000122070312,565.0599975585938,557.2203369140625,65130800,0.0,0.0,0.0
2025-05-09,566.47998046875,567.5,562.760009765625,564.3400268554688,556.5103149414062,37603400,0.0,0.0,0.0
2025-05-12,581.469970703125,583.0,577.0399780273438,582.989990234375,574.9015502929688,78993600,0.0,0.0,0.0
2025-05-13,583.4099731445312,589.0800170898438,582.8400268554688,586.8400268554688,578.6980590820312,67947200,0.0,0.0,0.0
2025-05-14,587.8099975585938,588.97998046875,585.5399780273438,587.5900268554688,579.4376831054688,66283500,0.0,0.0,0.0
2025-05-15,585.5599975585938,590.969970703125,585.0999755859375,590.4600219726562,582.267822265625,71268100,0.0,0.0,0.0
2025-05-16,591.25,594.5,589.280029296875,594.2000122070312,585.9559936523438,76052100,0.0,0.0,0.0
2025-05-19,588.0999755859375,595.5399780273438,588.0999755859375,594.8499755859375,586.5969848632812,68168500,0.0,0.0,0.0
2025-05-20,593.0900268554688,594.0499877929688,589.5999755859375,592.8499755859375,584.6246948242188,60614500,0.0,0.0,0.0
2025-05-21,588.4400024414062,592.5800170898438,581.8200073242188,582.8599853515625,574.7733154296875,95197700,0.0,0.0,0.0
2025-05-22,582.6599731445312,586.6199951171875,581.4099731445312,583.0900268554688,575.0001220703125,70860400,0.0,0.0,0.0
2025-05-23,575.97998046875,581.8099975585938,575.5999755859375,579.1099853515625,571.0753784179688,76029000,0.0,0.0,0.0
2025-05-27,586.0700073242188,591.3099975585938,578.4299926757812,591.1500244140625,582.9483642578125,72588500,0.0,0.0,0.0
2025-05-28,591.5599975585938,592.77001953125,586.989990234375,587.72998046875,579.57568359375,68445500,0.0,0.0,0.0
2025-05-29,593.0599975585938,593.2000122070312,586.0700073242188,590.0499877929688,581.863525390625,69973300,0.0,0.0,0.0
2025-05-30,588.9299926757812,591.1300048828125,583.239990234375,589.3900146484375,581.2128295898438,90601200,0.0,0.0,0.0
2025-06-02,587.760009765625,592.7899780273438,585.0599975585938,592.7100219726562,584.4866943359375,61630500,0.0,0.0,0.0
2025-06-03,592.3400268554688,597.0800170898438,591.8499755859375,596.0900268554688,587.8197631835938,63606200,0.0,0.0,0.0
2025-06-04,596.9600219726562,597.9500122070312,595.489990234375,595.9299926757812,587.6619873046875,57314200,0.0,0.0,0.0
2025-06-05,597.6300048828125,599.0,591.0499877929688,593.0499877929688,584.8218994140625,92278700,0.0,0.0,0.0
2025-06-06,598.6599731445312,600.8300170898438,596.8599853515625,599.1400146484375,590.8274536132812,66588700,0.0,0.0,0.0
2025-06-09,599.719970703125,601.25,598.489990234375,599.6799926757812,591.3599243164062,53016400,0.0,0.0,0.0
2025-06-10,600.219970703125,603.469970703125,599.0900268554688,603.0800170898438,594.712890625,66247000,0.0,0.0,0.0
2025-06-11,604.1900024414062,605.0599975585938,599.27001953125,601.3599853515625,593.0166625976562,73658200,0.0,0.0,0.0
2025-06-12,600.010009765625,603.75,599.52001953125,603.75,595.3734741210938,64129000,0.0,0.0,0.0
2025-06-13,598.5,601.8499755859375,595.47998046875,597.0,588.7171020507812,89506000,0.0,0.0,0.0
2025-06-16,600.4000244140625,604.4500122070312,600.219970703125,602.6799926757812,594.318359375,79984100,0.0,0.0,0.0
2025-06-17,600.2100219726562,601.75,596.760009765625,597.530029296875,589.2398071289062,82209400,0.0,0.0,0.0
2025-06-18,598.4400024414062,601.219970703125,596.469970703125,597.4400024414062,589.1510009765625,76605000,0.0,0.0,0.0
2025-06-20,598.3800048828125,599.4600219726562,592.8599853515625,594.280029296875,587.7673950195312,94051400,1.761,0.0,0.0
2025-06-23,595.0399780273438,600.5399780273438,591.8900146484375,600.1500244140625,593.5730590820312,87426000,0.0,0.0,0.0
2025-06-24,604.3300170898438,607.8499755859375,603.4099731445312,606.780029296875,600.13037109375,67735300,0.0,0.0,0.0
2025-06-25,607.9099731445312,608.6099853515625,605.5399780273438,607.1199951171875,600.4666748046875,62114800,0.0,0.0,0.0
2025-06-26,608.989990234375,612.3099975585938,608.3699951171875,611.8699951171875,605.1646118164062,78548400,0.0,0.0,0.0
2025-06-27,612.8800048828125,616.3900146484375,610.8300170898438,614.9099731445312,608.1712646484375,86258400,0.0,0.0,0.0
2025-06-30,617.3800048828125,619.219970703125,615.0399780273438,617.8499755859375,611.0791015625,92502500,0.0,0.0,0.0
2025-07-01,616.3599853515625,618.8300170898438,615.52001953125,617.6500244140625,610.8812866210938,70030100,0.0,0.0,0.0
2025-07-02,617.239990234375,620.489990234375,616.6099853515625,620.4500122070312,613.6505737304688,66510400,0.0,0.0,0.0
2025-07-03,622.4500122070312,626.280029296875,622.4299926757812,625.3400268554688,618.4869995117188,51065800,0.0,0.0,0.0
2025-07-07,623.3599853515625,624.030029296875,617.8699951171875,620.6799926757812,613.8780517578125,74814500,0.0,0.0,0.0
2025-07-08,621.3499755859375,622.1099853515625,619.52001953125,620.3400268554688,613.5418090820312,59024600,0.0,0.0,0.0
2025-07-09,622.77001953125,624.719970703125,620.9099731445312,624.0599975585938,617.2210083007812,66113300,0.0,0.0,0.0
2025-07-10,624.2000122070312,626.8699951171875,623.010009765625,625.8200073242188,618.9617309570312,57529000,0.0,0.0,0.0
2025-07-11,622.739990234375,624.8599853515625,621.530029296875,623.6199951171875,616.7858276367188,63670200,0.0,0.0,0.0
2025-07-14,623.1599731445312,625.1599731445312,621.7999877929688,624.8099975585938,617.9627075195312,51898500,0.0,0.0,0.0
2025-07-15,627.52001953125,627.8599853515625,622.0599975585938,622.1400146484375,615.3220825195312,74317300,0.0,0.0,0.0
2025-07-16,623.739990234375,624.72998046875,618.0499877929688,624.219970703125,617.3792114257812,88987500,0.0,0.0,0.0
2025-07-17,624.4000244140625,628.4000244140625,624.1799926757812,628.0399780273438,621.1574096679688,68885700,0.0,0.0,0.0
2025-07-18,629.2999877929688,629.469970703125,626.4600219726562,627.5800170898438,620.7024536132812,65621600,0.0,0.0,0.0
2025-07-21,628.77001953125,631.5399780273438,628.3400268554688,628.77001953125,621.87939453125,63375000,0.0,0.0,0.0
2025-07-22,629.0999755859375,629.72998046875,626.1900024414062,628.8599853515625,621.9683837890625,60046300,0.0,0.0,0.0
2025-07-23,631.5499877929688,634.2100219726562,629.72998046875,634.2100219726562,627.2598266601562,70511000,0.0,0.0,0.0
2025-07-24,634.5999755859375,636.1500244140625,633.989990234375,634.4199829101562,627.4674682617188,71307100,0.0,0.0,0.0
2025-07-25,635.0900268554688,637.5800170898438,634.8400268554688,637.0999755859375,630.1181030273438,56865400,0.0,0.0,0.0
2025-07-28,637.47998046875,638.0399780273438,635.5399780273438,636.9400024414062,629.9598999023438,54917100,0.0,0.0,0.0
2025-07-29,638.3499755859375,638.6699829101562,634.3400268554688,635.260009765625,628.2982177734375,60556300,0.0,0.0,0.0
2025-07-30,635.9199829101562,637.6799926757812,631.5399780273438,634.4600219726562,627.507080078125,80418900,0.0,0.0,0.0
2025-07-31,639.4600219726562,639.8499755859375,630.77001953125,632.0800170898438,625.1531982421875,103385200,0.0,0.0,0.0
2025-08-01,626.2999877929688,626.3400268554688,619.2899780273438,621.719970703125,614.9065551757812,140103600,0.0,0.0,0.0
2025-08-04,625.6699829101562,631.219970703125,625.5800170898438,631.1699829101562,624.2530517578125,73218000,0.0,0.0,0.0
2025-08-05,631.7899780273438,632.6099853515625,627.0399780273438,627.969970703125,621.0880737304688,68051400,0.0,0.0,0.0
2025-08-06,629.0499877929688,633.4400024414062,628.1300048828125,632.780029296875,625.845458984375,64357500,0.0,0.0,0.0
2025-08-07,636.239990234375,636.97998046875,629.1099853515625,632.25,625.3212280273438,74205800,0.0,0.0,0.0
2025-08-08,634.0599975585938,637.6500244140625,633.739990234375,637.1799926757812,630.1972045898438,64051600,0.0,0.0,0.0
2025-08-11,637.4600219726562,638.9500122070312,634.6599731445312,635.9199829101562,628.9510498046875,58742300,0.0,0.0,0.0
2025-08-12,638.2899780273438,642.8499755859375,636.7899780273438,642.6900024414062,635.6469116210938,64730800,0.0,0.0,0.0
2025-08-13,644.9099731445312,646.1900024414062,642.6799926757812,644.8900146484375,637.82275390625,60092800,0.0,0.0,0.0
2025-08-14,642.7899780273438,645.6199951171875,642.3400268554688,644.9500122070312,637.882080078125,59327500,0.0,0.0,0.0
2025-08-15,645.989990234375,646.0900268554688,642.52001953125,643.4400024414062,636.388671875,68592500,0.0,0.0,0.0
2025-08-18,642.8599853515625,644.0,642.1799926757812,643.2999877929688,636.2501220703125,43804900,0.0,0.0,0.0
2025-08-19,643.1199951171875,644.1099853515625,638.47998046875,639.8099975585938,632.7984008789062,69750700,0.0,0.0,0.0
2025-08-20,639.4000244140625,639.6599731445312,632.9500122070312,638.1099853515625,631.1170043945312,88890300,0.0,0.0,0.0
2025-08-21,636.280029296875,637.969970703125,633.8099975585938,635.5499877929688,628.5850830078125,54805800,0.0,0.0,0.0
2025-08-22,637.760009765625,646.5,637.25,645.3099975585938,638.2382202148438,84083200,0.0,0.0,0.0
2025-08-25,644.0399780273438,645.2899780273438,642.3499755859375,642.469970703125,635.42919921875,51274300,0.0,0.0,0.0
2025-08-26,642.2000122070312,645.510009765625,641.5700073242188,645.1599731445312,638.0897827148438,51581600,0.0,0.0,0.0
2025-08-27,644.5700073242188,647.3699951171875,644.4199829101562,646.6300048828125,639.5436401367188,48341100,0.0,0.0,0.0
2025-08-28,647.239990234375,649.47998046875,645.3400268554688,648.9199829101562,641.8085327148438,61519500,0.0,0.0,0.0
2025-08-29,647.469970703125,647.8400268554688,643.1400146484375,645.0499877929688,637.98095703125,74522200,0.0,0.0,0.0
2025-09-02,637.5,640.489990234375,634.9199829101562,640.27001953125,633.2533569335938,81983500,0.0,0.0,0.0
2025-09-03,642.6699829101562,644.2100219726562,640.4600219726562,643.739990234375,636.685302734375,70820900,0.0,0.0,0.0
2025-09-04,644.4199829101562,649.1500244140625,643.510009765625,649.1199951171875,642.00634765625,65219200,0.0,0.0,0.0
2025-09-05,651.47998046875,652.2100219726562,643.3300170898438,647.239990234375,640.14697265625,85178900,0.0,0.0,0.0
2025-09-08,648.6199951171875,649.8400268554688,647.22998046875,648.8300170898438,641.7195434570312,63133100,0.0,0.0,0.0
2025-09-09,648.969970703125,650.8599853515625,647.219970703125,650.3300170898438,643.203125,66133900,0.0,0.0,0.0
2025-09-10,653.6199951171875,654.5499877929688,650.6300048828125,652.2100219726562,645.0625610351562,78034500,0.0,0.0,0.0
2025-09-11,654.1799926757812,658.3300170898438,653.5900268554688,657.6300048828125,650.4231567382812,69934400,0.0,0.0,0.0
2025-09-12,657.5999755859375,659.1099853515625,656.9000244140625,657.4099731445312,650.2055053710938,72780100,0.0,0.0,0.0
2025-09-15,659.6400146484375,661.0399780273438,659.3400268554688,660.9099731445312,653.6671142578125,63772400,0.0,0.0,0.0
2025-09-16,661.469970703125,661.780029296875,659.2100219726562,660.0,652.7671508789062,61169000,0.0,0.0,0.0
2025-09-17,660.010009765625,661.719970703125,654.2999877929688,659.1799926757812,651.9561767578125,101952200,0.0,0.0,0.0
2025-09-18,661.8900146484375,664.8900146484375,660.27001953125,662.260009765625,655.0023803710938,90459200,0.0,0.0,0.0
2025-09-19,662.3300170898438,664.5499877929688,660.3699951171875,663.7000122070312,658.2465209960938,97945600,1.831,0.0,0.0
2025-09-22,662.2000122070312,667.2899780273438,662.1699829101562,666.8400268554688,661.3607177734375,69452200,0.0,0.0,0.0
2025-09-23,666.719970703125,667.3400268554688,661.97998046875,663.2100219726562,657.7606201171875,81708900,0.0,0.0,0.0
2025-09-24,664.510009765625,664.6099853515625,659.6699829101562,661.0999755859375,655.6678466796875,68082200,0.0,0.0,0.0
2025-09-25,657.9400024414062,659.4099731445312,654.4099731445312,658.0499877929688,652.6429443359375,89622100,0.0,0.0,0.0
2025-09-26,659.510009765625,662.3699951171875,657.8800048828125,661.8200073242188,656.3820190429688,69179200,0.0,0.0,0.0
2025-09-29,664.3599853515625,665.280029296875,661.8599853515625,663.6799926757812,658.2266845703125,73499000,0.0,0.0,0.0
2025-09-30,662.9299926757812,666.6500244140625,661.6099853515625,666.1799926757812,660.7061157226562,86288000,0.0,0.0,0.0
2025-10-01,663.1699829101562,669.3699951171875,663.0599975585938,668.4500122070312,662.95751953125,72545400,0.0,0.0,0.0
2025-10-02,670.4500122070312,670.5700073242188,666.780029296875,669.219970703125,663.7210693359375,56896000,0.0,0.0,0.0
2025-10-03,669.989990234375,672.6799926757812,668.1599731445312,669.2100219726562,663.7112426757812,70494400,0.0,0.0,0.0
2025-10-06,671.6199951171875,672.510009765625,669.4600219726562,671.6099853515625,666.0914916992188,54623300,0.0,0.0,0.0
2025-10-07,672.5399780273438,672.989990234375,667.6699829101562,669.1199951171875,663.6219482421875,72020100,0.0,0.0,0.0
2025-10-08,670.25,673.2100219726562,669.4199829101562,673.1099853515625,667.5791625976562,60702200,0.0,0.0,0.0
2025-10-09,673.530029296875,673.9400024414062,669.2100219726562,671.1599731445312,665.6452026367188,66501900,0.0,0.0,0.0
2025-10-10,672.1300048828125,673.9500122070312,652.8400268554688,653.02001953125,647.6542358398438,159422600,0.0,0.0,0.0
2025-10-13,660.6500244140625,665.1300048828125,659.77001953125,663.0399780273438,657.5919189453125,79560500,0.0,0.0,0.0
2025-10-14,657.1699829101562,665.8300170898438,653.1699829101562,662.22998046875,656.78857421875,88779600,0.0,0.0,0.0
2025-10-15,666.8200073242188,670.22998046875,658.9299926757812,665.1699829101562,659.7044677734375,81702600,0.0,0.0,0.0
2025-10-16,666.8200073242188,668.7100219726562,657.1099853515625,660.6400146484375,655.211669921875,110563300,0.0,0.0,0.0
2025-10-17,659.5,665.760009765625,658.1400146484375,664.3900146484375,658.9308471679688,96500900,0.0,0.0,0.0
2025-10-20,667.3200073242188,672.2100219726562,667.27001953125,671.2999877929688,665.7840576171875,60493400,0.0,0.0,0.0
2025-10-21,671.4400024414062,672.989990234375,669.97998046875,671.2899780273438,665.7740478515625,56249000,0.0,0.0,0.0
2025-10-22,672.0,672.0,663.2999877929688,667.7999877929688,662.3128051757812,80564000,0.0,0.0,0.0
2025-10-23,668.1199951171875,672.7100219726562,667.7999877929688,671.760009765625,666.2402954101562,65604500,0.0,0.0,0.0
2025-10-24,676.4600219726562,678.469970703125,675.6500244140625,677.25,671.6851806640625,74356500,0.0,0.0,0.0
2025-10-27,682.72998046875,685.5399780273438,682.1199951171875,685.239990234375,679.6094970703125,63339800,0.0,0.0,0.0
2025-10-28,687.0499877929688,688.9099731445312,684.8300170898438,687.0599975585938,681.41455078125,61738100,0.0,0.0,0.0
2025-10-29,688.719970703125,689.7000122070312,682.8699951171875,687.3900146484375,681.7418212890625,85657100,0.0,0.0,0.0
2025-10-30,683.9000244140625,685.9400024414062,679.8300170898438,679.8300170898438,674.2439575195312,76335800,0.0,0.0,0.0
2025-10-31,685.0399780273438,685.0800170898438,679.239990234375,682.0599975585938,676.4556274414062,87164100,0.0,0.0,0.0
2025-11-03,685.6699829101562,685.7999877929688,679.9400024414062,683.3400268554688,677.7251586914062,57315000,0.0,0.0,0.0
2025-11-04,676.1099853515625,679.9600219726562,674.5800170898438,675.239990234375,669.6917114257812,78427000,0.0,0.0,0.0
2025-11-05,674.97998046875,680.8599853515625,674.1699829101562,677.5800170898438,672.012451171875,74402400,0.0,0.0,0.0
2025-11-06,676.469970703125,677.3800048828125,668.719970703125,670.3099975585938,664.8021850585938,85035300,0.0,0.0,0.0
2025-11-07,667.9099731445312,671.0800170898438,661.2100219726562,670.969970703125,665.4567260742188,100592400,0.0,0.0,0.0
2025-11-10,677.239990234375,682.1799926757812,675.030029296875,681.4400024414062,675.8407592773438,75842900,0.0,0.0,0.0
2025-11-11,679.9500122070312,683.5700073242188,678.72998046875,683.0,677.3878784179688,58953400,0.0,0.0,0.0
2025-11-12,684.7899780273438,684.9600219726562,680.9500122070312,683.3800048828125,677.7647705078125,62312500,0.0,0.0,0.0
2025-11-13,680.5,680.8599853515625,670.52001953125,672.0399780273438,666.5179443359375,103457800,0.0,0.0,0.0
2025-11-14,665.3800048828125,675.6599731445312,663.27001953125,671.9299926757812,666.408935546875,96846700,0.0,0.0,0.0
2025-11-17,669.7000122070312,673.7100219726562,662.1699829101562,665.6699829101562,660.2003173828125,90456100,0.0,0.0,0.0
2025-11-18,662.0999755859375,665.1199951171875,655.8599853515625,660.0800170898438,654.6563110351562,114467500,0.0,0.0,0.0
2025-11-19,660.780029296875,667.3400268554688,658.75,662.6300048828125,657.1853637695312,94703000,0.0,0.0,0.0
2025-11-20,672.9099731445312,675.5599975585938,651.8900146484375,652.530029296875,647.1683349609375,165293500,0.0,0.0,0.0
2025-11-21,655.0499877929688,664.5499877929688,650.8499755859375,659.030029296875,653.6149291992188,123956200,0.0,0.0,0.0
2025-11-24,662.6900024414062,670.0599975585938,661.5900268554688,668.72998046875,663.235107421875,80437900,0.0,0.0,0.0
2025-11-25,668.6300048828125,676.2100219726562,664.47998046875,675.02001953125,669.4734497070312,81077100,0.0,0.0,0.0
2025-11-26,677.6300048828125,681.7000122070312,676.719970703125,679.6799926757812,674.09521484375,71879600,0.0,0.0,0.0
2025-11-28,680.8599853515625,683.6699829101562,680.5,683.3900146484375,677.7747192382812,49212000,0.0,0.0,0.0
2025-12-01,678.8099975585938,682.989990234375,678.739990234375,680.27001953125,674.6803588867188,61201200,0.0,0.0,0.0
2025-12-02,681.9199829101562,683.8200073242188,679.3300170898438,681.530029296875,675.9300537109375,62953800,0.0,0.0,0.0
2025-12-03,680.5700073242188,684.9099731445312,679.6900024414062,683.8900146484375,678.2706298828125,57238500,0.0,0.0,0.0
2025-12-04,685.2999877929688,685.3699951171875,681.3400268554688,684.3900146484375,678.7664794921875,61970300,0.0,0.0,0.0
2025-12-05,685.469970703125,688.3900146484375,684.5800170898438,685.6900024414062,680.0557861328125,79241000,0.0,0.0,0.0
2025-12-08,686.5900268554688,686.6400146484375,681.5700073242188,683.6300048828125,678.0127563476562,55231500,0.0,0.0,0.0
2025-12-09,683.1500244140625,685.3900146484375,682.5900268554688,683.0399780273438,677.427490234375,58310100,0.0,0.0,0.0
2025-12-10,682.5599975585938,688.969970703125,681.3099975585938,687.5700073242188,681.92041015625,85671300,0.0,0.0,0.0
2025-12-11,685.1400146484375,689.25,682.1699829101562,689.1699829101562,683.5072021484375,86173700,0.0,0.0,0.0
2025-12-12,688.1699829101562,688.8800048828125,679.1699829101562,681.760009765625,676.1580810546875,113160300,0.0,0.0,0.0
2025-12-15,685.739990234375,685.760009765625,679.25,680.72998046875,675.1365356445312,90811000,0.0,0.0,0.0
2025-12-16,679.22998046875,681.0800170898438,674.97998046875,678.8699951171875,673.2918701171875,122030600,0.0,0.0,0.0
2025-12-17,679.8900146484375,680.4400024414062,671.2000122070312,671.4000244140625,665.8832397460938,110625200,0.0,0.0,0.0
2025-12-18,677.5999755859375,680.739990234375,674.9000244140625,676.469970703125,670.9114990234375,108650100,0.0,0.0,0.0
2025-12-19,676.5900268554688,681.0900268554688,676.469970703125,680.5900268554688,676.9923095703125,103599500,1.993,0.0,0.0
2025-12-22,683.9400024414062,685.3599853515625,680.5900268554688,684.8300170898438,681.2098999023438,69556700,0.0,0.0,0.0
2025-12-23,683.9199829101562,688.2000122070312,683.8699951171875,687.9600219726562,684.3233032226562,64840000,0.0,0.0,0.0
2025-12-24,687.9500122070312,690.8300170898438,687.7999877929688,690.3800048828125,686.7305297851562,39445600,0.0,0.0,0.0
2025-12-26,690.6400146484375,691.6599731445312,689.27001953125,690.3099975585938,686.660888671875,41613300,0.0,0.0,0.0
2025-12-29,687.5399780273438,689.2000122070312,686.0700073242188,687.8499755859375,684.2138671875,62559500,0.0,0.0,0.0
2025-12-30,687.4500122070312,688.5599975585938,686.5800170898438,687.010009765625,683.3783569335938,47160700,0.0,0.0,0.0
2025-12-31,687.1400146484375,687.3599853515625,681.7100219726562,681.9199829101562,678.3152465820312,74144800,0.0,0.0,0.0
2026-01-02,685.7100219726562,686.8699951171875,679.8200073242188,683.1699829101562,679.55859375,89377200,0.0,0.0,0.0
2026-01-05,686.5399780273438,689.4299926757812,686.3800048828125,687.719970703125,684.0845336914062,71927200,0.0,0.0,0.0
2026-01-06,687.9299926757812,692.3200073242188,687.780029296875,691.8099975585938,688.1529541015625,69273800,0.0,0.0,0.0
2026-01-07,692.1900024414062,693.9600219726562,689.3200073242188,689.5800170898438,685.9347534179688,75588300,0.0,0.0,0.0
2026-01-08,688.8200073242188,690.6199951171875,687.489990234375,689.510009765625,685.8651123046875,64019200,0.0,0.0,0.0
2026-01-09,690.6300048828125,695.3099975585938,689.1799926757812,694.0700073242188,690.4010009765625,80125500,0.0,0.0,0.0
2026-01-12,690.6799926757812,696.0900268554688,690.6300048828125,695.1599731445312,691.4852294921875,63976000,0.0,0.0,0.0
2026-01-13,695.489990234375,696.0900268554688,691.3499755859375,693.77001953125,690.1026000976562,78309700,0.0,0.0,0.0
2026-01-14,691.0,691.719970703125,686.0399780273438,690.3599853515625,686.7106323242188,94676700,0.0,0.0,0.0
2026-01-15,694.5700073242188,695.4500122070312,691.25,692.239990234375,688.5806884765625,77862000,0.0,0.0,0.0
2026-01-16,693.6599731445312,694.25,690.0999755859375,691.6599731445312,688.0037231445312,79289200,0.0,0.0,0.0
2026-01-20,681.489990234375,684.77001953125,676.5700073242188,677.5800170898438,673.9981689453125,111623300,0.0,0.0,0.0
2026-01-21,679.6500244140625,688.739990234375,678.1300048828125,685.4000244140625,681.77685546875,127844500,0.0,0.0,0.0
2026-01-22,689.8499755859375,691.1300048828125,686.9199829101562,688.97998046875,685.3379516601562,77112200,0.0,0.0,0.0
2026-01-23,688.1500244140625,690.9600219726562,687.1599731445312,689.22998046875,685.5865478515625,63059600,0.0,0.0,0.0
2026-01-26,690.489990234375,694.1300048828125,689.9199829101562,692.72998046875,689.0680541992188,60473800,0.0,0.0,0.0
2026-01-27,694.1799926757812,696.530029296875,693.5700073242188,695.489990234375,691.8134765625,55506100,0.0,0.0,0.0
2026-01-28,697.0499877929688,697.8400268554688,693.9400024414062,695.4199829101562,691.7438354492188,61172200,0.0,0.0,0.0
2026-01-29,696.3900146484375,697.0599975585938,684.8300170898438,694.0399780273438,690.3711547851562,97486200,0.0,0.0,0.0
2026-01-30,691.7899780273438,694.2100219726562,687.1199951171875,691.969970703125,688.3120727539062,101835100,0.0,0.0,0.0
2026-02-02,689.5800170898438,696.9299926757812,689.4199829101562,695.4099731445312,691.7339477539062,79286500,0.0,0.0,0.0
2026-02-03,696.2100219726562,696.9600219726562,684.030029296875,689.530029296875,685.885009765625,107904600,0.0,0.0,0.0
2026-02-04,690.3499755859375,691.4500122070312,681.760009765625,686.1900024414062,682.5626831054688,105204600,0.0,0.0,0.0
2026-02-05,680.9400024414062,683.6900024414062,675.7899780273438,677.6199951171875,674.0379638671875,113610800,0.0,0.0,0.0
2026-02-06,681.4600219726562,692.3099975585938,680.8499755859375,690.6199951171875,686.96923828125,89127600,0.0,0.0,0.0
2026-02-09,689.4199829101562,695.8699951171875,688.3400268554688,693.9500122070312,690.2816772460938,73885200,0.0,0.0,0.0
2026-02-10,694.9500122070312,696.5399780273438,691.6599731445312,692.1199951171875,688.4613037109375,65185700,0.0,0.0,0.0
2026-02-11,696.3900146484375,697.1400146484375,689.1799926757812,691.9600219726562,688.3021850585938,76353900,0.0,0.0,0.0
2026-02-12,694.239990234375,695.3499755859375,680.3699951171875,681.27001953125,677.668701171875,118829000,0.0,0.0,0.0
2026-02-13,681.6900024414062,686.280029296875,677.52001953125,681.75,678.1461181640625,96267500,0.0,0.0,0.0
2026-02-17,680.1400146484375,684.9400024414062,675.780029296875,682.8499755859375,679.2402954101562,81354700,0.0,0.0,0.0
2026-02-18,684.02001953125,689.1500244140625,682.8300170898438,686.2899780273438,682.662109375,73570300,0.0,0.0,0.0
2026-02-19,683.8400268554688,686.1799926757812,681.5499877929688,684.47998046875,680.8616333007812,58649400,0.0,0.0,0.0
2026-02-20,682.3200073242188,690.0599975585938,681.72998046875,689.4299926757812,685.7855834960938,100034000,0.0,0.0,0.0
2026-02-23,687.8300170898438,690.0,680.3699951171875,682.3900146484375,678.7827758789062,90558100,0.0,0.0,0.0
2026-02-24,681.9000244140625,688.3499755859375,680.0,687.3499755859375,683.7164916992188,73798700,0.0,0.0,0.0
2026-02-25,690.1799926757812,693.6799926757812,690.0999755859375,693.1500244140625,689.4859008789062,56369500,0.0,0.0,0.0
2026-02-26,693.280029296875,693.2999877929688,684.3499755859375,689.2999877929688,685.6561889648438,71671000,0.0,0.0,0.0
2026-02-27,683.0900268554688,686.8599853515625,681.6400146484375,685.989990234375,682.3637084960938,83308900,0.0,0.0,0.0
2026-03-02,678.7000122070312,688.6199951171875,678.02001953125,686.3800048828125,682.751708984375,87477200,0.0,0.0,0.0
2026-03-03,675.0599975585938,682.6099853515625,669.6599731445312,680.3300170898438,676.7337036132812,105003100,0.0,0.0,0.0
2026-03-04,681.6300048828125,687.0900268554688,679.6199951171875,685.1300048828125,681.5082397460938,79182200,0.0,0.0,0.0
2026-03-05,682.0800170898438,685.530029296875,675.6099853515625,681.3099975585938,677.70849609375,106606500,0.0,0.0,0.0
2026-03-06,673.4099731445312,676.1099853515625,669.760009765625,672.3800048828125,668.82568359375,100687000,0.0,0.0,0.0
2026-03-09,666.3900146484375,679.9199829101562,662.3900146484375,678.27001953125,674.6845703125,102667700,0.0,0.0,0.0
2026-03-10,677.719970703125,683.3599853515625,674.760009765625,677.1799926757812,673.6002807617188,81505300,0.0,0.0,0.0
2026-03-11,677.5800170898438,680.0800170898438,673.3400268554688,676.3300170898438,672.7548217773438,68441700,0.0,0.0,0.0
2026-03-12,671.1599731445312,671.6500244140625,665.8699951171875,666.0599975585938,662.5390625,108882200,0.0,0.0,0.0
2026-03-13,669.27001953125,672.3400268554688,661.3599853515625,662.2899780273438,658.7890014648438,97200200,0.0,0.0,0.0
2026-03-16,668.3800048828125,672.0700073242188,667.1199951171875,669.030029296875,665.493408203125,82023100,0.0,0.0,0.0
2026-03-17,672.3900146484375,674.4400024414062,669.7000122070312,670.7899780273438,667.2440185546875,87128000,0.0,0.0,0.0
2026-03-18,668.3599853515625,669.719970703125,661.1900024414062,661.4299926757812,657.9335327148438,82062600,0.0,0.0,0.0
2026-03-19,656.969970703125,662.97998046875,655.1699829101562,659.7999877929688,656.3121948242188,111272500,0.0,0.0,0.0
2026-03-20,656.510009765625,656.6900024414062,644.719970703125,648.5700073242188,646.9034423828125,163617500,1.797,0.0,0.0
2026-03-23,658.0700073242188,662.6199951171875,653.9400024414062,655.3800048828125,653.6959228515625,134802700,0.0,0.0,0.0
2026-03-24,651.3200073242188,657.030029296875,649.8800048828125,653.1799926757812,651.5015869140625,96457500,0.0,0.0,0.0
2026-03-25,658.6699829101562,660.8900146484375,654.239990234375,656.8200073242188,655.1322021484375,90653800,0.0,0.0,0.0
2026-03-26,652.0599975585938,654.8499755859375,644.8200073242188,645.0900268554688,643.432373046875,96494400,0.0,0.0,0.0
2026-03-27,642.5,642.6599731445312,633.1099853515625,634.0900268554688,632.4606323242188,103649400,0.0,0.0,0.0
2026-03-30,640.1099853515625,640.3699951171875,629.280029296875,631.969970703125,630.3460693359375,99275900,0.0,0.0,0.0
2026-03-31,638.9400024414062,651.5399780273438,637.97998046875,650.3400268554688,648.6688842773438,152534100,0.0,0.0,0.0
2026-04-01,653.9000244140625,658.52001953125,653.0,655.239990234375,653.5562744140625,97841500,0.0,0.0,0.0
2026-04-02,646.4199829101562,658.2000122070312,645.1099853515625,655.8300170898438,654.144775390625,68358700,0.0,0.0,0.0
2026-04-06,655.8599853515625,659.719970703125,655.52001953125,658.9299926757812,657.23681640625,39105800,0.0,0.0,0.0
2026-04-07,656.6500244140625,659.6099853515625,651.0599975585938,659.219970703125,657.5260009765625,69980400,0.0,0.0,0.0
2026-04-08,676.3900146484375,677.0800170898438,671.4600219726562,676.010009765625,674.27294921875,93606100,0.0,0.0,0.0
2026-04-09,674.8400268554688,681.1599731445312,673.77001953125,679.9099731445312,678.162841796875,57134400,0.0,0.0,0.0
2026-04-10,681.3200073242188,682.030029296875,678.4500122070312,679.4600219726562,677.7140502929688,42253500,0.0,0.0,0.0
2026-04-13,677.4099731445312,686.2999877929688,676.5800170898438,686.0999755859375,684.3369750976562,54185800,0.0,0.0,0.0
2026-04-14,687.6900024414062,694.5800170898438,687.6599731445312,694.4600219726562,692.675537109375,63480500,0.0,0.0,0.0
2026-04-15,695.260009765625,700.280029296875,694.2000122070312,699.9400024414062,698.1414184570312,58240400,0.0,0.0,0.0
2026-04-16,701.0599975585938,702.780029296875,698.530029296875,701.6599731445312,699.8569946289062,49972400,0.0,0.0,0.0
2026-04-17,706.1400146484375,712.3900146484375,705.760009765625,710.1400146484375,708.3152465820312,70661900,0.0,0.0,0.0
2026-04-20,708.780029296875,709.9099731445312,706.1400146484375,708.719970703125,706.8988037109375,43546800,0.0,0.0,0.0
2026-04-21,710.280029296875,711.280029296875,702.6400146484375,704.0800170898438,702.2708129882812,58941400,0.0,0.0,0.0
2026-04-22,709.1500244140625,711.4500122070312,708.219970703125,711.2100219726562,709.3825073242188,42518500,0.0,0.0,0.0
2026-04-23,709.5,712.3599853515625,702.280029296875,708.4500122070312,706.6295776367188,56174000,0.0,0.0,0.0
2026-04-24,710.75,714.469970703125,709.010009765625,713.9400024414062,712.10546875,45182000,0.0,0.0,0.0
2026-04-27,713.1699829101562,715.6300048828125,712.2999877929688,715.1699829101562,713.332275390625,33135900,0.0,0.0,0.0
2026-04-28,711.8200073242188,712.8800048828125,709.25,711.6900024414062,709.8612060546875,43117400,0.0,0.0,0.0
2026-04-29,711.0,712.2000122070312,708.3699951171875,711.5800170898438,709.7515258789062,41859200,0.0,0.0,0.0
2026-04-30,714.6300048828125,719.7899780273438,710.4500122070312,718.6599731445312,716.8132934570312,67240900,0.0,0.0,0.0
2026-05-01,721.25,724.8699951171875,720.469970703125,720.6500244140625,718.7982177734375,43049800,0.0,0.0,0.0
2026-05-04,720.0700073242188,722.1199951171875,714.989990234375,718.010009765625,716.1649780273438,51950600,0.0,0.0,0.0
2026-05-05,721.77001953125,725.0399780273438,721.489990234375,723.77001953125,721.9102172851562,36933200,0.0,0.0,0.0
2026-05-06,728.1599731445312,734.5900268554688,727.8200073242188,733.8300170898438,731.9443359375,53288900,0.0,0.0,0.0
2026-05-07,735.0499877929688,736.1300048828125,729.75,731.5800170898438,729.7001342773438,51724600,0.0,0.0,0.0
2026-05-08,734.9299926757812,738.0800170898438,734.5700073242188,737.6199951171875,735.724609375,47227100,0.0,0.0,0.0
2026-05-11,736.4500122070312,740.7899780273438,736.4500122070312,739.2999877929688,737.4002685546875,44024000,0.0,0.0,0.0
2026-05-12,736.8900146484375,738.8400268554688,731.8300170898438,738.1799926757812,736.2831420898438,54185300,0.0,0.0,0.0
2026-05-13,738.469970703125,743.9099731445312,735.469970703125,742.3099975585938,740.4025268554688,44200200,0.0,0.0,0.0
2026-05-14,743.6500244140625,749.530029296875,743.5599975585938,748.1699829101562,746.2474975585938,45307600,0.0,0.0,0.0
2026-05-15,741.7899780273438,743.4600219726562,737.9600219726562,739.1699829101562,737.2706298828125,60410800,0.0,0.0,0.0
2026-05-18,739.8300170898438,741.4199829101562,733.3900146484375,738.6500244140625,736.751953125,47843900,0.0,0.0,0.0
2026-05-19,734.780029296875,737.6500244140625,731.530029296875,733.72998046875,731.8446044921875,54255900,0.0,0.0,0.0
2026-05-20,735.7100219726562,741.8699951171875,733.8900146484375,741.25,739.3452758789062,45768000,0.0,0.0,0.0
2026-05-21,738.6400146484375,744.8699951171875,737.030029296875,742.719970703125,740.8114624023438,43332200,0.0,0.0,0.0
2026-05-22,746.239990234375,748.9400024414062,744.47998046875,745.6400146484375,743.7239990234375,41762000,0.0,0.0,0.0
2026-05-26,750.010009765625,752.1300048828125,748.3699951171875,750.5900268554688,748.6613159179688,41123600,0.0,0.0,0.0
2026-05-27,750.8800048828125,751.3800048828125,748.219970703125,750.4600219726562,748.5316162109375,42106300,0.0,0.0,0.0
2026-05-28,750.25,755.1500244140625,749.22998046875,754.5999755859375,752.6609497070312,41562600,0.0,0.0,0.0
2026-05-29,755.9000244140625,758.0800170898438,754.6900024414062,756.47998046875,754.5361328125,55075700,0.0,0.0,0.0
2026-06-01,755.3599853515625,760.280029296875,754.6900024414062,758.5399780273438,756.5908203125,43634900,0.0,0.0,0.0
2026-06-02,757.030029296875,760.4000244140625,756.75,759.5700073242188,757.6182250976562,31581900,0.0,0.0,0.0
2026-06-03,758.1500244140625,758.7999877929688,753.5700073242188,754.239990234375,752.3018798828125,51402500,0.0,0.0,0.0
2026-06-04,752.0999755859375,758.3099975585938,751.469970703125,757.0900268554688,755.1445922851562,49923000,0.0,0.0,0.0
2026-06-05,752.3099975585938,752.8200073242188,735.530029296875,737.5499877929688,735.65478515625,93989400,0.0,0.0,0.0
2026-06-08,743.3599853515625,745.3400268554688,738.1900024414062,739.219970703125,737.3204345703125,49319100,0.0,0.0,0.0
2026-06-09,743.6300048828125,746.9000244140625,722.5900268554688,737.0499877929688,735.1560668945312,87683500,0.0,0.0,0.0
2026-06-10,733.3900146484375,738.3800048828125,725.3300170898438,725.4299926757812,723.56591796875,60341300,0.0,0.0,0.0
2026-06-11,728.760009765625,740.0,724.4099731445312,737.760009765625,735.8642578125,86330500,0.0,0.0,0.0
2026-06-12,740.7100219726562,744.4400024414062,735.030029296875,741.75,739.843994140625,57079500,0.0,0.0,0.0
2026-06-15,751.8499755859375,756.6799926757812,751.760009765625,754.8300170898438,752.890380859375,60176400,0.0,0.0,0.0
2026-06-16,754.5499877929688,755.4400024414062,749.8800048828125,750.3300170898438,748.4019775390625,67093100,0.0,0.0,0.0
2026-06-17,751.2899780273438,752.1500244140625,739.219970703125,740.9600219726562,739.0560302734375,85945200,0.0,0.0,0.0
2026-06-18,747.760009765625,748.22998046875,743.8599853515625,746.739990234375,746.739990234375,80875700,1.904,0.0,0.0
2026-06-22,747.7000122070312,750.1799926757812,743.1300048828125,744.3900146484375,744.3900146484375,46628100,0.0,0.0,0.0
2026-06-23,733.8099975585938,739.6300048828125,732.2999877929688,733.5800170898438,733.5800170898438,66846800,0.0,0.0,0.0
2026-06-24,735.1699829101562,739.9500122070312,730.8400268554688,733.239990234375,733.239990234375,57439500,0.0,0.0,0.0
2026-06-25,738.9099731445312,739.3699951171875,729.5999755859375,734.2999877929688,734.2999877929688,53934400,0.0,0.0,0.0
2026-06-26,728.9500122070312,736.530029296875,716.5800170898438,728.989990234375,728.989990234375,71034000,0.0,0.0,0.0
2026-06-29,736.530029296875,741.5599975585938,732.0900268554688,741.0,741.0,58035200,0.0,0.0,0.0
2026-06-30,741.2899780273438,748.02001953125,740.8900146484375,746.77001953125,746.77001953125,55626000,0.0,0.0,0.0
2026-07-01,745.0,749.4400024414062,742.3800048828125,745.760009765625,745.760009765625,47100900,0.0,0.0,0.0
2026-07-02,747.4000244140625,751.3099975585938,740.030029296875,744.780029296875,744.780029296875,57447800,0.0,0.0,0.0
2026-07-06,748.739990234375,752.4099731445312,747.4099731445312,751.280029296875,751.280029296875,50673300,0.0,0.0,0.0
2026-07-07,750.219970703125,750.9600219726562,745.2100219726562,747.7100219726562,747.7100219726562,43721500,0.0,0.0,0.0
2026-07-08,743.1599731445312,746.1500244140625,739.510009765625,745.4000244140625,745.4000244140625,43767400,0.0,0.0,0.0
2026-07-09,747.3499755859375,751.969970703125,745.5900268554688,751.7100219726562,751.7100219726562,41441700,0.0,0.0,0.0
2026-07-10,752.0499877929688,755.4199829101562,748.0999755859375,754.9500122070312,754.9500122070312,42191300,0.0,0.0,0.0
2026-07-13,752.469970703125,753.9099731445312,748.0,749.1699829101562,749.1699829101562,44013600,0.0,0.0,0.0
2026-07-14,750.9099731445312,753.3400268554688,748.6599731445312,751.8300170898438,751.8300170898438,35143100,0.0,0.0,0.0
2026-07-15,754.239990234375,755.5800170898438,750.2000122070312,754.8099975585938,754.8099975585938,43844800,0.0,0.0,0.0
2026-07-16,752.760009765625,754.5700073242188,747.8800048828125,750.719970703125,750.719970703125,46409800,0.0,0.0,0.0
2026-07-17,742.0800170898438,747.2899780273438,740.7999877929688,743.2899780273438,743.2899780273438,62651000,0.0,0.0,0.0
2026-07-20,747.0599975585938,748.72998046875,741.510009765625,742.0900268554688,742.0900268554688,50422300,0.0,0.0,0.0
2026-07-21,746.2899780273438,749.0399780273438,744.1799926757812,748.280029296875,748.280029296875,34324300,0.0,0.0,0.0
2026-07-22,746.6199951171875,750.02001953125,746.3699951171875,747.4099731445312,747.4099731445312,32836200,0.0,0.0,0.0
2026-07-23,739.3699951171875,742.5599975585938,735.2100219726562,738.1799926757812,738.1799926757812,55437300,0.0,0.0,0.0
2026-07-24,738.510009765625,743.719970703125,737.2899780273438,738.9299926757812,738.9299926757812,44782000,0.0,0.0,0.0
2026-07-27,744.9099731445312,745.530029296875,735.8699951171875,739.0900268554688,739.0900268554688,41461200,0.0,0.0,0.0
2026-07-28,739.1900024414062,742.7899780273438,735.97998046875,740.8599853515625,740.8599853515625,47322200,0.0,0.0,0.0
2026-07-29,739.969970703125,742.6799926757812,729.0999755859375,729.4600219726562,729.4600219726562,70697200,0.0,0.0,0.0
2026-07-30,736.0499877929688,742.4500122070312,734.5900268554688,741.6900024414062,741.6900024414062,66811300,0.0,0.0,0.0
2026-07-31,744.6799926757812,748.89501953125,737.6799926757812,747.030029296875,747.030029296875,59137694,0.0,0.0,0.0
