Date,Open,High,Low,Close,Adj Close,Volume,Dividends,Stock Splits,Capital Gains
2002-07-30,81.75,81.9000015258789,81.5199966430664,81.5199966430664,35.835689544677734,6100,0.0,0.0,0.0
2002-07-31,81.94999694824219,82.80000305175781,81.9000015258789,82.52999877929688,36.279659271240234,29400,0.0,0.0,0.0
2002-08-01,82.54000091552734,83.0199966430664,82.54000091552734,83.0,36.48627471923828,25000,0.0,0.0,0.0
2002-08-02,83.16000366210938,84.0999984741211,82.87999725341797,83.8499984741211,36.85993957519531,52800,0.0,0.0,0.0
2002-08-05,84.04000091552734,84.44000244140625,83.8499984741211,84.22000122070312,37.022586822509766,61100,0.0,0.0,0.0
2002-08-06,83.87000274658203,83.9000015258789,83.22000122070312,83.5,36.70608139038086,64900,0.0,0.0,0.0
2002-08-07,83.5999984741211,84.13999938964844,83.36000061035156,83.69999694824219,36.79398727416992,40300,0.0,0.0,0.0
2002-08-08,83.58000183105469,83.7699966430664,83.36000061035156,83.69999694824219,36.79398727416992,40900,0.0,0.0,0.0
2002-08-09,84.0,84.87999725341797,84.0,84.87999725341797,37.31270980834961,35900,0.0,0.0,0.0
2002-08-12,85.30000305175781,86.69999694824219,85.13999938964844,85.4000015258789,37.541316986083984,32100,0.0,0.0,0.0
2002-08-13,85.77999877929688,86.47000122070312,85.37000274658203,86.44999694824219,38.00286102294922,75400,0.0,0.0,0.0
2002-08-14,87.45999908447266,87.9000015258789,86.75,86.77999877929688,38.14793395996094,130000,0.0,0.0,0.0
2002-08-15,86.37999725341797,86.5,85.8499984741211,86.0199966430664,37.8138313293457,87100,0.0,0.0,0.0
2002-08-16,86.44000244140625,86.5199966430664,84.81999969482422,85.05999755859375,37.39183807373047,85000,0.0,0.0,0.0
2002-08-19,85.05000305175781,85.33999633789062,84.70999908447266,85.31999969482422,37.506126403808594,47300,0.0,0.0,0.0
2002-08-20,85.62000274658203,86.29000091552734,85.5999984741211,86.2699966430664,37.92375564575195,40800,0.0,0.0,0.0
2002-08-21,85.68000030517578,86.0999984741211,85.62999725341797,85.80999755859375,37.721519470214844,40000,0.0,0.0,0.0
2002-08-22,85.55000305175781,85.55000305175781,85.05999755859375,85.05999755859375,37.39183807373047,34400,0.0,0.0,0.0
2002-08-23,85.19999694824219,85.94999694824219,85.19999694824219,85.9000015258789,37.76109313964844,20100,0.0,0.0,0.0
2002-08-26,85.69999694824219,86.20999908447266,85.66999816894531,85.9800033569336,37.7962646484375,23900,0.0,0.0,0.0
2002-08-27,85.4000015258789,85.68000030517578,85.19999694824219,85.44000244140625,37.55887985229492,301800,0.0,0.0,0.0
2002-08-28,86.04000091552734,86.18000030517578,85.83999633789062,85.87000274658203,37.74794387817383,18100,0.0,0.0,0.0
2002-08-29,86.76000213623047,86.86000061035156,86.3499984741211,86.55999755859375,38.05118942260742,135700,0.0,0.0,0.0
2002-08-30,86.75,87.12999725341797,86.44999694824219,87.08000183105469,38.279815673828125,78100,0.0,0.0,0.0
2002-09-03,87.08000183105469,88.04000091552734,87.0,88.04000091552734,38.868324279785156,102100,0.373,0.0,0.0
2002-09-04,88.02999877929688,88.30000305175781,87.83999633789062,88.0199966430664,38.85948181152344,66300,0.0,0.0,0.0
2002-09-05,88.56999969482422,88.6500015258789,87.37999725341797,88.5,39.07137680053711,648400,0.0,0.0,0.0
2002-09-06,87.97000122070312,88.19000244140625,87.19999694824219,87.45999908447266,38.61224365234375,140000,0.0,0.0,0.0
2002-09-09,87.5,87.83000183105469,87.26000213623047,87.33000183105469,38.554874420166016,83800,0.0,0.0,0.0
2002-09-10,87.16999816894531,88.0,87.0,87.75,38.74030685424805,336000,0.0,0.0,0.0
2002-09-11,87.0,87.30000305175781,86.75,87.29000091552734,38.537208557128906,177700,0.0,0.0,0.0
2002-09-12,87.4800033569336,88.13999938964844,87.47000122070312,87.97000122070312,38.837425231933594,43400,0.0,0.0,0.0
2002-09-13,88.33000183105469,88.94000244140625,88.18000030517578,88.77999877929688,39.19502639770508,155100,0.0,0.0,0.0
2002-09-16,89.19999694824219,89.22000122070312,88.9000015258789,88.93000030517578,39.261199951171875,73000,0.0,0.0,0.0
2002-09-17,88.63999938964844,89.31999969482422,88.36000061035156,89.0999984741211,39.3363037109375,75400,0.0,0.0,0.0
2002-09-18,89.16000366210938,89.55999755859375,89.0199966430664,89.12000274658203,39.3451042175293,196600,0.0,0.0,0.0
2002-09-19,89.69999694824219,89.7699966430664,89.26000213623047,89.72000122070312,39.61000061035156,109900,0.0,0.0,0.0
2002-09-20,89.44999694824219,89.5199966430664,89.05999755859375,89.30000305175781,39.42457962036133,113500,0.0,0.0,0.0
2002-09-23,90.0,90.23999786376953,89.7699966430664,90.0999984741211,39.777767181396484,163200,0.0,0.0,0.0
2002-09-24,90.30000305175781,90.94000244140625,90.20999908447266,90.68000030517578,40.033851623535156,251900,0.0,0.0,0.0
2002-09-25,90.0999984741211,90.36000061035156,89.26000213623047,89.58000183105469,39.54820251464844,127200,0.0,0.0,0.0
2002-09-26,89.05000305175781,89.52999877929688,88.61000061035156,89.37000274658203,39.45547103881836,429000,0.0,0.0,0.0
2002-09-27,89.52999877929688,90.04000091552734,89.4800033569336,90.04000091552734,39.75125503540039,298200,0.0,0.0,0.0
2002-09-30,90.66000366210938,90.9000015258789,90.08000183105469,90.4000015258789,39.910240173339844,297800,0.0,0.0,0.0
2002-10-01,89.16000366210938,89.30000305175781,88.80000305175781,88.94000244140625,39.41521453857422,257500,0.343,0.0,0.0
2002-10-02,89.23999786376953,89.4800033569336,88.83999633789062,89.44999694824219,39.6412239074707,91000,0.0,0.0,0.0
2002-10-03,89.30000305175781,89.51000213623047,88.80000305175781,89.2300033569336,39.543704986572266,29900,0.0,0.0,0.0
2002-10-04,88.4000015258789,89.72000122070312,88.4000015258789,89.51000213623047,39.66777038574219,131000,0.0,0.0,0.0
2002-10-07,89.9000015258789,89.95999908447266,89.45999908447266,89.66000366210938,39.73426818847656,433800,0.0,0.0,0.0
2002-10-08,89.5,90.5199966430664,89.36000061035156,89.69000244140625,39.7475700378418,530900,0.0,0.0,0.0
2002-10-09,90.30000305175781,90.37999725341797,89.94999694824219,90.1500015258789,39.95146942138672,402900,0.0,0.0,0.0
2002-10-10,90.16999816894531,90.16999816894531,89.27999877929688,89.44000244140625,39.63679885864258,97100,0.0,0.0,0.0
2002-10-11,89.0999984741211,89.22000122070312,88.05999755859375,88.37999725341797,39.16701126098633,421800,0.0,0.0,0.0
2002-10-14,88.5,88.55000305175781,88.06999969482422,88.25,39.10939025878906,18300,0.0,0.0,0.0
2002-10-15,87.0,87.30000305175781,86.1500015258789,86.16000366210938,38.18321990966797,297100,0.0,0.0,0.0
2002-10-16,86.5999984741211,86.5999984741211,85.88999938964844,86.19999694824219,38.20093536376953,125200,0.0,0.0,0.0
2002-10-17,85.13999938964844,85.55999755859375,85.06999969482422,85.1500015258789,37.735591888427734,233400,0.0,0.0,0.0
2002-10-18,85.0199966430664,85.38999938964844,84.27999877929688,85.37000274658203,37.83308410644531,459100,0.0,0.0,0.0
2002-10-21,85.5,85.5999984741211,84.5,84.54000091552734,37.465274810791016,134900,0.0,0.0,0.0
2002-10-22,84.8499984741211,84.8499984741211,84.22000122070312,84.30000305175781,37.35888671875,205000,0.0,0.0,0.0
2002-10-23,84.75,85.19999694824219,84.18000030517578,84.33000183105469,37.37220001220703,127800,0.0,0.0,0.0
2002-10-24,84.16000366210938,85.25,84.08000183105469,85.06999969482422,37.70014190673828,339600,0.0,0.0,0.0
2002-10-25,85.3499984741211,85.55999755859375,85.1500015258789,85.37999725341797,37.83750915527344,146100,0.0,0.0,0.0
2002-10-28,85.55999755859375,85.63999938964844,85.19999694824219,85.26000213623047,37.78432083129883,97800,0.0,0.0,0.0
2002-10-29,85.81999969482422,86.88999938964844,85.7699966430664,86.37000274658203,38.2762336730957,125000,0.0,0.0,0.0
2002-10-30,86.37000274658203,86.68000030517578,86.06999969482422,86.33999633789062,38.26296615600586,31900,0.0,0.0,0.0
2002-10-31,86.05000305175781,86.86000061035156,86.0199966430664,86.7300033569336,38.43581771850586,512700,0.0,0.0,0.0
2002-11-01,86.30000305175781,86.93000030517578,85.25,85.9800033569336,38.275115966796875,125100,0.389,0.0,0.0
2002-11-04,85.4800033569336,85.75,85.25,85.5999984741211,38.105934143066406,342500,0.0,0.0,0.0
2002-11-05,85.5999984741211,85.5999984741211,85.08999633789062,85.2699966430664,37.959068298339844,73800,0.0,0.0,0.0
2002-11-06,85.05000305175781,86.12999725341797,84.91000366210938,85.61000061035156,38.110389709472656,118500,0.0,0.0,0.0
2002-11-07,87.05000305175781,87.7300033569336,86.8499984741211,87.7300033569336,39.054141998291016,147900,0.0,0.0,0.0
2002-11-08,88.4000015258789,88.6500015258789,87.94999694824219,88.44000244140625,39.370182037353516,294700,0.0,0.0,0.0
2002-11-11,88.55000305175781,88.91999816894531,88.4000015258789,88.91999816894531,39.583885192871094,70000,0.0,0.0,0.0
2002-11-12,89.1500015258789,89.1500015258789,88.37000274658203,88.41000366210938,39.35683822631836,494300,0.0,0.0,0.0
2002-11-13,88.44999694824219,88.69000244140625,87.95999908447266,88.5999984741211,39.44141387939453,104700,0.0,0.0,0.0
2002-11-14,87.6500015258789,87.6500015258789,86.76000213623047,86.76000213623047,38.622344970703125,118000,0.0,0.0,0.0
2002-11-15,86.54000091552734,87.2300033569336,86.26000213623047,87.11000061035156,38.77813720703125,110700,0.0,0.0,0.0
2002-11-18,87.0199966430664,87.62999725341797,86.95999908447266,87.5,38.951744079589844,32200,0.0,0.0,0.0
2002-11-19,87.94999694824219,88.2300033569336,87.51000213623047,87.81999969482422,39.09420394897461,51800,0.0,0.0,0.0
2002-11-20,88.19999694824219,88.22000122070312,86.80999755859375,86.95999908447266,38.71135711669922,307400,0.0,0.0,0.0
2002-11-21,86.5,86.5,85.86000061035156,86.12000274658203,38.33742141723633,323200,0.0,0.0,0.0
2002-11-22,86.33000183105469,86.38999938964844,85.87999725341797,86.04000091552734,38.30180358886719,184800,0.0,0.0,0.0
2002-11-25,86.0,86.37999725341797,85.80000305175781,85.87999725341797,38.230552673339844,288200,0.0,0.0,0.0
2002-11-26,86.19999694824219,87.0199966430664,86.1500015258789,86.95999908447266,38.71135711669922,377800,0.0,0.0,0.0
2002-11-27,86.25,86.33000183105469,84.95999908447266,85.0,37.838844299316406,325600,0.0,0.0,0.0
2002-11-29,85.16000366210938,85.62999725341797,85.13999938964844,85.55000305175781,38.08367919921875,31700,0.0,0.0,0.0
2002-12-02,84.36000061035156,85.4000015258789,84.1500015258789,85.23999786376953,38.11901092529297,284900,0.389,0.0,0.0
2002-12-03,85.69999694824219,85.69999694824219,85.12000274658203,85.36000061035156,38.17265701293945,113800,0.0,0.0,0.0
2002-12-04,85.9000015258789,86.0,85.55000305175781,85.80000305175781,38.369449615478516,129000,0.0,0.0,0.0
2002-12-05,85.27999877929688,86.27999877929688,85.26000213623047,86.0199966430664,38.46784210205078,206400,0.0,0.0,0.0
2002-12-06,87.0,87.08999633789062,85.76000213623047,86.16999816894531,38.53486633300781,440500,0.0,0.0,0.0
2002-12-09,86.19999694824219,86.8499984741211,86.16999816894531,86.6500015258789,38.749568939208984,400300,0.0,0.0,0.0
2002-12-10,86.61000061035156,86.93000030517578,86.5,86.87999725341797,38.85240936279297,151600,0.0,0.0,0.0
2002-12-11,87.1500015258789,87.6500015258789,86.95999908447266,87.45999908447266,39.111778259277344,163800,0.0,0.0,0.0
2002-12-12,87.05999755859375,87.5999984741211,87.05999755859375,87.37999725341797,39.07601547241211,135800,0.0,0.0,0.0
2002-12-13,87.13999938964844,87.16000366210938,86.52999877929688,86.52999877929688,38.69588851928711,425800,0.0,0.0,0.0
2002-12-16,86.9000015258789,86.9000015258789,85.83999633789062,85.87999725341797,38.40519332885742,115700,0.0,0.0,0.0
2002-12-17,86.30000305175781,86.3499984741211,85.68000030517578,85.87999725341797,38.40519332885742,290600,0.0,0.0,0.0
2002-12-18,86.4800033569336,86.69000244140625,86.25,86.55000305175781,38.704856872558594,191000,0.0,0.0,0.0
2002-12-19,86.80000305175781,87.48999786376953,86.6500015258789,87.31999969482422,39.0492057800293,134400,0.0,0.0,0.0
2002-12-20,87.2300033569336,87.55999755859375,87.1500015258789,87.37999725341797,39.07601547241211,41900,0.0,0.0,0.0
2002-12-23,87.36000061035156,87.4000015258789,86.25,87.4000015258789,39.084957122802734,74200,0.0,0.0,0.0
2002-12-24,88.0,88.08000183105469,87.83999633789062,87.88999938964844,39.30409240722656,46600,0.0,0.0,0.0
2002-12-26,87.9000015258789,88.05999755859375,87.7300033569336,88.05999755859375,39.380104064941406,13500,0.0,0.0,0.0
2002-12-27,88.55000305175781,89.02999877929688,88.27999877929688,89.02999877929688,39.81388854980469,140200,0.0,0.0,0.0
2002-12-30,88.9000015258789,89.23999786376953,88.62999725341797,89.23999786376953,39.90779495239258,274900,0.0,0.0,0.0
2002-12-31,88.94999694824219,89.33000183105469,88.31999969482422,88.56999969482422,39.80713653564453,109400,0.446,0.0,0.0
2003-01-02,87.69999694824219,87.9000015258789,86.20999908447266,86.27999877929688,38.77790451049805,192100,0.0,0.0,0.0
2003-01-03,86.1500015258789,86.54000091552734,85.83000183105469,86.4800033569336,38.86780548095703,311200,0.0,0.0,0.0
2003-01-06,86.16999816894531,86.29000091552734,85.80999755859375,86.25,38.764408111572266,35600,0.0,0.0,0.0
2003-01-07,86.19000244140625,86.75,86.16999816894531,86.55999755859375,38.903751373291016,69800,0.0,0.0,0.0
2003-01-08,86.87999725341797,87.13999938964844,86.77999877929688,86.98999786376953,39.096981048583984,160100,0.0,0.0,0.0
2003-01-09,86.16999816894531,86.16999816894531,85.0199966430664,85.31999969482422,38.34642028808594,237500,0.0,0.0,0.0
2003-01-10,85.91999816894531,85.91999816894531,85.12000274658203,85.54000091552734,38.44532775878906,145200,0.0,0.0,0.0
2003-01-13,85.54000091552734,85.87000274658203,85.4000015258789,85.68000030517578,38.508235931396484,53300,0.0,0.0,0.0
2003-01-14,86.0,86.27999877929688,85.95999908447266,85.9800033569336,38.643070220947266,98900,0.0,0.0,0.0
2003-01-15,86.27999877929688,86.69999694824219,86.19999694824219,86.4000015258789,38.83183670043945,129600,0.0,0.0,0.0
2003-01-16,86.37999725341797,86.5999984741211,85.62000274658203,86.5199966430664,38.8857536315918,57900,0.0,0.0,0.0
2003-01-17,87.0999984741211,87.23999786376953,86.93000030517578,86.94999694824219,39.07902145385742,97700,0.0,0.0,0.0
2003-01-21,86.87999725341797,87.44999694824219,86.80000305175781,87.44999694824219,39.30375671386719,107500,0.0,0.0,0.0
2003-01-22,87.68000030517578,87.9000015258789,87.5199966430664,87.87999725341797,39.496978759765625,107100,0.0,0.0,0.0
2003-01-23,87.31999969482422,87.69999694824219,87.30000305175781,87.44999694824219,39.30375671386719,110700,0.0,0.0,0.0
2003-01-24,87.73999786376953,88.44000244140625,87.73999786376953,87.97000122070312,39.5374870300293,285300,0.0,0.0,0.0
2003-01-27,87.9000015258789,88.04000091552734,87.5,87.6500015258789,39.39362716674805,150500,0.0,0.0,0.0
2003-01-28,87.6500015258789,87.77999877929688,87.0999984741211,87.6500015258789,39.39362716674805,454700,0.0,0.0,0.0
2003-01-29,87.83000183105469,87.87999725341797,86.9800033569336,87.16999816894531,39.177913665771484,221400,0.0,0.0,0.0
2003-01-30,87.19999694824219,87.9000015258789,87.0999984741211,87.81999969482422,39.47003173828125,108600,0.0,0.0,0.0
2003-01-31,87.9000015258789,88.20999908447266,87.54000091552734,88.05999755859375,39.57792663574219,182300,0.0,0.0,0.0
2003-02-03,87.66999816894531,87.91000366210938,87.30999755859375,87.87999725341797,39.63559341430664,55200,0.308,0.0,0.0
2003-02-04,88.37000274658203,88.4000015258789,88.11000061035156,88.2699966430664,39.81151580810547,56900,0.0,0.0,0.0
2003-02-05,88.2300033569336,88.69999694824219,87.43000030517578,87.51000213623047,39.4687385559082,223300,0.0,0.0,0.0
2003-02-06,87.83999633789062,88.26000213623047,87.79000091552734,88.22000122070312,39.78897476196289,120900,0.0,0.0,0.0
2003-02-07,87.7699966430664,88.5199966430664,87.62999725341797,88.41999816894531,39.87918472290039,247200,0.0,0.0,0.0
2003-02-10,88.12000274658203,88.4000015258789,87.69000244140625,87.80000305175781,39.59955596923828,76600,0.0,0.0,0.0
2003-02-11,87.5999984741211,87.91000366210938,87.43000030517578,87.77999877929688,39.5905647277832,259100,0.0,0.0,0.0
2003-02-12,87.80000305175781,88.12999725341797,87.66999816894531,88.08999633789062,39.7303466796875,121300,0.0,0.0,0.0
2003-02-13,88.2699966430664,89.18000030517578,88.16999816894531,88.56999969482422,39.94685363769531,440200,0.0,0.0,0.0
2003-02-14,88.30000305175781,88.37000274658203,87.61000061035156,87.80999755859375,39.60409164428711,829700,0.0,0.0,0.0
2003-02-18,87.55999755859375,87.9800033569336,87.33999633789062,87.91999816894531,39.65365982055664,213200,0.0,0.0,0.0
2003-02-19,88.38999938964844,88.69999694824219,88.25,88.5199966430664,39.92429733276367,62100,0.0,0.0,0.0
2003-02-20,88.33999633789062,88.9000015258789,88.33999633789062,88.81999969482422,40.05958557128906,486700,0.0,0.0,0.0
2003-02-21,88.55999755859375,88.72000122070312,88.20999908447266,88.30000305175781,39.82506561279297,250400,0.0,0.0,0.0
2003-02-24,88.87999725341797,88.9000015258789,88.62000274658203,88.72000122070312,40.01449203491211,168200,0.0,0.0,0.0
2003-02-25,89.4000015258789,89.6500015258789,89.0,89.12999725341797,40.199363708496094,358500,0.0,0.0,0.0
2003-02-26,89.37999725341797,89.75,89.1500015258789,89.75,40.47907257080078,334000,0.0,0.0,0.0
2003-02-27,89.45999908447266,89.98999786376953,89.30999755859375,89.9000015258789,40.54670715332031,695700,0.0,0.0,0.0
2003-02-28,89.68000030517578,90.54000091552734,89.58000183105469,90.47000122070312,40.80375671386719,213100,0.0,0.0,0.0
2003-03-03,90.0,90.44999694824219,89.91000366210938,90.23999786376953,40.85357666015625,204100,0.34,0.0,0.0
2003-03-04,90.12999725341797,90.44999694824219,90.0199966430664,90.30000305175781,40.88070297241211,83100,0.0,0.0,0.0
2003-03-05,90.62000274658203,90.62999725341797,90.04000091552734,90.5999984741211,41.016536712646484,126000,0.0,0.0,0.0
2003-03-06,90.55000305175781,90.68000030517578,90.05999755859375,90.25,40.858116149902344,166000,0.0,0.0,0.0
2003-03-07,90.72000122070312,90.79000091552734,90.05000305175781,90.55999755859375,40.998443603515625,263800,0.0,0.0,0.0
2003-03-10,90.80999755859375,91.02999877929688,90.68000030517578,91.02999877929688,41.21123504638672,147200,0.0,0.0,0.0
2003-03-11,90.98999786376953,91.16000366210938,90.7300033569336,90.87000274658203,41.13881301879883,82800,0.0,0.0,0.0
2003-03-12,90.91999816894531,91.36000061035156,90.87999725341797,91.19999694824219,41.288185119628906,454800,0.0,0.0,0.0
2003-03-13,90.1500015258789,90.38999938964844,89.5199966430664,89.5199966430664,40.52762985229492,830200,0.0,0.0,0.0
2003-03-14,89.9000015258789,90.12000274658203,89.62000274658203,89.95999908447266,40.726837158203125,590900,0.0,0.0,0.0
2003-03-17,90.5199966430664,90.5199966430664,88.86000061035156,88.87999725341797,40.23790740966797,724400,0.0,0.0,0.0
2003-03-18,88.95999908447266,89.19999694824219,88.01000213623047,88.04000091552734,39.85759735107422,415200,0.0,0.0,0.0
2003-03-19,88.04000091552734,88.06999969482422,87.33000183105469,87.38999938964844,39.56332778930664,398400,0.0,0.0,0.0
2003-03-20,87.81999969482422,87.94999694824219,86.76000213623047,87.25,39.49992370605469,206700,0.0,0.0,0.0
2003-03-21,86.91999816894531,87.05000305175781,86.05000305175781,86.05000305175781,38.9566764831543,843400,0.0,0.0,0.0
2003-03-24,87.0999984741211,87.5999984741211,86.8499984741211,87.41000366210938,39.5723991394043,373800,0.0,0.0,0.0
2003-03-25,87.6500015258789,87.81999969482422,86.9000015258789,87.30999755859375,39.527076721191406,606400,0.0,0.0,0.0
2003-03-26,87.25,87.6500015258789,87.25,87.48999786376953,39.608585357666016,309500,0.0,0.0,0.0
2003-03-27,87.75,87.87000274658203,87.33000183105469,87.55000305175781,39.63576889038086,191600,0.0,0.0,0.0
2003-03-28,87.91999816894531,88.08000183105469,87.72000122070312,87.75,39.7263069152832,253400,0.0,0.0,0.0
2003-03-31,88.30000305175781,88.93000030517578,88.30000305175781,88.9000015258789,40.246917724609375,643800,0.0,0.0,0.0
2003-04-01,88.4000015258789,88.79000091552734,87.9000015258789,88.2699966430664,40.13235092163086,289800,0.378,0.0,0.0
2003-04-02,87.6500015258789,87.69999694824219,87.27999877929688,87.3499984741211,39.714073181152344,312200,0.0,0.0,0.0
2003-04-03,87.25,87.58000183105469,87.13999938964844,87.30000305175781,39.69134521484375,245600,0.0,0.0,0.0
2003-04-04,87.05999755859375,87.30000305175781,86.87999725341797,87.05000305175781,39.57769012451172,184900,0.0,0.0,0.0
2003-04-07,86.22000122070312,86.86000061035156,85.91999816894531,86.8499984741211,39.486759185791016,485400,0.0,0.0,0.0
2003-04-08,87.05000305175781,87.58999633789062,86.98999786376953,87.55000305175781,39.805015563964844,194700,0.0,0.0,0.0
2003-04-09,87.4000015258789,87.86000061035156,87.16999816894531,87.80999755859375,39.923221588134766,102400,0.0,0.0,0.0
2003-04-10,87.75,87.8499984741211,87.3499984741211,87.4000015258789,39.736820220947266,53300,0.0,0.0,0.0
2003-04-11,86.81999969482422,87.31999969482422,86.58999633789062,87.26000213623047,39.67311096191406,450000,0.0,0.0,0.0
2003-04-14,87.0999984741211,87.11000061035156,86.70999908447266,87.0199966430664,39.56407928466797,207100,0.0,0.0,0.0
2003-04-15,87.33000183105469,87.52999877929688,87.04000091552734,87.48999786376953,39.777713775634766,128500,0.0,0.0,0.0
2003-04-16,87.52999877929688,87.9000015258789,87.47000122070312,87.8499984741211,39.94141387939453,97700,0.0,0.0,0.0
2003-04-17,88.23999786376953,88.4000015258789,87.80000305175781,87.98999786376953,40.00506591796875,106200,0.0,0.0,0.0
2003-04-21,87.4800033569336,87.83000183105469,87.26000213623047,87.80000305175781,39.91869354248047,148000,0.0,0.0,0.0
2003-04-22,88.1500015258789,88.26000213623047,87.62000274658203,87.75,39.89590835571289,299900,0.0,0.0,0.0
2003-04-23,87.77999877929688,88.01000213623047,87.5999984741211,87.93000030517578,39.97777557373047,42700,0.0,0.0,0.0
2003-04-24,88.4000015258789,88.98999786376953,88.4000015258789,88.72000122070312,40.33695602416992,199000,0.0,0.0,0.0
2003-04-25,88.75,89.0999984741211,88.68000030517578,88.91999816894531,40.42788314819336,529700,0.0,0.0,0.0
2003-04-28,89.08999633789062,89.08999633789062,88.77999877929688,88.77999877929688,40.364227294921875,80500,0.0,0.0,0.0
2003-04-29,88.52999877929688,88.7699966430664,88.31999969482422,88.62999725341797,40.2960205078125,177500,0.0,0.0,0.0
2003-04-30,88.79000091552734,89.5199966430664,88.7300033569336,89.44999694824219,40.66887664794922,293400,0.0,0.0,0.0
2003-05-01,89.19999694824219,89.5999984741211,88.80000305175781,89.0199966430664,40.688507080078125,231200,0.473,0.0,0.0
2003-05-02,89.05999755859375,89.06999969482422,88.2699966430664,88.31999969482422,40.36854553222656,231500,0.0,0.0,0.0
2003-05-05,88.30999755859375,88.87000274658203,88.19999694824219,88.79000091552734,40.583396911621094,77700,0.0,0.0,0.0
2003-05-06,88.83999633789062,89.4000015258789,88.5199966430664,89.2300033569336,40.78450393676758,260600,0.0,0.0,0.0
2003-05-07,90.0,90.33000183105469,89.81999969482422,90.2699966430664,41.259822845458984,306900,0.0,0.0,0.0
2003-05-08,90.5999984741211,90.9000015258789,90.27999877929688,90.48999786376953,41.36040496826172,437400,0.0,0.0,0.0
2003-05-09,90.30000305175781,90.62000274658203,90.19999694824219,90.58000183105469,41.40154266357422,110000,0.0,0.0,0.0
2003-05-12,91.13999938964844,91.19000244140625,90.7300033569336,91.1500015258789,41.66205596923828,364700,0.0,0.0,0.0
2003-05-13,90.9000015258789,91.37000274658203,90.83000183105469,91.3499984741211,41.75347900390625,227800,0.0,0.0,0.0
2003-05-14,91.83000183105469,92.9800033569336,91.62000274658203,92.75,42.39336013793945,1426500,0.0,0.0,0.0
2003-05-15,92.5999984741211,93.56999969482422,92.5999984741211,93.04000091552734,42.52595520019531,810300,0.0,0.0,0.0
2003-05-16,93.4800033569336,93.76000213623047,92.94999694824219,93.72000122070312,42.836753845214844,703900,0.0,0.0,0.0
2003-05-19,94.11000061035156,94.23999786376953,93.12999725341797,93.4000015258789,42.69046401977539,817800,0.0,0.0,0.0
2003-05-20,93.1500015258789,94.77999877929688,93.12000274658203,94.77999877929688,43.321258544921875,606600,0.0,0.0,0.0
2003-05-21,94.25,95.66000366210938,94.12000274658203,94.7699966430664,43.3166618347168,1799600,0.0,0.0,0.0
2003-05-22,95.0999984741211,95.69999694824219,94.9000015258789,95.61000061035156,43.70063400268555,576200,0.0,0.0,0.0
2003-05-23,95.7699966430664,96.20999908447266,95.63999938964844,95.8499984741211,43.810302734375,690600,0.0,0.0,0.0
2003-05-27,95.62000274658203,95.70999908447266,94.12000274658203,94.12000274658203,43.019569396972656,846400,0.0,0.0,0.0
2003-05-28,93.9000015258789,94.13999938964844,93.30999755859375,93.95999908447266,42.94646072387695,730500,0.0,0.0,0.0
2003-05-29,94.30000305175781,94.80000305175781,94.06999969482422,94.77999877929688,43.321258544921875,508300,0.0,0.0,0.0
2003-05-30,94.44999694824219,94.73999786376953,93.97000122070312,94.5999984741211,43.238948822021484,722200,0.0,0.0,0.0
2003-06-02,93.87999725341797,93.87999725341797,93.08999633789062,93.51000213623047,42.921356201171875,478600,0.398,0.0,0.0
2003-06-03,93.76000213623047,94.58000183105469,93.70999908447266,94.26000213623047,43.26561737060547,389400,0.0,0.0,0.0
2003-06-04,94.45999908447266,94.70999908447266,94.05000305175781,94.54000091552734,43.394100189208984,394100,0.0,0.0,0.0
2003-06-05,95.19999694824219,95.37999725341797,93.80000305175781,93.80000305175781,43.05442428588867,820900,0.0,0.0,0.0
2003-06-06,93.69999694824219,94.1500015258789,93.37999725341797,94.13999938964844,43.21049880981445,276800,0.0,0.0,0.0
2003-06-09,94.69999694824219,94.87999725341797,94.2699966430664,94.7699966430664,43.499671936035156,282200,0.0,0.0,0.0
2003-06-10,95.08000183105469,95.93000030517578,95.06999969482422,95.9000015258789,44.01837158203125,534800,0.0,0.0,0.0
2003-06-11,96.25,96.5999984741211,95.69999694824219,95.77999877929688,43.963279724121094,633600,0.0,0.0,0.0
2003-06-12,96.11000061035156,96.7300033569336,96.01000213623047,96.52999877929688,44.30754852294922,315400,0.0,0.0,0.0
2003-06-13,96.93000030517578,97.27999877929688,96.76000213623047,97.18000030517578,44.605865478515625,478400,0.0,0.0,0.0
2003-06-16,97.5,97.66000366210938,96.26000213623047,96.26000213623047,44.18357849121094,789300,0.0,0.0,0.0
2003-06-17,95.97000122070312,96.02999877929688,95.4000015258789,95.5,43.83472442626953,691600,0.0,0.0,0.0
2003-06-18,95.05999755859375,95.05999755859375,94.19999694824219,94.27999877929688,43.27478790283203,657600,0.0,0.0,0.0
2003-06-19,93.95999908447266,94.4800033569336,93.5,94.0999984741211,43.192161560058594,817700,0.0,0.0,0.0
2003-06-20,93.9000015258789,94.05000305175781,93.02999877929688,93.75,43.03150177001953,561700,0.0,0.0,0.0
2003-06-23,93.81999969482422,94.43000030517578,93.52999877929688,94.30999755859375,43.288543701171875,819900,0.0,0.0,0.0
2003-06-24,94.1500015258789,95.18000030517578,94.01000213623047,95.18000030517578,43.68785095214844,292900,0.0,0.0,0.0
2003-06-25,95.41999816894531,95.48999786376953,93.44999694824219,93.66000366210938,42.99018096923828,1002800,0.0,0.0,0.0
2003-06-26,93.25,93.25,92.12000274658203,92.4000015258789,42.411827087402344,1423800,0.0,0.0,0.0
2003-06-27,92.55000305175781,92.55000305175781,91.55000305175781,92.06999969482422,42.260372161865234,735900,0.0,0.0,0.0
2003-06-30,91.91999816894531,92.5199966430664,91.68000030517578,92.5,42.45772171020508,541900,0.0,0.0,0.0
2003-07-01,92.1500015258789,92.48999786376953,91.51000213623047,91.69000244140625,42.24716567993164,449000,0.353,0.0,0.0
2003-07-02,91.19999694824219,92.06999969482422,91.11000061035156,91.91999816894531,42.35314178466797,338800,0.0,0.0,0.0
2003-07-03,91.69999694824219,91.70999908447266,90.5999984741211,90.5999984741211,41.74492645263672,559100,0.0,0.0,0.0
2003-07-07,90.27999877929688,90.58999633789062,90.0199966430664,90.0199966430664,41.47769546508789,465400,0.0,0.0,0.0
2003-07-08,90.43000030517578,90.4800033569336,89.62999725341797,90.0999984741211,41.514564514160156,389600,0.0,0.0,0.0
2003-07-09,90.52999877929688,90.69000244140625,90.11000061035156,90.38999938964844,41.648162841796875,270400,0.0,0.0,0.0
2003-07-10,90.69000244140625,90.75,90.12000274658203,90.36000061035156,41.63438415527344,718000,0.0,0.0,0.0
2003-07-11,90.30000305175781,90.79000091552734,90.20999908447266,90.79000091552734,41.8325080871582,389500,0.0,0.0,0.0
2003-07-14,90.68000030517578,90.87000274658203,89.62999725341797,89.75,41.35329818725586,465900,0.0,0.0,0.0
2003-07-15,89.54000091552734,89.86000061035156,87.4000015258789,87.6500015258789,40.38567352294922,3171100,0.0,0.0,0.0
2003-07-16,87.41000366210938,88.72000122070312,87.1500015258789,88.1500015258789,40.616058349609375,1205400,0.0,0.0,0.0
2003-07-17,87.33000183105469,88.04000091552734,87.18000030517578,87.87999725341797,40.491668701171875,1030600,0.0,0.0,0.0
2003-07-18,87.6500015258789,87.95999908447266,87.44000244140625,87.69999694824219,40.40873718261719,550800,0.0,0.0,0.0
2003-07-21,87.5,87.5999984741211,85.6500015258789,85.83999633789062,39.55169677734375,1267600,0.0,0.0,0.0
2003-07-22,85.97000122070312,86.36000061035156,85.44000244140625,86.26000213623047,39.745243072509766,1576900,0.0,0.0,0.0
2003-07-23,86.80000305175781,87.05000305175781,86.4000015258789,86.55000305175781,39.87886047363281,1374700,0.0,0.0,0.0
2003-07-24,85.9000015258789,86.08000183105469,85.55000305175781,85.79000091552734,39.52866744995117,701100,0.0,0.0,0.0
2003-07-25,85.9800033569336,86.62000274658203,85.4000015258789,85.55999755859375,39.422698974609375,1273500,0.0,0.0,0.0
2003-07-28,85.23999786376953,85.29000091552734,84.4000015258789,84.41000366210938,38.89282989501953,1268500,0.0,0.0,0.0
2003-07-29,84.18000030517578,85.3499984741211,83.26000213623047,83.26000213623047,38.362972259521484,2139300,0.0,0.0,0.0
2003-07-30,83.73999786376953,84.72000122070312,83.56999969482422,84.19999694824219,38.79606246948242,1963400,0.0,0.0,0.0
2003-07-31,83.69000244140625,83.70999908447266,82.2300033569336,82.94999694824219,38.22011184692383,4706400,0.0,0.0,0.0
2003-08-01,82.0999984741211,82.79000091552734,81.9800033569336,82.51000213623047,38.191429138183594,3061200,0.378,0.0,0.0
2003-08-04,82.4800033569336,83.22000122070312,82.3499984741211,83.22000122070312,38.52003479003906,1858700,0.0,0.0,0.0
2003-08-05,83.20999908447266,83.29000091552734,81.80000305175781,82.02999877929688,37.96921920776367,2413000,0.0,0.0,0.0
2003-08-06,82.5,83.7699966430664,82.37000274658203,83.6500015258789,38.719078063964844,2549700,0.0,0.0,0.0
2003-08-07,83.80000305175781,84.05000305175781,83.13999938964844,84.0,38.88107681274414,1796400,0.0,0.0,0.0
2003-08-08,84.33999633789062,84.79000091552734,83.6500015258789,83.66000366210938,38.723690032958984,2399100,0.0,0.0,0.0
2003-08-11,83.55000305175781,83.56999969482422,82.91000366210938,83.23999786376953,38.529293060302734,1355000,0.0,0.0,0.0
2003-08-12,83.41999816894531,83.6500015258789,82.80000305175781,82.8499984741211,38.34880447387695,1534200,0.0,0.0,0.0
2003-08-13,82.19999694824219,82.3499984741211,81.19000244140625,81.25,37.60820007324219,2258100,0.0,0.0,0.0
2003-08-14,81.44000244140625,82.0999984741211,80.91000366210938,82.05000305175781,37.978492736816406,1612300,0.0,0.0,0.0
2003-08-15,82.19999694824219,82.5,81.9000015258789,82.0,37.955387115478516,515100,0.0,0.0,0.0
2003-08-18,82.30000305175781,82.5999984741211,82.01000213623047,82.37999725341797,38.131263732910156,655300,0.0,0.0,0.0
2003-08-19,82.55000305175781,83.6500015258789,82.5,83.6500015258789,38.719078063964844,1086500,0.0,0.0,0.0
2003-08-20,83.83000183105469,83.87000274658203,82.73999786376953,83.19999694824219,38.51079559326172,503600,0.0,0.0,0.0
2003-08-21,83.05999755859375,83.44999694824219,82.41999816894531,83.0,38.418209075927734,783600,0.0,0.0,0.0
2003-08-22,82.94999694824219,83.8499984741211,82.9000015258789,83.37000274658203,38.589515686035156,413200,0.0,0.0,0.0
2003-08-25,83.31999969482422,83.54000091552734,82.25,82.72000122070312,38.28861999511719,648200,0.0,0.0,0.0
2003-08-26,82.44999694824219,83.37000274658203,82.31999969482422,83.37000274658203,38.589515686035156,837200,0.0,0.0,0.0
2003-08-27,83.2699966430664,83.2699966430664,82.61000061035156,82.98999786376953,38.413597106933594,409100,0.0,0.0,0.0
2003-08-28,83.2300033569336,83.9800033569336,83.2300033569336,83.8499984741211,38.8116455078125,557200,0.0,0.0,0.0
2003-08-29,83.94000244140625,83.98999786376953,83.37999725341797,83.6500015258789,38.719078063964844,651100,0.0,0.0,0.0
2003-09-02,83.62999725341797,83.6500015258789,82.04000091552734,82.05999755859375,38.152801513671875,868700,0.372,0.0,0.0
2003-09-03,82.4800033569336,82.4800033569336,81.87999725341797,82.19000244140625,38.21326446533203,639900,0.0,0.0,0.0
2003-09-04,82.48999786376953,82.70999908447266,82.16000366210938,82.6500015258789,38.42711639404297,562900,0.0,0.0,0.0
2003-09-05,83.4000015258789,84.08999633789062,83.16999816894531,84.06999969482422,39.08732223510742,838000,0.0,0.0,0.0
2003-09-08,83.62999725341797,84.44999694824219,83.19999694824219,83.19999694824219,38.682830810546875,621100,0.0,0.0,0.0
2003-09-09,83.5199966430664,83.94000244140625,82.91999816894531,83.80000305175781,38.96178436279297,599900,0.0,0.0,0.0
2003-09-10,83.9000015258789,84.69999694824219,83.81999969482422,84.6500015258789,39.356956481933594,1285900,0.0,0.0,0.0
2003-09-11,84.26000213623047,84.37999725341797,83.80000305175781,84.0999984741211,39.10126495361328,859500,0.0,0.0,0.0
2003-09-12,85.0199966430664,85.37999725341797,84.44999694824219,84.68000030517578,39.370933532714844,1375300,0.0,0.0,0.0
2003-09-15,84.5,84.88999938964844,84.11000061035156,84.55000305175781,39.310482025146484,367100,0.0,0.0,0.0
2003-09-16,84.37000274658203,84.5,83.9000015258789,84.41999816894531,39.25006103515625,655200,0.0,0.0,0.0
2003-09-17,84.72000122070312,85.55999755859375,84.4800033569336,85.47000122070312,39.73823928833008,1223900,0.0,0.0,0.0
2003-09-18,85.6500015258789,85.6500015258789,84.83000183105469,85.52999877929688,39.766117095947266,615000,0.0,0.0,0.0
2003-09-19,85.6500015258789,86.02999877929688,85.48999786376953,85.62999725341797,39.81261444091797,869300,0.0,0.0,0.0
2003-09-22,85.0,85.18000030517578,84.2300033569336,84.94999694824219,39.49647521972656,1126400,0.0,0.0,0.0
2003-09-23,84.87999725341797,85.54000091552734,84.63999938964844,85.52999877929688,39.766117095947266,632100,0.0,0.0,0.0
2003-09-24,85.54000091552734,86.48999786376953,85.33999633789062,86.2699966430664,40.11020278930664,1005300,0.0,0.0,0.0
2003-09-25,86.30000305175781,86.72000122070312,86.1500015258789,86.69999694824219,40.31010437011719,846800,0.0,0.0,0.0
2003-09-26,86.94000244140625,87.48999786376953,86.81999969482422,87.4800033569336,40.672760009765625,1869700,0.0,0.0,0.0
2003-09-29,87.0199966430664,87.44999694824219,86.66000366210938,86.77999877929688,40.34730529785156,743000,0.0,0.0,0.0
2003-09-30,87.0,88.25,86.95999908447266,88.22000122070312,41.0168342590332,1623900,0.0,0.0,0.0
2003-10-01,87.5,87.93000030517578,87.3499984741211,87.5199966430664,40.8613395690918,931900,0.367,0.0,0.0
2003-10-02,86.83999633789062,87.44999694824219,86.4000015258789,87.12000274658203,40.67461013793945,1194100,0.0,0.0,0.0
2003-10-03,86.05000305175781,86.19999694824219,85.0999984741211,85.29000091552734,39.82020950317383,1451200,0.0,0.0,0.0
2003-10-06,85.12000274658203,85.79000091552734,85.08000183105469,85.66000366210938,39.992958068847656,507200,0.0,0.0,0.0
2003-10-07,85.44999694824219,85.56999969482422,84.62999725341797,84.66999816894531,39.530731201171875,594200,0.0,0.0,0.0
2003-10-08,84.44999694824219,84.9800033569336,84.3499984741211,84.6500015258789,39.521392822265625,811800,0.0,0.0,0.0
2003-10-09,83.91999816894531,84.12999725341797,83.6500015258789,84.05000305175781,39.241275787353516,1385600,0.0,0.0,0.0
2003-10-10,84.5,84.7300033569336,84.30000305175781,84.55000305175781,39.474674224853516,256600,0.0,0.0,0.0
2003-10-13,84.3499984741211,84.5,84.22000122070312,84.22000122070312,39.32063293457031,116300,0.0,0.0,0.0
2003-10-14,83.75,84.0999984741211,83.55000305175781,83.63999938964844,39.04987335205078,337100,0.0,0.0,0.0
2003-10-15,83.16000366210938,83.30000305175781,82.8499984741211,83.2300033569336,38.85843276977539,465600,0.0,0.0,0.0
2003-10-16,83.4800033569336,83.7699966430664,82.75,82.9000015258789,38.70439910888672,564900,0.0,0.0,0.0
2003-10-17,83.08000183105469,83.69000244140625,83.01000213623047,83.54000091552734,39.00318145751953,354500,0.0,0.0,0.0
2003-10-20,83.44999694824219,84.1500015258789,83.41999816894531,83.81999969482422,39.133888244628906,281600,0.0,0.0,0.0
2003-10-21,84.02999877929688,84.37999725341797,83.8499984741211,84.12999725341797,39.27861404418945,429700,0.0,0.0,0.0
2003-10-22,84.5999984741211,85.0,84.4000015258789,84.94999694824219,39.661476135253906,798000,0.0,0.0,0.0
2003-10-23,85.0,85.0,84.0199966430664,84.33000183105469,39.3719596862793,1055600,0.0,0.0,0.0
2003-10-24,85.0,85.5999984741211,84.66000366210938,85.2699966430664,39.81085968017578,1412200,0.0,0.0,0.0
2003-10-27,85.1500015258789,85.33000183105469,84.80000305175781,85.0999984741211,39.731502532958984,346900,0.0,0.0,0.0
2003-10-28,84.8499984741211,85.69000244140625,84.56999969482422,85.55000305175781,39.941585540771484,2200300,0.0,0.0,0.0
2003-10-29,85.27999877929688,85.3499984741211,84.61000061035156,84.77999877929688,39.58208465576172,926600,0.0,0.0,0.0
2003-10-30,84.0,84.55000305175781,83.80000305175781,84.4000015258789,39.40468978881836,936300,0.0,0.0,0.0
2003-10-31,84.7300033569336,85.22000122070312,83.73999786376953,85.19000244140625,39.77352523803711,887400,0.0,0.0,0.0
2003-11-03,84.55999755859375,84.58000183105469,84.04000091552734,84.44000244140625,39.585044860839844,957700,0.348,0.0,0.0
2003-11-04,84.6500015258789,84.97000122070312,84.58999633789062,84.91999816894531,39.81006622314453,246500,0.0,0.0,0.0
2003-11-05,84.81999969482422,84.81999969482422,84.26000213623047,84.33999633789062,39.53815460205078,275100,0.0,0.0,0.0
2003-11-06,83.7699966430664,83.91999816894531,83.5,83.55000305175781,39.16783905029297,861600,0.0,0.0,0.0
2003-11-07,83.12000274658203,83.58999633789062,83.05000305175781,83.5,39.1444091796875,725700,0.0,0.0,0.0
2003-11-10,83.5999984741211,83.83999633789062,83.19999694824219,83.43000030517578,39.1115608215332,553900,0.0,0.0,0.0
2003-11-11,83.44999694824219,83.5,83.36000061035156,83.44000244140625,39.11626052856445,99900,0.0,0.0,0.0
2003-11-12,83.86000061035156,84.1500015258789,83.79000091552734,84.05000305175781,39.40220642089844,321400,0.0,0.0,0.0
2003-11-13,84.5999984741211,85.37000274658203,84.54000091552734,85.3499984741211,40.011661529541016,920400,0.0,0.0,0.0
2003-11-14,85.30000305175781,85.95999908447266,85.19999694824219,85.91999816894531,40.27885055541992,484800,0.0,0.0,0.0
2003-11-17,86.13999938964844,86.58999633789062,85.94999694824219,86.05000305175781,40.33981704711914,695000,0.0,0.0,0.0
2003-11-18,85.97000122070312,86.61000061035156,85.77999877929688,86.58000183105469,40.5882453918457,632200,0.0,0.0,0.0
2003-11-19,86.41999816894531,86.62000274658203,85.55999755859375,85.62000274658203,40.13824462890625,553900,0.0,0.0,0.0
2003-11-20,86.25,86.48999786376953,85.80000305175781,86.44999694824219,40.527347564697266,373300,0.0,0.0,0.0
2003-11-21,86.58000183105469,86.93000030517578,86.5,86.5,40.55079650878906,516900,0.0,0.0,0.0
2003-11-24,86.18000030517578,86.30999755859375,85.75,85.79000091552734,40.217899322509766,573800,0.0,0.0,0.0
2003-11-25,85.94999694824219,86.5199966430664,85.94999694824219,86.26000213623047,40.43827819824219,298700,0.0,0.0,0.0
2003-11-26,86.0999984741211,86.4000015258789,85.33000183105469,85.91000366210938,40.27418518066406,613800,0.0,0.0,0.0
2003-11-28,85.3499984741211,85.4000015258789,85.12999725341797,85.12999725341797,39.908512115478516,311300,0.0,0.0,0.0
2003-12-01,84.4000015258789,84.56999969482422,83.80000305175781,84.23999786376953,39.6861457824707,1106600,0.418,0.0,0.0
2003-12-02,84.4000015258789,84.5999984741211,84.0,84.5999984741211,39.85578918457031,589100,0.0,0.0,0.0
2003-12-03,84.51000213623047,84.77999877929688,83.94999694824219,84.26000213623047,39.69558334350586,1446100,0.0,0.0,0.0
2003-12-04,84.26000213623047,84.66999816894531,84.19000244140625,84.44999694824219,39.785072326660156,561500,0.0,0.0,0.0
2003-12-05,85.30000305175781,86.2300033569336,85.12000274658203,85.80000305175781,40.421077728271484,1163800,0.0,0.0,0.0
2003-12-08,85.77999877929688,85.77999877929688,85.08999633789062,85.19999694824219,40.13842010498047,436200,0.0,0.0,0.0
2003-12-09,85.44999694824219,85.69999694824219,84.36000061035156,84.5999984741211,39.85578918457031,939200,0.0,0.0,0.0
2003-12-10,85.06999969482422,85.0999984741211,84.55000305175781,84.73999786376953,39.92171096801758,555700,0.0,0.0,0.0
2003-12-11,84.51000213623047,85.37999725341797,84.37000274658203,85.3499984741211,40.2091064453125,510500,0.0,0.0,0.0
2003-12-12,85.41999816894531,85.87999725341797,85.41999816894531,85.51000213623047,40.28446578979492,553100,0.0,0.0,0.0
2003-12-15,85.5,85.87999725341797,85.18000030517578,85.45999908447266,40.26090621948242,690000,0.0,0.0,0.0
2003-12-16,85.4000015258789,85.86000061035156,85.2699966430664,85.73999786376953,40.39282989501953,462800,0.0,0.0,0.0
2003-12-17,86.2300033569336,86.6500015258789,86.19999694824219,86.31999969482422,40.66605758666992,533100,0.0,0.0,0.0
2003-12-18,86.30000305175781,87.0999984741211,86.30000305175781,87.0999984741211,41.03355407714844,708100,0.0,0.0,0.0
2003-12-19,86.97000122070312,87.06999969482422,86.61000061035156,87.06999969482422,41.0193977355957,477600,0.0,0.0,0.0
2003-12-22,87.12000274658203,87.33999633789062,86.6500015258789,86.83000183105469,40.906349182128906,483700,0.0,0.0,0.0
2003-12-23,86.52999877929688,86.69999694824219,85.8499984741211,85.8499984741211,40.44468307495117,446600,0.0,0.0,0.0
2003-12-24,86.37000274658203,86.66000366210938,86.16999816894531,86.66000366210938,40.82622528076172,138900,0.0,0.0,0.0
2003-12-26,86.9000015258789,87.04000091552734,86.9000015258789,86.9800033569336,40.97698974609375,80500,0.0,0.0,0.0
2003-12-29,86.69999694824219,86.7699966430664,86.16999816894531,86.19999694824219,40.60953140258789,187800,0.0,0.0,0.0
2003-12-30,85.80000305175781,86.13999938964844,85.5999984741211,85.8499984741211,40.44468307495117,393900,0.0,0.0,0.0
2003-12-31,85.37000274658203,85.56999969482422,85.30000305175781,85.44999694824219,40.444644927978516,171400,0.4,0.0,0.0
2004-01-02,85.08999633789062,85.08999633789062,84.08000183105469,84.44000244140625,39.96659469604492,867100,0.0,0.0,0.0
2004-01-05,84.01000213623047,84.37999725341797,83.9000015258789,84.22000122070312,39.862483978271484,626400,0.0,0.0,0.0
2004-01-06,84.54000091552734,85.38999938964844,84.5,85.1500015258789,40.30269241333008,690500,0.0,0.0,0.0
2004-01-07,85.0999984741211,85.69999694824219,84.88999938964844,85.48999786376953,40.46356201171875,252000,0.0,0.0,0.0
2004-01-08,85.30000305175781,85.63999938964844,85.18000030517578,85.45999908447266,40.44934844970703,513300,0.0,0.0,0.0
2004-01-09,86.87999725341797,87.06999969482422,86.01000213623047,86.94999694824219,41.15459442138672,1623000,0.0,0.0,0.0
2004-01-12,86.5999984741211,87.37999725341797,86.5999984741211,86.87999725341797,41.121490478515625,863200,0.0,0.0,0.0
2004-01-13,86.68000030517578,87.47000122070312,86.55999755859375,87.47000122070312,41.40073013305664,465700,0.0,0.0,0.0
2004-01-14,87.48999786376953,87.91999816894531,87.1500015258789,87.9000015258789,41.604251861572266,1180300,0.0,0.0,0.0
2004-01-15,87.94999694824219,88.30999755859375,87.5999984741211,88.2300033569336,41.760440826416016,1537200,0.0,0.0,0.0
2004-01-16,88.68000030517578,88.80000305175781,87.61000061035156,87.61000061035156,41.467002868652344,751800,0.0,0.0,0.0
2004-01-20,87.5,87.93000030517578,87.5,87.58999633789062,41.45754623413086,629600,0.0,0.0,0.0
2004-01-21,87.75,87.80999755859375,87.44000244140625,87.80000305175781,41.55693435668945,570500,0.0,0.0,0.0
2004-01-22,87.94999694824219,88.4800033569336,87.70999908447266,88.44000244140625,41.85986328125,443600,0.0,0.0,0.0
2004-01-23,88.55999755859375,88.9000015258789,87.26000213623047,87.37999725341797,41.35813903808594,1021300,0.0,0.0,0.0
2004-01-26,87.30000305175781,87.36000061035156,86.66999816894531,86.8499984741211,41.1072883605957,639500,0.0,0.0,0.0
2004-01-27,86.7300033569336,87.4000015258789,86.7300033569336,87.38999938964844,41.36286163330078,576100,0.0,0.0,0.0
2004-01-28,87.25,87.8499984741211,85.86000061035156,86.62000274658203,40.99842834472656,1823800,0.0,0.0,0.0
2004-01-29,86.22000122070312,86.58000183105469,86.0199966430664,86.44000244140625,40.91322326660156,814500,0.0,0.0,0.0
2004-01-30,86.9000015258789,87.22000122070312,86.5999984741211,87.04000091552734,41.19722366333008,526200,0.0,0.0,0.0
2004-02-02,86.44999694824219,86.87999725341797,86.37999725341797,86.5,41.11072540283203,335600,0.358,0.0,0.0
2004-02-03,86.91999816894531,86.98999786376953,86.5999984741211,86.94000244140625,41.3198356628418,350900,0.0,0.0,0.0
2004-02-04,86.79000091552734,86.86000061035156,86.4800033569336,86.7699966430664,41.239009857177734,645700,0.0,0.0,0.0
2004-02-05,86.83999633789062,87.08000183105469,86.23999786376953,86.43000030517578,41.077476501464844,971400,0.0,0.0,0.0
2004-02-06,87.13999938964844,87.44999694824219,87.02999877929688,87.37999725341797,41.52894592285156,798200,0.0,0.0,0.0
2004-02-09,87.55999755859375,87.63999938964844,87.38999938964844,87.63999938964844,41.65252685546875,272400,0.0,0.0,0.0
2004-02-10,87.4800033569336,87.55000305175781,87.04000091552734,87.1500015258789,41.41966247558594,203200,0.0,0.0,0.0
2004-02-11,87.0199966430664,88.19999694824219,86.91000366210938,87.80000305175781,41.72856903076172,1335100,0.0,0.0,0.0
2004-02-12,87.8499984741211,88.0,87.26000213623047,87.43000030517578,41.55271530151367,256700,0.0,0.0,0.0
2004-02-13,87.80000305175781,88.0999984741211,87.56999969482422,87.80000305175781,41.72856903076172,513600,0.0,0.0,0.0
2004-02-17,87.86000061035156,87.88999938964844,87.52999877929688,87.73999786376953,41.70005798339844,644100,0.0,0.0,0.0
2004-02-18,88.0999984741211,88.18000030517578,87.69000244140625,87.86000061035156,41.757076263427734,990900,0.0,0.0,0.0
2004-02-19,87.52999877929688,87.94999694824219,87.47000122070312,87.94999694824219,41.799861907958984,668900,0.0,0.0,0.0
2004-02-20,87.75,87.83000183105469,87.19999694824219,87.33999633789062,41.50996780395508,1009800,0.0,0.0,0.0
2004-02-23,87.38999938964844,87.87999725341797,87.31999969482422,87.87999725341797,41.76659393310547,504000,0.0,0.0,0.0
2004-02-24,88.05000305175781,88.38999938964844,87.86000061035156,88.04000091552734,41.84263610839844,940900,0.0,0.0,0.0
2004-02-25,88.22000122070312,88.36000061035156,88.02999877929688,88.18000030517578,41.909175872802734,572300,0.0,0.0,0.0
2004-02-26,87.8499984741211,87.95999908447266,87.54000091552734,87.9000015258789,41.776084899902344,399100,0.0,0.0,0.0
2004-02-27,88.22000122070312,88.77999877929688,87.95999908447266,88.66000366210938,42.13731002807617,836000,0.0,0.0,0.0
2004-03-01,88.45999908447266,88.63999938964844,88.04000091552734,88.2699966430664,42.121097564697266,771900,0.356,0.0,0.0
2004-03-02,88.12000274658203,88.19999694824219,87.4000015258789,87.70999908447266,41.85385513305664,676000,0.0,0.0,0.0
2004-03-03,87.38999938964844,87.63999938964844,87.11000061035156,87.55000305175781,41.77750778198242,718000,0.0,0.0,0.0
2004-03-04,87.4000015258789,87.94999694824219,87.33999633789062,87.94000244140625,41.963619232177734,421600,0.0,0.0,0.0
2004-03-05,89.7699966430664,90.0,89.5199966430664,89.63999938964844,42.774803161621094,2789800,0.0,0.0,0.0
2004-03-08,90.05999755859375,90.31999969482422,90.0,90.16999816894531,43.02772521972656,1309400,0.0,0.0,0.0
2004-03-09,90.25,90.8499984741211,90.19000244140625,90.7699966430664,43.314048767089844,829000,0.0,0.0,0.0
2004-03-10,90.5199966430664,90.93000030517578,90.4800033569336,90.70999908447266,43.2854118347168,878900,0.0,0.0,0.0
2004-03-11,91.05000305175781,91.05000305175781,90.1500015258789,90.83999633789062,43.347450256347656,1337100,0.0,0.0,0.0
2004-03-12,90.61000061035156,90.80999755859375,90.22000122070312,90.27999877929688,43.080196380615234,442100,0.0,0.0,0.0
2004-03-15,90.41999816894531,90.63999938964844,90.2300033569336,90.43000030517578,43.15177917480469,756200,0.0,0.0,0.0
2004-03-16,90.29000091552734,91.18000030517578,90.05000305175781,91.18000030517578,43.50970458984375,1374200,0.0,0.0,0.0
2004-03-17,91.47000122070312,91.4800033569336,90.9000015258789,91.02999877929688,43.43813705444336,1936500,0.0,0.0,0.0
2004-03-18,90.70999908447266,91.05999755859375,90.4000015258789,90.55000305175781,43.20904541015625,1842100,0.0,0.0,0.0
2004-03-19,90.47000122070312,90.5999984741211,90.20999908447266,90.43000030517578,43.15177917480469,366700,0.0,0.0,0.0
2004-03-22,90.58999633789062,90.9800033569336,90.58999633789062,90.9800033569336,43.414222717285156,947200,0.0,0.0,0.0
2004-03-23,90.88999938964844,91.13999938964844,90.75,91.13999938964844,43.49057388305664,562200,0.0,0.0,0.0
2004-03-24,91.16000366210938,91.2300033569336,90.91999816894531,91.08999633789062,43.46675109863281,327400,0.0,0.0,0.0
2004-03-25,90.72000122070312,90.94000244140625,90.6500015258789,90.73999786376953,43.29972839355469,514000,0.0,0.0,0.0
2004-03-26,90.4800033569336,90.5999984741211,89.5999984741211,89.77999877929688,42.841636657714844,1378600,0.0,0.0,0.0
2004-03-29,89.05000305175781,89.2300033569336,88.9000015258789,89.18000030517578,42.55531311035156,2454000,0.0,0.0,0.0
2004-03-30,89.30000305175781,89.43000030517578,89.06999969482422,89.12000274658203,42.52670669555664,1021000,0.0,0.0,0.0
2004-03-31,89.25,89.62999725341797,89.20999908447266,89.55000305175781,42.731876373291016,1647300,0.0,0.0,0.0
2004-04-01,88.9800033569336,89.05999755859375,88.55000305175781,88.91000366210938,42.591983795166016,1309200,0.348,0.0,0.0
2004-04-02,87.12999725341797,87.12999725341797,86.41000366210938,86.70999908447266,41.53810119628906,2603700,0.0,0.0,0.0
2004-04-05,86.31999969482422,86.38999938964844,85.91000366210938,86.02999877929688,41.21232604980469,1422700,0.0,0.0,0.0
2004-04-06,86.4000015258789,86.5,86.19999694824219,86.5,41.4374885559082,1695400,0.0,0.0,0.0
2004-04-07,86.30000305175781,86.80000305175781,86.25,86.30000305175781,41.3416862487793,659600,0.0,0.0,0.0
2004-04-08,86.16999816894531,86.41999816894531,85.9800033569336,86.05000305175781,41.22193908691406,893700,0.0,0.0,0.0
2004-04-12,85.80999755859375,85.87000274658203,85.5999984741211,85.73999786376953,41.07339859008789,311700,0.0,0.0,0.0
2004-04-13,84.93000030517578,85.11000061035156,84.7699966430664,84.80999755859375,40.62788772583008,1449500,0.0,0.0,0.0
2004-04-14,83.9800033569336,84.76000213623047,83.9800033569336,84.73999786376953,40.594364166259766,2529200,0.0,0.0,0.0
2004-04-15,84.66999816894531,84.80000305175781,84.18000030517578,84.23999786376953,40.35482406616211,1184800,0.0,0.0,0.0
2004-04-16,84.68000030517578,84.87000274658203,84.41000366210938,84.55999755859375,40.50812911987305,986900,0.0,0.0,0.0
2004-04-19,84.8499984741211,84.91000366210938,84.30000305175781,84.37999725341797,40.42192077636719,682100,0.0,0.0,0.0
2004-04-20,84.2699966430664,84.43000030517578,83.61000061035156,83.61000061035156,40.053016662597656,1618700,0.0,0.0,0.0
2004-04-21,83.72000122070312,84.31999969482422,83.72000122070312,84.0199966430664,40.24943923950195,763600,0.0,0.0,0.0
2004-04-22,84.25,84.58999633789062,84.13999938964844,84.5199966430664,40.48897933959961,1024300,0.0,0.0,0.0
2004-04-23,84.11000061035156,84.33999633789062,83.75,84.04000091552734,40.25904083251953,963200,0.0,0.0,0.0
2004-04-26,84.08999633789062,84.29000091552734,84.05999755859375,84.18000030517578,40.32611846923828,515800,0.0,0.0,0.0
2004-04-27,84.4000015258789,84.55000305175781,84.08000183105469,84.5,40.47941207885742,1033400,0.0,0.0,0.0
2004-04-28,84.30000305175781,84.43000030517578,83.61000061035156,83.70999908447266,40.10097885131836,1215700,0.0,0.0,0.0
2004-04-29,83.75,84.18000030517578,83.01000213623047,83.30000305175781,39.9045295715332,2504900,0.0,0.0,0.0
2004-04-30,83.43000030517578,83.80000305175781,83.2699966430664,83.63999938964844,40.067405700683594,831500,0.0,0.0,0.0
2004-05-03,83.0999984741211,83.56999969482422,83.0999984741211,83.41999816894531,40.1179313659668,668800,0.325,0.0,0.0
2004-05-04,83.62999725341797,83.9000015258789,82.69000244140625,82.8499984741211,39.84376525878906,3950900,0.0,0.0,0.0
2004-05-05,83.26000213623047,83.26000213623047,82.5,82.62000274658203,39.7331657409668,2236600,0.0,0.0,0.0
2004-05-06,82.55999755859375,82.6500015258789,82.37000274658203,82.4000015258789,39.627349853515625,3163200,0.0,0.0,0.0
2004-05-07,81.44999694824219,81.5,81.0999984741211,81.31999969482422,39.108009338378906,1756400,0.0,0.0,0.0
2004-05-10,81.4800033569336,81.61000061035156,81.11000061035156,81.12999725341797,39.0166015625,958700,0.0,0.0,0.0
2004-05-11,81.11000061035156,81.5199966430664,81.11000061035156,81.5,39.194541931152344,766000,0.0,0.0,0.0
2004-05-12,81.4000015258789,81.44000244140625,80.94000244140625,80.95999908447266,38.934844970703125,1945700,0.0,0.0,0.0
2004-05-13,80.88999938964844,80.91999816894531,80.51000213623047,80.6500015258789,38.785789489746094,1187000,0.0,0.0,0.0
2004-05-14,81.04000091552734,81.38999938964844,80.7300033569336,81.30999755859375,39.10319137573242,4086400,0.0,0.0,0.0
2004-05-17,81.87000274658203,82.06999969482422,81.68000030517578,82.02999877929688,39.44944763183594,1735600,0.0,0.0,0.0
2004-05-18,81.69999694824219,81.91000366210938,81.56999969482422,81.70999908447266,39.2955436706543,674200,0.0,0.0,0.0
2004-05-19,81.4000015258789,81.44999694824219,81.1500015258789,81.44000244140625,39.16571044921875,319200,0.0,0.0,0.0
2004-05-20,81.73999786376953,82.0999984741211,81.62000274658203,82.06999969482422,39.468666076660156,1745900,0.0,0.0,0.0
2004-05-21,82.37000274658203,82.37999725341797,81.58999633789062,81.73999786376953,39.30997848510742,1461900,0.0,0.0,0.0
2004-05-24,81.93000030517578,82.08000183105469,81.68000030517578,82.0,39.43503189086914,314800,0.0,0.0,0.0
2004-05-25,82.02999877929688,82.31999969482422,82.01000213623047,82.23999786376953,39.55044174194336,645300,0.0,0.0,0.0
2004-05-26,82.4000015258789,82.7300033569336,82.31999969482422,82.68000030517578,39.76203536987305,505500,0.0,0.0,0.0
2004-05-27,83.02999877929688,83.4000015258789,82.83000183105469,83.33000183105469,40.074642181396484,1122800,0.0,0.0,0.0
2004-05-28,83.0199966430664,83.5,82.75,83.0999984741211,39.96403121948242,612700,0.0,0.0,0.0
2004-06-01,82.37000274658203,82.4000015258789,81.69999694824219,82.0199966430664,39.59805679321289,662000,0.322,0.0,0.0
2004-06-02,82.0199966430664,82.12999725341797,81.76000213623047,81.80999755859375,39.496646881103516,906600,0.0,0.0,0.0
2004-06-03,81.80000305175781,82.05000305175781,81.58999633789062,81.9800033569336,39.57876205444336,1173600,0.0,0.0,0.0
2004-06-04,82.04000091552734,82.12999725341797,81.44000244140625,81.5,39.34701156616211,568200,0.0,0.0,0.0
2004-06-07,81.41999816894531,81.58999633789062,81.22000122070312,81.5199966430664,39.35664367675781,377200,0.0,0.0,0.0
2004-06-08,81.19999694824219,81.68000030517578,81.08000183105469,81.66999816894531,39.429100036621094,1294200,0.0,0.0,0.0
2004-06-09,81.44999694824219,81.5199966430664,81.0,81.31999969482422,39.26011657714844,589400,0.0,0.0,0.0
2004-06-10,81.36000061035156,81.5999984741211,81.1500015258789,81.4800033569336,39.337371826171875,336200,0.0,0.0,0.0
2004-06-14,81.19999694824219,81.26000213623047,80.76000213623047,80.83000183105469,39.023555755615234,892200,0.0,0.0,0.0
2004-06-15,81.80999755859375,82.62000274658203,81.80999755859375,82.54000091552734,39.84912109375,1567400,0.0,0.0,0.0
2004-06-16,82.05000305175781,82.33999633789062,81.98999786376953,82.22000122070312,39.69461441040039,494700,0.0,0.0,0.0
2004-06-17,82.08999633789062,82.7699966430664,81.97000122070312,82.76000213623047,39.955284118652344,552800,0.0,0.0,0.0
2004-06-18,82.76000213623047,82.8499984741211,82.37000274658203,82.58000183105469,39.86841583251953,394500,0.0,0.0,0.0
2004-06-21,82.62999725341797,82.75,82.48999786376953,82.63999938964844,39.89738464355469,731900,0.0,0.0,0.0
2004-06-22,82.43000030517578,82.58999633789062,82.36000061035156,82.38999938964844,39.776695251464844,362700,0.0,0.0,0.0
2004-06-23,82.29000091552734,82.68000030517578,82.18000030517578,82.55000305175781,39.85396957397461,302900,0.0,0.0,0.0
2004-06-24,83.26000213623047,83.33999633789062,82.9000015258789,83.05000305175781,40.095340728759766,1087900,0.0,0.0,0.0
2004-06-25,82.91999816894531,83.1500015258789,82.87000274658203,83.12999725341797,40.13397216796875,253200,0.0,0.0,0.0
2004-06-28,82.77999877929688,82.87000274658203,82.18000030517578,82.27999877929688,39.72359085083008,573100,0.0,0.0,0.0
2004-06-29,82.4000015258789,82.83999633789062,82.16999816894531,82.80000305175781,39.974674224853516,401500,0.0,0.0,0.0
2004-06-30,83.02999877929688,83.75,82.91000366210938,83.6500015258789,40.38501739501953,1730800,0.0,0.0,0.0
2004-07-01,83.3499984741211,83.55999755859375,82.93000030517578,83.47000122070312,40.46063995361328,1099300,0.336,0.0,0.0
2004-07-02,84.66000366210938,84.69000244140625,84.26000213623047,84.3499984741211,40.88717269897461,1293300,0.0,0.0,0.0
2004-07-06,84.56999969482422,84.58999633789062,84.13999938964844,84.20999908447266,40.819339752197266,351600,0.0,0.0,0.0
2004-07-07,84.19999694824219,84.41999816894531,84.12999725341797,84.23999786376953,40.8338508605957,303500,0.0,0.0,0.0
2004-07-08,84.30000305175781,84.54000091552734,84.2300033569336,84.29000091552734,40.858116149902344,715200,0.0,0.0,0.0
2004-07-09,84.25,84.41999816894531,84.08999633789062,84.37999725341797,40.90172576904297,2152900,0.0,0.0,0.0
2004-07-12,84.61000061035156,84.66000366210938,84.44000244140625,84.5,40.95991134643555,1297800,0.0,0.0,0.0
2004-07-13,84.19999694824219,84.2699966430664,83.94999694824219,84.25,40.83871841430664,307100,0.0,0.0,0.0
2004-07-14,84.31999969482422,84.37000274658203,84.1500015258789,84.27999877929688,40.85325622558594,241400,0.0,0.0,0.0
2004-07-15,84.29000091552734,84.37999725341797,84.16999816894531,84.37000274658203,40.896854400634766,562700,0.0,0.0,0.0
2004-07-16,84.8499984741211,85.5,84.8499984741211,85.48999786376953,41.439796447753906,2970600,0.0,0.0,0.0
2004-07-19,85.41000366210938,85.56999969482422,85.36000061035156,85.55000305175781,41.46885299682617,978300,0.0,0.0,0.0
2004-07-20,85.30999755859375,85.37999725341797,84.5999984741211,84.77999877929688,41.095611572265625,1091500,0.0,0.0,0.0
2004-07-21,84.41000366210938,84.55999755859375,84.19000244140625,84.55000305175781,40.984134674072266,662800,0.0,0.0,0.0
2004-07-22,84.58000183105469,84.8499984741211,84.58000183105469,84.66999816894531,41.04228210449219,154700,0.0,0.0,0.0
2004-07-23,84.77999877929688,84.97000122070312,84.77999877929688,84.94999694824219,41.17803955078125,209200,0.0,0.0,0.0
2004-07-26,84.83999633789062,84.83999633789062,84.45999908447266,84.55000305175781,40.984134674072266,712000,0.0,0.0,0.0
2004-07-27,84.4000015258789,84.47000122070312,83.41000366210938,83.41000366210938,40.43152618408203,961200,0.0,0.0,0.0
2004-07-28,83.22000122070312,83.52999877929688,83.04000091552734,83.41999816894531,40.4363899230957,495200,0.0,0.0,0.0
2004-07-29,83.2699966430664,83.6500015258789,83.2699966430664,83.61000061035156,40.528499603271484,519600,0.0,0.0,0.0
2004-07-30,84.06999969482422,84.62999725341797,84.0,84.58999633789062,41.003517150878906,578400,0.0,0.0,0.0
2004-08-02,84.5,84.61000061035156,84.31999969482422,84.37000274658203,41.05707931518555,714800,0.33,0.0,0.0
2004-08-03,84.48999786376953,84.83000183105469,84.4000015258789,84.70999908447266,41.222511291503906,509500,0.0,0.0,0.0
2004-08-04,84.68000030517578,85.12000274658203,84.5,84.75,41.24195861816406,481300,0.0,0.0,0.0
2004-08-05,84.87999725341797,85.08999633789062,84.86000061035156,84.98999786376953,41.358768463134766,623100,0.0,0.0,0.0
2004-08-06,86.41000366210938,86.86000061035156,86.12000274658203,86.41999816894531,42.05462646484375,1240900,0.0,0.0,0.0
2004-08-09,86.1500015258789,86.33999633789062,86.06999969482422,86.12000274658203,41.90864562988281,322100,0.0,0.0,0.0
2004-08-10,86.26000213623047,86.44000244140625,85.80999755859375,85.80999755859375,41.757808685302734,860100,0.0,0.0,0.0
2004-08-11,85.81999969482422,86.2699966430664,85.7300033569336,86.18000030517578,41.9378776550293,898400,0.0,0.0,0.0
2004-08-12,86.0,86.36000061035156,85.88999938964844,86.36000061035156,42.025447845458984,697500,0.0,0.0,0.0
2004-08-13,86.66999816894531,86.9000015258789,86.5199966430664,86.63999938964844,42.16169357299805,637500,0.0,0.0,0.0
2004-08-16,86.47000122070312,86.52999877929688,86.0199966430664,86.33999633789062,42.015716552734375,729400,0.0,0.0,0.0
2004-08-17,86.4000015258789,86.8499984741211,86.36000061035156,86.83000183105469,42.254180908203125,182000,0.0,0.0,0.0
2004-08-18,87.02999877929688,87.05999755859375,86.4000015258789,86.41000366210938,42.04975891113281,365300,0.0,0.0,0.0
2004-08-19,86.5,86.75,86.33999633789062,86.62000274658203,42.15196228027344,372900,0.0,0.0,0.0
2004-08-20,86.58000183105469,86.75,86.4000015258789,86.54000091552734,42.11305236816406,875400,0.0,0.0,0.0
2004-08-23,86.11000061035156,86.16999816894531,85.97000122070312,86.04000091552734,41.86973571777344,1007200,0.0,0.0,0.0
2004-08-24,85.94999694824219,86.13999938964844,85.7699966430664,86.08999633789062,41.894065856933594,1044200,0.0,0.0,0.0
2004-08-25,86.31999969482422,86.63999938964844,86.25,86.38999938964844,42.040042877197266,588200,0.0,0.0,0.0
2004-08-26,86.55999755859375,86.87999725341797,86.44000244140625,86.87999725341797,42.27853012084961,478000,0.0,0.0,0.0
2004-08-27,86.83000183105469,87.02999877929688,86.63999938964844,86.81999969482422,42.24932861328125,304400,0.0,0.0,0.0
2004-08-30,87.0,87.2300033569336,86.91999816894531,87.2300033569336,42.44883346557617,259100,0.0,0.0,0.0
2004-08-31,87.30000305175781,88.0,87.23999786376953,87.7699966430664,42.711578369140625,1721100,0.0,0.0,0.0
2004-09-01,87.69999694824219,87.69999694824219,87.1500015258789,87.51000213623047,42.75556564331055,1388900,0.35,0.0,0.0
2004-09-02,87.37000274658203,87.37000274658203,86.6500015258789,86.6500015258789,42.33539962768555,867000,0.0,0.0,0.0
2004-09-03,86.47000122070312,86.66000366210938,86.0,86.66000366210938,42.340274810791016,958100,0.0,0.0,0.0
2004-09-07,86.23999786376953,86.58000183105469,86.19000244140625,86.56999969482422,42.29631423950195,475500,0.0,0.0,0.0
2004-09-08,86.26000213623047,87.31999969482422,86.18000030517578,87.30000305175781,42.65298843383789,584800,0.0,0.0,0.0
2004-09-09,87.22000122070312,87.58000183105469,86.86000061035156,86.97000122070312,42.491737365722656,284800,0.0,0.0,0.0
2004-09-10,87.37999725341797,87.52999877929688,87.05999755859375,87.0999984741211,42.55524826049805,711700,0.0,0.0,0.0
2004-09-13,87.19999694824219,87.52999877929688,87.12000274658203,87.4800033569336,42.74091720581055,152900,0.0,0.0,0.0
2004-09-14,87.36000061035156,87.68000030517578,87.18000030517578,87.56999969482422,42.78487014770508,695700,0.0,0.0,0.0
2004-09-15,87.5,87.5,87.18000030517578,87.37000274658203,42.687164306640625,642500,0.0,0.0,0.0
2004-09-16,87.55999755859375,88.4800033569336,87.5,88.36000061035156,43.17082977294922,1103400,0.0,0.0,0.0
2004-09-17,88.12999725341797,88.38999938964844,87.88999938964844,87.91999816894531,42.95589065551758,765400,0.0,0.0,0.0
2004-09-20,88.26000213623047,88.56999969482422,88.19000244140625,88.5,43.239253997802734,727200,0.0,0.0,0.0
2004-09-21,88.36000061035156,88.91999816894531,88.0999984741211,88.76000213623047,43.36628341674805,1018500,0.0,0.0,0.0
2004-09-22,88.80000305175781,89.80999755859375,88.6500015258789,89.68000030517578,43.81580352783203,2541200,0.0,0.0,0.0
2004-09-23,89.66999816894531,89.87999725341797,89.31999969482422,89.31999969482422,43.639896392822266,2391000,0.0,0.0,0.0
2004-09-24,89.3499984741211,89.48999786376953,89.0999984741211,89.43000030517578,43.69364547729492,1984300,0.0,0.0,0.0
2004-09-27,89.5999984741211,89.88999938964844,89.56999969482422,89.81999969482422,43.884212493896484,1420800,0.0,0.0,0.0
2004-09-28,89.68000030517578,89.94999694824219,89.22000122070312,89.45999908447266,43.70827102661133,1161100,0.0,0.0,0.0
2004-09-29,88.69999694824219,88.87000274658203,88.55999755859375,88.58999633789062,43.28324890136719,1970700,0.0,0.0,0.0
2004-09-30,88.13999938964844,88.37000274658203,87.95999908447266,88.25,43.11711502075195,1945700,0.0,0.0,0.0
2004-10-01,87.5,87.62999725341797,87.29000091552734,87.44999694824219,42.90174102783203,1999300,0.361,0.0,0.0
2004-10-04,87.0,87.5999984741211,87.0,87.58000183105469,42.96553421020508,1106200,0.0,0.0,0.0
2004-10-05,87.52999877929688,87.69999694824219,87.41999816894531,87.58000183105469,42.96553421020508,501700,0.0,0.0,0.0
2004-10-06,87.44999694824219,87.47000122070312,87.0199966430664,87.18000030517578,42.7692985534668,531300,0.0,0.0,0.0
2004-10-07,87.0,87.18000030517578,86.73999786376953,86.80000305175781,42.5828742980957,2128600,0.0,0.0,0.0
2004-10-08,87.97000122070312,88.20999908447266,87.75,87.94999694824219,43.147029876708984,1534500,0.0,0.0,0.0
2004-10-11,87.94999694824219,88.0999984741211,87.7300033569336,88.04000091552734,43.19121170043945,60800,0.0,0.0,0.0
2004-10-12,88.33999633789062,88.38999938964844,88.16000366210938,88.23999786376953,43.28931427001953,757900,0.0,0.0,0.0
2004-10-13,88.0,88.55999755859375,87.94999694824219,88.55999755859375,43.44630432128906,648000,0.0,0.0,0.0
2004-10-14,88.5,89.01000213623047,88.41000366210938,88.9800033569336,43.65236282348633,717100,0.0,0.0,0.0
2004-10-15,88.80999755859375,88.98999786376953,88.18000030517578,88.66999816894531,43.50026321411133,746400,0.0,0.0,0.0
2004-10-18,88.6500015258789,88.79000091552734,88.37000274658203,88.70999908447266,43.519893646240234,613600,0.0,0.0,0.0
2004-10-19,88.33000183105469,88.98999786376953,88.2699966430664,88.94000244140625,43.63270950317383,505400,0.0,0.0,0.0
2004-10-20,89.26000213623047,89.61000061035156,89.19999694824219,89.55000305175781,43.93199920654297,1127100,0.0,0.0,0.0
2004-10-21,89.44000244140625,89.9000015258789,89.44000244140625,89.61000061035156,43.96141815185547,1649200,0.0,0.0,0.0
2004-10-22,89.5,89.81999969482422,89.37000274658203,89.81999969482422,44.064456939697266,491500,0.0,0.0,0.0
2004-10-25,90.06999969482422,90.08999633789062,89.80000305175781,89.88999938964844,44.0987434387207,246800,0.0,0.0,0.0
2004-10-26,89.94999694824219,90.01000213623047,89.62000274658203,89.62000274658203,43.96630096435547,503700,0.0,0.0,0.0
2004-10-27,89.87000274658203,90.05000305175781,88.72000122070312,88.73999786376953,43.534603118896484,2351800,0.0,0.0,0.0
2004-10-28,88.73999786376953,89.16000366210938,88.5199966430664,89.02999877929688,43.676902770996094,839200,0.0,0.0,0.0
2004-10-29,89.11000061035156,89.48999786376953,88.91999816894531,89.44000244140625,43.87801742553711,1169300,0.0,0.0,0.0
2004-11-01,88.75,89.0,88.4000015258789,88.5199966430664,43.60515213012695,923500,0.366,0.0,0.0
2004-11-02,88.4800033569336,88.7300033569336,88.30999755859375,88.6500015258789,43.669158935546875,709300,0.0,0.0,0.0
2004-11-03,88.02999877929688,88.75,88.0,88.69000244140625,43.68887710571289,1066600,0.0,0.0,0.0
2004-11-04,88.86000061035156,89.0999984741211,88.75,88.77999877929688,43.73320388793945,2285100,0.0,0.0,0.0
2004-11-05,87.73999786376953,87.93000030517578,87.5199966430664,87.80999755859375,43.25539779663086,1838000,0.0,0.0,0.0
2004-11-08,87.5,87.5999984741211,87.4000015258789,87.5,43.10267639160156,454100,0.0,0.0,0.0
2004-11-09,87.4000015258789,87.7300033569336,87.4000015258789,87.44999694824219,43.0780029296875,373000,0.0,0.0,0.0
2004-11-10,87.30999755859375,87.47000122070312,86.91000366210938,87.12000274658203,42.91546630859375,1303400,0.0,0.0,0.0
2004-11-11,87.44999694824219,87.44999694824219,86.93000030517578,86.93000030517578,42.82186508178711,309700,0.0,0.0,0.0
2004-11-12,87.33999633789062,88.11000061035156,87.33000183105469,87.87000274658203,43.28492736816406,1125900,0.0,0.0,0.0
2004-11-15,87.94999694824219,88.0,87.73999786376953,87.94999694824219,43.324317932128906,763200,0.0,0.0,0.0
2004-11-16,87.80999755859375,87.94999694824219,87.69999694824219,87.94999694824219,43.324317932128906,520900,0.0,0.0,0.0
2004-11-17,87.88999938964844,88.76000213623047,87.88999938964844,88.69999694824219,43.693809509277344,1249400,0.0,0.0,0.0
2004-11-18,88.55000305175781,89.05999755859375,88.41000366210938,88.97000122070312,43.826751708984375,891500,0.0,0.0,0.0
2004-11-19,88.9000015258789,89.02999877929688,88.08999633789062,88.26000213623047,43.477073669433594,1244500,0.0,0.0,0.0
2004-11-22,88.3499984741211,88.87000274658203,88.30000305175781,88.72000122070312,43.703636169433594,511500,0.0,0.0,0.0
2004-11-23,88.5,89.19999694824219,88.4800033569336,88.83000183105469,43.75784683227539,746300,0.0,0.0,0.0
2004-11-24,88.91000366210938,88.91000366210938,88.7300033569336,88.83000183105469,43.75784683227539,309700,0.0,0.0,0.0
2004-11-26,88.29000091552734,88.33999633789062,88.2300033569336,88.25,43.47209167480469,697100,0.0,0.0,0.0
2004-11-29,87.47000122070312,87.5999984741211,87.16999816894531,87.30999755859375,43.00907516479492,1546400,0.0,0.0,0.0
2004-11-30,86.94000244140625,87.16000366210938,86.62999725341797,86.94000244140625,42.82681655883789,1754500,0.0,0.0,0.0
2004-12-01,86.69999694824219,86.75,86.18000030517578,86.44999694824219,42.76004409790039,2489800,0.355,0.0,0.0
2004-12-02,86.16999816894531,86.30000305175781,86.01000213623047,86.0999984741211,42.58692169189453,2881500,0.0,0.0,0.0
2004-12-03,87.1500015258789,87.66000366210938,86.93000030517578,87.44000244140625,43.249698638916016,2233700,0.0,0.0,0.0
2004-12-06,87.48999786376953,87.8499984741211,87.44999694824219,87.73999786376953,43.398101806640625,1314100,0.0,0.0,0.0
2004-12-07,87.73999786376953,87.88999938964844,87.5,87.8499984741211,43.45250701904297,784300,0.0,0.0,0.0
2004-12-08,88.41000366210938,89.22000122070312,88.36000061035156,89.22000122070312,44.130123138427734,2639700,0.0,0.0,0.0
2004-12-09,88.98999786376953,89.2699966430664,88.56999969482422,88.62999725341797,43.83831787109375,1428900,0.0,0.0,0.0
2004-12-10,88.94999694824219,89.05000305175781,88.66999816894531,88.8499984741211,43.94711685180664,1445000,0.0,0.0,0.0
2004-12-13,88.81999969482422,89.29000091552734,88.80000305175781,89.04000091552734,44.041099548339844,677400,0.0,0.0,0.0
2004-12-14,88.73999786376953,89.44000244140625,88.69999694824219,89.38999938964844,44.214210510253906,1568200,0.0,0.0,0.0
2004-12-15,89.94999694824219,90.25,89.83999633789062,90.19999694824219,44.61485290527344,2511500,0.0,0.0,0.0
2004-12-16,89.88999938964844,89.88999938964844,88.8499984741211,88.87000274658203,43.9570198059082,1998200,0.0,0.0,0.0
2004-12-17,88.4800033569336,88.87999725341797,88.43000030517578,88.75,43.89765930175781,1319800,0.0,0.0,0.0
2004-12-20,88.87000274658203,89.0999984741211,88.81999969482422,88.91000366210938,43.976810455322266,230500,0.0,0.0,0.0
2004-12-21,89.05999755859375,89.23999786376953,88.9000015258789,89.18000030517578,44.110374450683594,245200,0.0,0.0,0.0
2004-12-22,89.20999908447266,89.20999908447266,88.69999694824219,88.87999725341797,43.961936950683594,511600,0.0,0.0,0.0
2004-12-23,88.73999786376953,88.79000091552734,88.56999969482422,88.58999633789062,43.81852722167969,738600,0.0,0.0,0.0
2004-12-27,88.33000183105469,88.37000274658203,87.69999694824219,87.9000015258789,43.477230072021484,1322600,0.0,0.0,0.0
2004-12-28,87.86000061035156,87.91000366210938,87.4000015258789,87.83000183105469,43.442604064941406,1253500,0.0,0.0,0.0
2004-12-29,87.87000274658203,88.0,87.56999969482422,87.73999786376953,43.398101806640625,567500,0.0,0.0,0.0
2004-12-30,87.80000305175781,88.44999694824219,87.73999786376953,88.33000183105469,43.689937591552734,626400,0.0,0.0,0.0
2004-12-31,88.37000274658203,88.6500015258789,88.30000305175781,88.55000305175781,43.96548080444336,1056400,0.335,0.0,0.0
2005-01-03,88.18000030517578,88.83999633789062,88.16000366210938,88.73999786376953,44.0598258972168,1168000,0.0,0.0,0.0
2005-01-04,88.72000122070312,88.75,87.80999755859375,87.80999755859375,43.59804916381836,1935400,0.0,0.0,0.0
2005-01-05,87.98999786376953,88.55000305175781,87.94000244140625,88.27999877929688,43.8314208984375,1094100,0.0,0.0,0.0
2005-01-06,88.29000091552734,88.54000091552734,88.22000122070312,88.33999633789062,43.86119842529297,1057400,0.0,0.0,0.0
2005-01-07,88.76000213623047,88.87000274658203,88.3499984741211,88.54000091552734,43.960514068603516,738700,0.0,0.0,0.0
2005-01-10,88.63999938964844,88.72000122070312,88.47000122070312,88.68000030517578,44.02999496459961,379400,0.0,0.0,0.0
2005-01-11,88.9000015258789,89.27999877929688,88.73999786376953,89.19999694824219,44.2881965637207,844100,0.0,0.0,0.0
2005-01-12,88.87000274658203,89.44000244140625,88.80000305175781,89.31999969482422,44.3477668762207,722000,0.0,0.0,0.0
2005-01-13,89.75,90.18000030517578,89.7300033569336,90.18000030517578,44.774784088134766,1876700,0.0,0.0,0.0
2005-01-14,89.9000015258789,90.4000015258789,89.80999755859375,90.16999816894531,44.769832611083984,1043800,0.0,0.0,0.0
2005-01-18,89.80000305175781,90.48999786376953,89.7300033569336,90.47000122070312,44.918766021728516,1251600,0.0,0.0,0.0
2005-01-19,90.80000305175781,90.83999633789062,90.2699966430664,90.7300033569336,45.04789352416992,655800,0.0,0.0,0.0
2005-01-20,90.41999816894531,91.0199966430664,90.3499984741211,90.91000366210938,45.13724136352539,1064200,0.0,0.0,0.0
2005-01-21,90.5999984741211,91.05000305175781,90.5199966430664,91.01000213623047,45.186920166015625,606300,0.0,0.0,0.0
2005-01-24,91.08999633789062,91.5,91.0,91.4000015258789,45.380531311035156,561400,0.0,0.0,0.0
2005-01-25,91.36000061035156,91.4000015258789,90.51000213623047,90.54000091552734,44.95354080200195,1942200,0.0,0.0,0.0
2005-01-26,90.8499984741211,90.91999816894531,90.62999725341797,90.70999908447266,45.03792190551758,709800,0.0,0.0,0.0
2005-01-27,90.5199966430664,90.69999694824219,90.33999633789062,90.54000091552734,44.95354080200195,463900,0.0,0.0,0.0
2005-01-28,91.22000122070312,91.5999984741211,91.16999816894531,91.44999694824219,45.40535354614258,1128000,0.0,0.0,0.0
2005-01-31,91.33000183105469,91.75,91.29000091552734,91.70999908447266,45.534420013427734,1313900,0.0,0.0,0.0
2005-02-01,91.44000244140625,91.5,91.05000305175781,91.22000122070312,45.462188720703125,948200,0.345,0.0,0.0
2005-02-02,91.19999694824219,91.45999908447266,91.08999633789062,91.43000030517578,45.56686019897461,760300,0.0,0.0,0.0
2005-02-03,91.05999755859375,91.44000244140625,91.05999755859375,91.37999725341797,45.541927337646484,505800,0.0,0.0,0.0
2005-02-04,92.47000122070312,92.94000244140625,92.45999908447266,92.6500015258789,46.17487716674805,3483900,0.0,0.0,0.0
2005-02-07,92.73999786376953,93.41999816894531,92.69999694824219,93.33999633789062,46.5186882019043,1064600,0.0,0.0,0.0
2005-02-08,93.37000274658203,94.12000274658203,93.33000183105469,93.87000274658203,46.78289031982422,1383800,0.0,0.0,0.0
2005-02-09,93.44000244140625,94.23999786376953,93.37999725341797,94.12000274658203,46.90751266479492,2125800,0.0,0.0,0.0
2005-02-10,93.48999786376953,93.68000030517578,92.75,92.8499984741211,46.274505615234375,1240000,0.0,0.0,0.0
2005-02-11,92.45999908447266,92.9800033569336,92.4000015258789,92.79000091552734,46.24465560913086,1275200,0.0,0.0,0.0
2005-02-14,92.9000015258789,93.20999908447266,92.7300033569336,93.08000183105469,46.3891487121582,295000,0.0,0.0,0.0
2005-02-15,92.5999984741211,92.86000061035156,92.56999969482422,92.61000061035156,46.15488815307617,900200,0.0,0.0,0.0
2005-02-16,92.51000213623047,92.56999969482422,91.80000305175781,92.26000213623047,45.980472564697266,1189700,0.0,0.0,0.0
2005-02-17,91.76000213623047,92.13999938964844,91.5999984741211,91.68000030517578,45.69142532348633,1146400,0.0,0.0,0.0
2005-02-18,90.55000305175781,90.94999694824219,90.45999908447266,90.86000061035156,45.28276443481445,2655800,0.0,0.0,0.0
2005-02-22,90.62999725341797,90.75,90.4000015258789,90.45999908447266,45.08339309692383,914600,0.0,0.0,0.0
2005-02-23,91.13999938964844,91.16999816894531,90.43000030517578,90.76000213623047,45.23292922973633,1115000,0.0,0.0,0.0
2005-02-24,91.16000366210938,91.33000183105469,90.55999755859375,90.55999755859375,45.13325881958008,798500,0.0,0.0,0.0
2005-02-25,90.88999938964844,91.13999938964844,90.62000274658203,91.0,45.35251235961914,588800,0.0,0.0,0.0
2005-02-28,91.0999984741211,91.0999984741211,89.88999938964844,90.0199966430664,44.864131927490234,2797300,0.0,0.0,0.0
2005-03-01,89.54000091552734,89.86000061035156,89.44999694824219,89.70999908447266,44.85010528564453,1648500,0.282,0.0,0.0
2005-03-02,89.44999694824219,89.72000122070312,89.41999816894531,89.58999633789062,44.79014205932617,1139300,0.0,0.0,0.0
2005-03-03,89.62000274658203,89.80000305175781,89.44999694824219,89.54000091552734,44.765098571777344,1600600,0.0,0.0,0.0
2005-03-04,89.98999786376953,90.66999816894531,89.87000274658203,90.51000213623047,45.25007247924805,1567000,0.0,0.0,0.0
2005-03-07,90.8499984741211,90.98999786376953,90.75,90.87000274658203,45.43006896972656,889800,0.0,0.0,0.0
2005-03-08,90.12999725341797,90.2699966430664,89.94000244140625,90.01000213623047,45.00011444091797,680400,0.0,0.0,0.0
2005-03-09,89.18000030517578,89.4000015258789,88.44000244140625,88.54000091552734,44.26518249511719,2549600,0.0,0.0,0.0
2005-03-10,88.73999786376953,89.33000183105469,88.38999938964844,89.08000183105469,44.5351676940918,1357700,0.0,0.0,0.0
2005-03-11,88.6500015258789,88.87000274658203,88.4000015258789,88.43000030517578,44.21021270751953,1017900,0.0,0.0,0.0
2005-03-14,88.37000274658203,89.0,88.30000305175781,88.95999908447266,44.47514724731445,805000,0.0,0.0,0.0
2005-03-15,89.29000091552734,89.30000305175781,88.4000015258789,88.4000015258789,44.1952018737793,963900,0.0,0.0,0.0
2005-03-16,88.54000091552734,89.36000061035156,88.54000091552734,88.94000244140625,44.46514892578125,2097800,0.0,0.0,0.0
2005-03-17,89.3499984741211,89.58000183105469,89.12000274658203,89.2300033569336,44.61014175415039,1025300,0.0,0.0,0.0
2005-03-18,88.9000015258789,88.9800033569336,88.66999816894531,88.66999816894531,44.33017349243164,722700,0.0,0.0,0.0
2005-03-21,88.66999816894531,88.66999816894531,88.37999725341797,88.41999816894531,44.20521545410156,893100,0.0,0.0,0.0
2005-03-22,88.94000244140625,89.05000305175781,87.54000091552734,87.66999816894531,43.83020782470703,2544900,0.0,0.0,0.0
2005-03-23,87.52999877929688,88.16000366210938,87.52999877929688,88.08999633789062,44.04020309448242,1951700,0.0,0.0,0.0
2005-03-24,88.31999969482422,88.45999908447266,88.18000030517578,88.2699966430664,44.130191802978516,746800,0.0,0.0,0.0
2005-03-28,87.98999786376953,88.0,87.72000122070312,87.7300033569336,43.86024856567383,382200,0.0,0.0,0.0
2005-03-29,88.08000183105469,88.27999877929688,87.98999786376953,88.25,44.12014389038086,1135000,0.0,0.0,0.0
2005-03-30,88.19999694824219,88.75,88.16000366210938,88.69000244140625,44.340171813964844,1095600,0.0,0.0,0.0
2005-03-31,89.19999694824219,89.38999938964844,88.86000061035156,89.33000183105469,44.660152435302734,2410900,0.0,0.0,0.0
2005-04-01,89.52999877929688,89.66000366210938,88.5,89.30000305175781,44.81067657470703,2805300,0.33,0.0,0.0
2005-04-04,89.27999877929688,89.66000366210938,89.16999816894531,89.27999877929688,44.8006591796875,754800,0.0,0.0,0.0
2005-04-05,89.23999786376953,89.36000061035156,88.93000030517578,89.05000305175781,44.685203552246094,733300,0.0,0.0,0.0
2005-04-06,89.41000366210938,89.44000244140625,89.19999694824219,89.36000061035156,44.840782165527344,402800,0.0,0.0,0.0
2005-04-07,89.30000305175781,89.58000183105469,88.61000061035156,88.63999938964844,44.47950744628906,973000,0.0,0.0,0.0
2005-04-08,88.55999755859375,89.0,88.33999633789062,88.94999694824219,44.63502883911133,438600,0.0,0.0,0.0
2005-04-11,88.97000122070312,89.62000274658203,88.94000244140625,89.43000030517578,44.87591552734375,1460200,0.0,0.0,0.0
2005-04-12,89.2300033569336,90.4000015258789,89.12000274658203,90.26000213623047,45.29241180419922,1931500,0.0,0.0,0.0
2005-04-13,90.3499984741211,90.44000244140625,89.80000305175781,90.04000091552734,45.18202209472656,1001700,0.0,0.0,0.0
2005-04-14,90.08000183105469,90.12000274658203,89.66000366210938,89.9000015258789,45.11174392700195,1461800,0.0,0.0,0.0
2005-04-15,90.54000091552734,91.12000274658203,90.22000122070312,91.08999633789062,45.708900451660156,2807300,0.0,0.0,0.0
2005-04-18,91.37000274658203,91.38999938964844,90.94000244140625,91.0199966430664,45.67376708984375,3510800,0.0,0.0,0.0
2005-04-19,91.33999633789062,92.04000091552734,91.31999969482422,91.9000015258789,46.115360260009766,1733600,0.0,0.0,0.0
2005-04-20,91.22000122070312,91.7699966430664,91.18000030517578,91.66999816894531,45.99991989135742,1617900,0.0,0.0,0.0
2005-04-21,91.30000305175781,91.41999816894531,90.69999694824219,90.70999908447266,45.5181770324707,1288500,0.0,0.0,0.0
2005-04-22,91.2699966430664,91.58000183105469,91.08999633789062,91.47000122070312,45.89957046508789,876300,0.0,0.0,0.0
2005-04-25,91.66000366210938,91.81999969482422,91.51000213623047,91.73999786376953,46.03510284423828,818300,0.0,0.0,0.0
2005-04-26,91.98999786376953,92.05000305175781,91.33999633789062,91.5999984741211,45.96482849121094,549300,0.0,0.0,0.0
2005-04-27,92.05000305175781,92.19999694824219,91.80000305175781,91.91999816894531,46.12543487548828,684900,0.0,0.0,0.0
2005-04-28,92.05000305175781,92.6500015258789,91.94999694824219,92.5999984741211,46.46665954589844,1062000,0.0,0.0,0.0
2005-04-29,92.56999969482422,92.94000244140625,92.22000122070312,92.44000244140625,46.38633728027344,1445100,0.0,0.0,0.0
2005-05-02,92.1500015258789,92.26000213623047,91.70999908447266,92.08999633789062,46.37627029418945,1358200,0.33,0.0,0.0
2005-05-03,92.06999969482422,92.54000091552734,91.91999816894531,92.33999633789062,46.5021858215332,1884900,0.0,0.0,0.0
2005-05-04,91.44999694824219,91.72000122070312,91.05000305175781,91.52999877929688,46.09425735473633,2211500,0.0,0.0,0.0
2005-05-05,91.30000305175781,91.83999633789062,91.20999908447266,91.73999786376953,46.20001983642578,1757900,0.0,0.0,0.0
2005-05-06,90.93000030517578,91.19999694824219,90.80999755859375,91.05999755859375,45.85755157470703,850600,0.0,0.0,0.0
2005-05-09,91.01000213623047,91.23999786376953,91.0,91.1500015258789,45.90287399291992,327800,0.0,0.0,0.0
2005-05-10,91.36000061035156,91.80000305175781,91.33999633789062,91.80000305175781,46.23023986816406,495500,0.0,0.0,0.0
2005-05-11,92.13999938964844,92.5199966430664,91.98999786376953,92.08000183105469,46.371238708496094,1058700,0.0,0.0,0.0
2005-05-12,92.0,92.47000122070312,91.72000122070312,92.44000244140625,46.55250549316406,657000,0.0,0.0,0.0
2005-05-13,92.70999908447266,93.0199966430664,92.56999969482422,92.80000305175781,46.733821868896484,1698100,0.0,0.0,0.0
2005-05-16,93.04000091552734,93.06999969482422,92.68000030517578,92.69000244140625,46.678428649902344,824800,0.0,0.0,0.0
2005-05-17,92.95999908447266,93.19000244140625,92.9000015258789,92.94999694824219,46.80937957763672,856300,0.0,0.0,0.0
2005-05-18,93.69999694824219,93.80000305175781,93.33999633789062,93.56999969482422,47.12158203125,1092300,0.0,0.0,0.0
2005-05-19,93.69999694824219,93.69999694824219,93.27999877929688,93.33000183105469,47.00067138671875,948800,0.0,0.0,0.0
2005-05-20,93.25,93.51000213623047,93.20999908447266,93.44000244140625,47.056121826171875,806800,0.0,0.0,0.0
2005-05-23,93.5999984741211,94.2300033569336,93.56999969482422,94.16999816894531,47.423736572265625,905600,0.0,0.0,0.0
2005-05-24,94.52999877929688,94.6500015258789,94.18000030517578,94.43000030517578,47.5546875,1695400,0.0,0.0,0.0
2005-05-25,94.58999633789062,94.6500015258789,93.7300033569336,93.7699966430664,47.222267150878906,1923300,0.0,0.0,0.0
2005-05-26,93.58999633789062,94.06999969482422,93.58999633789062,93.73999786376953,47.207183837890625,978300,0.0,0.0,0.0
2005-05-27,93.73999786376953,93.9800033569336,93.54000091552734,93.83999633789062,47.257537841796875,650600,0.0,0.0,0.0
2005-05-31,94.22000122070312,95.05000305175781,94.22000122070312,95.0,47.841712951660156,1979000,0.0,0.0,0.0
2005-06-01,95.19999694824219,95.83999633789062,95.19000244140625,95.80999755859375,48.42756271362305,3823200,0.349,0.0,0.0
2005-06-02,95.7300033569336,96.19000244140625,95.7300033569336,96.04000091552734,48.54380798339844,1703400,0.0,0.0,0.0
2005-06-03,96.9000015258789,97.0,95.19999694824219,95.25,48.14448928833008,5558100,0.0,0.0,0.0
2005-06-06,95.5,95.87999725341797,95.3499984741211,95.75,48.39725112915039,1088700,0.0,0.0,0.0
2005-06-07,96.47000122070312,96.58000183105469,96.05000305175781,96.51000213623047,48.78137969970703,1503100,0.0,0.0,0.0
2005-06-08,96.30999755859375,96.44999694824219,96.05000305175781,96.05000305175781,48.548885345458984,1272400,0.0,0.0,0.0
2005-06-09,95.66999816894531,96.01000213623047,95.43000030517578,95.97000122070312,48.50840759277344,612700,0.0,0.0,0.0
2005-06-10,95.55000305175781,95.55000305175781,94.86000061035156,94.88999938964844,47.96253967285156,1464800,0.0,0.0,0.0
2005-06-13,94.4800033569336,94.52999877929688,94.16999816894531,94.31999969482422,47.6744384765625,1616700,0.0,0.0,0.0
2005-06-14,94.05000305175781,94.16000366210938,93.56999969482422,93.69999694824219,47.36106491088867,1984500,0.0,0.0,0.0
2005-06-15,93.38999938964844,93.87000274658203,93.33000183105469,93.87000274658203,47.44699478149414,1996800,0.0,0.0,0.0
2005-06-16,93.80000305175781,94.41999816894531,93.56999969482422,94.33999633789062,47.68455505371094,1370300,0.0,0.0,0.0
2005-06-17,94.11000061035156,94.47000122070312,94.0199966430664,94.33000183105469,47.679443359375,555900,0.0,0.0,0.0
2005-06-20,93.81999969482422,94.19999694824219,93.5999984741211,94.16999816894531,47.59859848022461,453000,0.0,0.0,0.0
2005-06-21,94.37999725341797,94.86000061035156,94.31999969482422,94.86000061035156,47.94737243652344,503100,0.0,0.0,0.0
2005-06-22,95.48999786376953,96.08999633789062,95.26000213623047,96.01000213623047,48.52863311767578,952200,0.0,0.0,0.0
2005-06-23,95.80000305175781,95.9800033569336,95.54000091552734,95.91000366210938,48.47805404663086,996300,0.0,0.0,0.0
2005-06-24,96.23999786376953,96.44999694824219,96.0199966430664,96.38999938964844,48.72068405151367,928000,0.0,0.0,0.0
2005-06-27,96.48999786376953,96.80999755859375,96.3499984741211,96.6500015258789,48.85212707519531,1203600,0.0,0.0,0.0
2005-06-28,96.31999969482422,96.37000274658203,95.91000366210938,95.98999786376953,48.5185432434082,982400,0.0,0.0,0.0
2005-06-29,96.47000122070312,96.4800033569336,95.5999984741211,95.83999633789062,48.44269561767578,1682400,0.0,0.0,0.0
2005-06-30,95.86000061035156,96.72000122070312,95.80999755859375,96.69999694824219,48.87739944458008,2159400,0.0,0.0,0.0
2005-07-01,96.04000091552734,96.26000213623047,94.98999786376953,95.19999694824219,48.284996032714844,2222700,0.332,0.0,0.0
2005-07-05,94.3499984741211,94.73999786376953,94.2699966430664,94.30000305175781,47.828529357910156,1076100,0.0,0.0,0.0
2005-07-06,94.62999725341797,94.83000183105469,94.43000030517578,94.81999969482422,48.0922737121582,854100,0.0,0.0,0.0
2005-07-07,95.43000030517578,95.55000305175781,94.95999908447266,95.0199966430664,48.19375228881836,1678000,0.0,0.0,0.0
2005-07-08,95.25,95.25,94.31999969482422,94.62999725341797,47.99590301513672,1259300,0.0,0.0,0.0
2005-07-11,94.11000061035156,94.6500015258789,93.94999694824219,94.62999725341797,47.99590301513672,982000,0.0,0.0,0.0
2005-07-12,94.3499984741211,94.52999877929688,94.05999755859375,94.0999984741211,47.72709274291992,743700,0.0,0.0,0.0
2005-07-13,94.05000305175781,94.0999984741211,93.86000061035156,93.95999908447266,47.65607833862305,886600,0.0,0.0,0.0
2005-07-14,94.0999984741211,94.13999938964844,93.5999984741211,93.72000122070312,47.53435134887695,874300,0.0,0.0,0.0
2005-07-15,93.5,94.02999877929688,93.5,93.97000122070312,47.66111755371094,1064700,0.0,0.0,0.0
2005-07-18,93.8499984741211,93.97000122070312,93.0999984741211,93.2699966430664,47.30607604980469,1204500,0.0,0.0,0.0
2005-07-19,93.2300033569336,93.72000122070312,93.12000274658203,93.5999984741211,47.47346878051758,1226900,0.0,0.0,0.0
2005-07-20,93.51000213623047,94.23999786376953,93.18000030517578,94.11000061035156,47.73215103149414,1884500,0.0,0.0,0.0
2005-07-21,93.4800033569336,93.54000091552734,92.68000030517578,92.83000183105469,47.08294677734375,3824200,0.0,0.0,0.0
2005-07-22,93.0999984741211,93.62000274658203,93.02999877929688,93.55000305175781,47.448123931884766,1614900,0.0,0.0,0.0
2005-07-25,93.4000015258789,93.70999908447266,93.13999938964844,93.20999908447266,47.27568435668945,305100,0.0,0.0,0.0
2005-07-26,93.2699966430664,93.41000366210938,93.16999816894531,93.36000061035156,47.35173797607422,340500,0.0,0.0,0.0
2005-07-27,93.06999969482422,93.2699966430664,93.01000213623047,93.20999908447266,47.27568435668945,593300,0.0,0.0,0.0
2005-07-28,93.37999725341797,94.16999816894531,93.37999725341797,94.04000091552734,47.6966667175293,578900,0.0,0.0,0.0
2005-07-29,93.80000305175781,93.80000305175781,92.8499984741211,93.11000061035156,47.2249641418457,1699500,0.0,0.0,0.0
2005-08-01,92.5,92.5999984741211,92.0199966430664,92.41999816894531,47.049293518066406,1760300,0.345,0.0,0.0
2005-08-02,92.2699966430664,92.45999908447266,91.95999908447266,92.12000274658203,46.896610260009766,1071400,0.0,0.0,0.0
2005-08-03,92.25,92.66000366210938,92.25,92.56999969482422,47.125701904296875,591100,0.0,0.0,0.0
2005-08-04,92.58999633789062,92.79000091552734,92.19999694824219,92.37999725341797,47.0289421081543,1046800,0.0,0.0,0.0
2005-08-05,91.69999694824219,91.87000274658203,91.55000305175781,91.66000366210938,46.662445068359375,1041600,0.0,0.0,0.0
2005-08-08,91.68000030517578,91.8499984741211,91.44000244140625,91.48999786376953,46.575889587402344,836600,0.0,0.0,0.0
2005-08-09,91.69999694824219,91.8499984741211,91.27999877929688,91.83000183105469,46.74894714355469,1474800,0.0,0.0,0.0
2005-08-10,92.01000213623047,92.0999984741211,91.54000091552734,91.7300033569336,46.698062896728516,909300,0.0,0.0,0.0
2005-08-11,92.02999877929688,92.44999694824219,91.69999694824219,92.37000274658203,47.02388000488281,881600,0.0,0.0,0.0
2005-08-12,92.62000274658203,93.44000244140625,92.56999969482422,93.30999755859375,47.50239181518555,1765100,0.0,0.0,0.0
2005-08-15,93.26000213623047,93.30000305175781,93.05000305175781,93.06999969482422,47.38022232055664,954300,0.0,0.0,0.0
2005-08-16,93.68000030517578,93.9000015258789,93.5,93.72000122070312,47.71113967895508,1311000,0.0,0.0,0.0
2005-08-17,93.51000213623047,93.7300033569336,92.9800033569336,93.0999984741211,47.39552307128906,1278200,0.0,0.0,0.0
2005-08-18,93.44999694824219,93.80999755859375,93.2699966430664,93.79000091552734,47.74676513671875,833900,0.0,0.0,0.0
2005-08-19,93.36000061035156,93.83999633789062,93.33999633789062,93.77999877929688,47.7416877746582,439200,0.0,0.0,0.0
2005-08-22,93.54000091552734,93.80000305175781,93.19999694824219,93.68000030517578,47.69076919555664,599300,0.0,0.0,0.0
2005-08-23,93.7300033569336,94.2300033569336,93.6500015258789,94.11000061035156,47.909671783447266,491800,0.0,0.0,0.0
2005-08-24,94.2699966430664,94.33000183105469,93.8499984741211,94.19999694824219,47.95547103881836,998200,0.0,0.0,0.0
2005-08-25,94.27999877929688,94.61000061035156,94.05999755859375,94.5,48.10819625854492,812400,0.0,0.0,0.0
2005-08-26,94.6500015258789,94.87999725341797,94.19999694824219,94.47000122070312,48.09294128417969,874600,0.0,0.0,0.0
2005-08-29,94.83000183105469,94.87999725341797,94.5,94.58999633789062,48.154056549072266,550100,0.0,0.0,0.0
2005-08-30,94.83000183105469,95.3499984741211,94.72000122070312,95.19000244140625,48.45948791503906,1392700,0.0,0.0,0.0
2005-08-31,95.30999755859375,96.0,95.30000305175781,95.98999786376953,48.866764068603516,1310800,0.0,0.0,0.0
2005-09-01,95.30999755859375,95.73999786376953,94.93000030517578,95.08000183105469,48.572505950927734,1899000,0.334,0.0,0.0
2005-09-02,94.87999725341797,95.29000091552734,94.80000305175781,95.16000366210938,48.613346099853516,621400,0.0,0.0,0.0
2005-09-06,95.01000213623047,95.16999816894531,94.4800033569336,94.48999786376953,48.271080017089844,965300,0.0,0.0,0.0
2005-09-07,94.18000030517578,94.18000030517578,93.36000061035156,93.5999984741211,47.81641387939453,1090200,0.0,0.0,0.0
2005-09-08,93.88999938964844,93.9800033569336,93.5999984741211,93.69999694824219,47.86751174926758,373100,0.0,0.0,0.0
2005-09-09,93.95999908447266,94.31999969482422,93.87999725341797,94.0,48.02073669433594,426300,0.0,0.0,0.0
2005-09-12,93.66000366210938,93.70999908447266,93.19000244140625,93.3499984741211,47.68870544433594,917300,0.0,0.0,0.0
2005-09-13,93.76000213623047,94.12000274658203,93.63999938964844,93.83999633789062,47.93899917602539,450400,0.0,0.0,0.0
2005-09-14,93.81999969482422,93.87999725341797,93.37999725341797,93.4800033569336,47.755130767822266,346400,0.0,0.0,0.0
2005-09-15,93.3499984741211,93.3499984741211,92.4000015258789,92.70999908447266,47.36175537109375,2225800,0.0,0.0,0.0
2005-09-16,92.30000305175781,92.4800033569336,91.87999725341797,92.0999984741211,47.050167083740234,2145500,0.0,0.0,0.0
2005-09-19,92.18000030517578,92.44000244140625,92.0999984741211,92.30000305175781,47.15230178833008,886100,0.0,0.0,0.0
2005-09-20,92.29000091552734,92.80000305175781,91.87999725341797,92.54000091552734,47.274940490722656,1848800,0.0,0.0,0.0
2005-09-21,93.27999877929688,93.41000366210938,93.12999725341797,93.4000015258789,47.71425247192383,993000,0.0,0.0,0.0
2005-09-22,93.37000274658203,93.44999694824219,93.12999725341797,93.30999755859375,47.66824722290039,761700,0.0,0.0,0.0
2005-09-23,93.05000305175781,93.0999984741211,92.61000061035156,92.61000061035156,47.3106575012207,656800,0.0,0.0,0.0
2005-09-26,92.11000061035156,92.37999725341797,92.0999984741211,92.19000244140625,47.09614181518555,680900,0.0,0.0,0.0
2005-09-27,92.2699966430664,92.55999755859375,91.94000244140625,92.31999969482422,47.16255187988281,827800,0.0,0.0,0.0
2005-09-28,92.38999938964844,93.0199966430664,92.26000213623047,92.94000244140625,47.47926330566406,712800,0.0,0.0,0.0
2005-09-29,92.5999984741211,92.61000061035156,92.36000061035156,92.5199966430664,47.26470184326172,657100,0.0,0.0,0.0
2005-09-30,92.58000183105469,92.69000244140625,92.0,92.19999694824219,47.101219177246094,1391800,0.0,0.0,0.0
2005-10-03,91.79000091552734,92.19999694824219,91.0999984741211,91.12000274658203,46.732975006103516,1370900,0.362,0.0,0.0
2005-10-04,91.37000274658203,91.54000091552734,91.20999908447266,91.41999816894531,46.88683319091797,783200,0.0,0.0,0.0
2005-10-05,91.68000030517578,91.9800033569336,91.56999969482422,91.81999969482422,47.09196853637695,1215800,0.0,0.0,0.0
2005-10-06,91.69999694824219,91.73999786376953,91.44000244140625,91.47000122070312,46.91250991821289,340000,0.0,0.0,0.0
2005-10-07,91.08999633789062,91.94999694824219,90.95999908447266,91.83999633789062,47.10226821899414,1337800,0.0,0.0,0.0
2005-10-10,91.8499984741211,91.97000122070312,91.62000274658203,91.77999877929688,47.07147979736328,159700,0.0,0.0,0.0
2005-10-11,91.83999633789062,91.91999816894531,91.44999694824219,91.58999633789062,46.974002838134766,679100,0.0,0.0,0.0
2005-10-12,91.44000244140625,91.44000244140625,90.6500015258789,90.69999694824219,46.517555236816406,1105700,0.0,0.0,0.0
2005-10-13,90.25,90.5,90.08000183105469,90.37000274658203,46.348323822021484,1376600,0.0,0.0,0.0
2005-10-14,90.5999984741211,90.69999694824219,89.81999969482422,90.2300033569336,46.276527404785156,1042600,0.0,0.0,0.0
2005-10-17,90.41999816894531,90.61000061035156,90.12000274658203,90.20999908447266,46.26626968383789,1058200,0.0,0.0,0.0
2005-10-18,90.45999908447266,90.4800033569336,90.2300033569336,90.30999755859375,46.31755065917969,878200,0.0,0.0,0.0
2005-10-19,90.66000366210938,90.87000274658203,90.3499984741211,90.3499984741211,46.338069915771484,904800,0.0,0.0,0.0
2005-10-20,90.27999877929688,90.5999984741211,90.12999725341797,90.58999633789062,46.46116256713867,810300,0.0,0.0,0.0
2005-10-21,90.83000183105469,91.47000122070312,90.75,91.43000030517578,46.89199447631836,1252800,0.0,0.0,0.0
2005-10-24,91.31999969482422,91.41000366210938,90.48999786376953,90.72000122070312,46.52785110473633,939100,0.0,0.0,0.0
2005-10-25,90.81999969482422,91.05000305175781,89.93000030517578,89.94000244140625,46.1277961730957,632900,0.0,0.0,0.0
2005-10-26,89.44999694824219,89.69999694824219,89.16000366210938,89.27999877929688,45.78932189941406,2895800,0.0,0.0,0.0
2005-10-27,89.5999984741211,89.79000091552734,89.30000305175781,89.5999984741211,45.953392028808594,1197400,0.0,0.0,0.0
2005-10-28,89.72000122070312,89.87999725341797,89.12000274658203,89.61000061035156,45.95855712890625,750400,0.0,0.0,0.0
2005-10-31,89.7699966430664,90.04000091552734,89.58000183105469,89.77999877929688,46.045719146728516,547700,0.0,0.0,0.0
2005-11-01,89.43000030517578,89.6500015258789,89.08999633789062,89.27999877929688,45.99269104003906,647100,0.397,0.0,0.0
2005-11-02,89.08000183105469,89.38999938964844,88.83000183105469,88.86000061035156,45.776302337646484,781100,0.0,0.0,0.0
2005-11-03,88.88999938964844,88.97000122070312,88.23999786376953,88.26000213623047,45.46722412109375,962900,0.0,0.0,0.0
2005-11-04,88.41999816894531,88.63999938964844,87.86000061035156,88.12000274658203,45.395103454589844,1888700,0.0,0.0,0.0
2005-11-07,88.5,88.56999969482422,88.3499984741211,88.41999816894531,45.54963302612305,1121600,0.0,0.0,0.0
2005-11-08,88.88999938964844,89.31999969482422,88.88999938964844,89.27999877929688,45.99269104003906,1396800,0.0,0.0,0.0
2005-11-09,88.77999877929688,88.93000030517578,88.36000061035156,88.36000061035156,45.51871871948242,1140300,0.0,0.0,0.0
2005-11-10,88.72000122070312,89.4800033569336,88.62999725341797,89.44000244140625,46.075069427490234,1695200,0.0,0.0,0.0
2005-11-11,89.5999984741211,89.69999694824219,89.44000244140625,89.48999786376953,46.10082244873047,193700,0.0,0.0,0.0
2005-11-14,89.37999725341797,89.44999694824219,88.62000274658203,88.81999969482422,45.755672454833984,1230100,0.0,0.0,0.0
2005-11-15,88.75,89.6500015258789,88.75,89.4000015258789,46.054466247558594,839800,0.0,0.0,0.0
2005-11-16,89.80000305175781,90.44000244140625,89.75,90.33999633789062,46.538719177246094,1822300,0.0,0.0,0.0
2005-11-17,90.16999816894531,90.9000015258789,90.05000305175781,90.55999755859375,46.652061462402344,1003100,0.0,0.0,0.0
2005-11-18,90.37000274658203,90.44999694824219,90.05999755859375,90.13999938964844,46.435691833496094,734200,0.0,0.0,0.0
2005-11-21,90.33999633789062,90.66000366210938,90.33000183105469,90.41000366210938,46.57478713989258,503300,0.0,0.0,0.0
2005-11-22,90.37000274658203,90.66999816894531,90.3499984741211,90.52999877929688,46.63663864135742,1026900,0.0,0.0,0.0
2005-11-23,90.58999633789062,90.69000244140625,89.86000061035156,90.18000030517578,46.45631408691406,768300,0.0,0.0,0.0
2005-11-25,90.41000366210938,90.54000091552734,90.33999633789062,90.51000213623047,46.62630081176758,421500,0.0,0.0,0.0
2005-11-28,90.5199966430664,91.13999938964844,90.5199966430664,90.95999908447266,46.85813522338867,883400,0.0,0.0,0.0
2005-11-29,91.08000183105469,91.11000061035156,90.02999877929688,90.0999984741211,46.415122985839844,889200,0.0,0.0,0.0
2005-11-30,90.30000305175781,90.30000305175781,89.81999969482422,90.0,46.36354446411133,1642800,0.0,0.0,0.0
2005-12-01,90.0,90.01000213623047,89.18000030517578,89.47000122070312,46.29115676879883,1214800,0.39,0.0,0.0
2005-12-02,89.2699966430664,89.55000305175781,89.1500015258789,89.5,46.30666732788086,746200,0.0,0.0,0.0
2005-12-05,89.3499984741211,89.3499984741211,88.8499984741211,89.0999984741211,46.09971618652344,431100,0.0,0.0,0.0
2005-12-06,89.41000366210938,90.12000274658203,89.31999969482422,90.01000213623047,46.57056427001953,968800,0.0,0.0,0.0
2005-12-07,89.80000305175781,89.91000366210938,89.5199966430664,89.66999816894531,46.394630432128906,386600,0.0,0.0,0.0
2005-12-08,89.9800033569336,90.36000061035156,89.80000305175781,90.25,46.6946907043457,976200,0.0,0.0,0.0
2005-12-09,89.9800033569336,90.01000213623047,89.47000122070312,89.54000091552734,46.327335357666016,817400,0.0,0.0,0.0
2005-12-12,89.75,89.75,89.13999938964844,89.37000274658203,46.23938751220703,440500,0.0,0.0,0.0
2005-12-13,89.72000122070312,89.81999969482422,89.37999725341797,89.69999694824219,46.41014862060547,598700,0.0,0.0,0.0
2005-12-14,90.19999694824219,90.81999969482422,90.13999938964844,90.62000274658203,46.886138916015625,635000,0.0,0.0,0.0
2005-12-15,90.44000244140625,90.44000244140625,89.98999786376953,90.4000015258789,46.7723274230957,724300,0.0,0.0,0.0
2005-12-16,90.83000183105469,90.93000030517578,90.55999755859375,90.69999694824219,46.92752456665039,684500,0.0,0.0,0.0
2005-12-19,90.5999984741211,91.0999984741211,90.55999755859375,90.79000091552734,46.97406768798828,469800,0.0,0.0,0.0
2005-12-20,90.58000183105469,90.80000305175781,90.4000015258789,90.68000030517578,46.91718673706055,236000,0.0,0.0,0.0
2005-12-21,90.52999877929688,90.58000183105469,90.29000091552734,90.5199966430664,46.83440399169922,193100,0.0,0.0,0.0
2005-12-22,90.91999816894531,91.30999755859375,90.91000366210938,91.23999786376953,47.20695114135742,692700,0.0,0.0,0.0
2005-12-23,91.19000244140625,92.04000091552734,91.0999984741211,91.80000305175781,47.49665451049805,2295800,0.0,0.0,0.0
2005-12-27,91.97000122070312,92.58999633789062,91.80000305175781,92.55000305175781,47.884727478027344,519500,0.0,0.0,0.0
2005-12-28,92.02999877929688,92.25,91.75,91.91000366210938,47.75115966796875,1295700,0.383,0.0,0.0
2005-12-29,92.02999877929688,92.12999725341797,91.69000244140625,92.11000061035156,47.85509490966797,740600,0.0,0.0,0.0
2005-12-30,92.54000091552734,92.58999633789062,91.69999694824219,91.9000015258789,47.74599838256836,1099500,0.0,0.0,0.0
2006-01-03,91.58999633789062,92.25,91.4800033569336,91.77999877929688,47.68364715576172,1392700,0.0,0.0,0.0
2006-01-04,91.54000091552734,92.06999969482422,91.41999816894531,92.0,47.79792404174805,387600,0.0,0.0,0.0
2006-01-05,91.87999725341797,92.13999938964844,91.69999694824219,91.88999938964844,47.74081039428711,453400,0.0,0.0,0.0
2006-01-06,91.7699966430664,91.9000015258789,91.48999786376953,91.72000122070312,47.65248489379883,1193700,0.0,0.0,0.0
2006-01-09,91.69999694824219,91.77999877929688,91.54000091552734,91.77999877929688,47.68364715576172,413600,0.0,0.0,0.0
2006-01-10,91.62999725341797,91.68000030517578,91.02999877929688,91.04000091552734,47.2992057800293,698900,0.0,0.0,0.0
2006-01-11,91.25,91.29000091552734,90.75,90.88999938964844,47.22125244140625,394600,0.0,0.0,0.0
2006-01-12,91.12999725341797,91.5199966430664,91.0,91.5,47.53816604614258,626600,0.0,0.0,0.0
2006-01-13,91.58999633789062,92.30000305175781,91.58000183105469,92.02999877929688,47.813560485839844,491000,0.0,0.0,0.0
2006-01-17,92.0,92.5,91.93000030517578,92.44000244140625,48.026527404785156,454300,0.0,0.0,0.0
2006-01-18,92.76000213623047,92.7699966430664,92.12000274658203,92.41000366210938,48.01097106933594,622100,0.0,0.0,0.0
2006-01-19,92.06999969482422,92.44000244140625,91.95999908447266,92.13999938964844,47.87067794799805,490600,0.0,0.0,0.0
2006-01-20,92.31999969482422,92.4800033569336,92.05000305175781,92.37999725341797,47.99538803100586,842600,0.0,0.0,0.0
2006-01-23,91.80000305175781,92.5,91.7300033569336,92.3499984741211,47.97979736328125,720400,0.0,0.0,0.0
2006-01-24,92.0,92.19000244140625,91.76000213623047,91.9000015258789,47.74599838256836,300500,0.0,0.0,0.0
2006-01-25,91.51000213623047,91.56999969482422,90.79000091552734,90.9000015258789,47.226463317871094,1204500,0.0,0.0,0.0
2006-01-26,90.55000305175781,90.5999984741211,90.05000305175781,90.51000213623047,47.023834228515625,764100,0.0,0.0,0.0
2006-01-27,90.80000305175781,90.80000305175781,90.16000366210938,90.51000213623047,47.023834228515625,1091400,0.0,0.0,0.0
2006-01-30,90.30000305175781,90.5,90.23999786376953,90.41999816894531,46.977088928222656,308500,0.0,0.0,0.0
2006-01-31,90.3499984741211,90.7300033569336,90.19999694824219,90.66999816894531,47.106964111328125,676100,0.0,0.0,0.0
2006-02-01,90.1500015258789,90.45999908447266,89.8499984741211,90.04000091552734,46.94586181640625,622300,0.321,0.0,0.0
2006-02-02,90.04000091552734,90.41000366210938,89.86000061035156,90.20999908447266,47.03447341918945,658500,0.0,0.0,0.0
2006-02-03,90.0,91.0,89.81999969482422,90.8499984741211,47.36818313598633,1524600,0.0,0.0,0.0
2006-02-06,90.9800033569336,91.20999908447266,90.88999938964844,91.02999877929688,47.46202850341797,755100,0.0,0.0,0.0
2006-02-07,91.12000274658203,91.12000274658203,90.5,90.5999984741211,47.237823486328125,280500,0.0,0.0,0.0
2006-02-08,90.87999725341797,90.87999725341797,90.29000091552734,90.38999938964844,47.128318786621094,261700,0.0,0.0,0.0
2006-02-09,90.13999938964844,90.9000015258789,90.05999755859375,90.80000305175781,47.34208297729492,1119200,0.0,0.0,0.0
2006-02-10,91.19999694824219,91.37999725341797,90.23999786376953,90.30000305175781,47.08138656616211,938000,0.0,0.0,0.0
2006-02-13,90.23999786376953,90.36000061035156,90.16000366210938,90.30999755859375,47.08661651611328,218700,0.0,0.0,0.0
2006-02-14,89.9000015258789,90.19999694824219,89.72000122070312,89.98999786376953,46.919769287109375,836100,0.0,0.0,0.0
2006-02-15,90.13999938964844,90.47000122070312,89.87999725341797,90.20999908447266,47.03447341918945,720300,0.0,0.0,0.0
2006-02-16,90.19999694824219,90.30000305175781,90.0,90.2300033569336,47.044925689697266,427800,0.0,0.0,0.0
2006-02-17,90.80000305175781,91.06999969482422,90.80000305175781,90.94999694824219,47.4202766418457,731400,0.0,0.0,0.0
2006-02-21,90.9000015258789,91.0,90.77999877929688,90.80000305175781,47.34208297729492,433300,0.0,0.0,0.0
2006-02-22,91.12000274658203,91.44999694824219,91.08999633789062,91.41999816894531,47.66536331176758,559000,0.0,0.0,0.0
2006-02-23,91.30999755859375,91.30999755859375,90.93000030517578,91.19000244140625,47.54544448852539,288300,0.0,0.0,0.0
2006-02-24,91.44000244140625,91.44000244140625,90.94999694824219,91.05000305175781,47.47246551513672,485700,0.0,0.0,0.0
2006-02-27,91.3499984741211,91.3499984741211,90.7300033569336,90.9000015258789,47.394248962402344,446200,0.0,0.0,0.0
2006-02-28,91.0,91.44000244140625,90.91999816894531,91.3499984741211,47.628875732421875,744200,0.0,0.0,0.0
2006-03-01,90.7699966430664,90.87000274658203,90.37999725341797,90.4800033569336,47.34111785888672,713600,0.32,0.0,0.0
2006-03-02,90.05999755859375,90.0999984741211,89.4000015258789,89.8499984741211,47.011505126953125,1640000,0.0,0.0,0.0
2006-03-03,89.4800033569336,89.55000305175781,89.2300033569336,89.33000183105469,46.73939895629883,1253300,0.0,0.0,0.0
2006-03-06,88.9800033569336,88.98999786376953,88.5,88.55000305175781,46.3312873840332,872700,0.0,0.0,0.0
2006-03-07,88.4000015258789,88.75,88.30999755859375,88.61000061035156,46.362640380859375,1692900,0.0,0.0,0.0
2006-03-08,88.56999969482422,88.87999725341797,88.44999694824219,88.58000183105469,46.34697341918945,1184700,0.0,0.0,0.0
2006-03-09,88.55999755859375,88.66999816894531,88.2699966430664,88.61000061035156,46.362640380859375,282100,0.0,0.0,0.0
2006-03-10,88.31999969482422,88.47000122070312,88.01000213623047,88.27999877929688,46.19001388549805,1086900,0.0,0.0,0.0
2006-03-13,88.13999938964844,88.2699966430664,88.01000213623047,88.20999908447266,46.15339660644531,1740100,0.0,0.0,0.0
2006-03-14,88.44999694824219,88.98999786376953,88.44999694824219,88.80000305175781,46.46208572387695,904400,0.0,0.0,0.0
2006-03-15,88.44000244140625,88.54000091552734,88.1500015258789,88.31999969482422,46.210933685302734,971000,0.0,0.0,0.0
2006-03-16,88.51000213623047,89.33000183105469,88.43000030517578,89.12000274658203,46.629539489746094,1048000,0.0,0.0,0.0
2006-03-17,88.8499984741211,89.0,88.75,88.8499984741211,46.488216400146484,703500,0.0,0.0,0.0
2006-03-20,89.2300033569336,89.23999786376953,88.9800033569336,88.98999786376953,46.5615119934082,576000,0.0,0.0,0.0
2006-03-21,89.1500015258789,89.1500015258789,88.36000061035156,88.52999877929688,46.320838928222656,817200,0.0,0.0,0.0
2006-03-22,88.75,88.9800033569336,88.62999725341797,88.72000122070312,46.420223236083984,205500,0.0,0.0,0.0
2006-03-23,88.81999969482422,88.87000274658203,88.33999633789062,88.44000244140625,46.273765563964844,613400,0.0,0.0,0.0
2006-03-24,88.52999877929688,89.29000091552734,88.5,89.08999633789062,46.61381530761719,954800,0.0,0.0,0.0
2006-03-27,89.05000305175781,89.05000305175781,88.5999984741211,88.76000213623047,46.441184997558594,467100,0.0,0.0,0.0
2006-03-28,88.4000015258789,88.43000030517578,87.83999633789062,87.93000030517578,46.00689697265625,1094900,0.0,0.0,0.0
2006-03-29,87.83000183105469,88.0199966430664,87.37000274658203,87.51000213623047,45.78715133666992,1071700,0.0,0.0,0.0
2006-03-30,87.13999938964844,87.29000091552734,86.58999633789062,86.9000015258789,45.46794509887695,1152000,0.0,0.0,0.0
2006-03-31,86.9800033569336,87.13999938964844,86.80000305175781,86.87000274658203,45.45230484008789,1167700,0.0,0.0,0.0
2006-04-03,86.18000030517578,86.69000244140625,86.08000183105469,86.56999969482422,45.46696853637695,1549700,0.328,0.0,0.0
2006-04-04,86.69999694824219,86.9000015258789,86.36000061035156,86.4800033569336,45.41971206665039,749100,0.0,0.0,0.0
2006-04-05,86.69999694824219,86.77999877929688,86.5,86.5999984741211,45.48271179199219,638600,0.0,0.0,0.0
2006-04-06,86.29000091552734,86.29000091552734,85.76000213623047,85.94000244140625,45.13608169555664,2022100,0.0,0.0,0.0
2006-04-07,85.43000030517578,85.62999725341797,84.9000015258789,85.0999984741211,44.69490432739258,1956500,0.0,0.0,0.0
2006-04-10,85.1500015258789,85.30000305175781,84.95999908447266,85.26000213623047,44.77894592285156,1527100,0.0,0.0,0.0
2006-04-11,85.58000183105469,85.69999694824219,85.33000183105469,85.55999755859375,44.93650436401367,1237300,0.0,0.0,0.0
2006-04-12,85.5999984741211,85.7300033569336,85.0,85.04000091552734,44.66341781616211,1902000,0.0,0.0,0.0
2006-04-13,84.5,84.63999938964844,84.2699966430664,84.44000244140625,44.34827423095703,3219400,0.0,0.0,0.0
2006-04-17,84.54000091552734,84.97000122070312,84.3499984741211,84.75,44.51111602783203,1465400,0.0,0.0,0.0
2006-04-18,84.94999694824219,85.2699966430664,84.73999786376953,84.9000015258789,44.589866638183594,2680300,0.0,0.0,0.0
2006-04-19,84.44999694824219,84.58999633789062,84.05999755859375,84.37999725341797,44.316776275634766,1830300,0.0,0.0,0.0
2006-04-20,84.41999816894531,84.51000213623047,84.12000274658203,84.30999755859375,44.28002166748047,1378200,0.0,0.0,0.0
2006-04-21,84.52999877929688,84.86000061035156,84.25,84.80000305175781,44.537357330322266,1303000,0.0,0.0,0.0
2006-04-24,84.94000244140625,85.38999938964844,84.8499984741211,85.13999938964844,44.715965270996094,991500,0.0,0.0,0.0
2006-04-25,85.04000091552734,85.0999984741211,84.05999755859375,84.12999725341797,44.18546676635742,2067400,0.0,0.0,0.0
2006-04-26,83.8499984741211,84.08000183105469,83.7300033569336,83.98999786376953,44.1119270324707,1544900,0.0,0.0,0.0
2006-04-27,83.75,84.30000305175781,83.6500015258789,84.0999984741211,44.16970443725586,1864200,0.0,0.0,0.0
2006-04-28,83.97000122070312,84.20999908447266,83.76000213623047,84.16000366210938,44.201255798339844,809400,0.0,0.0,0.0
2006-05-01,83.66999816894531,83.68000030517578,83.12000274658203,83.19999694824219,43.86903762817383,1795500,0.33,0.0,0.0
2006-05-02,83.26000213623047,83.54000091552734,83.26000213623047,83.41999816894531,43.98503494262695,1097900,0.0,0.0,0.0
2006-05-03,83.41999816894531,83.43000030517578,82.94000244140625,83.23999786376953,43.890132904052734,1114000,0.0,0.0,0.0
2006-05-04,83.37999725341797,83.4000015258789,83.0999984741211,83.0999984741211,43.81635284423828,977800,0.0,0.0,0.0
2006-05-05,84.0,84.08000183105469,83.48999786376953,83.5999984741211,44.079959869384766,1685900,0.0,0.0,0.0
2006-05-08,83.73999786376953,83.7699966430664,83.52999877929688,83.6500015258789,44.106292724609375,666400,0.0,0.0,0.0
2006-05-09,83.55000305175781,83.68000030517578,83.33000183105469,83.5999984741211,44.079959869384766,341300,0.0,0.0,0.0
2006-05-10,83.80000305175781,84.0199966430664,83.3499984741211,83.75,44.159061431884766,1320200,0.0,0.0,0.0
2006-05-11,83.45999908447266,83.45999908447266,83.08999633789062,83.33999633789062,43.94283676147461,1189800,0.0,0.0,0.0
2006-05-12,82.80999755859375,83.01000213623047,82.55999755859375,82.6500015258789,43.57903289794922,1804700,0.0,0.0,0.0
2006-05-15,82.6500015258789,83.2300033569336,82.6500015258789,82.9800033569336,43.75304412841797,1433500,0.0,0.0,0.0
2006-05-16,83.08000183105469,83.63999938964844,83.08000183105469,83.5999984741211,44.079959869384766,1677600,0.0,0.0,0.0
2006-05-17,82.91000366210938,83.08000183105469,82.72000122070312,83.08000183105469,43.80577087402344,1440800,0.0,0.0,0.0
2006-05-18,83.55000305175781,84.2300033569336,83.52999877929688,84.20999908447266,44.40158462524414,2177700,0.0,0.0,0.0
2006-05-19,84.12000274658203,84.86000061035156,84.08000183105469,84.43000030517578,44.51758575439453,2619500,0.0,0.0,0.0
2006-05-22,84.83999633789062,85.1500015258789,84.4800033569336,84.61000061035156,44.61248779296875,2652000,0.0,0.0,0.0
2006-05-23,84.05000305175781,84.55999755859375,84.02999877929688,84.55999755859375,44.58614730834961,1394900,0.0,0.0,0.0
2006-05-24,84.80999755859375,85.0,84.52999877929688,84.5999984741211,44.607208251953125,1226300,0.0,0.0,0.0
2006-05-25,84.72000122070312,84.7300033569336,84.19000244140625,84.2699966430664,44.43320083618164,678000,0.0,0.0,0.0
2006-05-26,84.23999786376953,84.5,84.20999908447266,84.20999908447266,44.40158462524414,398400,0.0,0.0,0.0
2006-05-30,84.19000244140625,84.30000305175781,84.01000213623047,84.16999816894531,44.38047790527344,482200,0.0,0.0,0.0
2006-05-31,84.33999633789062,84.43000030517578,83.58000183105469,83.66999816894531,44.11688995361328,880700,0.0,0.0,0.0
2006-06-01,83.4000015258789,83.83999633789062,83.3499984741211,83.70999908447266,44.313777923583984,1561100,0.332,0.0,0.0
2006-06-02,84.72000122070312,84.88999938964844,84.5,84.79000091552734,44.88553237915039,2041900,0.0,0.0,0.0
2006-06-05,84.80999755859375,84.81999969482422,84.51000213623047,84.68000030517578,44.82730484008789,1102900,0.0,0.0,0.0
2006-06-06,84.66000366210938,85.18000030517578,84.58999633789062,85.08000183105469,45.039031982421875,2188000,0.0,0.0,0.0
2006-06-07,84.7300033569336,85.0999984741211,84.6500015258789,85.0999984741211,45.04960250854492,1324100,0.0,0.0,0.0
2006-06-08,85.23999786376953,85.77999877929688,85.11000061035156,85.2699966430664,45.1396369934082,3496700,0.0,0.0,0.0
2006-06-09,85.3499984741211,85.81999969482422,85.3499984741211,85.72000122070312,45.37785720825195,657200,0.0,0.0,0.0
2006-06-12,85.68000030517578,85.79000091552734,85.52999877929688,85.79000091552734,45.414878845214844,528700,0.0,0.0,0.0
2006-06-13,85.8499984741211,85.94000244140625,85.55000305175781,85.8499984741211,45.446632385253906,1448300,0.0,0.0,0.0
2006-06-14,85.5,85.55999755859375,84.91000366210938,84.98999786376953,44.99140548706055,1439100,0.0,0.0,0.0
2006-06-15,84.69000244140625,84.83999633789062,84.41000366210938,84.5,44.73200988769531,1734600,0.0,0.0,0.0
2006-06-16,84.69999694824219,84.76000213623047,84.18000030517578,84.30999755859375,44.63142395019531,1184600,0.0,0.0,0.0
2006-06-19,84.20999908447266,84.29000091552734,83.9800033569336,84.19000244140625,44.56787872314453,1233700,0.0,0.0,0.0
2006-06-20,84.12999725341797,84.19000244140625,83.87999725341797,84.05000305175781,44.493770599365234,611400,0.0,0.0,0.0
2006-06-21,84.25,84.25,84.06999969482422,84.06999969482422,44.50437927246094,476000,0.0,0.0,0.0
2006-06-22,83.83999633789062,83.9000015258789,83.55999755859375,83.58999633789062,44.25026321411133,745500,0.0,0.0,0.0
2006-06-23,83.62000274658203,83.7300033569336,83.3499984741211,83.41999816894531,44.16025924682617,675500,0.0,0.0,0.0
2006-06-26,83.41999816894531,83.47000122070312,83.12000274658203,83.26000213623047,44.0755615234375,526100,0.0,0.0,0.0
2006-06-27,83.37999725341797,83.73999786376953,83.37999725341797,83.66999816894531,44.29263687133789,429100,0.0,0.0,0.0
2006-06-28,83.62999725341797,83.62999725341797,83.19000244140625,83.2300033569336,44.0596923828125,381300,0.0,0.0,0.0
2006-06-29,83.58000183105469,83.81999969482422,83.36000061035156,83.51000213623047,44.207916259765625,1609300,0.0,0.0,0.0
2006-06-30,83.5,84.4000015258789,83.5,84.31999969482422,44.63671875,1219000,0.0,0.0,0.0
2006-07-03,83.9000015258789,83.95999908447266,83.7300033569336,83.91000366210938,44.592586517333984,716800,0.327,0.0,0.0
2006-07-05,83.4000015258789,83.41999816894531,82.94999694824219,83.23999786376953,44.23652648925781,1289200,0.0,0.0,0.0
2006-07-06,83.33000183105469,83.79000091552734,83.33000183105469,83.75,44.50754928588867,451400,0.0,0.0,0.0
2006-07-07,84.19999694824219,84.45999908447266,84.08000183105469,84.29000091552734,44.79454040527344,1356900,0.0,0.0,0.0
2006-07-10,84.18000030517578,84.4000015258789,84.05000305175781,84.37000274658203,44.83707809448242,480400,0.0,0.0,0.0
2006-07-11,84.58999633789062,84.86000061035156,84.58000183105469,84.63999938964844,44.98049545288086,423800,0.0,0.0,0.0
2006-07-12,84.33000183105469,84.81999969482422,84.2699966430664,84.66000366210938,44.99116897583008,641000,0.0,0.0,0.0
2006-07-13,84.69999694824219,85.05000305175781,84.68000030517578,84.98999786376953,45.16655731201172,1347400,0.0,0.0,0.0
2006-07-14,84.81999969482422,85.16000366210938,84.81999969482422,85.04000091552734,45.19310760498047,1343900,0.0,0.0,0.0
2006-07-17,84.97000122070312,85.19000244140625,84.8499984741211,85.16999816894531,45.262210845947266,514100,0.0,0.0,0.0
2006-07-18,84.69999694824219,84.75,84.4000015258789,84.44000244140625,44.874263763427734,621000,0.0,0.0,0.0
2006-07-19,84.33000183105469,85.30000305175781,84.23999786376953,85.23999786376953,45.29941177368164,1267400,0.0,0.0,0.0
2006-07-20,84.97000122070312,85.62999725341797,84.97000122070312,85.48999786376953,45.432254791259766,1320200,0.0,0.0,0.0
2006-07-21,85.5999984741211,85.66999816894531,85.19999694824219,85.33000183105469,45.34725570678711,652100,0.0,0.0,0.0
2006-07-24,85.41000366210938,85.51000213623047,85.20999908447266,85.27999877929688,45.320648193359375,393900,0.0,0.0,0.0
2006-07-25,85.2300033569336,85.37999725341797,84.9000015258789,85.02999877929688,45.18782424926758,948200,0.0,0.0,0.0
2006-07-26,84.91000366210938,85.37000274658203,84.87000274658203,85.33999633789062,45.352542877197266,717100,0.0,0.0,0.0
2006-07-27,85.4800033569336,85.4800033569336,85.12000274658203,85.20999908447266,45.283470153808594,295500,0.0,0.0,0.0
2006-07-28,85.6500015258789,85.88999938964844,85.5999984741211,85.69999694824219,45.543880462646484,769800,0.0,0.0,0.0
2006-07-31,85.62000274658203,85.80999755859375,85.55000305175781,85.80999755859375,45.602352142333984,375100,0.0,0.0,0.0
2006-08-01,85.31999969482422,85.5,85.04000091552734,85.45999908447266,45.59805679321289,577800,0.342,0.0,0.0
2006-08-02,85.37000274658203,85.77999877929688,85.19999694824219,85.77999877929688,45.768798828125,477400,0.0,0.0,0.0
2006-08-03,85.62999725341797,86.04000091552734,85.5199966430664,85.80000305175781,45.7794303894043,500500,0.0,0.0,0.0
2006-08-04,86.4000015258789,86.4800033569336,86.29000091552734,86.31999969482422,46.05691146850586,1246000,0.0,0.0,0.0
2006-08-07,86.33000183105469,86.38999938964844,86.18000030517578,86.37000274658203,46.08361053466797,1127600,0.0,0.0,0.0
2006-08-08,86.37999725341797,86.56999969482422,86.08999633789062,86.18000030517578,45.98220443725586,844400,0.0,0.0,0.0
2006-08-09,85.75,86.0199966430664,85.70999908447266,85.9000015258789,45.83280944824219,372400,0.0,0.0,0.0
2006-08-10,85.8499984741211,85.8499984741211,85.44999694824219,85.7699966430664,45.76344680786133,539000,0.0,0.0,0.0
2006-08-11,85.47000122070312,85.52999877929688,85.36000061035156,85.4000015258789,45.5660400390625,450800,0.0,0.0,0.0
2006-08-14,85.3499984741211,85.37000274658203,85.19000244140625,85.25,45.485984802246094,662300,0.0,0.0,0.0
2006-08-15,85.77999877929688,86.08999633789062,85.77999877929688,85.97000122070312,45.870140075683594,1093800,0.0,0.0,0.0
2006-08-16,86.56999969482422,86.63999938964844,86.45999908447266,86.55000305175781,46.179588317871094,838900,0.0,0.0,0.0
2006-08-17,86.7699966430664,86.7699966430664,86.41999816894531,86.5199966430664,46.16362762451172,922300,0.0,0.0,0.0
2006-08-18,86.72000122070312,86.91000366210938,86.6500015258789,86.7699966430664,46.29703903198242,1050700,0.0,0.0,0.0
2006-08-21,86.88999938964844,87.08000183105469,86.87000274658203,87.08000183105469,46.4624137878418,676400,0.0,0.0,0.0
2006-08-22,87.0,87.2300033569336,86.97000122070312,87.11000061035156,46.47844314575195,749300,0.0,0.0,0.0
2006-08-23,87.05999755859375,87.23999786376953,86.86000061035156,87.1500015258789,46.49977493286133,801700,0.0,0.0,0.0
2006-08-24,87.41000366210938,87.44000244140625,87.23999786376953,87.30999755859375,46.585140228271484,1206700,0.0,0.0,0.0
2006-08-25,87.23999786376953,87.58999633789062,87.19999694824219,87.44000244140625,46.65448760986328,569000,0.0,0.0,0.0
2006-08-28,87.41000366210938,87.5199966430664,87.23999786376953,87.5199966430664,46.69718551635742,582300,0.0,0.0,0.0
2006-08-29,87.25,87.63999938964844,86.9800033569336,87.63999938964844,46.761234283447266,1345600,0.0,0.0,0.0
2006-08-30,87.83000183105469,87.87000274658203,87.66000366210938,87.87000274658203,46.883949279785156,1180500,0.0,0.0,0.0
2006-08-31,87.73999786376953,88.19999694824219,87.73999786376953,88.08000183105469,46.99596405029297,1272400,0.0,0.0,0.0
2006-09-01,87.62000274658203,87.9000015258789,87.47000122070312,87.76000213623047,47.01205825805664,893400,0.35,0.0,0.0
2006-09-05,87.51000213623047,87.63999938964844,87.16000366210938,87.20999908447266,46.71742630004883,2271300,0.0,0.0,0.0
2006-09-06,86.88999938964844,87.08999633789062,86.72000122070312,87.08999633789062,46.653114318847656,1853400,0.0,0.0,0.0
2006-09-07,86.93000030517578,87.31999969482422,86.73999786376953,87.26000213623047,46.744224548339844,1716100,0.0,0.0,0.0
2006-09-08,87.48999786376953,87.5999984741211,87.33000183105469,87.33000183105469,46.78169631958008,540300,0.0,0.0,0.0
2006-09-11,87.48999786376953,87.48999786376953,86.94999694824219,87.25,46.73884201049805,557600,0.0,0.0,0.0
2006-09-12,87.1500015258789,87.70999908447266,87.0,87.69000244140625,46.97455596923828,820800,0.0,0.0,0.0
2006-09-13,88.02999877929688,88.02999877929688,87.66000366210938,87.7300033569336,46.9959831237793,797000,0.0,0.0,0.0
2006-09-14,87.6500015258789,87.87000274658203,87.41999816894531,87.52999877929688,46.888816833496094,672800,0.0,0.0,0.0
2006-09-15,87.76000213623047,87.94999694824219,87.44999694824219,87.45999908447266,46.85133743286133,1047200,0.0,0.0,0.0
2006-09-18,86.97000122070312,87.37999725341797,86.97000122070312,87.31999969482422,46.77634048461914,871400,0.0,0.0,0.0
2006-09-19,87.86000061035156,88.30000305175781,87.83999633789062,88.30000305175781,47.301353454589844,1229600,0.0,0.0,0.0
2006-09-20,88.37999725341797,88.4800033569336,88.13999938964844,88.43000030517578,47.37091064453125,827400,0.0,0.0,0.0
2006-09-21,88.3499984741211,89.27999877929688,88.3499984741211,89.23999786376953,47.804840087890625,1698600,0.0,0.0,0.0
2006-09-22,89.31999969482422,89.69999694824219,89.31999969482422,89.68000030517578,48.04053497314453,1428600,0.0,0.0,0.0
2006-09-25,89.83999633789062,90.30999755859375,89.80999755859375,90.30999755859375,48.37803649902344,2607600,0.0,0.0,0.0
2006-09-26,90.0,90.0999984741211,89.81999969482422,89.93000030517578,48.17448043823242,2200000,0.0,0.0,0.0
2006-09-27,90.25,90.27999877929688,89.62999725341797,89.66999816894531,48.03523635864258,1165400,0.0,0.0,0.0
2006-09-28,89.43000030517578,89.58999633789062,89.2699966430664,89.5199966430664,47.9548454284668,1796800,0.0,0.0,0.0
2006-09-29,89.69000244140625,89.7300033569336,89.08999633789062,89.41000366210938,47.89593505859375,1398000,0.0,0.0,0.0
2006-10-02,89.0999984741211,89.44999694824219,88.97000122070312,89.30000305175781,48.027156829833984,1211900,0.354,0.0,0.0
2006-10-03,89.4000015258789,89.44000244140625,89.1500015258789,89.18000030517578,47.96263885498047,854900,0.0,0.0,0.0
2006-10-04,89.33000183105469,89.8499984741211,89.33000183105469,89.83000183105469,48.31218719482422,1155500,0.0,0.0,0.0
2006-10-05,89.54000091552734,89.54000091552734,88.94999694824219,89.19999694824219,47.973411560058594,1241600,0.0,0.0,0.0
2006-10-06,89.08999633789062,89.0999984741211,88.22000122070312,88.2699966430664,47.47325134277344,2472400,0.0,0.0,0.0
2006-10-09,88.0999984741211,88.5999984741211,88.01000213623047,88.51000213623047,47.60227584838867,834900,0.0,0.0,0.0
2006-10-10,87.94999694824219,88.11000061035156,87.62999725341797,87.80999755859375,47.225852966308594,1398700,0.0,0.0,0.0
2006-10-11,87.94999694824219,88.02999877929688,87.41999816894531,87.55000305175781,47.08598327636719,1521600,0.0,0.0,0.0
2006-10-12,87.62999725341797,87.7699966430664,87.4800033569336,87.5999984741211,47.112876892089844,586400,0.0,0.0,0.0
2006-10-13,87.29000091552734,87.36000061035156,87.11000061035156,87.16000366210938,46.87623596191406,1414100,0.0,0.0,0.0
2006-10-16,87.4000015258789,87.55999755859375,87.37000274658203,87.55000305175781,47.08598327636719,897600,0.0,0.0,0.0
2006-10-17,87.87999725341797,88.05000305175781,87.51000213623047,87.62000274658203,47.12363052368164,730800,0.0,0.0,0.0
2006-10-18,87.69000244140625,87.87999725341797,87.55000305175781,87.80000305175781,47.22047424316406,499600,0.0,0.0,0.0
2006-10-19,87.58999633789062,87.76000213623047,87.36000061035156,87.63999938964844,47.13441848754883,797300,0.0,0.0,0.0
2006-10-20,87.61000061035156,87.69999694824219,87.55000305175781,87.55000305175781,47.08598327636719,280700,0.0,0.0,0.0
2006-10-23,87.1500015258789,87.20999908447266,86.87999725341797,87.19999694824219,46.89772033691406,1200600,0.0,0.0,0.0
2006-10-24,87.16999816894531,87.25,87.1500015258789,87.19999694824219,46.89772033691406,243400,0.0,0.0,0.0
2006-10-25,87.2699966430664,87.97000122070312,87.2300033569336,87.88999938964844,47.26885986328125,558400,0.0,0.0,0.0
2006-10-26,88.1500015258789,88.5199966430664,88.1500015258789,88.45999908447266,47.57538604736328,1558300,0.0,0.0,0.0
2006-10-27,89.0199966430664,89.05000305175781,88.69999694824219,88.87000274658203,47.79591751098633,1601500,0.0,0.0,0.0
2006-10-30,88.88999938964844,89.12000274658203,88.83999633789062,89.12000274658203,47.93037796020508,901200,0.0,0.0,0.0
2006-10-31,89.25,89.87000274658203,89.13999938964844,89.80999755859375,48.30147171020508,964600,0.0,0.0,0.0
2006-11-01,89.61000061035156,90.12000274658203,89.44999694824219,89.95999908447266,48.568687438964844,1440100,0.345,0.0,0.0
2006-11-02,89.62999725341797,89.7699966430664,89.4800033569336,89.58999633789062,48.368896484375,853300,0.0,0.0,0.0
2006-11-03,88.66999816894531,88.83999633789062,88.30000305175781,88.52999877929688,47.7966423034668,1534100,0.0,0.0,0.0
2006-11-06,88.3499984741211,88.79000091552734,88.3499984741211,88.79000091552734,47.93705368041992,528000,0.0,0.0,0.0
2006-11-07,89.27999877929688,89.51000213623047,89.12000274658203,89.19999694824219,48.158409118652344,525900,0.0,0.0,0.0
2006-11-08,89.23999786376953,89.5199966430664,89.08999633789062,89.5199966430664,48.33112335205078,706300,0.0,0.0,0.0
2006-11-09,89.47000122070312,89.58999633789062,89.37999725341797,89.47000122070312,48.30414962768555,729600,0.0,0.0,0.0
2006-11-10,89.6500015258789,90.04000091552734,89.6500015258789,89.86000061035156,48.51474380493164,738100,0.0,0.0,0.0
2006-11-13,89.83999633789062,89.83999633789062,89.47000122070312,89.83999633789062,48.50392150878906,462400,0.0,0.0,0.0
2006-11-14,90.33999633789062,90.38999938964844,90.12000274658203,90.19000244140625,48.692893981933594,916400,0.0,0.0,0.0
2006-11-15,90.05000305175781,90.05000305175781,89.73999786376953,89.8499984741211,48.50932693481445,1803200,0.0,0.0,0.0
2006-11-16,90.0,90.05000305175781,89.27999877929688,89.44000244140625,48.287933349609375,1494400,0.0,0.0,0.0
2006-11-17,89.55999755859375,90.22000122070312,89.51000213623047,89.94999694824219,48.563350677490234,1752000,0.0,0.0,0.0
2006-11-20,90.0,90.12000274658203,89.86000061035156,90.08999633789062,48.63883590698242,857200,0.0,0.0,0.0
2006-11-21,90.13999938964844,90.38999938964844,89.95999908447266,90.30999755859375,48.75762939453125,605100,0.0,0.0,0.0
2006-11-22,90.36000061035156,90.51000213623047,90.2699966430664,90.45999908447266,48.83863067626953,770300,0.0,0.0,0.0
2006-11-24,90.75,90.9000015258789,90.62000274658203,90.62000274658203,48.9250373840332,533400,0.0,0.0,0.0
2006-11-27,90.2300033569336,90.94999694824219,90.12000274658203,90.94999694824219,49.10315704345703,784500,0.0,0.0,0.0
2006-11-28,91.23999786376953,91.25,90.76000213623047,91.13999938964844,49.205745697021484,1466300,0.0,0.0,0.0
2006-11-29,91.30000305175781,91.36000061035156,90.91000366210938,90.93000030517578,49.09241485595703,1206400,0.0,0.0,0.0
2006-11-30,91.2699966430664,91.62999725341797,91.13999938964844,91.52999877929688,49.41635513305664,1428600,0.0,0.0,0.0
2006-12-01,91.27999877929688,91.80000305175781,91.1500015258789,91.41999816894531,49.54203796386719,1156000,0.342,0.0,0.0
2006-12-04,91.30000305175781,91.62000274658203,91.22000122070312,91.58000183105469,49.628761291503906,460700,0.0,0.0,0.0
2006-12-05,91.36000061035156,91.5199966430664,91.0,91.1500015258789,49.39573669433594,1833700,0.0,0.0,0.0
2006-12-06,91.02999877929688,91.18000030517578,90.88999938964844,90.97000122070312,49.29817199707031,936100,0.0,0.0,0.0
2006-12-07,90.98999786376953,91.08999633789062,90.75,90.9000015258789,49.26025390625,739200,0.0,0.0,0.0
2006-12-08,90.8499984741211,90.97000122070312,90.19000244140625,90.23999786376953,48.90263366699219,2090300,0.0,0.0,0.0
2006-12-11,90.62999725341797,90.73999786376953,90.51000213623047,90.62999725341797,49.11395263671875,727700,0.0,0.0,0.0
2006-12-12,90.7300033569336,90.97000122070312,90.44999694824219,90.81999969482422,49.216888427734375,802800,0.0,0.0,0.0
2006-12-13,90.30999755859375,90.3499984741211,89.81999969482422,90.01000213623047,48.7779426574707,1217900,0.0,0.0,0.0
2006-12-14,89.81999969482422,89.9000015258789,89.5999984741211,89.68000030517578,48.599090576171875,687600,0.0,0.0,0.0
2006-12-15,90.58000183105469,90.66000366210938,89.5999984741211,89.7300033569336,48.626216888427734,1162100,0.0,0.0,0.0
2006-12-18,89.72000122070312,89.83999633789062,89.58999633789062,89.76000213623047,48.64247512817383,441400,0.0,0.0,0.0
2006-12-19,89.51000213623047,89.80999755859375,89.51000213623047,89.63999938964844,48.57746505737305,930700,0.0,0.0,0.0
2006-12-20,89.6500015258789,89.68000030517578,89.55000305175781,89.62999725341797,48.572025299072266,336800,0.0,0.0,0.0
2006-12-21,89.70999908447266,90.19000244140625,89.5999984741211,90.08000183105469,48.81585693359375,770700,0.0,0.0,0.0
2006-12-22,89.83000183105469,89.8499984741211,89.20999908447266,89.38999938964844,48.44196701049805,1433200,0.0,0.0,0.0
2006-12-26,89.44999694824219,89.69000244140625,89.36000061035156,89.66000366210938,48.58830642700195,496200,0.0,0.0,0.0
2006-12-27,89.27999877929688,89.33000183105469,88.69999694824219,88.69999694824219,48.23102951049805,840700,0.303,0.0,0.0
2006-12-28,88.9000015258789,88.95999908447266,88.05999755859375,88.5,48.12230682373047,1080200,0.0,0.0,0.0
2006-12-29,88.3499984741211,88.55000305175781,88.20999908447266,88.43000030517578,48.08420944213867,775500,0.0,0.0,0.0
2007-01-03,89.22000122070312,89.45999908447266,88.66000366210938,89.05999755859375,48.42677307128906,1870400,0.0,0.0,0.0
2007-01-04,89.22000122070312,89.6500015258789,89.22000122070312,89.5999984741211,48.72041320800781,1697000,0.0,0.0,0.0
2007-01-05,88.80000305175781,89.4000015258789,88.75,89.20999908447266,48.50837326049805,1298400,0.0,0.0,0.0
2007-01-08,89.12000274658203,89.37000274658203,89.05000305175781,89.37000274658203,48.595375061035156,414200,0.0,0.0,0.0
2007-01-09,89.4800033569336,89.4800033569336,89.22000122070312,89.37000274658203,48.595375061035156,481500,0.0,0.0,0.0
2007-01-10,89.06999969482422,89.12999725341797,88.87999725341797,88.97000122070312,48.37786102294922,519600,0.0,0.0,0.0
2007-01-11,88.79000091552734,88.80000305175781,88.26000213623047,88.44999694824219,48.0950927734375,1293500,0.0,0.0,0.0
2007-01-12,88.1500015258789,88.83999633789062,87.9000015258789,88.04000091552734,47.872154235839844,846300,0.0,0.0,0.0
2007-01-16,88.2300033569336,88.23999786376953,88.02999877929688,88.2300033569336,47.97547149658203,702800,0.0,0.0,0.0
2007-01-17,88.20999908447266,88.2699966430664,87.81999969482422,87.95999908447266,47.828670501708984,724200,0.0,0.0,0.0
2007-01-18,87.94000244140625,88.27999877929688,87.77999877929688,88.2300033569336,47.97547149658203,918300,0.0,0.0,0.0
2007-01-19,88.1500015258789,88.1500015258789,87.87000274658203,87.98999786376953,47.84493637084961,882500,0.0,0.0,0.0
2007-01-22,88.1500015258789,88.33000183105469,88.12000274658203,88.19999694824219,47.959171295166016,432000,0.0,0.0,0.0
2007-01-23,88.0199966430664,88.05000305175781,87.56999969482422,87.62000274658203,47.64377212524414,1096800,0.0,0.0,0.0
2007-01-24,87.66000366210938,87.69999694824219,87.5,87.61000061035156,47.638336181640625,463700,0.0,0.0,0.0
2007-01-25,87.44999694824219,87.47000122070312,86.87999725341797,86.9800033569336,47.295780181884766,1397000,0.0,0.0,0.0
2007-01-26,86.77999877929688,87.08000183105469,86.6500015258789,86.91000366210938,47.257755279541016,1576800,0.0,0.0,0.0
2007-01-29,87.05999755859375,87.0999984741211,86.5999984741211,86.72000122070312,47.15440368652344,1015300,0.0,0.0,0.0
2007-01-30,86.88999938964844,86.91000366210938,86.76000213623047,86.81999969482422,47.20877456665039,1295100,0.0,0.0,0.0
2007-01-31,86.69999694824219,87.61000061035156,86.69999694824219,87.55000305175781,47.6057243347168,2078000,0.0,0.0,0.0
2007-02-01,87.6500015258789,87.76000213623047,87.0,87.08999633789062,47.54837417602539,986200,0.355,0.0,0.0
2007-02-02,87.08000183105469,87.38999938964844,87.08000183105469,87.19999694824219,47.608421325683594,814700,0.0,0.0,0.0
2007-02-05,87.4000015258789,87.45999908447266,87.16000366210938,87.31999969482422,47.67398452758789,395500,0.0,0.0,0.0
2007-02-06,87.19999694824219,87.83000183105469,87.16000366210938,87.80000305175781,47.936073303222656,770500,0.0,0.0,0.0
2007-02-07,87.9000015258789,88.12000274658203,87.83999633789062,88.05999755859375,48.07799530029297,836200,0.0,0.0,0.0
2007-02-08,87.98999786376953,88.30999755859375,87.91000366210938,88.12999725341797,48.11620330810547,980200,0.0,0.0,0.0
2007-02-09,87.88999938964844,87.91999816894531,87.55000305175781,87.62999725341797,47.84318542480469,878300,0.0,0.0,0.0
2007-02-12,87.48999786376953,87.6500015258789,87.33000183105469,87.43000030517578,47.7340087890625,467600,0.0,0.0,0.0
2007-02-13,87.48999786376953,87.48999786376953,87.19999694824219,87.23999786376953,47.63029861450195,1310600,0.0,0.0,0.0
2007-02-14,87.5199966430664,88.19000244140625,87.5199966430664,88.06999969482422,48.083412170410156,2262500,0.0,0.0,0.0
2007-02-15,88.52999877929688,88.58000183105469,88.33000183105469,88.33000183105469,48.225372314453125,893800,0.0,0.0,0.0
2007-02-16,88.58999633789062,88.72000122070312,88.4800033569336,88.63999938964844,48.394676208496094,1476700,0.0,0.0,0.0
2007-02-20,88.5,88.8499984741211,88.5,88.83999633789062,48.50381088256836,847400,0.0,0.0,0.0
2007-02-21,88.52999877929688,88.69999694824219,88.4800033569336,88.69000244140625,48.4219856262207,379800,0.0,0.0,0.0
2007-02-22,88.41000366210938,88.44999694824219,88.08999633789062,88.20999908447266,48.15986251831055,485200,0.0,0.0,0.0
2007-02-23,88.52999877929688,88.94000244140625,88.48999786376953,88.83999633789062,48.50381088256836,735700,0.0,0.0,0.0
2007-02-26,89.1500015258789,89.44000244140625,89.11000061035156,89.43000030517578,48.82594680786133,763400,0.0,0.0,0.0
2007-02-27,89.73999786376953,91.26000213623047,89.5999984741211,90.55999755859375,49.44291305541992,3243200,0.0,0.0,0.0
2007-02-28,90.16000366210938,90.47000122070312,89.88999938964844,90.1500015258789,49.21906280517578,1701900,0.0,0.0,0.0
2007-03-01,90.27999877929688,90.43000030517578,89.6500015258789,89.75,49.18781661987305,2423900,0.343,0.0,0.0
2007-03-02,89.95999908447266,90.4800033569336,89.66999816894531,90.19999694824219,49.4344482421875,1619800,0.0,0.0,0.0
2007-03-05,90.4800033569336,90.5,90.05999755859375,90.3499984741211,49.51663589477539,1505200,0.0,0.0,0.0
2007-03-06,90.05999755859375,90.36000061035156,89.98999786376953,90.08000183105469,49.36867141723633,837400,0.0,0.0,0.0
2007-03-07,90.08000183105469,90.5,89.9800033569336,90.43000030517578,49.56047058105469,915400,0.0,0.0,0.0
2007-03-08,90.29000091552734,90.41999816894531,90.11000061035156,90.3499984741211,49.51663589477539,574700,0.0,0.0,0.0
2007-03-09,89.37999725341797,89.9000015258789,89.19000244140625,89.4000015258789,48.99595642089844,1534700,0.0,0.0,0.0
2007-03-12,89.7300033569336,89.9800033569336,89.68000030517578,89.75,49.18781661987305,594400,0.0,0.0,0.0
2007-03-13,90.2300033569336,90.33999633789062,89.9800033569336,90.29000091552734,49.4837532043457,553800,0.0,0.0,0.0
2007-03-14,90.1500015258789,90.54000091552734,89.83999633789062,89.87999725341797,49.259029388427734,1698100,0.0,0.0,0.0
2007-03-15,89.76000213623047,89.95999908447266,89.66999816894531,89.87000274658203,49.253597259521484,394900,0.0,0.0,0.0
2007-03-16,89.66999816894531,89.91999816894531,89.6500015258789,89.8499984741211,49.24262619018555,623800,0.0,0.0,0.0
2007-03-19,89.58000183105469,89.69999694824219,89.5199966430664,89.66000366210938,49.13852310180664,693900,0.0,0.0,0.0
2007-03-20,89.91000366210938,89.94999694824219,89.69000244140625,89.70999908447266,49.165889739990234,768400,0.0,0.0,0.0
2007-03-21,89.37999725341797,90.08999633789062,88.69000244140625,89.75,49.18781661987305,1513400,0.0,0.0,0.0
2007-03-22,89.4800033569336,89.4800033569336,88.83000183105469,89.04000091552734,48.79868698120117,1484300,0.0,0.0,0.0
2007-03-23,89.19000244140625,89.19999694824219,88.77999877929688,88.79000091552734,48.661705017089844,1679700,0.0,0.0,0.0
2007-03-26,88.62000274658203,89.2699966430664,88.5,88.9000015258789,48.72196960449219,763600,0.0,0.0,0.0
2007-03-27,88.63999938964844,88.80999755859375,88.55999755859375,88.75,48.63972473144531,619800,0.0,0.0,0.0
2007-03-28,88.91000366210938,89.11000061035156,88.41000366210938,88.56999969482422,48.5411262512207,816900,0.0,0.0,0.0
2007-03-29,88.54000091552734,88.66999816894531,88.31999969482422,88.44999694824219,48.475318908691406,823000,0.0,0.0,0.0
2007-03-30,88.6500015258789,88.91999816894531,88.22000122070312,88.27999877929688,48.382198333740234,2015100,0.0,0.0,0.0
2007-04-02,88.11000061035156,88.22000122070312,88.01000213623047,88.0999984741211,48.46249008178711,579600,0.326,0.0,0.0
2007-04-03,88.0199966430664,88.16999816894531,87.9800033569336,87.98999786376953,48.401954650878906,617000,0.0,0.0,0.0
2007-04-04,88.16999816894531,88.33999633789062,87.9000015258789,88.08000183105469,48.45146560668945,576900,0.0,0.0,0.0
2007-04-05,88.0999984741211,88.12000274658203,87.70999908447266,87.75,48.26999282836914,436400,0.0,0.0,0.0
2007-04-09,87.27999877929688,87.30999755859375,87.12999725341797,87.16999816894531,47.95091247558594,1283900,0.0,0.0,0.0
2007-04-10,87.38999938964844,87.55000305175781,87.30999755859375,87.43000030517578,48.09391784667969,674400,0.0,0.0,0.0
2007-04-11,87.47000122070312,87.58000183105469,87.27999877929688,87.37000274658203,48.06096267700195,476200,0.0,0.0,0.0
2007-04-12,87.5,87.56999969482422,87.27999877929688,87.38999938964844,48.07195281982422,495100,0.0,0.0,0.0
2007-04-13,87.41000366210938,87.47000122070312,87.01000213623047,87.12000274658203,47.92340850830078,557800,0.0,0.0,0.0
2007-04-16,87.4000015258789,87.68000030517578,87.4000015258789,87.5999984741211,48.18745803833008,833600,0.0,0.0,0.0
2007-04-17,87.88999938964844,88.16000366210938,87.83999633789062,88.08999633789062,48.45699691772461,1254200,0.0,0.0,0.0
2007-04-18,88.37000274658203,88.55999755859375,88.36000061035156,88.52999877929688,48.69902420043945,450800,0.0,0.0,0.0
2007-04-19,88.66000366210938,88.70999908447266,88.19999694824219,88.37999725341797,48.61652755737305,1305900,0.0,0.0,0.0
2007-04-20,88.44999694824219,88.44999694824219,88.05999755859375,88.1500015258789,48.48997116088867,664500,0.0,0.0,0.0
2007-04-23,88.13999938964844,88.58999633789062,88.04000091552734,88.47000122070312,48.666015625,419000,0.0,0.0,0.0
2007-04-24,88.44999694824219,88.81999969482422,88.44999694824219,88.80000305175781,48.847557067871094,881300,0.0,0.0,0.0
2007-04-25,88.56999969482422,88.79000091552734,88.11000061035156,88.48999786376953,48.67702865600586,569000,0.0,0.0,0.0
2007-04-26,88.43000030517578,88.43000030517578,87.8499984741211,87.8499984741211,48.32499313354492,2048400,0.0,0.0,0.0
2007-04-27,88.01000213623047,88.05000305175781,87.77999877929688,87.83000183105469,48.31395721435547,428700,0.0,0.0,0.0
2007-04-30,88.33000183105469,88.75,88.25,88.75,48.81999969482422,485700,0.0,0.0,0.0
2007-05-01,88.58000183105469,88.63999938964844,88.11000061035156,88.48999786376953,48.85538864135742,487200,0.324,0.0,0.0
2007-05-02,88.44000244140625,88.4800033569336,88.29000091552734,88.44000244140625,48.82777404785156,443900,0.0,0.0,0.0
2007-05-03,88.37000274658203,88.37000274658203,88.01000213623047,88.23999786376953,48.71739959716797,427000,0.0,0.0,0.0
2007-05-04,88.5199966430664,88.63999938964844,88.5,88.5999984741211,48.916107177734375,262000,0.0,0.0,0.0
2007-05-07,88.69999694824219,88.8499984741211,88.66999816894531,88.83999633789062,49.048641204833984,210200,0.0,0.0,0.0
2007-05-08,89.01000213623047,89.01000213623047,88.63999938964844,88.63999938964844,48.938236236572266,488400,0.0,0.0,0.0
2007-05-09,88.6500015258789,88.66000366210938,88.26000213623047,88.29000091552734,48.74494171142578,634900,0.0,0.0,0.0
2007-05-10,88.4000015258789,88.58999633789062,88.30999755859375,88.5,48.860904693603516,519500,0.0,0.0,0.0
2007-05-11,88.63999938964844,88.69999694824219,88.12999725341797,88.19000244140625,48.68977355957031,1238400,0.0,0.0,0.0
2007-05-14,88.2300033569336,88.27999877929688,87.95999908447266,87.95999908447266,48.56276321411133,315200,0.0,0.0,0.0
2007-05-15,88.19000244140625,88.20999908447266,87.66000366210938,87.93000030517578,48.54621505737305,382400,0.0,0.0,0.0
2007-05-16,87.86000061035156,88.0,87.83000183105469,87.87000274658203,48.51306915283203,599500,0.0,0.0,0.0
2007-05-17,87.5999984741211,87.72000122070312,87.41000366210938,87.51000213623047,48.3143424987793,397000,0.0,0.0,0.0
2007-05-18,87.3499984741211,87.5,86.87999725341797,86.93000030517578,47.99407958984375,856500,0.0,0.0,0.0
2007-05-21,86.93000030517578,87.23999786376953,86.83000183105469,87.19000244140625,48.13764953613281,821100,0.0,0.0,0.0
2007-05-22,87.18000030517578,87.19999694824219,86.68000030517578,86.73999786376953,47.88920974731445,920200,0.0,0.0,0.0
2007-05-23,86.83999633789062,86.83999633789062,86.30999755859375,86.48999786376953,47.75118637084961,914500,0.0,0.0,0.0
2007-05-24,86.45999908447266,86.58999633789062,85.95999908447266,86.56999969482422,47.79536819458008,1598200,0.0,0.0,0.0
2007-05-25,86.4000015258789,86.61000061035156,86.33000183105469,86.37000274658203,47.684932708740234,754900,0.0,0.0,0.0
2007-05-29,86.51000213623047,86.56999969482422,85.83000183105469,86.36000061035156,47.67938995361328,1055700,0.0,0.0,0.0
2007-05-30,86.79000091552734,86.79000091552734,86.38999938964844,86.54000091552734,47.77878189086914,612000,0.0,0.0,0.0
2007-05-31,86.55999755859375,86.58000183105469,86.04000091552734,86.37999725341797,47.69046401977539,1725900,0.0,0.0,0.0
2007-06-01,85.9000015258789,86.83999633789062,85.54000091552734,85.58999633789062,47.43994140625,1694300,0.338,0.0,0.0
2007-06-04,85.83000183105469,86.0199966430664,85.66999816894531,85.9800033569336,47.656124114990234,877700,0.0,0.0,0.0
2007-06-05,85.88999938964844,85.94000244140625,85.37999725341797,85.44000244140625,47.356788635253906,1145400,0.0,0.0,0.0
2007-06-06,85.36000061035156,85.54000091552734,85.26000213623047,85.4000015258789,47.334632873535156,1129200,0.0,0.0,0.0
2007-06-07,84.62999725341797,84.70999908447266,83.7300033569336,83.87000274658203,46.48657989501953,5010400,0.0,0.0,0.0
2007-06-08,83.61000061035156,84.12000274658203,83.36000061035156,83.80000305175781,46.447784423828125,5307600,0.0,0.0,0.0
2007-06-11,83.48999786376953,83.88999938964844,83.26000213623047,83.55999755859375,46.314727783203125,2043800,0.0,0.0,0.0
2007-06-12,82.91000366210938,83.41999816894531,82.19999694824219,82.3499984741211,45.644100189208984,9043900,0.0,0.0,0.0
2007-06-13,82.69999694824219,83.76000213623047,82.6500015258789,83.33000183105469,46.18730545043945,8751200,0.0,0.0,0.0
2007-06-14,83.13999938964844,83.70999908447266,83.05000305175781,83.12000274658203,46.070892333984375,3384700,0.0,0.0,0.0
2007-06-15,83.41999816894531,83.7300033569336,83.19999694824219,83.69000244140625,46.38678741455078,5827200,0.0,0.0,0.0
2007-06-18,83.62999725341797,83.6500015258789,82.23999786376953,83.5199966430664,46.29258346557617,17704600,0.0,0.0,0.0
2007-06-19,83.81999969482422,84.44999694824219,83.72000122070312,84.30000305175781,46.72489547729492,4620100,0.0,0.0,0.0
2007-06-20,84.0199966430664,84.08000183105469,83.58999633789062,83.62000274658203,46.348018646240234,3031700,0.0,0.0,0.0
2007-06-21,83.54000091552734,83.69999694824219,83.20999908447266,83.22000122070312,46.1263427734375,850400,0.0,0.0,0.0
2007-06-22,83.05000305175781,83.7699966430664,82.94999694824219,83.76000213623047,46.425601959228516,2118900,0.0,0.0,0.0
2007-06-25,84.1500015258789,84.3499984741211,83.95999908447266,84.22000122070312,46.680580139160156,1323500,0.0,0.0,0.0
2007-06-26,84.29000091552734,84.31999969482422,83.97000122070312,84.23999786376953,46.691654205322266,2187800,0.0,0.0,0.0
2007-06-27,84.61000061035156,84.73999786376953,84.19999694824219,84.31999969482422,46.73598098754883,6109300,0.0,0.0,0.0
2007-06-28,84.31999969482422,84.58000183105469,84.18000030517578,84.30000305175781,46.72489547729492,3612500,0.0,0.0,0.0
2007-06-29,84.8499984741211,85.30000305175781,84.63999938964844,85.16999816894531,47.20710754394531,1962200,0.0,0.0,0.0
2007-07-02,84.80999755859375,85.37000274658203,84.80999755859375,85.29000091552734,47.455291748046875,2811700,0.326,0.0,0.0
2007-07-03,85.25,85.33999633789062,84.70999908447266,84.7699966430664,47.165950775146484,1387500,0.0,0.0,0.0
2007-07-05,84.30999755859375,84.41999816894531,83.72000122070312,83.81999969482422,46.637386322021484,4586800,0.0,0.0,0.0
2007-07-06,83.54000091552734,83.55000305175781,83.27999877929688,83.4800033569336,46.44818878173828,1437800,0.0,0.0,0.0
2007-07-09,83.87000274658203,83.93000030517578,83.68000030517578,83.77999877929688,46.61510467529297,795400,0.0,0.0,0.0
2007-07-10,84.4800033569336,85.19999694824219,84.43000030517578,85.19999694824219,47.40519332885742,2258000,0.0,0.0,0.0
2007-07-11,84.94999694824219,85.08999633789062,84.31999969482422,84.31999969482422,46.915565490722656,1191300,0.0,0.0,0.0
2007-07-12,84.55000305175781,84.58000183105469,83.87000274658203,84.02999877929688,46.754173278808594,1941200,0.0,0.0,0.0
2007-07-13,84.44999694824219,84.55000305175781,83.94000244140625,84.26000213623047,46.88217544555664,725900,0.0,0.0,0.0
2007-07-16,84.5199966430664,85.11000061035156,84.5199966430664,85.06999969482422,47.332855224609375,952000,0.0,0.0,0.0
2007-07-17,84.86000061035156,85.08999633789062,84.5,84.88999938964844,47.23273849487305,734200,0.0,0.0,0.0
2007-07-18,84.93000030517578,85.54000091552734,84.80999755859375,85.20999908447266,47.410762786865234,1836800,0.0,0.0,0.0
2007-07-19,84.9000015258789,85.26000213623047,84.80000305175781,85.19000244140625,47.3996467590332,1021000,0.0,0.0,0.0
2007-07-20,85.37999725341797,86.08000183105469,85.31999969482422,85.95999908447266,47.828067779541016,1459900,0.0,0.0,0.0
2007-07-23,85.69000244140625,85.97000122070312,85.69000244140625,85.81999969482422,47.750179290771484,777900,0.0,0.0,0.0
2007-07-24,86.01000213623047,86.16000366210938,85.72000122070312,86.13999938964844,47.92823791503906,1351600,0.0,0.0,0.0
2007-07-25,86.06999969482422,86.38999938964844,86.0,86.30999755859375,48.02280044555664,881100,0.0,0.0,0.0
2007-07-26,86.73999786376953,87.45999908447266,86.6500015258789,87.02999877929688,48.42340850830078,2866400,0.0,0.0,0.0
2007-07-27,87.05000305175781,87.55999755859375,86.8499984741211,87.27999877929688,48.56254577636719,5367800,0.0,0.0,0.0
2007-07-30,87.19000244140625,87.36000061035156,86.91000366210938,87.02999877929688,48.42340850830078,1803900,0.0,0.0,0.0
2007-07-31,87.12999725341797,87.75,86.94999694824219,87.66000366210938,48.77394104003906,2467600,0.0,0.0,0.0
2007-08-01,87.26000213623047,87.54000091552734,87.08999633789062,87.12999725341797,48.66835403442383,2154700,0.341,0.0,0.0
2007-08-02,87.20999908447266,87.44999694824219,86.98999786376953,87.3499984741211,48.79130554199219,2079400,0.0,0.0,0.0
2007-08-03,87.27999877929688,87.93000030517578,87.27999877929688,87.93000030517578,49.115230560302734,1577600,0.0,0.0,0.0
2007-08-06,87.69999694824219,87.72000122070312,87.16999816894531,87.29000091552734,48.75773620605469,1298400,0.0,0.0,0.0
2007-08-07,87.43000030517578,87.70999908447266,86.91999816894531,87.22000122070312,48.718658447265625,1890800,0.0,0.0,0.0
2007-08-08,86.88999938964844,86.88999938964844,85.86000061035156,86.16000366210938,48.12654495239258,6453000,0.0,0.0,0.0
2007-08-09,86.75,86.86000061035156,85.72000122070312,86.27999877929688,48.19357681274414,2637500,0.0,0.0,0.0
2007-08-10,86.48999786376953,86.69999694824219,85.9800033569336,86.08000183105469,48.08186721801758,1496400,0.0,0.0,0.0
2007-08-13,85.91999816894531,86.4000015258789,85.9000015258789,86.33000183105469,48.221500396728516,1312600,0.0,0.0,0.0
2007-08-14,86.0199966430664,86.77999877929688,86.01000213623047,86.55999755859375,48.3499870300293,1314700,0.0,0.0,0.0
2007-08-15,86.6500015258789,86.75,86.25,86.25,48.17679977416992,1101700,0.0,0.0,0.0
2007-08-16,86.87000274658203,87.5999984741211,86.76000213623047,87.13999938964844,48.673988342285156,2410200,0.0,0.0,0.0
2007-08-17,86.4000015258789,86.91000366210938,86.05000305175781,86.79000091552734,48.47846603393555,2114400,0.0,0.0,0.0
2007-08-20,86.95999908447266,87.2699966430664,86.83000183105469,86.83999633789062,48.50637435913086,1048700,0.0,0.0,0.0
2007-08-21,87.0999984741211,87.41000366210938,87.05000305175781,87.26000213623047,48.74102783203125,1517200,0.0,0.0,0.0
2007-08-22,87.05000305175781,87.30999755859375,86.80999755859375,87.12000274658203,48.662811279296875,1137800,0.0,0.0,0.0
2007-08-23,87.08999633789062,87.68000030517578,87.02999877929688,87.41999816894531,48.8303337097168,1618800,0.0,0.0,0.0
2007-08-24,87.7699966430664,88.08000183105469,87.55999755859375,87.8499984741211,49.07050704956055,1614600,0.0,0.0,0.0
2007-08-27,88.27999877929688,88.4800033569336,88.1500015258789,88.30999755859375,49.327449798583984,1585400,0.0,0.0,0.0
2007-08-28,88.43000030517578,88.73999786376953,88.27999877929688,88.45999908447266,49.41129684448242,1298900,0.0,0.0,0.0
2007-08-29,88.48999786376953,88.7699966430664,88.16000366210938,88.22000122070312,49.277191162109375,2686700,0.0,0.0,0.0
2007-08-30,88.61000061035156,88.95999908447266,88.47000122070312,88.80999755859375,49.60676956176758,1806800,0.0,0.0,0.0
2007-08-31,88.58999633789062,89.19999694824219,88.54000091552734,88.87999725341797,49.64591979980469,2763200,0.0,0.0,0.0
2007-09-04,88.83000183105469,89.12999725341797,88.19999694824219,88.55999755859375,49.66941833496094,931000,0.362,0.0,0.0
2007-09-05,88.76000213623047,89.3499984741211,88.72000122070312,89.2699966430664,50.06761932373047,1271500,0.0,0.0,0.0
2007-09-06,89.30999755859375,89.48999786376953,88.94999694824219,89.04000091552734,49.93864059448242,1768400,0.0,0.0,0.0
2007-09-07,89.75,90.5,89.69000244140625,90.30000305175781,50.64530944824219,2852200,0.0,0.0,0.0
2007-09-10,90.5,91.2699966430664,90.5,91.0,51.03790283203125,2495200,0.0,0.0,0.0
2007-09-11,90.87999725341797,91.2699966430664,90.69999694824219,90.93000030517578,50.99867248535156,3925400,0.0,0.0,0.0
2007-09-12,90.9000015258789,90.94000244140625,90.41999816894531,90.58999633789062,50.80797576904297,4458300,0.0,0.0,0.0
2007-09-13,90.30000305175781,90.33000183105469,89.58000183105469,89.77999877929688,50.35369873046875,2020600,0.0,0.0,0.0
2007-09-14,90.58000183105469,90.58999633789062,89.62000274658203,89.91000366210938,50.42659378051758,1357200,0.0,0.0,0.0
2007-09-17,89.81999969482422,90.38999938964844,89.76000213623047,90.33999633789062,50.667762756347656,1285400,0.0,0.0,0.0
2007-09-18,89.80000305175781,90.23999786376953,89.0,89.66000366210938,50.286354064941406,3132800,0.0,0.0,0.0
2007-09-19,88.70999908447266,89.01000213623047,88.37000274658203,88.83000183105469,49.82085418701172,3854700,0.0,0.0,0.0
2007-09-20,88.18000030517578,88.29000091552734,87.0999984741211,87.1500015258789,48.87864685058594,5903200,0.0,0.0,0.0
2007-09-21,87.58000183105469,88.12999725341797,87.58000183105469,87.88999938964844,49.29364776611328,2217600,0.0,0.0,0.0
2007-09-24,88.02999877929688,88.27999877929688,87.91000366210938,88.13999938964844,49.43385314941406,1943600,0.0,0.0,0.0
2007-09-25,88.5,88.62000274658203,87.83000183105469,87.83000183105469,49.25998306274414,2513500,0.0,0.0,0.0
2007-09-26,87.62000274658203,88.12999725341797,87.43000030517578,87.91000366210938,49.30488586425781,2646400,0.0,0.0,0.0
2007-09-27,88.23999786376953,88.77999877929688,88.1500015258789,88.5199966430664,49.647010803222656,1802900,0.0,0.0,0.0
2007-09-28,89.16000366210938,89.33000183105469,88.22000122070312,88.72000122070312,49.759151458740234,1254700,0.0,0.0,0.0
2007-10-01,88.69000244140625,88.9800033569336,88.43000030517578,88.87999725341797,50.043521881103516,1399400,0.345,0.0,0.0
2007-10-02,88.75,89.37000274658203,88.68000030517578,89.16000366210938,50.20111083984375,887800,0.0,0.0,0.0
2007-10-03,89.33000183105469,89.43000030517578,88.7300033569336,88.9000015258789,50.05479431152344,1164600,0.0,0.0,0.0
2007-10-04,89.01000213623047,89.31999969482422,88.91000366210938,89.23999786376953,50.24620056152344,1128700,0.0,0.0,0.0
2007-10-05,88.30999755859375,88.44000244140625,87.70999908447266,88.27999877929688,49.70568084716797,2184700,0.0,0.0,0.0
2007-10-08,87.7699966430664,88.5,87.7699966430664,88.20999908447266,49.66628646850586,280100,0.0,0.0,0.0
2007-10-09,88.16000366210938,88.36000061035156,87.77999877929688,88.0999984741211,49.604331970214844,901000,0.0,0.0,0.0
2007-10-10,87.9800033569336,88.43000030517578,87.79000091552734,88.1500015258789,49.632530212402344,855500,0.0,0.0,0.0
2007-10-11,87.5199966430664,88.08999633789062,87.44999694824219,88.05999755859375,49.581809997558594,1533400,0.0,0.0,0.0
2007-10-12,87.5199966430664,88.18000030517578,87.4800033569336,87.62999725341797,49.339664459228516,1133900,0.0,0.0,0.0
2007-10-15,87.4800033569336,87.72000122070312,87.4000015258789,87.6500015258789,49.35093688964844,553300,0.0,0.0,0.0
2007-10-16,87.6500015258789,87.9800033569336,87.54000091552734,87.68000030517578,49.36787414550781,855500,0.0,0.0,0.0
2007-10-17,87.7699966430664,88.94999694824219,87.7699966430664,88.63999938964844,49.90837478637695,2377000,0.0,0.0,0.0
2007-10-18,89.11000061035156,89.33999633789062,89.0199966430664,89.12999725341797,50.18428039550781,1374100,0.0,0.0,0.0
2007-10-19,89.62999725341797,90.5999984741211,89.61000061035156,90.45999908447266,50.93312072753906,2561800,0.0,0.0,0.0
2007-10-22,90.58000183105469,90.6500015258789,90.06999969482422,90.47000122070312,50.93874740600586,1866500,0.0,0.0,0.0
2007-10-23,90.26000213623047,90.5199966430664,90.0999984741211,90.3499984741211,50.87115478515625,1046600,0.0,0.0,0.0
2007-10-24,90.70999908447266,91.38999938964844,90.55999755859375,91.0199966430664,51.24845886230469,2829300,0.0,0.0,0.0
2007-10-25,91.05999755859375,91.18000030517578,90.69999694824219,90.70999908447266,51.073875427246094,3062200,0.0,0.0,0.0
2007-10-26,90.37000274658203,91.0,90.33999633789062,90.5,50.95563888549805,1366500,0.0,0.0,0.0
2007-10-29,90.5,90.98999786376953,90.4800033569336,90.8499984741211,51.1527099609375,881000,0.0,0.0,0.0
2007-10-30,90.7300033569336,91.01000213623047,90.41999816894531,90.80000305175781,51.124549865722656,1439600,0.0,0.0,0.0
2007-10-31,90.5,90.69999694824219,89.75,89.9800033569336,50.662872314453125,2498500,0.0,0.0,0.0
2007-11-01,89.95999908447266,91.01000213623047,89.95999908447266,90.75,51.32111358642578,2563400,0.394,0.0,0.0
2007-11-02,90.44999694824219,91.54000091552734,90.20999908447266,91.04000091552734,51.48514938354492,1927700,0.0,0.0,0.0
2007-11-05,91.16000366210938,91.38999938964844,90.80000305175781,91.0,51.46249771118164,1021500,0.0,0.0,0.0
2007-11-06,90.5999984741211,91.1500015258789,90.4800033569336,90.55999755859375,51.213653564453125,575800,0.0,0.0,0.0
2007-11-07,90.54000091552734,90.76000213623047,90.31999969482422,90.72000122070312,51.304161071777344,1456100,0.0,0.0,0.0
2007-11-08,90.6500015258789,90.94000244140625,90.43000030517578,90.55999755859375,51.213653564453125,2179600,0.0,0.0,0.0
2007-11-09,91.04000091552734,91.58999633789062,90.93000030517578,91.33000183105469,51.64914321899414,887200,0.0,0.0,0.0
2007-11-12,91.98999786376953,91.98999786376953,91.3499984741211,91.66000366210938,51.83576583862305,460600,0.0,0.0,0.0
2007-11-13,91.41999816894531,91.48999786376953,91.16999816894531,91.31999969482422,51.64347839355469,1116600,0.0,0.0,0.0
2007-11-14,90.94999694824219,91.51000213623047,90.91999816894531,91.41999816894531,51.700042724609375,684400,0.0,0.0,0.0
2007-11-15,91.61000061035156,92.55999755859375,91.48999786376953,92.27999877929688,52.18642807006836,1312900,0.0,0.0,0.0
2007-11-16,92.2699966430664,92.69999694824219,92.20999908447266,92.41000366210938,52.25989532470703,1333800,0.0,0.0,0.0
2007-11-19,92.54000091552734,93.41999816894531,92.41000366210938,93.01000213623047,52.59920883178711,1343900,0.0,0.0,0.0
2007-11-20,93.08999633789062,93.29000091552734,92.80000305175781,92.91000366210938,52.54263687133789,1367800,0.0,0.0,0.0
2007-11-21,93.4000015258789,93.58000183105469,93.23999786376953,93.44999694824219,52.84805679321289,1297800,0.0,0.0,0.0
2007-11-23,93.44000244140625,93.80000305175781,93.30999755859375,93.7300033569336,53.00637435913086,437400,0.0,0.0,0.0
2007-11-26,94.22000122070312,96.36000061035156,94.12000274658203,95.58000183105469,54.0526237487793,4427000,0.0,0.0,0.0
2007-11-27,94.95999908447266,95.25,93.98999786376953,94.66999816894531,53.5379638671875,3100300,0.0,0.0,0.0
2007-11-28,94.55999755859375,94.69000244140625,93.83999633789062,94.02999877929688,53.17599868774414,2088100,0.0,0.0,0.0
2007-11-29,94.81999969482422,95.41999816894531,94.66000366210938,94.83999633789062,53.63410949707031,1594500,0.0,0.0,0.0
2007-11-30,93.87999725341797,94.38999938964844,93.73999786376953,94.37999725341797,53.37397003173828,1952100,0.0,0.0,0.0
2007-12-03,94.76000213623047,95.0999984741211,94.27999877929688,94.75,53.797523498535156,1272700,0.376,0.0,0.0
2007-12-04,94.9000015258789,95.05999755859375,94.1500015258789,94.73999786376953,53.791873931884766,1721200,0.0,0.0,0.0
2007-12-05,94.22000122070312,94.47000122070312,93.55999755859375,93.61000061035156,53.150264739990234,1866000,0.0,0.0,0.0
2007-12-06,93.31999969482422,93.33999633789062,92.54000091552734,92.79000091552734,52.68467330932617,2270200,0.0,0.0,0.0
2007-12-07,92.18000030517578,92.3499984741211,91.37999725341797,91.75,52.09417724609375,2171000,0.0,0.0,0.0
2007-12-10,91.63999938964844,91.69000244140625,90.75,91.19999694824219,51.781890869140625,2242500,0.0,0.0,0.0
2007-12-11,91.7300033569336,93.2300033569336,91.58000183105469,92.98999786376953,52.798221588134766,2892400,0.0,0.0,0.0
2007-12-12,91.44999694824219,92.6500015258789,91.2699966430664,92.02999877929688,52.25316619873047,2225400,0.0,0.0,0.0
2007-12-13,91.61000061035156,91.81999969482422,90.9000015258789,91.02999877929688,51.68539810180664,1222100,0.0,0.0,0.0
2007-12-14,90.79000091552734,90.91999816894531,90.5,90.61000061035156,51.44693374633789,1354900,0.0,0.0,0.0
2007-12-17,91.06999969482422,91.54000091552734,90.93000030517578,91.41999816894531,51.90684509277344,2046200,0.0,0.0,0.0
2007-12-18,91.58999633789062,92.30000305175781,91.55000305175781,92.01000213623047,52.24179458618164,1417100,0.0,0.0,0.0
2007-12-19,92.4000015258789,93.55999755859375,91.87999725341797,93.2300033569336,52.93450164794922,2252400,0.0,0.0,0.0
2007-12-20,93.26000213623047,93.87000274658203,93.0199966430664,93.02999877929688,52.82097244262695,1659400,0.0,0.0,0.0
2007-12-21,92.9000015258789,92.91999816894531,91.66000366210938,91.66999816894531,52.048770904541016,1767600,0.0,0.0,0.0
2007-12-24,91.22000122070312,91.47000122070312,91.08000183105469,91.23999786376953,51.80459213256836,550300,0.0,0.0,0.0
2007-12-26,91.0199966430664,91.62999725341797,90.27999877929688,90.44000244140625,51.350379943847656,674700,0.0,0.0,0.0
2007-12-27,90.87999725341797,91.16000366210938,90.51000213623047,91.05999755859375,51.91020202636719,468600,0.362,0.0,0.0
2007-12-28,91.6500015258789,92.58000183105469,91.5,92.4800033569336,52.719696044921875,1967800,0.0,0.0,0.0
2007-12-31,92.77999877929688,93.27999877929688,92.5999984741211,93.04000091552734,53.03892517089844,1647600,0.0,0.0,0.0
2008-01-02,93.25,94.7300033569336,93.19999694824219,94.37999725341797,53.80280303955078,2959600,0.0,0.0,0.0
2008-01-03,94.0,94.37999725341797,93.66999816894531,94.25,53.728694915771484,1256700,0.0,0.0,0.0
2008-01-04,94.5,94.79000091552734,94.19999694824219,94.2699966430664,53.74006652832031,2420200,0.0,0.0,0.0
2008-01-07,94.18000030517578,94.77999877929688,94.02999877929688,94.68000030517578,53.97380447387695,1315500,0.0,0.0,0.0
2008-01-08,94.44000244140625,94.70999908447266,93.93000030517578,94.56999969482422,53.91112518310547,1604800,0.0,0.0,0.0
2008-01-09,94.79000091552734,95.30000305175781,94.62000274658203,94.75,54.013736724853516,2203500,0.0,0.0,0.0
2008-01-10,94.87000274658203,94.94999694824219,93.30999755859375,93.47000122070312,53.2840576171875,2681800,0.0,0.0,0.0
2008-01-11,93.5199966430664,94.27999877929688,93.4000015258789,94.19999694824219,53.70018005371094,1872900,0.0,0.0,0.0
2008-01-14,94.19999694824219,94.55000305175781,94.0,94.55000305175781,53.89970016479492,906100,0.0,0.0,0.0
2008-01-15,95.16000366210938,95.62999725341797,95.06999969482422,95.61000061035156,54.50397872924805,1435300,0.0,0.0,0.0
2008-01-16,95.68000030517578,95.88999938964844,94.7300033569336,94.91999816894531,54.11063766479492,3505100,0.0,0.0,0.0
2008-01-17,94.95999908447266,96.29000091552734,94.93000030517578,96.1500015258789,54.81180953979492,2940500,0.0,0.0,0.0
2008-01-18,95.55000305175781,95.7699966430664,95.22000122070312,95.48999786376953,54.435585021972656,2676800,0.0,0.0,0.0
2008-01-22,96.41000366210938,96.62000274658203,95.30000305175781,96.51000213623047,55.01705551147461,5423500,0.0,0.0,0.0
2008-01-23,97.9800033569336,98.16000366210938,95.87999725341797,96.29000091552734,54.89165115356445,7636600,0.0,0.0,0.0
2008-01-24,95.55000305175781,95.75,94.33999633789062,94.36000061035156,53.7913932800293,5676700,0.0,0.0,0.0
2008-01-25,94.19000244140625,96.0,94.12999725341797,95.94999694824219,54.697811126708984,4371100,0.0,0.0,0.0
2008-01-28,95.68000030517578,96.0,95.36000061035156,95.58999633789062,54.49260330200195,1633500,0.0,0.0,0.0
2008-01-29,95.27999877929688,95.31999969482422,94.58000183105469,94.94000244140625,54.122013092041016,3100200,0.0,0.0,0.0
2008-01-30,94.69000244140625,94.7699966430664,93.58999633789062,94.31999969482422,53.768577575683594,3468000,0.0,0.0,0.0
2008-01-31,95.30000305175781,95.43000030517578,94.62999725341797,94.98999786376953,54.150550842285156,11441000,0.0,0.0,0.0
2008-02-01,95.0,95.4000015258789,94.55999755859375,95.2300033569336,54.47603988647461,4163700,0.329,0.0,0.0
2008-02-04,94.38999938964844,94.66000366210938,94.12999725341797,94.25,53.915435791015625,1729600,0.0,0.0,0.0
2008-02-05,95.41000366210938,95.61000061035156,94.7699966430664,94.97000122070312,54.327301025390625,2594600,0.0,0.0,0.0
2008-02-06,94.62999725341797,94.8499984741211,94.36000061035156,94.68000030517578,54.16144561767578,1339800,0.0,0.0,0.0
2008-02-07,94.52999877929688,94.52999877929688,92.05000305175781,92.63999938964844,52.994449615478516,5419700,0.0,0.0,0.0
2008-02-08,93.25,93.7300033569336,93.08999633789062,93.69999694824219,53.60085678100586,2832800,0.0,0.0,0.0
2008-02-11,94.27999877929688,94.69999694824219,93.7300033569336,94.08999633789062,53.82393264770508,2960200,0.0,0.0,0.0
2008-02-12,93.31999969482422,93.6500015258789,92.95999908447266,93.52999877929688,53.50352096557617,2897700,0.0,0.0,0.0
2008-02-13,92.93000030517578,93.41999816894531,92.4000015258789,92.54000091552734,52.937278747558594,3697500,0.0,0.0,0.0
2008-02-14,91.80000305175781,92.0999984741211,90.66000366210938,91.18000030517578,52.15925216674805,7505000,0.0,0.0,0.0
2008-02-15,91.61000061035156,92.06999969482422,91.45999908447266,91.87999725341797,52.55971145629883,3687800,0.0,0.0,0.0
2008-02-19,91.13999938964844,91.69999694824219,90.63999938964844,90.94999694824219,52.02768325805664,2911600,0.0,0.0,0.0
2008-02-20,90.62000274658203,91.58000183105469,90.55999755859375,91.58000183105469,52.388065338134766,2550100,0.0,0.0,0.0
2008-02-21,92.08000183105469,92.8499984741211,92.05000305175781,92.55000305175781,52.942962646484375,4197200,0.0,0.0,0.0
2008-02-22,92.48999786376953,92.8499984741211,91.87000274658203,92.0199966430664,52.6397590637207,1959700,0.0,0.0,0.0
2008-02-25,91.94999694824219,92.13999938964844,90.6500015258789,91.08000183105469,52.102054595947266,3460900,0.0,0.0,0.0
2008-02-26,90.95999908447266,91.33999633789062,90.7300033569336,91.11000061035156,52.11922073364258,2618900,0.0,0.0,0.0
2008-02-27,91.43000030517578,91.56999969482422,90.61000061035156,91.19000244140625,52.16498565673828,2494400,0.0,0.0,0.0
2008-02-28,92.33999633789062,92.83999633789062,92.19000244140625,92.80999755859375,53.091670989990234,3410900,0.0,0.0,0.0
2008-02-29,93.6500015258789,94.45999908447266,93.5199966430664,94.2300033569336,53.903995513916016,3822000,0.0,0.0,0.0
2008-03-03,93.66999816894531,94.19999694824219,93.25,93.63999938964844,53.765045166015625,2036900,0.348,0.0,0.0
2008-03-04,93.94000244140625,94.12000274658203,92.52999877929688,92.7300033569336,53.24256134033203,3401100,0.0,0.0,0.0
2008-03-05,93.05999755859375,93.05999755859375,91.5,91.62000274658203,52.60523986816406,3871200,0.0,0.0,0.0
2008-03-06,91.81999969482422,92.44000244140625,91.66999816894531,92.11000061035156,52.886566162109375,1342600,0.0,0.0,0.0
2008-03-07,93.29000091552734,93.3499984741211,91.73999786376953,92.2300033569336,52.95546340942383,3601300,0.0,0.0,0.0
2008-03-10,92.70999908447266,94.12999725341797,92.61000061035156,93.58999633789062,53.73631286621094,3579000,0.0,0.0,0.0
2008-03-11,93.0,93.02999877929688,92.20999908447266,92.79000091552734,53.276981353759766,3309200,0.0,0.0,0.0
2008-03-12,93.12999725341797,94.68000030517578,92.97000122070312,94.58000183105469,54.304744720458984,4752900,0.0,0.0,0.0
2008-03-13,95.02999877929688,95.19000244140625,93.26000213623047,93.83999633789062,53.8798713684082,5763500,0.0,0.0,0.0
2008-03-14,94.62000274658203,95.80999755859375,94.62000274658203,95.0,54.54594802856445,6174800,0.0,0.0,0.0
2008-03-17,95.58999633789062,96.30999755859375,95.30999755859375,95.7300033569336,54.965030670166016,3329300,0.0,0.0,0.0
2008-03-18,95.30000305175781,96.16000366210938,94.94999694824219,95.36000061035156,54.752586364746094,4022300,0.0,0.0,0.0
2008-03-19,95.12000274658203,97.47000122070312,95.12000274658203,96.94000244140625,55.65974426269531,5206400,0.0,0.0,0.0
2008-03-20,97.0,97.75,96.87000274658203,97.18000030517578,55.79759216308594,3905900,0.0,0.0,0.0
2008-03-24,96.4800033569336,96.4800033569336,95.19999694824219,95.30000305175781,54.71818161010742,5596200,0.0,0.0,0.0
2008-03-25,95.37999725341797,95.81999969482422,95.27999877929688,95.69999694824219,54.947837829589844,2038200,0.0,0.0,0.0
2008-03-26,95.77999877929688,96.19999694824219,95.2300033569336,95.30000305175781,54.71818161010742,1652000,0.0,0.0,0.0
2008-03-27,94.63999938964844,95.36000061035156,94.54000091552734,94.62999725341797,54.333465576171875,2405700,0.0,0.0,0.0
2008-03-28,95.08999633789062,95.55999755859375,94.75,95.55000305175781,54.86173629760742,1745500,0.0,0.0,0.0
2008-03-31,96.11000061035156,96.31999969482422,95.66999816894531,95.88999938964844,55.056922912597656,2546300,0.0,0.0,0.0
2008-04-01,94.80999755859375,94.8499984741211,93.77999877929688,93.93000030517578,54.160884857177734,3821800,0.406,0.0,0.0
2008-04-02,93.98999786376953,94.86000061035156,93.98999786376953,94.12999725341797,54.276180267333984,3794200,0.0,0.0,0.0
2008-04-03,94.5,94.66999816894531,94.12000274658203,94.33999633789062,54.397281646728516,2839100,0.0,0.0,0.0
2008-04-04,95.16999816894531,95.55999755859375,94.98999786376953,95.19999694824219,54.893165588378906,1745200,0.0,0.0,0.0
2008-04-07,94.62000274658203,94.77999877929688,93.9000015258789,94.69999694824219,54.60487365722656,2231800,0.0,0.0,0.0
2008-04-08,95.18000030517578,95.23999786376953,94.26000213623047,94.37000274658203,54.41461181640625,1305200,0.0,0.0,0.0
2008-04-09,94.55999755859375,95.63999938964844,94.55000305175781,95.3499984741211,54.97962188720703,2883600,0.0,0.0,0.0
2008-04-10,95.30999755859375,95.5,94.56999969482422,95.02999877929688,54.795127868652344,1846500,0.0,0.0,0.0
2008-04-11,95.5999984741211,95.91999816894531,95.47000122070312,95.66999816894531,55.16419982910156,1987700,0.0,0.0,0.0
2008-04-14,95.33999633789062,95.69999694824219,94.98999786376953,95.11000061035156,54.84123992919922,3195300,0.0,0.0,0.0
2008-04-15,94.41999816894531,94.58000183105469,93.9000015258789,93.93000030517578,54.160884857177734,2821600,0.0,0.0,0.0
2008-04-16,93.80000305175781,94.05999755859375,92.43000030517578,93.01000213623047,53.630401611328125,4691100,0.0,0.0,0.0
2008-04-17,92.9800033569336,93.18000030517578,92.23999786376953,92.8499984741211,53.53813171386719,2020000,0.0,0.0,0.0
2008-04-18,92.0,92.87999725341797,91.81999969482422,92.7699966430664,53.49201583862305,2199700,0.0,0.0,0.0
2008-04-21,92.41000366210938,93.27999877929688,92.30000305175781,93.13999938964844,53.70534133911133,2805800,0.0,0.0,0.0
2008-04-22,92.91000366210938,93.66999816894531,92.91000366210938,93.45999908447266,53.88990020751953,1799700,0.0,0.0,0.0
2008-04-23,93.08999633789062,93.62999725341797,92.52999877929688,93.1500015258789,53.711124420166016,1221100,0.0,0.0,0.0
2008-04-24,92.26000213623047,92.45999908447266,91.80999755859375,92.36000061035156,53.25556945800781,3213600,0.0,0.0,0.0
2008-04-25,92.13999938964844,92.25,91.5,91.81999969482422,52.944244384765625,1742000,0.0,0.0,0.0
2008-04-28,91.52999877929688,92.3499984741211,91.41000366210938,92.0999984741211,53.10569763183594,1883900,0.0,0.0,0.0
2008-04-29,92.37999725341797,92.86000061035156,92.1500015258789,92.44999694824219,53.30751037597656,1269100,0.0,0.0,0.0
2008-04-30,92.41999816894531,93.19999694824219,91.8499984741211,93.11000061035156,53.68805694580078,2827500,0.0,0.0,0.0
2008-05-01,93.44000244140625,93.6500015258789,92.37999725341797,92.77999877929688,53.691497802734375,3226500,0.336,0.0,0.0
2008-05-02,91.77999877929688,92.41000366210938,91.54000091552734,91.61000061035156,53.01446533203125,2730800,0.0,0.0,0.0
2008-05-05,91.86000061035156,91.87000274658203,91.13999938964844,91.61000061035156,53.01446533203125,1309300,0.0,0.0,0.0
2008-05-06,92.01000213623047,92.08000183105469,90.79000091552734,90.94999694824219,52.632476806640625,4037500,0.0,0.0,0.0
2008-05-07,90.7300033569336,91.43000030517578,90.62000274658203,91.33999633789062,52.858211517333984,3876200,0.0,0.0,0.0
2008-05-08,91.44000244140625,92.19999694824219,91.41999816894531,92.16000366210938,53.33272171020508,2829500,0.0,0.0,0.0
2008-05-09,92.7300033569336,92.87000274658203,92.20999908447266,92.5,53.52950668334961,2064300,0.0,0.0,0.0
2008-05-12,92.76000213623047,93.16000366210938,92.3499984741211,92.36000061035156,53.44844436645508,1947400,0.0,0.0,0.0
2008-05-13,91.83000183105469,92.05000305175781,91.30999755859375,91.3499984741211,52.86397171020508,2123300,0.0,0.0,0.0
2008-05-14,92.0,92.01000213623047,90.72000122070312,91.38999938964844,52.88716506958008,2600900,0.0,0.0,0.0
2008-05-15,91.16999816894531,92.33000183105469,91.08999633789062,92.22000122070312,53.367454528808594,2164300,0.0,0.0,0.0
2008-05-16,91.87999725341797,92.88999938964844,91.77999877929688,91.83999633789062,53.14756393432617,1902600,0.0,0.0,0.0
2008-05-19,92.26000213623047,92.26000213623047,91.30000305175781,91.95999908447266,53.21701431274414,1348200,0.0,0.0,0.0
2008-05-20,92.44000244140625,92.5,91.9000015258789,92.44000244140625,53.4947509765625,1466000,0.0,0.0,0.0
2008-05-21,92.05000305175781,92.66999816894531,91.86000061035156,92.45999908447266,53.506351470947266,1762100,0.0,0.0,0.0
2008-05-22,91.93000030517578,91.93000030517578,90.83999633789062,91.37000274658203,52.87555694580078,2855900,0.0,0.0,0.0
2008-05-23,91.83000183105469,92.30000305175781,91.69999694824219,91.7699966430664,53.10703659057617,1802000,0.0,0.0,0.0
2008-05-27,91.37999725341797,91.55999755859375,90.9800033569336,91.1500015258789,52.748226165771484,1985800,0.0,0.0,0.0
2008-05-28,90.54000091552734,90.66000366210938,90.13999938964844,90.33999633789062,52.27952194213867,3250700,0.0,0.0,0.0
2008-05-29,90.01000213623047,90.0999984741211,89.13999938964844,89.69000244140625,51.9033317565918,3302400,0.0,0.0,0.0
2008-05-30,90.12999725341797,90.44000244140625,90.05999755859375,90.27999877929688,52.244747161865234,2514600,0.0,0.0,0.0
2008-06-02,89.9800033569336,90.63999938964844,89.62000274658203,90.30000305175781,52.44631576538086,3076400,0.327,0.0,0.0
2008-06-03,90.05999755859375,91.41000366210938,89.80999755859375,90.94999694824219,52.82383346557617,2447700,0.0,0.0,0.0
2008-06-04,91.38999938964844,91.38999938964844,89.9000015258789,90.13999938964844,52.353389739990234,2813000,0.0,0.0,0.0
2008-06-05,89.81999969482422,90.02999877929688,89.44999694824219,89.5999984741211,52.039756774902344,2632200,0.0,0.0,0.0
2008-06-06,90.44000244140625,91.08999633789062,90.20999908447266,90.76000213623047,52.71348190307617,3864800,0.0,0.0,0.0
2008-06-09,90.4800033569336,91.38999938964844,90.19000244140625,90.76000213623047,52.71348190307617,1812000,0.0,0.0,0.0
2008-06-10,90.6500015258789,90.70999908447266,89.69999694824219,90.16999816894531,52.370792388916016,1935300,0.0,0.0,0.0
2008-06-11,90.05000305175781,90.72000122070312,89.70999908447266,89.95999908447266,52.24885940551758,2265400,0.0,0.0,0.0
2008-06-12,89.55999755859375,89.63999938964844,88.81999969482422,89.05999755859375,51.726158142089844,4413100,0.0,0.0,0.0
2008-06-13,88.97000122070312,89.54000091552734,88.68000030517578,88.87000274658203,51.61577606201172,1983600,0.0,0.0,0.0
2008-06-16,89.11000061035156,89.18000030517578,88.62000274658203,88.88999938964844,51.62739944458008,1756800,0.0,0.0,0.0
2008-06-17,89.1500015258789,89.2699966430664,88.58999633789062,89.06999969482422,51.73195266723633,1712200,0.0,0.0,0.0
2008-06-18,89.29000091552734,89.97000122070312,89.08999633789062,89.81999969482422,52.16754150390625,2590000,0.0,0.0,0.0
2008-06-19,89.5199966430664,89.75,89.02999877929688,89.29000091552734,51.85969924926758,1700500,0.0,0.0,0.0
2008-06-20,89.94000244140625,90.06999969482422,89.69000244140625,89.80999755859375,52.16170883178711,4580900,0.0,0.0,0.0
2008-06-23,90.08000183105469,90.43000030517578,89.83000183105469,90.0,52.2720832824707,1594100,0.0,0.0,0.0
2008-06-24,90.37999725341797,90.80999755859375,90.13999938964844,90.5999984741211,52.620548248291016,3118400,0.0,0.0,0.0
2008-06-25,90.6500015258789,90.76000213623047,89.80999755859375,90.63999938964844,52.643836975097656,3251600,0.0,0.0,0.0
2008-06-26,91.0,91.44000244140625,90.79000091552734,91.25,52.998069763183594,4052300,0.0,0.0,0.0
2008-06-27,91.7300033569336,92.44000244140625,91.44999694824219,92.31999969482422,53.619503021240234,4144800,0.0,0.0,0.0
2008-06-30,92.41000366210938,92.81999969482422,92.08000183105469,92.33999633789062,53.63117218017578,3743000,0.0,0.0,0.0
2008-07-01,92.69000244140625,92.7699966430664,91.68000030517578,91.79000091552734,53.504093170166016,3805100,0.332,0.0,0.0
2008-07-02,91.95999908447266,92.37999725341797,91.87000274658203,92.2699966430664,53.78387451171875,2413700,0.0,0.0,0.0
2008-07-03,91.70999908447266,92.30000305175781,91.54000091552734,92.06999969482422,53.667320251464844,1405100,0.0,0.0,0.0
2008-07-07,92.06999969482422,93.1500015258789,91.58000183105469,92.48999786376953,53.912105560302734,3528400,0.0,0.0,0.0
2008-07-08,92.5,93.13999938964844,92.41999816894531,93.08999633789062,54.2618408203125,2176600,0.0,0.0,0.0
2008-07-09,92.94000244140625,93.63999938964844,92.91999816894531,93.5,54.500831604003906,1582000,0.0,0.0,0.0
2008-07-10,93.33000183105469,93.76000213623047,92.94000244140625,93.48999786376953,54.49504089355469,2723600,0.0,0.0,0.0
2008-07-11,93.5199966430664,93.73999786376953,91.86000061035156,92.16000366210938,53.71978759765625,5466000,0.0,0.0,0.0
2008-07-14,92.37999725341797,93.26000213623047,92.29000091552734,92.97000122070312,54.19191360473633,4135400,0.0,0.0,0.0
2008-07-15,93.06999969482422,93.43000030517578,92.69999694824219,92.94000244140625,54.17441177368164,4541400,0.0,0.0,0.0
2008-07-16,92.08000183105469,92.23999786376953,91.20999908447266,91.26000213623047,53.19515609741211,3435900,0.0,0.0,0.0
2008-07-17,91.26000213623047,91.61000061035156,90.55999755859375,90.79000091552734,52.921146392822266,5899900,0.0,0.0,0.0
2008-07-18,90.76000213623047,91.19999694824219,90.30000305175781,90.44999694824219,52.722991943359375,3475200,0.0,0.0,0.0
2008-07-21,90.44999694824219,90.9000015258789,90.25,90.80000305175781,52.9270133972168,3657200,0.0,0.0,0.0
2008-07-22,90.63999938964844,90.76000213623047,90.02999877929688,90.3499984741211,52.664737701416016,2675200,0.0,0.0,0.0
2008-07-23,90.22000122070312,90.37000274658203,89.75,90.16999816894531,52.55978012084961,2871900,0.0,0.0,0.0
2008-07-24,90.3499984741211,91.25,90.3499984741211,91.05000305175781,53.07275390625,2613300,0.0,0.0,0.0
2008-07-25,90.55000305175781,90.83999633789062,90.0,90.13999938964844,52.54228973388672,3765300,0.0,0.0,0.0
2008-07-28,90.94999694824219,91.47000122070312,90.69999694824219,91.05000305175781,53.07275390625,1275900,0.0,0.0,0.0
2008-07-29,90.66000366210938,90.98999786376953,90.30999755859375,90.68000030517578,52.857059478759766,1349100,0.0,0.0,0.0
2008-07-30,90.08999633789062,91.29000091552734,90.02999877929688,90.7699966430664,52.90952682495117,1667500,0.0,0.0,0.0
2008-07-31,91.72000122070312,92.05000305175781,91.2699966430664,91.66999816894531,53.43414306640625,3898700,0.0,0.0,0.0
2008-08-01,90.97000122070312,91.55999755859375,90.83000183105469,91.54000091552734,53.552303314208984,1804800,0.332,0.0,0.0
2008-08-04,91.08999633789062,91.63999938964844,91.01000213623047,91.33000183105469,53.42945861816406,2029900,0.0,0.0,0.0
2008-08-05,91.3499984741211,91.5999984741211,90.62000274658203,90.6500015258789,53.031646728515625,2191200,0.0,0.0,0.0
2008-08-06,90.41000366210938,90.41000366210938,89.81999969482422,90.27999877929688,52.815185546875,3139500,0.0,0.0,0.0
2008-08-07,90.62999725341797,91.9000015258789,90.43000030517578,91.75,53.67516326904297,2765600,0.0,0.0,0.0
2008-08-08,91.88999938964844,92.08000183105469,91.54000091552734,92.0,53.8214225769043,1035400,0.0,0.0,0.0
2008-08-11,91.77999877929688,91.77999877929688,90.5999984741211,91.12000274658203,53.306602478027344,3939400,0.0,0.0,0.0
2008-08-12,91.80999755859375,92.02999877929688,91.69999694824219,91.97000122070312,53.803890228271484,1315000,0.0,0.0,0.0
2008-08-13,92.30000305175781,92.3499984741211,91.45999908447266,91.6500015258789,53.61666488647461,1940300,0.0,0.0,0.0
2008-08-14,92.26000213623047,92.5999984741211,92.06999969482422,92.23999786376953,53.9618034362793,2605300,0.0,0.0,0.0
2008-08-15,92.66999816894531,93.19999694824219,92.56999969482422,93.04000091552734,54.429840087890625,1964900,0.0,0.0,0.0
2008-08-18,93.08000183105469,93.54000091552734,92.95999908447266,93.41000366210938,54.646270751953125,1262200,0.0,0.0,0.0
2008-08-19,93.44000244140625,93.52999877929688,92.88999938964844,93.05000305175781,54.435691833496094,1944700,0.0,0.0,0.0
2008-08-20,93.37999725341797,93.70999908447266,93.1500015258789,93.30999755859375,54.5877685546875,2500000,0.0,0.0,0.0
2008-08-21,93.62999725341797,93.62999725341797,92.75,93.13999938964844,54.48833084106445,2267000,0.0,0.0,0.0
2008-08-22,93.11000061035156,93.16999816894531,92.63999938964844,93.08000183105469,54.45326232910156,1990000,0.0,0.0,0.0
2008-08-25,94.12000274658203,94.33000183105469,93.8499984741211,94.01000213623047,54.99729537963867,2028300,0.0,0.0,0.0
2008-08-26,93.95999908447266,94.19999694824219,93.70999908447266,94.08999633789062,55.04410934448242,1270900,0.0,0.0,0.0
2008-08-27,93.48999786376953,94.29000091552734,93.44000244140625,94.25,55.13768768310547,1555300,0.0,0.0,0.0
2008-08-28,93.91000366210938,94.41000366210938,93.69000244140625,94.26000213623047,55.143558502197266,1886500,0.0,0.0,0.0
2008-08-29,94.0199966430664,94.16000366210938,93.51000213623047,93.83999633789062,54.89783477783203,1739100,0.0,0.0,0.0
2008-09-02,92.9800033569336,94.41000366210938,92.83999633789062,94.37000274658203,55.4086799621582,2916000,0.34,0.0,0.0
2008-09-03,94.2699966430664,94.88999938964844,94.26000213623047,94.7699966430664,55.64353942871094,2105000,0.0,0.0,0.0
2008-09-04,95.0,95.55999755859375,94.80999755859375,95.52999877929688,56.08977508544922,3049800,0.0,0.0,0.0
2008-09-05,96.0199966430664,96.30999755859375,95.41000366210938,95.4800033569336,56.060394287109375,4167800,0.0,0.0,0.0
2008-09-08,94.9000015258789,95.87999725341797,94.55999755859375,95.87999725341797,56.295196533203125,5426200,0.0,0.0,0.0
2008-09-09,95.83000183105469,96.87999725341797,95.54000091552734,96.83000183105469,56.85301971435547,3890200,0.0,0.0,0.0
2008-09-10,95.9800033569336,96.66000366210938,95.81999969482422,96.2300033569336,56.500736236572266,2407900,0.0,0.0,0.0
2008-09-11,96.79000091552734,96.86000061035156,96.0,96.18000030517578,56.47136306762695,3592000,0.0,0.0,0.0
2008-09-12,96.20999908447266,96.33000183105469,94.75,94.94000244140625,55.7432975769043,4138200,0.0,0.0,0.0
2008-09-15,96.27999877929688,98.16999816894531,96.06999969482422,98.0199966430664,57.55169677734375,5889900,0.0,0.0,0.0
2008-09-16,100.70999908447266,100.86000061035156,97.91000366210938,98.0,57.53998947143555,6684400,0.0,0.0,0.0
2008-09-17,98.91999816894531,99.37999725341797,97.7300033569336,98.48999786376953,57.827693939208984,4371300,0.0,0.0,0.0
2008-09-18,97.94999694824219,98.48999786376953,96.91999816894531,97.05000305175781,56.98225402832031,4188300,0.0,0.0,0.0
2008-09-19,93.86000061035156,95.0199966430664,93.69999694824219,93.97000122070312,55.17376708984375,7169200,0.0,0.0,0.0
2008-09-22,92.93000030517578,93.95999908447266,92.5999984741211,93.95999908447266,55.16796875,4726300,0.0,0.0,0.0
2008-09-23,93.61000061035156,94.0999984741211,93.12999725341797,93.5999984741211,54.95656967163086,2236000,0.0,0.0,0.0
2008-09-24,93.97000122070312,94.75,93.5999984741211,94.01000213623047,55.197269439697266,1014900,0.0,0.0,0.0
2008-09-25,94.58999633789062,94.58999633789062,93.1500015258789,93.81999969482422,55.08574676513672,1881200,0.0,0.0,0.0
2008-09-26,94.06999969482422,94.79000091552734,94.06999969482422,94.5,55.484981536865234,1992800,0.0,0.0,0.0
2008-09-29,95.16999816894531,97.93000030517578,95.16000366210938,97.25,57.099639892578125,4799800,0.0,0.0,0.0
2008-09-30,97.04000091552734,97.29000091552734,94.5999984741211,94.87999725341797,55.70810317993164,1358100,0.0,0.0,0.0
2008-10-01,96.04000091552734,96.9000015258789,94.94999694824219,95.77999877929688,56.4089241027832,1767800,0.29,0.0,0.0
2008-10-02,96.56999969482422,96.8499984741211,96.06999969482422,96.55000305175781,56.8624267578125,931900,0.0,0.0,0.0
2008-10-03,97.37999725341797,97.79000091552734,95.48999786376953,97.4000015258789,57.363037109375,1903100,0.0,0.0,0.0
2008-10-06,98.73999786376953,99.86000061035156,98.62000274658203,99.16999816894531,58.40546798706055,2906200,0.0,0.0,0.0
2008-10-07,98.31999969482422,99.66999816894531,97.9800033569336,98.87000274658203,58.228759765625,1972000,0.0,0.0,0.0
2008-10-08,99.68000030517578,99.94000244140625,96.68000030517578,97.44999694824219,57.39246368408203,3386300,0.0,0.0,0.0
2008-10-09,97.37000274658203,97.69999694824219,96.22000122070312,96.62999725341797,56.909549713134766,1785400,0.0,0.0,0.0
2008-10-10,96.61000061035156,96.91000366210938,95.51000213623047,95.94999694824219,56.50901794433594,2200000,0.0,0.0,0.0
2008-10-13,95.11000061035156,95.94999694824219,94.26000213623047,94.72000122070312,55.784698486328125,1532100,0.0,0.0,0.0
2008-10-14,94.25,95.26000213623047,93.9000015258789,94.11000061035156,55.4254035949707,2100000,0.0,0.0,0.0
2008-10-15,94.12000274658203,95.04000091552734,93.41999816894531,95.01000213623047,55.95546340942383,1449500,0.0,0.0,0.0
2008-10-16,94.98999786376953,95.2699966430664,94.18000030517578,94.5199966430664,55.6668586730957,1063200,0.0,0.0,0.0
2008-10-17,94.69000244140625,94.9000015258789,93.0199966430664,93.87000274658203,55.2840690612793,1691800,0.0,0.0,0.0
2008-10-20,93.44000244140625,94.94000244140625,93.36000061035156,94.62000274658203,55.72578811645508,1146800,0.0,0.0,0.0
2008-10-21,95.08999633789062,95.98999786376953,94.73999786376953,95.12000274658203,56.020225524902344,1243700,0.0,0.0,0.0
2008-10-22,96.12000274658203,97.48999786376953,95.8499984741211,97.05000305175781,57.15694046020508,1069800,0.0,0.0,0.0
2008-10-23,97.94999694824219,98.88999938964844,96.81999969482422,97.7699966430664,57.5809326171875,1802000,0.0,0.0,0.0
2008-10-24,98.81999969482422,99.05000305175781,96.44999694824219,96.7300033569336,56.96846008300781,1495400,0.0,0.0,0.0
2008-10-27,97.7699966430664,98.20999908447266,96.29000091552734,96.80000305175781,57.009666442871094,1534100,0.0,0.0,0.0
2008-10-28,96.18000030517578,96.9000015258789,95.1500015258789,95.38999938964844,56.17920684814453,1505500,0.0,0.0,0.0
2008-10-29,95.7699966430664,96.01000213623047,94.43000030517578,94.91000366210938,55.89657974243164,1745800,0.0,0.0,0.0
2008-10-30,94.5,94.80000305175781,93.80000305175781,94.05000305175781,55.39007568359375,1326000,0.0,0.0,0.0
2008-10-31,94.63999938964844,94.91999816894531,92.6500015258789,92.83000183105469,54.67158889770508,2282500,0.0,0.0,0.0
2008-11-03,92.72000122070312,93.11000061035156,92.3499984741211,92.70999908447266,54.81937026977539,1111600,0.37,0.0,0.0
2008-11-04,92.95999908447266,94.70999908447266,92.58999633789062,94.44999694824219,55.84824752807617,1608800,0.0,0.0,0.0
2008-11-05,94.88999938964844,95.66999816894531,94.4000015258789,95.56999969482422,56.51051330566406,1931700,0.0,0.0,0.0
2008-11-06,94.5999984741211,95.05000305175781,93.80999755859375,94.87999725341797,56.10247802734375,919700,0.0,0.0,0.0
2008-11-07,94.5199966430664,94.5199966430664,93.55000305175781,94.26000213623047,55.735958099365234,1277100,0.0,0.0,0.0
2008-11-10,93.80000305175781,95.0999984741211,93.68000030517578,94.72000122070312,56.00792694091797,1352100,0.0,0.0,0.0
2008-11-11,95.20999908447266,95.80999755859375,94.95999908447266,95.0,56.17346954345703,696000,0.0,0.0,0.0
2008-11-12,95.58000183105469,96.06999969482422,95.16000366210938,95.61000061035156,56.534088134765625,1199400,0.0,0.0,0.0
2008-11-13,94.91000366210938,95.25,93.25,93.31999969482422,55.18008041381836,1631900,0.0,0.0,0.0
2008-11-14,95.11000061035156,95.45999908447266,94.79000091552734,95.16999816894531,56.273983001708984,1059300,0.0,0.0,0.0
2008-11-17,95.68000030517578,96.02999877929688,95.29000091552734,95.58999633789062,56.522342681884766,490300,0.0,0.0,0.0
2008-11-18,96.37999725341797,97.0,95.95999908447266,96.81999969482422,57.2496452331543,924800,0.0,0.0,0.0
2008-11-19,97.47000122070312,99.37000274658203,97.20999908447266,99.30000305175781,58.7160758972168,2090400,0.0,0.0,0.0
2008-11-20,101.81999969482422,104.44000244140625,101.0999984741211,104.43000030517578,61.7494010925293,5459800,0.0,0.0,0.0
2008-11-21,103.25,103.9800033569336,101.44999694824219,102.91999816894531,60.85649871826172,3249300,0.0,0.0,0.0
2008-11-24,102.1500015258789,102.29000091552734,101.0,101.30999755859375,59.904579162597656,1587300,0.0,0.0,0.0
2008-11-25,103.94999694824219,104.47000122070312,102.68000030517578,104.29000091552734,61.66661071777344,2632700,0.0,0.0,0.0
2008-11-26,104.72000122070312,105.62000274658203,104.08999633789062,104.43000030517578,61.7494010925293,2577600,0.0,0.0,0.0
2008-11-28,105.25,105.97000122070312,104.94000244140625,105.72000122070312,62.5121955871582,986400,0.0,0.0,0.0
2008-12-01,107.75,110.41000366210938,107.12999725341797,109.4000015258789,64.90615844726562,4031600,0.355,0.0,0.0
2008-12-02,108.55999755859375,110.37000274658203,108.19000244140625,109.81999969482422,65.15531921386719,3289300,0.0,0.0,0.0
2008-12-03,110.2699966430664,110.80999755859375,108.55999755859375,110.12999725341797,65.33924865722656,2951000,0.0,0.0,0.0
2008-12-04,111.12999725341797,112.48999786376953,110.37000274658203,112.30000305175781,66.62671661376953,2825400,0.0,0.0,0.0
2008-12-05,111.94999694824219,113.0,110.41999816894531,110.4800033569336,65.54690551757812,4557600,0.0,0.0,0.0
2008-12-08,110.4800033569336,111.25,109.69000244140625,110.23999786376953,65.40446472167969,2119500,0.0,0.0,0.0
2008-12-09,110.58000183105469,112.52999877929688,110.25,112.41999816894531,66.69786071777344,2055500,0.0,0.0,0.0
2008-12-10,111.37000274658203,112.1500015258789,111.12000274658203,112.1500015258789,66.53768920898438,2414900,0.0,0.0,0.0
2008-12-11,112.18000030517578,112.43000030517578,110.87000274658203,112.37000274658203,66.66818237304688,2416900,0.0,0.0,0.0
2008-12-12,112.54000091552734,112.55999755859375,110.33999633789062,112.37000274658203,66.66818237304688,2547100,0.0,0.0,0.0
2008-12-15,112.3499984741211,113.94000244140625,112.05000305175781,113.6500015258789,67.4276123046875,1707700,0.0,0.0,0.0
2008-12-16,116.45999908447266,116.9000015258789,113.97000122070312,116.45999908447266,69.09478759765625,4015100,0.0,0.0,0.0
2008-12-17,120.7699966430664,121.12999725341797,119.26000213623047,119.62000274658203,70.96955108642578,6407500,0.0,0.0,0.0
2008-12-18,120.73999786376953,123.1500015258789,120.44999694824219,122.12999725341797,72.45870971679688,4442000,0.0,0.0,0.0
2008-12-19,121.44000244140625,122.98999786376953,121.27999877929688,122.26000213623047,72.53582763671875,2668500,0.0,0.0,0.0
2008-12-22,122.38999938964844,122.38999938964844,120.7300033569336,121.31999969482422,71.97815704345703,2221400,0.0,0.0,0.0
2008-12-23,120.13999938964844,121.5,119.9000015258789,121.16000366210938,71.88324737548828,1746400,0.0,0.0,0.0
2008-12-24,120.7300033569336,121.31999969482422,120.62000274658203,120.9000015258789,71.72899627685547,717200,0.0,0.0,0.0
2008-12-26,121.58999633789062,121.97000122070312,121.19999694824219,121.30000305175781,71.96631622314453,454400,0.0,0.0,0.0
2008-12-29,121.43000030517578,122.01000213623047,120.61000061035156,120.75,71.87996673583984,1416000,0.405,0.0,0.0
2008-12-30,120.48999786376953,121.91999816894531,120.06999969482422,121.9000015258789,72.56453704833984,2590500,0.0,0.0,0.0
2008-12-31,121.41000366210938,122.0,118.8499984741211,119.3499984741211,71.04664611816406,2738000,0.0,0.0,0.0
2009-01-02,120.05000305175781,120.44999694824219,116.3499984741211,116.3499984741211,69.2607650756836,3464200,0.0,0.0,0.0
2009-01-05,115.5999984741211,116.16000366210938,112.5999984741211,113.3499984741211,67.47488403320312,5395200,0.0,0.0,0.0
2009-01-06,111.62000274658203,113.26000213623047,111.0,112.20999908447266,66.79634094238281,4109300,0.0,0.0,0.0
2009-01-07,111.95999908447266,112.68000030517578,111.4000015258789,112.6500015258789,67.05825805664062,2565600,0.0,0.0,0.0
2009-01-08,112.63999938964844,112.91999816894531,111.98999786376953,112.55999755859375,67.00462341308594,2603600,0.0,0.0,0.0
2009-01-09,111.45999908447266,113.3499984741211,111.2699966430664,112.7300033569336,67.10589599609375,2727900,0.0,0.0,0.0
2009-01-12,111.56999969482422,114.05000305175781,111.56999969482422,113.9000015258789,67.80232238769531,2462800,0.0,0.0,0.0
2009-01-13,113.5,114.08000183105469,112.95999908447266,114.0199966430664,67.87376403808594,1767400,0.0,0.0,0.0
2009-01-14,114.6500015258789,116.04000091552734,114.6500015258789,115.9000015258789,68.99288177490234,2494800,0.0,0.0,0.0
2009-01-15,116.19999694824219,116.91999816894531,115.58000183105469,116.08999633789062,69.10598754882812,2827200,0.0,0.0,0.0
2009-01-16,113.41999816894531,116.08999633789062,113.36000061035156,114.30000305175781,68.04043579101562,2994800,0.0,0.0,0.0
2009-01-20,112.29000091552734,114.62999725341797,112.2300033569336,114.27999877929688,68.02853393554688,3268300,0.0,0.0,0.0
2009-01-21,111.93000030517578,113.04000091552734,110.4000015258789,110.66999816894531,65.8796157836914,2838100,0.0,0.0,0.0
2009-01-22,110.5999984741211,110.7699966430664,107.87999725341797,108.54000091552734,64.61163330078125,4016600,0.0,0.0,0.0
2009-01-23,107.91999816894531,108.31999969482422,106.69000244140625,107.69000244140625,64.10568237304688,2676200,0.0,0.0,0.0
2009-01-26,107.43000030517578,107.81999969482422,106.30000305175781,106.75,63.54608917236328,2240900,0.0,0.0,0.0
2009-01-27,107.80000305175781,109.58999633789062,107.62999725341797,109.26000213623047,65.04022979736328,3420800,0.0,0.0,0.0
2009-01-28,109.30999755859375,109.80999755859375,105.72000122070312,106.52999877929688,63.41513442993164,4348100,0.0,0.0,0.0
2009-01-29,105.55999755859375,106.30999755859375,103.66000366210938,104.08000183105469,61.956668853759766,3724400,0.0,0.0,0.0
2009-01-30,104.55000305175781,104.87000274658203,103.44000244140625,103.75,61.760215759277344,2630000,0.0,0.0,0.0
2009-02-02,104.0199966430664,105.68000030517578,103.38999938964844,105.38999938964844,62.909339904785156,2700200,0.285,0.0,0.0
2009-02-03,104.30000305175781,104.83000183105469,102.75,102.87999725341797,61.41105270385742,2846400,0.0,0.0,0.0
2009-02-04,102.75,102.87000274658203,101.62000274658203,102.5199966430664,61.19613265991211,2305400,0.0,0.0,0.0
2009-02-05,103.23999786376953,103.87999725341797,102.20999908447266,102.61000061035156,61.249900817871094,2279500,0.0,0.0,0.0
2009-02-06,102.25,102.86000061035156,101.9000015258789,102.29000091552734,61.058895111083984,1667500,0.0,0.0,0.0
2009-02-09,101.69000244140625,102.66999816894531,101.05999755859375,102.62000274658203,61.25584411621094,2257300,0.0,0.0,0.0
2009-02-10,104.11000061035156,104.95999908447266,103.44999694824219,104.8499984741211,62.58696365356445,3782800,0.0,0.0,0.0
2009-02-11,105.70999908447266,106.5,105.52999877929688,106.20999908447266,63.39877700805664,2774200,0.0,0.0,0.0
2009-02-12,105.9800033569336,106.18000030517578,104.73999786376953,105.20999908447266,62.801841735839844,1818400,0.0,0.0,0.0
2009-02-13,103.94999694824219,103.94999694824219,102.2300033569336,102.41000366210938,61.1304817199707,2466800,0.0,0.0,0.0
2009-02-17,104.55000305175781,105.66000366210938,104.3499984741211,105.5999984741211,63.03464126586914,2813900,0.0,0.0,0.0
2009-02-18,106.05999755859375,106.55999755859375,104.30000305175781,104.69999694824219,62.49740982055664,2768600,0.0,0.0,0.0
2009-02-19,102.69000244140625,104.05999755859375,102.2300033569336,102.91999816894531,61.434906005859375,3219400,0.0,0.0,0.0
2009-02-20,104.2699966430664,105.16000366210938,103.30000305175781,103.91999816894531,62.031856536865234,4272000,0.0,0.0,0.0
2009-02-23,103.5999984741211,104.87999725341797,103.16999816894531,104.87999725341797,62.60490417480469,2688700,0.0,0.0,0.0
2009-02-24,105.69999694824219,106.68000030517578,104.7699966430664,104.7699966430664,62.53923797607422,4197100,0.0,0.0,0.0
2009-02-25,105.23999786376953,105.48999786376953,103.02999877929688,103.55999755859375,61.816925048828125,3908100,0.0,0.0,0.0
2009-02-26,102.87000274658203,103.26000213623047,101.9800033569336,102.47000122070312,61.16630172729492,2611100,0.0,0.0,0.0
2009-02-27,102.56999969482422,103.01000213623047,101.20999908447266,101.87999725341797,60.81410217285156,3267700,0.0,0.0,0.0
2009-03-02,102.22000122070312,103.27999877929688,102.08999633789062,103.27999877929688,61.8209228515625,3302000,0.282,0.0,0.0
2009-03-03,102.2300033569336,103.56999969482422,101.80999755859375,102.58999633789062,61.40790939331055,3084900,0.0,0.0,0.0
2009-03-04,101.48999786376953,102.25,101.16000366210938,102.12000274658203,61.126617431640625,3178400,0.0,0.0,0.0
2009-03-05,104.0199966430664,105.44000244140625,103.44000244140625,104.95999908447266,62.82658004760742,4562400,0.0,0.0,0.0
2009-03-06,104.26000213623047,105.97000122070312,104.08999633789062,104.26000213623047,62.407527923583984,3125900,0.0,0.0,0.0
2009-03-09,104.51000213623047,104.55000305175781,103.12000274658203,103.6500015258789,62.0423583984375,2070500,0.0,0.0,0.0
2009-03-10,102.43000030517578,102.75,101.51000213623047,101.66000366210938,60.85123062133789,2602600,0.0,0.0,0.0
2009-03-11,101.29000091552734,102.76000213623047,100.93000030517578,102.76000213623047,61.509647369384766,3101500,0.0,0.0,0.0
2009-03-12,102.66000366210938,103.97000122070312,102.30999755859375,103.25,61.802974700927734,3558900,0.0,0.0,0.0
2009-03-13,102.75,103.87999725341797,102.33000183105469,102.7300033569336,61.491722106933594,2504000,0.0,0.0,0.0
2009-03-16,100.81999969482422,101.44999694824219,100.5,101.11000061035156,60.52202606201172,3265600,0.0,0.0,0.0
2009-03-17,101.72000122070312,102.33000183105469,100.38999938964844,100.55999755859375,60.19282531738281,3076200,0.0,0.0,0.0
2009-03-18,101.12000274658203,108.06999969482422,100.9000015258789,104.37000274658203,62.4733772277832,8578800,0.0,0.0,0.0
2009-03-19,105.62000274658203,105.66000366210938,104.22000122070312,104.5,62.55119323730469,3650900,0.0,0.0,0.0
2009-03-20,104.62000274658203,105.0,103.77999877929688,103.91999816894531,62.20402526855469,3479700,0.0,0.0,0.0
2009-03-23,104.29000091552734,104.41999816894531,102.97000122070312,103.0199966430664,61.665279388427734,2097000,0.0,0.0,0.0
2009-03-24,102.19000244140625,105.16000366210938,101.93000030517578,104.0,62.25191879272461,5477100,0.0,0.0,0.0
2009-03-25,103.29000091552734,103.72000122070312,102.30999755859375,102.5999984741211,61.41392135620117,2549600,0.0,0.0,0.0
2009-03-26,102.44000244140625,104.05999755859375,102.16000366210938,103.79000091552734,62.12617111206055,2385300,0.0,0.0,0.0
2009-03-27,104.1500015258789,104.93000030517578,103.55999755859375,104.55999755859375,62.58709716796875,1853900,0.0,0.0,0.0
2009-03-30,105.44000244140625,105.87000274658203,103.94000244140625,104.95999908447266,62.82658004760742,2300100,0.0,0.0,0.0
2009-03-31,105.04000091552734,105.80000305175781,105.0,105.70999908447266,63.27545166015625,1094600,0.0,0.0,0.0
2009-04-01,106.12000274658203,106.55999755859375,105.52999877929688,106.37000274658203,63.85296630859375,2383400,0.302,0.0,0.0
2009-04-02,105.88999938964844,106.06999969482422,104.83999633789062,105.06999969482422,63.07258987426758,1766300,0.0,0.0,0.0
2009-04-03,104.91000366210938,105.16000366210938,102.66000366210938,102.91999816894531,61.781944274902344,3316800,0.0,0.0,0.0
2009-04-06,103.54000091552734,103.58999633789062,102.22000122070312,102.4800033569336,61.517818450927734,1418100,0.0,0.0,0.0
2009-04-07,102.54000091552734,103.30999755859375,102.4800033569336,102.73999786376953,61.673858642578125,1312600,0.0,0.0,0.0
2009-04-08,103.06999969482422,103.86000061035156,102.94999694824219,103.6500015258789,62.22016906738281,1007800,0.0,0.0,0.0
2009-04-09,102.47000122070312,103.18000030517578,101.9800033569336,102.3499984741211,61.43976593017578,1088800,0.0,0.0,0.0
2009-04-13,102.95999908447266,103.51000213623047,102.93000030517578,103.29000091552734,62.00407028198242,946600,0.0,0.0,0.0
2009-04-14,103.25,104.20999908447266,102.93000030517578,103.83000183105469,62.328224182128906,1336000,0.0,0.0,0.0
2009-04-15,104.12999725341797,104.30000305175781,102.87999725341797,103.6500015258789,62.22016906738281,1152500,0.0,0.0,0.0
2009-04-16,102.8499984741211,103.44999694824219,102.77999877929688,102.83000183105469,61.727935791015625,1055600,0.0,0.0,0.0
2009-04-17,102.47000122070312,102.70999908447266,101.37000274658203,101.69999694824219,61.04957580566406,2582800,0.0,0.0,0.0
2009-04-20,102.62999725341797,103.4000015258789,102.44999694824219,103.23999786376953,61.97406005859375,1714400,0.0,0.0,0.0
2009-04-21,104.04000091552734,104.20999908447266,102.22000122070312,102.22000122070312,61.36172866821289,909100,0.0,0.0,0.0
2009-04-22,102.44999694824219,102.55999755859375,101.11000061035156,101.5999984741211,60.98952102661133,2278100,0.0,0.0,0.0
2009-04-23,101.3499984741211,101.75,100.94000244140625,101.58999633789062,60.98358917236328,1688300,0.0,0.0,0.0
2009-04-24,100.79000091552734,100.9800033569336,100.0999984741211,100.56999969482422,60.37126159667969,2830000,0.0,0.0,0.0
2009-04-27,101.06999969482422,101.19000244140625,100.05999755859375,101.0,60.62938690185547,2294600,0.0,0.0,0.0
2009-04-28,101.5,101.58000183105469,99.08999633789062,99.3499984741211,59.638916015625,2332500,0.0,0.0,0.0
2009-04-29,99.66999816894531,100.08000183105469,98.1500015258789,98.47000122070312,59.11063766479492,3752600,0.0,0.0,0.0
2009-04-30,97.9800033569336,98.36000061035156,97.38999938964844,98.08000183105469,58.87649917602539,2778100,0.0,0.0,0.0
2009-05-01,97.12000274658203,97.29000091552734,96.56999969482422,97.11000061035156,58.47130584716797,2772200,0.297,0.0,0.0
2009-05-04,97.36000061035156,97.81999969482422,96.79000091552734,97.43000030517578,58.66398239135742,2246700,0.0,0.0,0.0
2009-05-05,97.45999908447266,97.83000183105469,96.76000213623047,97.30999755859375,58.59172439575195,1369000,0.0,0.0,0.0
2009-05-06,97.12000274658203,98.0,97.0,97.08000183105469,58.45322036743164,2045900,0.0,0.0,0.0
2009-05-07,95.94000244140625,96.69999694824219,94.33000183105469,94.70999908447266,57.0262336730957,5755200,0.0,0.0,0.0
2009-05-08,95.0199966430664,95.38999938964844,94.63999938964844,94.94000244140625,57.16469955444336,2193400,0.0,0.0,0.0
2009-05-11,96.05000305175781,96.44999694824219,95.79000091552734,96.29000091552734,57.97759246826172,2167400,0.0,0.0,0.0
2009-05-12,96.18000030517578,97.0199966430664,95.80000305175781,96.63999938964844,58.18830108642578,2304800,0.0,0.0,0.0
2009-05-13,97.36000061035156,97.93000030517578,97.23999786376953,97.69000244140625,58.820556640625,1917500,0.0,0.0,0.0
2009-05-14,97.5999984741211,98.25,97.30000305175781,98.06999969482422,59.04936218261719,1704600,0.0,0.0,0.0
2009-05-15,98.0,98.05000305175781,97.45999908447266,98.04000091552734,59.03127670288086,2306600,0.0,0.0,0.0
2009-05-18,98.01000213623047,98.11000061035156,96.37000274658203,96.5199966430664,58.11604309082031,2234700,0.0,0.0,0.0
2009-05-19,96.19000244140625,96.47000122070312,95.70999908447266,96.01000213623047,57.80897903442383,1624300,0.0,0.0,0.0
2009-05-20,95.93000030517578,97.16000366210938,95.83000183105469,97.0199966430664,58.41709899902344,2825700,0.0,0.0,0.0
2009-05-21,97.55000305175781,97.63999938964844,94.3499984741211,94.58000183105469,56.94793701171875,4771700,0.0,0.0,0.0
2009-05-22,93.81999969482422,94.48999786376953,93.3499984741211,93.52999877929688,56.31573486328125,4483400,0.0,0.0,0.0
2009-05-26,94.05000305175781,94.0999984741211,92.12000274658203,92.12000274658203,55.46672439575195,3633100,0.0,0.0,0.0
2009-05-27,92.23999786376953,92.58000183105469,90.37999725341797,90.48999786376953,54.4853401184082,7490200,0.0,0.0,0.0
2009-05-28,91.7699966430664,91.9800033569336,90.2300033569336,91.80000305175781,55.274112701416016,9824300,0.0,0.0,0.0
2009-05-29,91.69999694824219,94.2300033569336,91.63999938964844,94.16999816894531,56.701087951660156,4746700,0.0,0.0,0.0
2009-06-01,92.33999633789062,92.37999725341797,90.56999969482422,91.08999633789062,55.02477264404297,6987000,0.305,0.0,0.0
2009-06-02,91.61000061035156,91.7699966430664,90.77999877929688,91.58000183105469,55.32080841064453,5063600,0.0,0.0,0.0
2009-06-03,91.95999908447266,92.61000061035156,91.33000183105469,92.44000244140625,55.84028244018555,6727200,0.0,0.0,0.0
2009-06-04,91.43000030517578,91.72000122070312,90.23999786376953,90.52999877929688,54.6865234375,5438600,0.0,0.0,0.0
2009-06-05,89.91000366210938,90.9000015258789,89.55000305175781,89.83999633789062,54.269752502441406,8439600,0.0,0.0,0.0
2009-06-08,90.41000366210938,90.7300033569336,89.4800033569336,89.61000061035156,54.13079071044922,4084000,0.0,0.0,0.0
2009-06-09,90.19000244140625,90.30999755859375,89.25,89.5999984741211,54.124752044677734,6046300,0.0,0.0,0.0
2009-06-10,88.87000274658203,89.43000030517578,87.55999755859375,88.19000244140625,53.27301788330078,12142000,0.0,0.0,0.0
2009-06-11,87.76000213623047,89.5199966430664,87.69000244140625,89.16999816894531,53.86497497558594,10692800,0.0,0.0,0.0
2009-06-12,89.41999816894531,90.6500015258789,89.41999816894531,89.97000122070312,54.3482551574707,6606800,0.0,0.0,0.0
2009-06-15,90.54000091552734,91.1500015258789,90.4800033569336,90.77999877929688,54.83753204345703,4518700,0.0,0.0,0.0
2009-06-16,90.95999908447266,92.43000030517578,90.80000305175781,92.36000061035156,55.79193115234375,5376000,0.0,0.0,0.0
2009-06-17,92.44999694824219,93.33000183105469,91.83999633789062,91.83999633789062,55.477821350097656,7197200,0.0,0.0,0.0
2009-06-18,91.25,91.58000183105469,90.11000061035156,90.44999694824219,54.638179779052734,6794000,0.0,0.0,0.0
2009-06-19,90.33000183105469,91.69999694824219,90.20999908447266,91.69000244140625,55.387245178222656,4750700,0.0,0.0,0.0
2009-06-22,92.44000244140625,92.91000366210938,92.05999755859375,92.58000183105469,55.924888610839844,3952300,0.0,0.0,0.0
2009-06-23,92.7699966430664,93.80999755859375,92.58000183105469,93.66999816894531,56.583290100097656,5356900,0.0,0.0,0.0
2009-06-24,93.6500015258789,94.06999969482422,92.66000366210938,92.7300033569336,56.01545715332031,6550400,0.0,0.0,0.0
2009-06-25,93.22000122070312,94.5,92.66999816894531,94.43000030517578,57.042396545410156,7140000,0.0,0.0,0.0
2009-06-26,94.62000274658203,94.9000015258789,94.20999908447266,94.58999633789062,57.13901901245117,4050400,0.0,0.0,0.0
2009-06-29,95.06999969482422,95.37000274658203,94.58000183105469,94.7300033569336,57.22358703613281,4334900,0.0,0.0,0.0
2009-06-30,94.19000244140625,95.11000061035156,93.80999755859375,94.56999969482422,57.126914978027344,3743700,0.0,0.0,0.0
2009-07-01,93.41999816894531,94.08999633789062,93.23999786376953,94.08000183105469,57.01362991333008,3379900,0.303,0.0,0.0
2009-07-02,94.33000183105469,94.61000061035156,94.0,94.30000305175781,57.14699172973633,2645100,0.0,0.0,0.0
2009-07-06,94.05000305175781,94.29000091552734,93.38999938964844,94.12000274658203,57.03792953491211,1886700,0.0,0.0,0.0
2009-07-07,93.62000274658203,94.87999725341797,93.61000061035156,94.75,57.4196662902832,2592400,0.0,0.0,0.0
2009-07-08,95.12000274658203,96.80999755859375,94.88999938964844,96.5,58.480201721191406,7912900,0.0,0.0,0.0
2009-07-09,95.3499984741211,95.7300033569336,94.44999694824219,95.3499984741211,57.78326416015625,5241400,0.0,0.0,0.0
2009-07-10,95.62000274658203,96.33000183105469,95.43000030517578,96.2300033569336,58.31660461425781,3981900,0.0,0.0,0.0
2009-07-13,96.31999969482422,96.5999984741211,95.55999755859375,95.69000244140625,57.989280700683594,2604300,0.0,0.0,0.0
2009-07-14,94.76000213623047,95.12999725341797,93.69999694824219,94.0999984741211,57.025753021240234,3629100,0.0,0.0,0.0
2009-07-15,92.66000366210938,93.0,91.66999816894531,91.68000030517578,55.559226989746094,4664200,0.0,0.0,0.0
2009-07-16,92.80999755859375,93.18000030517578,92.5,92.66999816894531,56.15915298461914,4225200,0.0,0.0,0.0
2009-07-17,91.9000015258789,92.36000061035156,91.23999786376953,91.23999786376953,55.292572021484375,3845700,0.0,0.0,0.0
2009-07-20,90.8499984741211,92.48999786376953,90.80000305175781,91.72000122070312,55.58345031738281,4436500,0.0,0.0,0.0
2009-07-21,91.44999694824219,93.69999694824219,91.29000091552734,93.55000305175781,56.69243621826172,3895300,0.0,0.0,0.0
2009-07-22,93.4000015258789,93.52999877929688,92.36000061035156,92.70999908447266,56.18341064453125,1986700,0.0,0.0,0.0
2009-07-23,92.76000213623047,92.80000305175781,90.56999969482422,91.01000213623047,55.1531982421875,3818800,0.0,0.0,0.0
2009-07-24,91.0,91.44999694824219,90.7699966430664,91.44999694824219,55.419803619384766,1765300,0.0,0.0,0.0
2009-07-27,90.2300033569336,90.66000366210938,89.94000244140625,90.4000015258789,54.78350830078125,2755900,0.0,0.0,0.0
2009-07-28,90.72000122070312,91.81999969482422,90.43000030517578,91.19999694824219,55.26831817626953,3324800,0.0,0.0,0.0
2009-07-29,92.16999816894531,92.29000091552734,90.94000244140625,91.69999694824219,55.57131576538086,2910200,0.0,0.0,0.0
2009-07-30,91.54000091552734,93.1500015258789,91.2300033569336,93.0,56.359153747558594,4040700,0.0,0.0,0.0
2009-07-31,93.8499984741211,94.86000061035156,93.27999877929688,94.80999755859375,57.45606994628906,5697000,0.0,0.0,0.0
2009-08-03,93.80999755859375,93.87000274658203,92.61000061035156,93.05999755859375,56.5853271484375,4029300,0.318,0.0,0.0
2009-08-04,93.62999725341797,93.72000122070312,91.66999816894531,92.31999969482422,56.13536071777344,3832200,0.0,0.0,0.0
2009-08-05,91.30999755859375,92.75,90.87000274658203,90.94000244140625,55.296287536621094,4458300,0.0,0.0,0.0
2009-08-06,90.9000015258789,91.88999938964844,90.41999816894531,91.25,55.484718322753906,3228500,0.0,0.0,0.0
2009-08-07,90.41999816894531,90.93000030517578,90.22000122070312,90.48999786376953,55.022605895996094,3543200,0.0,0.0,0.0
2009-08-10,90.51000213623047,91.63999938964844,90.41000366210938,91.62000274658203,55.70966720581055,3150100,0.0,0.0,0.0
2009-08-11,92.38999938964844,92.87000274658203,91.98999786376953,92.68000030517578,56.354248046875,3677800,0.0,0.0,0.0
2009-08-12,92.94999694824219,93.06999969482422,91.08999633789062,91.69000244140625,55.75223922729492,4729200,0.0,0.0,0.0
2009-08-13,91.80000305175781,93.1500015258789,91.5,92.98999786376953,56.5427360534668,3922300,0.0,0.0,0.0
2009-08-14,93.30000305175781,94.19999694824219,93.20999908447266,93.3499984741211,56.76163101196289,4410400,0.0,0.0,0.0
2009-08-17,93.94999694824219,94.75,93.87000274658203,94.7300033569336,57.60074234008789,3569700,0.0,0.0,0.0
2009-08-18,94.66000366210938,94.7699966430664,94.01000213623047,94.18000030517578,57.266326904296875,2557900,0.0,0.0,0.0
2009-08-19,95.16999816894531,95.37000274658203,94.41000366210938,94.95999908447266,57.74058532714844,3518200,0.0,0.0,0.0
2009-08-20,95.37999725341797,95.87000274658203,94.77999877929688,95.73999786376953,58.21485900878906,3282700,0.0,0.0,0.0
2009-08-21,95.63999938964844,95.7300033569336,93.75,93.7699966430664,57.017005920410156,6258300,0.0,0.0,0.0
2009-08-24,93.48999786376953,95.47000122070312,93.45999908447266,95.47000122070312,58.05070495605469,4460200,0.0,0.0,0.0
2009-08-25,95.37000274658203,96.08999633789062,94.91000366210938,96.01000213623047,58.379005432128906,3359700,0.0,0.0,0.0
2009-08-26,96.18000030517578,96.55000305175781,95.91000366210938,96.44999694824219,58.646583557128906,3225800,0.0,0.0,0.0
2009-08-27,96.18000030517578,96.62000274658203,95.7300033569336,96.06999969482422,58.415531158447266,2514000,0.0,0.0,0.0
2009-08-28,95.44000244140625,96.51000213623047,95.30999755859375,96.51000213623047,58.683067321777344,2072500,0.0,0.0,0.0
2009-08-31,96.36000061035156,96.86000061035156,95.76000213623047,96.5999984741211,58.737789154052734,2899800,0.0,0.0,0.0
2009-09-01,95.81999969482422,96.58000183105469,95.13999938964844,96.05999755859375,58.595672607421875,3304200,0.307,0.0,0.0
2009-09-02,96.4800033569336,97.66000366210938,96.23999786376953,97.45999908447266,59.44963836669922,4345000,0.0,0.0,0.0
2009-09-03,96.83999633789062,97.12000274658203,96.55000305175781,96.86000061035156,59.08363723754883,2703800,0.0,0.0,0.0
2009-09-04,96.44000244140625,96.5999984741211,95.05999755859375,95.20999908447266,58.07719039916992,3643000,0.0,0.0,0.0
2009-09-08,94.4800033569336,95.37000274658203,94.36000061035156,94.54000091552734,57.66848373413086,2468900,0.0,0.0,0.0
2009-09-09,93.88999938964844,94.43000030517578,93.5199966430664,94.43000030517578,57.60138702392578,3182400,0.0,0.0,0.0
2009-09-10,94.93000030517578,96.70999908447266,94.91000366210938,96.16999816894531,58.66275405883789,4417300,0.0,0.0,0.0
2009-09-11,96.81999969482422,97.68000030517578,96.5999984741211,96.69999694824219,58.986080169677734,4826200,0.0,0.0,0.0
2009-09-14,96.0199966430664,96.66999816894531,95.6500015258789,95.73999786376953,58.40046310424805,2119500,0.0,0.0,0.0
2009-09-15,95.19000244140625,95.7699966430664,95.06999969482422,95.25,58.10157012939453,2187900,0.0,0.0,0.0
2009-09-16,95.33999633789062,95.94999694824219,94.5999984741211,95.41999816894531,58.205291748046875,3732300,0.0,0.0,0.0
2009-09-17,95.69000244140625,96.7300033569336,95.16999816894531,96.62000274658203,58.937286376953125,2832000,0.0,0.0,0.0
2009-09-18,96.19999694824219,96.52999877929688,95.66999816894531,95.76000213623047,58.41268539428711,2813300,0.0,0.0,0.0
2009-09-21,96.0999984741211,96.48999786376953,95.36000061035156,95.9800033569336,58.54686737060547,3050200,0.0,0.0,0.0
2009-09-22,95.6500015258789,96.37000274658203,95.51000213623047,96.18000030517578,58.66884994506836,2068000,0.0,0.0,0.0
2009-09-23,95.94000244140625,96.58000183105469,95.19999694824219,96.47000122070312,58.845787048339844,5712000,0.0,0.0,0.0
2009-09-24,96.5,97.08999633789062,96.16999816894531,96.75,59.01657485961914,4658400,0.0,0.0,0.0
2009-09-25,97.36000061035156,98.05999755859375,96.7699966430664,97.9800033569336,59.76689910888672,3854500,0.0,0.0,0.0
2009-09-28,98.31999969482422,98.93000030517578,98.11000061035156,98.83999633789062,60.29143142700195,4263300,0.0,0.0,0.0
2009-09-29,98.31999969482422,99.16999816894531,98.1500015258789,98.75,60.23655319213867,3123200,0.0,0.0,0.0
2009-09-30,98.55999755859375,99.12999725341797,98.36000061035156,98.66000366210938,60.181644439697266,2744800,0.0,0.0,0.0
2009-10-01,98.95999908447266,100.05999755859375,98.80000305175781,99.69999694824219,61.00583267211914,5754400,0.307,0.0,0.0
2009-10-02,100.27999877929688,100.30999755859375,98.87999725341797,99.01000213623047,60.583648681640625,4827700,0.0,0.0,0.0
2009-10-05,99.47000122070312,99.66000366210938,98.7699966430664,99.0199966430664,60.589778900146484,2910100,0.0,0.0,0.0
2009-10-06,98.76000213623047,98.80000305175781,97.9800033569336,98.04000091552734,59.99011993408203,3936200,0.0,0.0,0.0
2009-10-07,98.66999816894531,99.33000183105469,98.5999984741211,99.19000244140625,60.69382858276367,3591000,0.0,0.0,0.0
2009-10-08,99.70999908447266,99.76000213623047,97.68000030517578,98.1500015258789,60.05742645263672,5871600,0.0,0.0,0.0
2009-10-09,97.62000274658203,97.70999908447266,95.5,95.9000015258789,58.680694580078125,8135900,0.0,0.0,0.0
2009-10-12,96.02999877929688,96.33000183105469,95.5999984741211,96.05000305175781,58.77247619628906,1939700,0.0,0.0,0.0
2009-10-13,96.62000274658203,96.8499984741211,96.26000213623047,96.55000305175781,59.07841491699219,2886500,0.0,0.0,0.0
2009-10-14,95.51000213623047,96.0999984741211,94.9000015258789,95.12000274658203,58.20344924926758,5421000,0.0,0.0,0.0
2009-10-15,94.56999969482422,95.41999816894531,94.37000274658203,94.68000030517578,57.93415832519531,3736900,0.0,0.0,0.0
2009-10-16,95.19000244140625,95.52999877929688,94.7300033569336,95.44999694824219,58.405311584472656,3716800,0.0,0.0,0.0
2009-10-19,95.58999633789062,96.20999908447266,95.37999725341797,96.19999694824219,58.864234924316406,3163800,0.0,0.0,0.0
2009-10-20,97.0199966430664,97.25,96.54000091552734,96.72000122070312,59.18246078491211,2912400,0.0,0.0,0.0
2009-10-21,96.16000366210938,96.20999908447266,95.51000213623047,96.13999938964844,58.8275146484375,3355200,0.0,0.0,0.0
2009-10-22,95.37999725341797,95.83000183105469,95.33000183105469,95.66999816894531,58.5399284362793,2572200,0.0,0.0,0.0
2009-10-23,94.87999725341797,95.41999816894531,94.87000274658203,94.94999694824219,58.09933853149414,2996200,0.0,0.0,0.0
2009-10-26,94.44000244140625,94.51000213623047,93.55000305175781,93.72000122070312,57.34674835205078,4127400,0.0,0.0,0.0
2009-10-27,93.97000122070312,95.11000061035156,93.91999816894531,95.0,58.12996292114258,4476300,0.0,0.0,0.0
2009-10-28,95.13999938964844,95.80000305175781,94.95999908447266,95.44999694824219,58.405311584472656,4585400,0.0,0.0,0.0
2009-10-29,94.81999969482422,95.05999755859375,93.94999694824219,94.41000366210938,57.76898193359375,4645300,0.0,0.0,0.0
2009-10-30,95.0999984741211,96.01000213623047,94.87000274658203,95.77999877929688,58.607242584228516,5118000,0.0,0.0,0.0
2009-11-02,95.51000213623047,95.58000183105469,94.80000305175781,95.05000305175781,58.34819412231445,3463800,0.308,0.0,0.0
2009-11-03,95.27999877929688,95.36000061035156,94.0,94.0999984741211,57.76502990722656,4470700,0.0,0.0,0.0
2009-11-04,93.61000061035156,94.06999969482422,92.80000305175781,93.23999786376953,57.23709487915039,5349500,0.0,0.0,0.0
2009-11-05,92.87000274658203,93.23999786376953,92.80000305175781,93.23999786376953,57.23709487915039,2852000,0.0,0.0,0.0
2009-11-06,93.37999725341797,93.44999694824219,92.45999908447266,93.33000183105469,57.29232406616211,3381100,0.0,0.0,0.0
2009-11-09,93.27999877929688,93.69999694824219,93.12999725341797,93.44000244140625,57.3598518371582,1697800,0.0,0.0,0.0
2009-11-10,94.05000305175781,94.0999984741211,92.91000366210938,93.2699966430664,57.2554817199707,2549900,0.0,0.0,0.0
2009-11-11,93.62999725341797,94.16000366210938,93.4800033569336,93.66000366210938,57.4948844909668,1771100,0.0,0.0,0.0
2009-11-12,93.23999786376953,93.58999633789062,92.44999694824219,93.48999786376953,57.39057159423828,3431300,0.0,0.0,0.0
2009-11-13,93.83000183105469,94.05999755859375,93.44999694824219,93.91999816894531,57.654541015625,1594200,0.0,0.0,0.0
2009-11-16,94.6500015258789,95.44999694824219,94.5199966430664,95.0199966430664,58.32977294921875,5175700,0.0,0.0,0.0
2009-11-17,94.98999786376953,95.80000305175781,94.80999755859375,95.52999877929688,58.64285659790039,3174400,0.0,0.0,0.0
2009-11-18,95.44000244140625,95.52999877929688,94.73999786376953,94.97000122070312,58.299095153808594,2413600,0.0,0.0,0.0
2009-11-19,95.23999786376953,95.81999969482422,94.91000366210938,95.13999938964844,58.40347671508789,2969800,0.0,0.0,0.0
2009-11-20,95.0,95.37000274658203,94.58999633789062,95.12000274658203,58.391212463378906,4136300,0.0,0.0,0.0
2009-11-23,94.54000091552734,95.0999984741211,94.33999633789062,95.0,58.31752395629883,3219300,0.0,0.0,0.0
2009-11-24,95.11000061035156,95.69999694824219,94.98999786376953,95.5999984741211,58.685768127441406,2895200,0.0,0.0,0.0
2009-11-25,95.48999786376953,96.2300033569336,94.97000122070312,96.04000091552734,58.95594024658203,2789300,0.0,0.0,0.0
2009-11-27,96.4000015258789,96.55999755859375,96.08999633789062,96.4000015258789,59.176937103271484,2249100,0.0,0.0,0.0
2009-11-30,96.19999694824219,96.7300033569336,96.0,96.62999725341797,59.318115234375,3115800,0.0,0.0,0.0
2009-12-01,95.76000213623047,95.93000030517578,95.19000244140625,95.25,58.657318115234375,3979100,0.307,0.0,0.0
2009-12-02,95.29000091552734,95.95999908447266,94.98999786376953,95.33000183105469,58.70660400390625,2193900,0.0,0.0,0.0
2009-12-03,94.43000030517578,94.83999633789062,94.23999786376953,94.33999633789062,58.09689712524414,3947300,0.0,0.0,0.0
2009-12-04,93.29000091552734,93.6500015258789,92.91000366210938,93.33999633789062,57.48114776611328,6108100,0.0,0.0,0.0
2009-12-07,93.2699966430664,93.73999786376953,93.08999633789062,93.45999908447266,57.554996490478516,2774200,0.0,0.0,0.0
2009-12-08,94.05000305175781,94.37000274658203,93.37000274658203,93.5999984741211,57.64122009277344,2378600,0.0,0.0,0.0
2009-12-09,93.69000244140625,94.05000305175781,92.68000030517578,93.16999816894531,57.376399993896484,3494300,0.0,0.0,0.0
2009-12-10,92.69000244140625,92.80000305175781,91.94999694824219,92.0999984741211,56.717491149902344,4446300,0.0,0.0,0.0
2009-12-11,91.83999633789062,92.26000213623047,91.30999755859375,92.08999633789062,56.71128845214844,3053400,0.0,0.0,0.0
2009-12-14,92.3499984741211,92.5,92.05000305175781,92.19999694824219,56.779014587402344,2380400,0.0,0.0,0.0
2009-12-15,91.56999969482422,92.0,91.48999786376953,91.79000091552734,56.526573181152344,2993900,0.0,0.0,0.0
2009-12-16,91.93000030517578,92.25,91.36000061035156,91.68000030517578,56.458824157714844,3301600,0.0,0.0,0.0
2009-12-17,92.5,93.2300033569336,92.19000244140625,93.19000244140625,57.38872528076172,4428900,0.0,0.0,0.0
2009-12-18,93.19999694824219,93.5,92.6500015258789,92.79000091552734,57.14241027832031,3789500,0.0,0.0,0.0
2009-12-21,92.05999755859375,92.19999694824219,91.13999938964844,91.13999938964844,56.12623977661133,3524000,0.0,0.0,0.0
2009-12-22,90.80000305175781,90.87000274658203,90.41999816894531,90.62999725341797,55.812217712402344,3078800,0.0,0.0,0.0
2009-12-23,90.95999908447266,91.38999938964844,90.5,90.6500015258789,55.82453918457031,2336000,0.0,0.0,0.0
2009-12-24,90.33000183105469,90.36000061035156,89.66999816894531,89.70999908447266,55.245643615722656,1698900,0.0,0.0,0.0
2009-12-28,89.45999908447266,89.62999725341797,89.30000305175781,89.45999908447266,55.09169387817383,3170900,0.0,0.0,0.0
2009-12-29,89.26000213623047,89.88999938964844,89.19999694824219,89.7300033569336,55.45512008666992,2617000,0.318,0.0,0.0
2009-12-30,89.91999816894531,90.4800033569336,89.86000061035156,90.31999969482422,55.819705963134766,1919100,0.0,0.0,0.0
2009-12-31,89.76000213623047,90.11000061035156,89.05000305175781,89.88999938964844,55.553977966308594,3242400,0.0,0.0,0.0
2010-01-04,89.83999633789062,90.0999984741211,89.58000183105469,89.80999755859375,55.50456237792969,2829100,0.0,0.0,0.0
2010-01-05,90.05000305175781,90.62999725341797,90.0,90.38999938964844,55.86296844482422,2841600,0.0,0.0,0.0
2010-01-06,90.16999816894531,90.26000213623047,89.12000274658203,89.18000030517578,55.11512756347656,4099600,0.0,0.0,0.0
2010-01-07,89.22000122070312,89.63999938964844,89.12000274658203,89.33000183105469,55.20787811279297,2793200,0.0,0.0,0.0
2010-01-08,89.51000213623047,89.55999755859375,88.76000213623047,89.29000091552734,55.18316650390625,2910700,0.0,0.0,0.0
2010-01-11,88.98999786376953,89.36000061035156,88.7699966430664,88.80000305175781,54.88034439086914,2181300,0.0,0.0,0.0
2010-01-12,90.16000366210938,90.38999938964844,89.83999633789062,90.31999969482422,55.819705963134766,4321200,0.0,0.0,0.0
2010-01-13,89.93000030517578,90.27999877929688,89.22000122070312,89.2699966430664,55.170772552490234,4755000,0.0,0.0,0.0
2010-01-14,89.69000244140625,90.5199966430664,89.54000091552734,90.5199966430664,55.943328857421875,4188800,0.0,0.0,0.0
2010-01-15,91.02999877929688,91.33000183105469,90.9800033569336,91.08000183105469,56.28943634033203,4142800,0.0,0.0,0.0
2010-01-19,90.72000122070312,91.12000274658203,90.41999816894531,90.81999969482422,56.12873077392578,2496000,0.0,0.0,0.0
2010-01-20,91.31999969482422,91.7699966430664,91.2699966430664,91.73999786376953,56.69734191894531,2800500,0.0,0.0,0.0
2010-01-21,91.55000305175781,92.38999938964844,91.45999908447266,92.16000366210938,56.956905364990234,4363100,0.0,0.0,0.0
2010-01-22,92.08999633789062,92.30999755859375,91.7699966430664,92.0,56.85802459716797,3666900,0.0,0.0,0.0
2010-01-25,91.54000091552734,91.91999816894531,91.48999786376953,91.58000183105469,56.598445892333984,2419500,0.0,0.0,0.0
2010-01-26,92.0199966430664,92.11000061035156,91.30999755859375,91.61000061035156,56.617000579833984,3138100,0.0,0.0,0.0
2010-01-27,91.75,92.08999633789062,91.37000274658203,91.55999755859375,56.58607864379883,3325700,0.0,0.0,0.0
2010-01-28,91.12999725341797,91.69999694824219,91.05999755859375,91.51000213623047,56.55517578125,3058200,0.0,0.0,0.0
2010-01-29,91.41000366210938,92.36000061035156,91.25,92.30999755859375,57.04959487915039,4930600,0.0,0.0,0.0
2010-02-01,91.70999908447266,91.7300033569336,91.05000305175781,91.1500015258789,56.53171157836914,3598500,0.325,0.0,0.0
2010-02-02,91.18000030517578,91.44999694824219,91.04000091552734,91.41000366210938,56.6929817199707,3047500,0.0,0.0,0.0
2010-02-03,90.80999755859375,90.97000122070312,90.2699966430664,90.3499984741211,56.03557205200195,5343700,0.0,0.0,0.0
2010-02-04,90.98999786376953,91.81999969482422,90.9000015258789,91.77999877929688,56.92243576049805,6095000,0.0,0.0,0.0
2010-02-05,91.37000274658203,92.41999816894531,91.20999908447266,91.9800033569336,57.0465087890625,6875800,0.0,0.0,0.0
2010-02-08,91.87000274658203,92.1500015258789,91.6500015258789,92.0999984741211,57.12091827392578,3386000,0.0,0.0,0.0
2010-02-09,91.73999786376953,92.22000122070312,91.13999938964844,91.18000030517578,56.5503044128418,4790000,0.0,0.0,0.0
2010-02-10,91.31999969482422,91.5999984741211,90.19999694824219,90.30999755859375,56.01073455810547,5068000,0.0,0.0,0.0
2010-02-11,90.19999694824219,90.27999877929688,89.37999725341797,89.81999969482422,55.70683288574219,5087500,0.0,0.0,0.0
2010-02-12,90.30999755859375,90.41999816894531,89.94999694824219,90.19000244140625,55.9362907409668,2833800,0.0,0.0,0.0
2010-02-16,89.7300033569336,90.44000244140625,89.7300033569336,90.36000061035156,56.04180908203125,2440900,0.0,0.0,0.0
2010-02-17,89.91999816894531,90.08999633789062,89.08000183105469,89.33000183105469,55.4029541015625,4368200,0.0,0.0,0.0
2010-02-18,89.45999908447266,89.5,88.51000213623047,88.97000122070312,55.17970657348633,5121800,0.0,0.0,0.0
2010-02-19,89.23999786376953,89.51000213623047,88.9000015258789,89.44999694824219,55.477378845214844,3502500,0.0,0.0,0.0
2010-02-22,89.12000274658203,89.31999969482422,88.91999816894531,89.08000183105469,55.247894287109375,3382600,0.0,0.0,0.0
2010-02-23,89.33999633789062,90.54000091552734,89.30000305175781,90.47000122070312,56.10997009277344,5474500,0.0,0.0,0.0
2010-02-24,90.55000305175781,90.87999725341797,90.18000030517578,90.69000244140625,56.2464714050293,4423200,0.0,0.0,0.0
2010-02-25,91.18000030517578,91.29000091552734,90.9000015258789,91.19999694824219,56.562744140625,3707700,0.0,0.0,0.0
2010-02-26,91.45999908447266,92.05999755859375,91.41000366210938,91.66999816894531,56.85419464111328,4349100,0.0,0.0,0.0
2010-03-01,91.33000183105469,91.52999877929688,90.95999908447266,91.33999633789062,56.829315185546875,2415200,0.29,0.0,0.0
2010-03-02,90.87999725341797,91.27999877929688,90.69999694824219,91.22000122070312,56.754695892333984,2260600,0.0,0.0,0.0
2010-03-03,91.01000213623047,91.08000183105469,90.69999694824219,90.98999786376953,56.61162567138672,2156100,0.0,0.0,0.0
2010-03-04,90.95999908447266,91.68000030517578,90.83000183105469,91.47000122070312,56.91021728515625,2374700,0.0,0.0,0.0
2010-03-05,90.83000183105469,90.87000274658203,90.12000274658203,90.2699966430664,56.16360092163086,3823200,0.0,0.0,0.0
2010-03-08,89.9000015258789,89.97000122070312,89.69999694824219,89.80000305175781,55.87117385864258,2850400,0.0,0.0,0.0
2010-03-09,89.9800033569336,90.0,89.4000015258789,89.81999969482422,55.883636474609375,2573700,0.0,0.0,0.0
2010-03-10,89.48999786376953,89.69999694824219,89.19000244140625,89.58999633789062,55.74052047729492,3216200,0.0,0.0,0.0
2010-03-11,89.38999938964844,90.13999938964844,89.37000274658203,89.91999816894531,55.9457893371582,2621000,0.0,0.0,0.0
2010-03-12,89.7699966430664,90.6500015258789,89.7300033569336,90.4800033569336,56.29425811767578,3099100,0.0,0.0,0.0
2010-03-15,90.3499984741211,90.47000122070312,90.05000305175781,90.36000061035156,56.219661712646484,1936800,0.0,0.0,0.0
2010-03-16,90.55999755859375,91.08999633789062,90.54000091552734,91.08000183105469,56.66755294799805,3932600,0.0,0.0,0.0
2010-03-17,91.30999755859375,91.47000122070312,91.06999969482422,91.47000122070312,56.91021728515625,3481200,0.0,0.0,0.0
2010-03-18,91.41999816894531,91.4800033569336,91.01000213623047,91.16999816894531,56.723541259765625,2750300,0.0,0.0,0.0
2010-03-19,91.26000213623047,91.58000183105469,90.87000274658203,91.26000213623047,56.77955627441406,2976300,0.0,0.0,0.0
2010-03-22,91.3499984741211,91.48999786376953,91.22000122070312,91.36000061035156,56.841793060302734,2452300,0.0,0.0,0.0
2010-03-23,91.06999969482422,91.31999969482422,90.91000366210938,90.93000030517578,56.574214935302734,2910000,0.0,0.0,0.0
2010-03-24,89.83999633789062,90.25,89.05999755859375,89.2699966430664,55.54143524169922,8049300,0.0,0.0,0.0
2010-03-25,89.12999725341797,89.23999786376953,88.37000274658203,88.69999694824219,55.18678283691406,8268400,0.0,0.0,0.0
2010-03-26,88.54000091552734,89.12000274658203,88.48999786376953,88.94999694824219,55.34236145019531,4110700,0.0,0.0,0.0
2010-03-29,88.77999877929688,88.8499984741211,88.30999755859375,88.61000061035156,55.130836486816406,3245100,0.0,0.0,0.0
2010-03-30,88.5199966430664,88.94999694824219,88.2699966430664,88.88999938964844,55.30502700805664,3254600,0.0,0.0,0.0
2010-03-31,89.22000122070312,89.5199966430664,88.94999694824219,89.5,55.68452835083008,4263900,0.0,0.0,0.0
2010-04-01,88.7699966430664,89.02999877929688,88.43000030517578,88.94999694824219,55.54841995239258,2912400,0.332,0.0,0.0
2010-04-05,87.9800033569336,88.13999938964844,87.41000366210938,87.47000122070312,54.62417221069336,5652000,0.0,0.0,0.0
2010-04-06,87.80000305175781,87.8499984741211,87.3499984741211,87.61000061035156,54.71157455444336,3584600,0.0,0.0,0.0
2010-04-07,87.44999694824219,88.91999816894531,87.30000305175781,88.7300033569336,55.4110107421875,6389900,0.0,0.0,0.0
2010-04-08,88.88999938964844,89.12999725341797,88.4800033569336,88.7699966430664,55.43601608276367,3797600,0.0,0.0,0.0
2010-04-09,88.61000061035156,89.05999755859375,88.41000366210938,88.9800033569336,55.567115783691406,2311300,0.0,0.0,0.0
2010-04-12,89.16999816894531,89.55999755859375,89.08999633789062,89.44999694824219,55.86064529418945,2939600,0.0,0.0,0.0
2010-04-13,89.88999938964844,89.94999694824219,89.5199966430664,89.73999786376953,56.041709899902344,3090900,0.0,0.0,0.0
2010-04-14,89.76000213623047,89.87000274658203,89.11000061035156,89.11000061035156,55.64833450317383,3570100,0.0,0.0,0.0
2010-04-15,88.8499984741211,89.5,88.68000030517578,89.20999908447266,55.71078872680664,3698000,0.0,0.0,0.0
2010-04-16,89.4000015258789,89.98999786376953,89.23999786376953,89.86000061035156,56.11668014526367,8303900,0.0,0.0,0.0
2010-04-19,89.87000274658203,90.02999877929688,89.5199966430664,89.63999938964844,55.97932052612305,3211500,0.0,0.0,0.0
2010-04-20,89.8499984741211,89.98999786376953,89.63999938964844,89.95999908447266,56.17911911010742,2285000,0.0,0.0,0.0
2010-04-21,90.2699966430664,90.83000183105469,90.26000213623047,90.69999694824219,56.641258239746094,4162200,0.0,0.0,0.0
2010-04-22,90.9000015258789,91.08999633789062,90.33000183105469,90.43000030517578,56.47262954711914,2841400,0.0,0.0,0.0
2010-04-23,90.20999908447266,90.36000061035156,89.87000274658203,90.11000061035156,56.27278137207031,4776000,0.0,0.0,0.0
2010-04-26,90.51000213623047,90.6500015258789,89.94000244140625,90.20999908447266,56.33525466918945,4753900,0.0,0.0,0.0
2010-04-27,90.8499984741211,91.91999816894531,90.69999694824219,91.4800033569336,57.12840270996094,13199200,0.0,0.0,0.0
2010-04-28,91.12999725341797,91.3499984741211,90.4800033569336,90.69999694824219,56.641258239746094,8379500,0.0,0.0,0.0
2010-04-29,90.86000061035156,91.22000122070312,90.5199966430664,91.08000183105469,56.87854766845703,4067200,0.0,0.0,0.0
2010-04-30,91.27999877929688,92.16999816894531,91.11000061035156,92.12999725341797,57.5342903137207,6924800,0.0,0.0,0.0
2010-05-03,91.41999816894531,92.0199966430664,91.27999877929688,91.69000244140625,57.45906066894531,4211800,0.32,0.0,0.0
2010-05-04,92.80999755859375,93.47000122070312,92.55999755859375,93.33999633789062,58.49308395385742,11054800,0.0,0.0,0.0
2010-05-05,94.05999755859375,94.8499984741211,93.3499984741211,93.88999938964844,58.83775329589844,12219100,0.0,0.0,0.0
2010-05-06,94.16000366210938,100.0,93.77999877929688,96.79000091552734,60.655059814453125,19578200,0.0,0.0,0.0
2010-05-07,95.87999725341797,98.08999633789062,95.2699966430664,95.58000183105469,59.89682388305664,18740600,0.0,0.0,0.0
2010-05-10,93.16000366210938,93.94000244140625,93.08999633789062,93.5999984741211,58.65601348876953,10240100,0.0,0.0,0.0
2010-05-11,93.9800033569336,94.0199966430664,92.98999786376953,93.36000061035156,58.50564956665039,7729100,0.0,0.0,0.0
2010-05-12,93.13999938964844,93.26000213623047,92.61000061035156,92.6500015258789,58.06069564819336,5530800,0.0,0.0,0.0
2010-05-13,93.26000213623047,93.55000305175781,92.19999694824219,93.26000213623047,58.44295120239258,6849700,0.0,0.0,0.0
2010-05-14,94.12000274658203,95.5,94.08999633789062,94.87999725341797,59.458133697509766,9796500,0.0,0.0,0.0
2010-05-17,94.72000122070312,95.70999908447266,94.47000122070312,94.52999877929688,59.238773345947266,6302200,0.0,0.0,0.0
2010-05-18,94.9000015258789,96.16999816894531,94.7699966430664,95.9800033569336,60.14751052856445,9904100,0.0,0.0,0.0
2010-05-19,95.94000244140625,96.94999694824219,95.93000030517578,96.30000305175781,60.348026275634766,14121200,0.0,0.0,0.0
2010-05-20,97.91000366210938,98.56999969482422,97.52999877929688,98.33000183105469,61.62017059326172,17666900,0.0,0.0,0.0
2010-05-21,99.61000061035156,99.75,97.86000061035156,98.43000030517578,61.68281173706055,18670600,0.0,0.0,0.0
2010-05-24,98.73999786376953,98.87000274658203,97.9000015258789,98.08999633789062,61.469764709472656,7721100,0.0,0.0,0.0
2010-05-25,99.6500015258789,99.88999938964844,98.4000015258789,98.56999969482422,61.77049255371094,12952700,0.0,0.0,0.0
2010-05-26,98.22000122070312,98.4000015258789,97.4000015258789,98.29000091552734,61.595062255859375,12644800,0.0,0.0,0.0
2010-05-27,96.83000183105469,96.98999786376953,95.87999725341797,96.05999755859375,60.19764709472656,7653200,0.0,0.0,0.0
2010-05-28,96.48999786376953,96.77999877929688,96.0199966430664,96.5,60.47334289550781,5805500,0.0,0.0,0.0
2010-06-01,97.2300033569336,97.29000091552734,96.25,96.8499984741211,60.898399353027344,5536200,0.326,0.0,0.0
2010-06-02,96.98999786376953,97.19000244140625,95.81999969482422,95.93000030517578,60.3199462890625,5656400,0.0,0.0,0.0
2010-06-03,95.20999908447266,95.91000366210938,95.0999984741211,95.2300033569336,59.87975311279297,8499500,0.0,0.0,0.0
2010-06-04,96.94000244140625,97.94999694824219,96.69999694824219,97.79000091552734,61.48945617675781,7479600,0.0,0.0,0.0
2010-06-07,97.5199966430664,98.58999633789062,97.33000183105469,98.54000091552734,61.961090087890625,5288200,0.0,0.0,0.0
2010-06-08,97.93000030517578,98.51000213623047,97.76000213623047,98.05000305175781,61.65298843383789,5510800,0.0,0.0,0.0
2010-06-09,97.5999984741211,98.12000274658203,97.20999908447266,97.94000244140625,61.58378219604492,5598000,0.0,0.0,0.0
2010-06-10,97.19999694824219,97.29000091552734,96.08999633789062,96.19000244140625,60.483394622802734,6075100,0.0,0.0,0.0
2010-06-11,97.08999633789062,97.80999755859375,96.61000061035156,97.41000366210938,61.25048065185547,6266700,0.0,0.0,0.0
2010-06-14,96.31999969482422,97.04000091552734,96.22000122070312,96.91000366210938,60.93614959716797,5310400,0.0,0.0,0.0
2010-06-15,97.11000061035156,97.25,96.05000305175781,96.51000213623047,60.68464279174805,4920100,0.0,0.0,0.0
2010-06-16,97.19000244140625,97.22000122070312,96.38999938964844,97.05999755859375,61.030418395996094,4011100,0.0,0.0,0.0
2010-06-17,97.1500015258789,98.2300033569336,97.06999969482422,97.8499984741211,61.52720642089844,5650900,0.0,0.0,0.0
2010-06-18,97.88999938964844,98.11000061035156,97.56999969482422,97.69000244140625,61.42660140991211,4171700,0.0,0.0,0.0
2010-06-21,96.45999908447266,97.55000305175781,96.41000366210938,97.41000366210938,61.25048065185547,5740900,0.0,0.0,0.0
2010-06-22,97.68000030517578,98.5999984741211,97.41999816894531,98.56999969482422,61.97990417480469,5658900,0.0,0.0,0.0
2010-06-23,98.61000061035156,99.56999969482422,98.56999969482422,99.23999786376953,62.40121078491211,9137800,0.0,0.0,0.0
2010-06-24,99.3499984741211,99.58999633789062,98.3499984741211,98.6500015258789,62.03021240234375,6184600,0.0,0.0,0.0
2010-06-25,98.31999969482422,99.33000183105469,98.16000366210938,99.05000305175781,62.28176498413086,5148300,0.0,0.0,0.0
2010-06-28,99.5999984741211,100.0,99.41999816894531,99.9800033569336,62.86654281616211,5436000,0.0,0.0,0.0
2010-06-29,100.31999969482422,101.12999725341797,100.16000366210938,101.06999969482422,63.551910400390625,7334200,0.0,0.0,0.0
2010-06-30,101.41000366210938,101.79000091552734,100.80000305175781,101.75,63.979496002197266,7205700,0.0,0.0,0.0
2010-07-01,101.56999969482422,102.66000366210938,101.37999725341797,101.5999984741211,64.08040618896484,12893400,0.31,0.0,0.0
2010-07-02,101.11000061035156,101.44000244140625,100.16000366210938,100.79000091552734,63.5694694519043,6297600,0.0,0.0,0.0
2010-07-06,100.83000183105469,101.75,100.73999786376953,101.62000274658203,64.093017578125,6620400,0.0,0.0,0.0
2010-07-07,101.45999908447266,101.51000213623047,100.33999633789062,100.43000030517578,63.342472076416016,5727800,0.0,0.0,0.0
2010-07-08,99.81999969482422,100.16000366210938,99.55000305175781,99.79000091552734,62.93879699707031,6260600,0.0,0.0,0.0
2010-07-09,99.4000015258789,99.63999938964844,99.18000030517578,99.22000122070312,62.57925796508789,4286000,0.0,0.0,0.0
2010-07-12,99.33000183105469,99.83999633789062,99.04000091552734,99.18000030517578,62.55406951904297,4062100,0.0,0.0,0.0
2010-07-13,98.8499984741211,98.88999938964844,98.18000030517578,98.33000183105469,62.0179557800293,5842500,0.0,0.0,0.0
2010-07-14,98.72000122070312,99.48999786376953,98.38999938964844,99.31999969482422,62.64239501953125,5417300,0.0,0.0,0.0
2010-07-15,99.73999786376953,100.58999633789062,99.69999694824219,100.30999755859375,63.26673126220703,6996100,0.0,0.0,0.0
2010-07-16,100.30999755859375,101.12999725341797,100.2699966430664,100.80000305175781,63.575836181640625,7512400,0.0,0.0,0.0
2010-07-19,100.55999755859375,100.75,99.9800033569336,100.18000030517578,63.184783935546875,4305800,0.0,0.0,0.0
2010-07-20,100.66999816894531,100.9000015258789,100.18000030517578,100.33000183105469,63.2794189453125,5076600,0.0,0.0,0.0
2010-07-21,100.44999694824219,102.27999877929688,100.41000366210938,102.02999877929688,64.35160827636719,7894200,0.0,0.0,0.0
2010-07-22,101.51000213623047,101.5199966430664,100.81999969482422,100.8499984741211,63.607357025146484,5759700,0.0,0.0,0.0
2010-07-23,100.80000305175781,100.97000122070312,99.69000244140625,99.77999877929688,62.9324951171875,6259100,0.0,0.0,0.0
2010-07-26,99.62999725341797,99.80999755859375,99.0,99.61000061035156,62.82527160644531,4856400,0.0,0.0,0.0
2010-07-27,98.77999877929688,99.18000030517578,98.56999969482422,98.6500015258789,62.21979522705078,5328000,0.0,0.0,0.0
2010-07-28,98.48999786376953,99.19000244140625,98.2699966430664,98.97000122070312,62.42158889770508,5507200,0.0,0.0,0.0
2010-07-29,98.0999984741211,99.0199966430664,97.91999816894531,98.94000244140625,62.40272521972656,6305500,0.0,0.0,0.0
2010-07-30,100.19999694824219,100.61000061035156,99.8499984741211,100.4800033569336,63.374000549316406,7683200,0.0,0.0,0.0
2010-08-02,99.23999786376953,99.33000183105469,98.75,98.75,62.484310150146484,5769200,0.324,0.0,0.0
2010-08-03,99.19999694824219,99.66000366210938,98.93000030517578,99.31999969482422,62.84502029418945,4363500,0.0,0.0,0.0
2010-08-04,99.5,99.51000213623047,98.55999755859375,98.55999755859375,62.36411666870117,3820400,0.0,0.0,0.0
2010-08-05,99.33999633789062,99.48999786376953,98.83999633789062,99.0199966430664,62.65516662597656,3704200,0.0,0.0,0.0
2010-08-06,99.79000091552734,100.20999908447266,99.48999786376953,100.0999984741211,63.338539123535156,6042400,0.0,0.0,0.0
2010-08-09,99.73999786376953,99.9800033569336,99.61000061035156,99.7300033569336,63.10445785522461,2578500,0.0,0.0,0.0
2010-08-10,100.05999755859375,101.01000213623047,99.47000122070312,99.94000244140625,63.23732376098633,11251000,0.0,0.0,0.0
2010-08-11,100.30999755859375,101.38999938964844,100.30999755859375,101.27999877929688,64.08516693115234,6778300,0.0,0.0,0.0
2010-08-12,101.58000183105469,101.94000244140625,100.87000274658203,101.02999877929688,63.92705154418945,7590100,0.0,0.0,0.0
2010-08-13,101.62000274658203,102.44999694824219,101.4800033569336,102.29000091552734,64.72428894042969,7843600,0.0,0.0,0.0
2010-08-16,104.20999908447266,104.88999938964844,104.06999969482422,104.8499984741211,66.3441390991211,7976200,0.0,0.0,0.0
2010-08-17,104.8499984741211,104.86000061035156,104.0,104.25,65.96451568603516,6756800,0.0,0.0,0.0
2010-08-18,105.0,105.6500015258789,104.48999786376953,104.52999877929688,66.14165496826172,7721600,0.0,0.0,0.0
2010-08-19,104.79000091552734,106.61000061035156,104.63999938964844,106.16000366210938,67.17305755615234,13128500,0.0,0.0,0.0
2010-08-20,106.41000366210938,106.83000183105469,105.83999633789062,106.04000091552734,67.09710693359375,7040300,0.0,0.0,0.0
2010-08-23,105.6500015258789,106.19000244140625,105.25,106.05999755859375,67.10974884033203,6360100,0.0,0.0,0.0
2010-08-24,107.04000091552734,108.12999725341797,106.66999816894531,107.76000213623047,68.18541717529297,9812100,0.0,0.0,0.0
2010-08-25,108.80000305175781,109.33999633789062,107.06999969482422,107.41000366210938,67.96395111083984,13299800,0.0,0.0,0.0
2010-08-26,107.55999755859375,108.48999786376953,107.29000091552734,108.41999816894531,68.60301208496094,7039900,0.0,0.0,0.0
2010-08-27,107.7699966430664,108.33000183105469,105.19999694824219,105.3499984741211,66.6605453491211,13514000,0.0,0.0,0.0
2010-08-30,106.20999908447266,107.4000015258789,105.81999969482422,107.37000274658203,67.93867492675781,5535300,0.0,0.0,0.0
2010-08-31,108.22000122070312,108.6500015258789,107.62000274658203,108.55999755859375,68.69158935546875,8397000,0.0,0.0,0.0
2010-09-01,107.0199966430664,107.05000305175781,105.08999633789062,106.0,67.27133178710938,12480700,0.322,0.0,0.0
2010-09-02,105.19999694824219,105.30000305175781,104.4000015258789,104.87999725341797,66.560546875,8167600,0.0,0.0,0.0
2010-09-03,102.72000122070312,103.94000244140625,102.69999694824219,103.58000183105469,65.73550415039062,9210700,0.0,0.0,0.0
2010-09-07,105.08999633789062,105.77999877929688,104.80999755859375,105.69999694824219,67.08096313476562,6018400,0.0,0.0,0.0
2010-09-08,105.08999633789062,105.20999908447266,104.36000061035156,104.86000061035156,66.54785919189453,6698400,0.0,0.0,0.0
2010-09-09,103.69999694824219,103.83999633789062,102.63999938964844,102.79000091552734,65.23416137695312,8588900,0.0,0.0,0.0
2010-09-10,102.25,102.69999694824219,101.8499984741211,102.31999969482422,64.93585968017578,6910300,0.0,0.0,0.0
2010-09-13,101.80000305175781,103.05000305175781,101.7699966430664,102.81999969482422,65.25318908691406,7054800,0.0,0.0,0.0
2010-09-14,103.02999877929688,103.81999969482422,102.97000122070312,103.80999755859375,65.88150787353516,5978100,0.0,0.0,0.0
2010-09-15,102.75,103.26000213623047,102.13999938964844,102.2699966430664,64.9041748046875,7919100,0.0,0.0,0.0
2010-09-16,101.52999877929688,101.81999969482422,100.8499984741211,101.26000213623047,64.26316833496094,17116200,0.0,0.0,0.0
2010-09-17,101.83000183105469,102.16000366210938,101.31999969482422,101.66999816894531,64.52336883544922,9203600,0.0,0.0,0.0
2010-09-20,102.1500015258789,102.44999694824219,101.69000244140625,102.26000213623047,64.89784240722656,5277800,0.0,0.0,0.0
2010-09-21,102.66999816894531,104.0199966430664,102.26000213623047,103.68000030517578,65.79896545410156,12664000,0.0,0.0,0.0
2010-09-22,104.55000305175781,105.06999969482422,103.8499984741211,104.61000061035156,66.38919067382812,8229400,0.0,0.0,0.0
2010-09-23,105.41000366210938,105.45999908447266,104.23999786376953,104.91000366210938,66.5795669555664,7412200,0.0,0.0,0.0
2010-09-24,103.95999908447266,104.11000061035156,103.5,103.5,65.68474578857422,8942500,0.0,0.0,0.0
2010-09-27,104.52999877929688,105.44999694824219,104.4800033569336,105.30000305175781,66.82705688476562,7061600,0.0,0.0,0.0
2010-09-28,105.37999725341797,106.31999969482422,105.33999633789062,106.0199966430664,67.28398895263672,8262900,0.0,0.0,0.0
2010-09-29,106.16999816894531,106.2699966430664,105.3499984741211,105.58000183105469,67.00477600097656,5507100,0.0,0.0,0.0
2010-09-30,105.4000015258789,105.58999633789062,104.02999877929688,105.51000213623047,66.96035766601562,10618400,0.0,0.0,0.0
2010-10-01,104.2300033569336,105.13999938964844,103.9800033569336,104.61000061035156,66.63673400878906,9368400,0.392,0.0,0.0
2010-10-04,104.62000274658203,104.93000030517578,104.41000366210938,104.87999725341797,66.80874633789062,4422700,0.0,0.0,0.0
2010-10-05,104.7300033569336,104.80999755859375,103.93000030517578,104.25,66.40746307373047,8491800,0.0,0.0,0.0
2010-10-06,104.9000015258789,106.0999984741211,104.86000061035156,105.55999755859375,67.24192810058594,6476100,0.0,0.0,0.0
2010-10-07,105.16999816894531,105.37999725341797,104.66999816894531,104.68000030517578,66.68135070800781,5780700,0.0,0.0,0.0
2010-10-08,104.87000274658203,105.45999908447266,104.22000122070312,104.22000122070312,66.38833618164062,6128700,0.0,0.0,0.0
2010-10-11,104.11000061035156,104.43000030517578,103.94000244140625,104.23999786376953,66.40109252929688,1474200,0.0,0.0,0.0
2010-10-12,104.41000366210938,104.76000213623047,103.18000030517578,103.20999908447266,65.74496459960938,6122400,0.0,0.0,0.0
2010-10-13,102.3499984741211,103.12000274658203,102.04000091552734,103.05000305175781,65.64305114746094,8168400,0.0,0.0,0.0
2010-10-14,103.29000091552734,103.6500015258789,101.47000122070312,101.51000213623047,64.662109375,10945000,0.0,0.0,0.0
2010-10-15,100.5999984741211,101.05000305175781,99.88999938964844,100.2699966430664,63.87217712402344,12694700,0.0,0.0,0.0
2010-10-18,101.19999694824219,101.44999694824219,100.77999877929688,101.08000183105469,64.38818359375,5592200,0.0,0.0,0.0
2010-10-19,100.58000183105469,102.08999633789062,100.55000305175781,101.69000244140625,64.7767333984375,8017500,0.0,0.0,0.0
2010-10-20,101.37000274658203,102.27999877929688,101.20999908447266,101.91000366210938,64.91687774658203,5515800,0.0,0.0,0.0
2010-10-21,101.69000244140625,101.91000366210938,100.69000244140625,100.69999694824219,64.1461181640625,6836100,0.0,0.0,0.0
2010-10-22,100.44000244140625,101.47000122070312,100.41000366210938,101.37999725341797,64.57921600341797,4770700,0.0,0.0,0.0
2010-10-25,102.12000274658203,102.29000091552734,101.55000305175781,101.66999816894531,64.76396942138672,5632300,0.0,0.0,0.0
2010-10-26,100.86000061035156,101.05999755859375,100.05000305175781,100.0999984741211,63.76388168334961,8432000,0.0,0.0,0.0
2010-10-27,99.68000030517578,100.16999816894531,99.22000122070312,99.22000122070312,63.20329666137695,9245200,0.0,0.0,0.0
2010-10-28,99.58000183105469,99.83000183105469,99.16000366210938,99.48999786376953,63.37528991699219,8052600,0.0,0.0,0.0
2010-10-29,99.81999969482422,100.45999908447266,99.62000274658203,100.41999816894531,63.96773147583008,6753800,0.0,0.0,0.0
2010-11-01,100.80000305175781,100.80999755859375,99.48999786376953,99.66999816894531,63.69227600097656,5921000,0.319,0.0,0.0
2010-11-02,100.45999908447266,101.08999633789062,100.41999816894531,100.9800033569336,64.52943420410156,6537400,0.0,0.0,0.0
2010-11-03,101.7300033569336,102.2699966430664,98.43000030517578,98.91999816894531,63.213069915771484,25541800,0.0,0.0,0.0
2010-11-04,99.16999816894531,99.87000274658203,99.08000183105469,99.69000244140625,63.70506286621094,13246500,0.0,0.0,0.0
2010-11-05,98.3499984741211,98.80000305175781,97.9800033569336,97.9800033569336,62.61239242553711,12435000,0.0,0.0,0.0
2010-11-08,98.58999633789062,98.91999816894531,97.81999969482422,98.41999816894531,62.89350891113281,6795200,0.0,0.0,0.0
2010-11-09,98.48999786376953,98.5199966430664,96.19000244140625,96.25,61.506797790527344,15061700,0.0,0.0,0.0
2010-11-10,96.3499984741211,96.73999786376953,95.0,96.37999725341797,61.58985137939453,18540400,0.0,0.0,0.0
2010-11-11,96.44999694824219,96.62999725341797,96.13999938964844,96.33000183105469,61.55794906616211,3368100,0.0,0.0,0.0
2010-11-12,96.20999908447266,96.73999786376953,95.80999755859375,95.80999755859375,61.22566604614258,11739500,0.0,0.0,0.0
2010-11-15,95.33000183105469,95.72000122070312,93.80999755859375,93.80999755859375,59.94756317138672,14978700,0.0,0.0,0.0
2010-11-16,94.91000366210938,96.25,93.98999786376953,96.13999938964844,61.4365234375,19901300,0.0,0.0,0.0
2010-11-17,95.80000305175781,96.76000213623047,95.33999633789062,95.61000061035156,61.097862243652344,9915600,0.0,0.0,0.0
2010-11-18,95.68000030517578,96.0,94.80000305175781,96.0,61.3470458984375,12424800,0.0,0.0,0.0
2010-11-19,96.08999633789062,96.58999633789062,95.79000091552734,96.58999633789062,61.724098205566406,8359500,0.0,0.0,0.0
2010-11-22,97.37000274658203,97.62000274658203,96.23999786376953,97.0,61.986106872558594,10413500,0.0,0.0,0.0
2010-11-23,97.66999816894531,97.94999694824219,97.23999786376953,97.4800033569336,62.292850494384766,9566900,0.0,0.0,0.0
2010-11-24,96.80999755859375,96.98999786376953,95.58000183105469,95.73999786376953,61.18092346191406,11467600,0.0,0.0,0.0
2010-11-26,96.72000122070312,97.12000274658203,96.55000305175781,97.06999969482422,62.030818939208984,4848900,0.0,0.0,0.0
2010-11-29,97.55999755859375,97.94999694824219,97.08999633789062,97.9000015258789,62.561241149902344,8950000,0.0,0.0,0.0
2010-11-30,99.20999908447266,99.2699966430664,98.11000061035156,98.41000366210938,62.88718032836914,11947600,0.0,0.0,0.0
2010-12-01,96.6500015258789,97.11000061035156,95.88999938964844,95.88999938964844,61.48921203613281,15441200,0.34,0.0,0.0
2010-12-02,95.95999908447266,96.54000091552734,95.52999877929688,95.63999938964844,61.328880310058594,9318700,0.0,0.0,0.0
2010-12-03,96.27999877929688,96.33000183105469,94.8499984741211,94.88999938964844,60.847957611083984,10194800,0.0,0.0,0.0
2010-12-06,95.5199966430664,96.25,95.30999755859375,96.2300033569336,61.70722579956055,7001800,0.0,0.0,0.0
2010-12-07,94.72000122070312,94.91999816894531,93.16000366210938,94.16999816894531,60.38623046875,18533100,0.0,0.0,0.0
2010-12-08,93.72000122070312,93.80000305175781,92.11000061035156,93.26000213623047,59.8027458190918,19275900,0.0,0.0,0.0
2010-12-09,93.5999984741211,94.2699966430664,92.7300033569336,93.72000122070312,60.09772872924805,17477100,0.0,0.0,0.0
2010-12-10,93.29000091552734,93.86000061035156,93.13999938964844,93.1500015258789,59.732173919677734,7078500,0.0,0.0,0.0
2010-12-13,93.05000305175781,94.02999877929688,92.55999755859375,93.5,59.956581115722656,12399900,0.0,0.0,0.0
2010-12-14,92.4000015258789,93.0199966430664,91.44000244140625,92.13999938964844,59.08454895019531,23516400,0.0,0.0,0.0
2010-12-15,92.08000183105469,92.23999786376953,90.47000122070312,90.94000244140625,58.31507110595703,26084000,0.0,0.0,0.0
2010-12-16,91.02999877929688,91.58000183105469,90.56999969482422,91.56999969482422,58.71900177001953,17939000,0.0,0.0,0.0
2010-12-17,91.87999725341797,93.7699966430664,91.86000061035156,93.23999786376953,59.78990173339844,16849700,0.0,0.0,0.0
2010-12-20,93.75,94.2300033569336,92.63999938964844,93.13999938964844,59.725833892822266,13703500,0.0,0.0,0.0
2010-12-21,93.12999725341797,93.79000091552734,92.48999786376953,93.79000091552734,60.1425895690918,8985100,0.0,0.0,0.0
2010-12-22,93.47000122070312,93.55000305175781,92.93000030517578,93.12000274658203,59.71296310424805,6440900,0.0,0.0,0.0
2010-12-23,93.18000030517578,93.2300033569336,92.52999877929688,92.93000030517578,59.59113693237305,7091800,0.0,0.0,0.0
2010-12-27,92.76000213623047,93.87999725341797,92.30000305175781,93.76000213623047,60.123390197753906,5285900,0.0,0.0,0.0
2010-12-28,92.93000030517578,93.06999969482422,91.30999755859375,91.61000061035156,58.945858001708984,13972100,0.32,0.0,0.0
2010-12-29,91.76000213623047,93.5199966430664,91.47000122070312,93.16000366210938,59.94317626953125,13115400,0.0,0.0,0.0
2010-12-30,92.87999725341797,93.27999877929688,92.41000366210938,93.08999633789062,59.89811325073242,7029900,0.0,0.0,0.0
2010-12-31,93.51000213623047,94.69999694824219,93.44000244140625,94.12000274658203,60.56088638305664,8516000,0.0,0.0,0.0
2011-01-03,93.19999694824219,94.30999755859375,92.94999694824219,93.41000366210938,60.104034423828125,13799400,0.0,0.0,0.0
2011-01-04,93.41000366210938,93.7699966430664,92.91000366210938,93.5199966430664,60.1748161315918,10466900,0.0,0.0,0.0
2011-01-05,92.48999786376953,92.69000244140625,91.19000244140625,91.45999908447266,58.84933090209961,17568000,0.0,0.0,0.0
2011-01-06,91.54000091552734,92.12000274658203,91.16000366210938,91.86000061035156,59.10670852661133,9317500,0.0,0.0,0.0
2011-01-07,91.51000213623047,92.62999725341797,91.02999877929688,92.3499984741211,59.42197036743164,12694600,0.0,0.0,0.0
2011-01-10,92.58000183105469,92.98999786376953,92.18000030517578,92.8499984741211,59.743709564208984,8295200,0.0,0.0,0.0
2011-01-11,92.48999786376953,92.5999984741211,91.69000244140625,92.33000183105469,59.409114837646484,9495400,0.0,0.0,0.0
2011-01-12,91.73999786376953,92.16999816894531,91.44999694824219,91.61000061035156,58.945858001708984,9522900,0.0,0.0,0.0
2011-01-13,91.62000274658203,92.7699966430664,91.44999694824219,92.43000030517578,59.47346496582031,14502400,0.0,0.0,0.0
2011-01-14,92.77999877929688,92.9000015258789,91.76000213623047,91.83999633789062,59.0938606262207,8960700,0.0,0.0,0.0
2011-01-18,91.29000091552734,91.70999908447266,90.7300033569336,91.41000366210938,58.817142486572266,10663600,0.0,0.0,0.0
2011-01-19,91.41000366210938,92.06999969482422,91.36000061035156,92.06999969482422,59.24181365966797,8886900,0.0,0.0,0.0
2011-01-20,91.5,91.61000061035156,90.38999938964844,90.80000305175781,58.424625396728516,14203400,0.0,0.0,0.0
2011-01-21,90.69000244140625,91.5199966430664,90.51000213623047,91.5199966430664,58.887901306152344,9085600,0.0,0.0,0.0
2011-01-24,91.87000274658203,91.9000015258789,91.37999725341797,91.55999755859375,58.91366195678711,7700200,0.0,0.0,0.0
2011-01-25,91.94000244140625,92.9000015258789,91.31999969482422,92.43000030517578,59.47346496582031,13438100,0.0,0.0,0.0
2011-01-26,92.22000122070312,92.26000213623047,90.88999938964844,91.02999877929688,58.57267379760742,13322900,0.0,0.0,0.0
2011-01-27,91.06999969482422,91.6500015258789,90.66999816894531,91.44000244140625,58.83646774291992,10868700,0.0,0.0,0.0
2011-01-28,90.80999755859375,92.27999877929688,90.7699966430664,91.91999816894531,59.14529800415039,11993200,0.0,0.0,0.0
2011-01-31,91.66000366210938,91.9800033569336,91.05000305175781,91.22000122070312,58.69491195678711,8647600,0.0,0.0,0.0
2011-02-01,90.55000305175781,90.83999633789062,90.13999938964844,90.44999694824219,58.40431213378906,11508400,0.32,0.0,0.0
2011-02-02,90.9000015258789,91.0,89.9000015258789,90.47000122070312,58.417266845703125,13624600,0.0,0.0,0.0
2011-02-03,89.95999908447266,90.56999969482422,89.70999908447266,89.72000122070312,57.9329719543457,12785800,0.0,0.0,0.0
2011-02-04,89.5,89.6500015258789,88.7699966430664,88.80999755859375,57.34535598754883,17172200,0.0,0.0,0.0
2011-02-07,88.69999694824219,89.30000305175781,88.56999969482422,89.2699966430664,57.64236068725586,8554800,0.0,0.0,0.0
2011-02-08,89.30999755859375,89.54000091552734,88.36000061035156,88.44999694824219,57.11293029785156,10454200,0.0,0.0,0.0
2011-02-09,88.69000244140625,89.66000366210938,88.13999938964844,89.22000122070312,57.61011505126953,13078600,0.0,0.0,0.0
2011-02-10,88.9000015258789,89.13999938964844,88.18000030517578,88.19000244140625,56.945064544677734,10486800,0.0,0.0,0.0
2011-02-11,89.02999877929688,89.52999877929688,88.73999786376953,89.45999908447266,57.76509094238281,11333400,0.0,0.0,0.0
2011-02-14,89.30999755859375,89.93000030517578,89.30999755859375,89.5199966430664,57.80385971069336,8033500,0.0,0.0,0.0
2011-02-15,89.55999755859375,89.97000122070312,89.37000274658203,89.91999816894531,58.06210708618164,7298000,0.0,0.0,0.0
2011-02-16,89.87000274658203,90.31999969482422,89.33999633789062,89.62999725341797,57.8748779296875,8446300,0.0,0.0,0.0
2011-02-17,90.0199966430664,90.18000030517578,89.66000366210938,89.7699966430664,57.965248107910156,6732500,0.0,0.0,0.0
2011-02-18,89.41999816894531,89.55000305175781,89.08000183105469,89.48999786376953,57.78445053100586,6080700,0.0,0.0,0.0
2011-02-22,89.91000366210938,90.94000244140625,89.70999908447266,90.83000183105469,58.64970779418945,11905700,0.0,0.0,0.0
2011-02-23,91.0999984741211,91.55000305175781,90.73999786376953,91.16000366210938,58.8627815246582,14522600,0.0,0.0,0.0
2011-02-24,91.62999725341797,92.04000091552734,91.44000244140625,91.73999786376953,59.23728561401367,12110900,0.0,0.0,0.0
2011-02-25,91.73999786376953,92.27999877929688,91.63999938964844,92.27999877929688,59.58599090576172,6841700,0.0,0.0,0.0
2011-02-28,92.30000305175781,92.5199966430664,92.08000183105469,92.4000015258789,59.66345977783203,9682500,0.0,0.0,0.0
2011-03-01,91.5199966430664,92.4000015258789,91.47000122070312,92.37000274658203,59.83642578125,8048700,0.297,0.0,0.0
2011-03-02,91.83999633789062,91.98999786376953,90.94000244140625,90.94999694824219,58.91656494140625,8526400,0.0,0.0,0.0
2011-03-03,90.52999877929688,90.77999877929688,89.9800033569336,90.05999755859375,58.340030670166016,10607600,0.0,0.0,0.0
2011-03-04,90.0999984741211,90.8499984741211,90.0,90.80999755859375,58.82590103149414,9316200,0.0,0.0,0.0
2011-03-07,90.0199966430664,90.86000061035156,89.8499984741211,90.2300033569336,58.45015335083008,7522300,0.0,0.0,0.0
2011-03-08,90.11000061035156,90.33999633789062,89.6500015258789,89.68000030517578,58.093868255615234,8498700,0.0,0.0,0.0
2011-03-09,90.08999633789062,90.81999969482422,89.8499984741211,90.55000305175781,58.657440185546875,8904800,0.0,0.0,0.0
2011-03-10,90.87000274658203,92.0999984741211,90.63999938964844,92.06999969482422,59.642127990722656,13385800,0.0,0.0,0.0
2011-03-11,92.04000091552734,92.08000183105469,91.33000183105469,91.55000305175781,59.30521011352539,8407600,0.0,0.0,0.0
2011-03-14,91.4800033569336,91.91999816894531,91.31999969482422,91.51000213623047,59.27933120727539,6765200,0.0,0.0,0.0
2011-03-15,92.80000305175781,93.05000305175781,92.36000061035156,92.87999725341797,60.16682052612305,14893800,0.0,0.0,0.0
2011-03-16,93.37000274658203,94.94000244140625,93.08000183105469,93.93000030517578,60.84697341918945,24294200,0.0,0.0,0.0
2011-03-17,93.23999786376953,93.61000061035156,92.76000213623047,93.20999908447266,60.38054656982422,10528500,0.0,0.0,0.0
2011-03-18,92.75,93.4800033569336,92.69000244140625,93.45999908447266,60.542545318603516,7260900,0.0,0.0,0.0
2011-03-21,93.12999725341797,93.18000030517578,92.56999969482422,92.91000366210938,60.18620681762695,10542900,0.0,0.0,0.0
2011-03-22,92.80999755859375,93.29000091552734,92.73999786376953,93.22000122070312,60.387046813964844,6904700,0.0,0.0,0.0
2011-03-23,93.8499984741211,93.87999725341797,92.93000030517578,93.0999984741211,60.30930709838867,8358000,0.0,0.0,0.0
2011-03-24,92.76000213623047,92.87999725341797,92.38999938964844,92.4000015258789,59.85585021972656,9477600,0.0,0.0,0.0
2011-03-25,92.86000061035156,92.95999908447266,92.0199966430664,92.16999816894531,59.7068977355957,6447200,0.0,0.0,0.0
2011-03-28,92.12000274658203,92.66999816894531,92.0,92.30000305175781,59.791080474853516,3996800,0.0,0.0,0.0
2011-03-29,91.9800033569336,92.5,91.56999969482422,91.58999633789062,59.331214904785156,6487200,0.0,0.0,0.0
2011-03-30,91.72000122070312,92.31999969482422,91.55999755859375,92.31999969482422,59.804054260253906,5048300,0.0,0.0,0.0
2011-03-31,92.66999816894531,92.72000122070312,91.61000061035156,92.12999725341797,59.680931091308594,9654300,0.0,0.0,0.0
2011-04-01,91.5,92.2699966430664,91.41999816894531,92.19000244140625,59.97111129760742,7860400,0.386,0.0,0.0
2011-04-04,92.19999694824219,92.58000183105469,92.12999725341797,92.29000091552734,60.03612518310547,4469100,0.0,0.0,0.0
2011-04-05,92.16000366210938,92.37999725341797,91.66999816894531,91.91999816894531,59.795448303222656,9951600,0.0,0.0,0.0
2011-04-06,91.7699966430664,91.79000091552734,90.54000091552734,90.54000091552734,58.89772415161133,9090900,0.0,0.0,0.0
2011-04-07,90.52999877929688,90.76000213623047,90.12999725341797,90.36000061035156,58.78060531616211,9265100,0.0,0.0,0.0
2011-04-08,89.93000030517578,90.31999969482422,89.8499984741211,89.87999725341797,58.468360900878906,7605700,0.0,0.0,0.0
2011-04-11,89.83000183105469,90.22000122070312,89.6500015258789,89.95999908447266,58.52044677734375,5734000,0.0,0.0,0.0
2011-04-12,90.61000061035156,91.23999786376953,90.55999755859375,90.93000030517578,59.15149688720703,7686500,0.0,0.0,0.0
2011-04-13,90.54000091552734,91.5,90.44000244140625,91.5,59.522220611572266,7959300,0.0,0.0,0.0
2011-04-14,91.54000091552734,91.7699966430664,91.22000122070312,91.43000030517578,59.47671127319336,7609600,0.0,0.0,0.0
2011-04-15,92.26000213623047,92.70999908447266,92.06999969482422,92.66999816894531,60.2833137512207,10222900,0.0,0.0,0.0
2011-04-18,91.98999786376953,93.0999984741211,91.44999694824219,92.87999725341797,60.419979095458984,12036700,0.0,0.0,0.0
2011-04-19,92.86000061035156,93.27999877929688,92.76000213623047,93.27999877929688,60.6801872253418,5295100,0.0,0.0,0.0
2011-04-20,93.06999969482422,93.26000213623047,92.61000061035156,92.68000030517578,60.28984832763672,6754100,0.0,0.0,0.0
2011-04-21,92.88999938964844,93.2300033569336,92.55999755859375,92.5999984741211,60.23779296875,3365600,0.0,0.0,0.0
2011-04-25,92.62999725341797,92.97000122070312,92.5,92.94999694824219,60.46547317504883,3626900,0.0,0.0,0.0
2011-04-26,93.2699966430664,93.87000274658203,93.18000030517578,93.8499984741211,61.05099868774414,7506300,0.0,0.0,0.0
2011-04-27,93.44000244140625,93.56999969482422,92.75,92.88999938964844,60.426513671875,8869300,0.0,0.0,0.0
2011-04-28,93.22000122070312,93.5999984741211,92.97000122070312,93.5999984741211,60.88834762573242,8110200,0.0,0.0,0.0
2011-04-29,93.47000122070312,93.91999816894531,93.3499984741211,93.88999938964844,61.077003479003906,5900000,0.0,0.0,0.0
2011-05-02,93.31999969482422,93.68000030517578,93.16999816894531,93.63999938964844,61.17496109008789,5285100,0.4,0.0,0.0
2011-05-03,93.95999908447266,94.16999816894531,93.58000183105469,94.16999816894531,61.52121353149414,6486600,0.0,0.0,0.0
2011-05-04,94.30999755859375,94.72000122070312,94.2699966430664,94.58999633789062,61.795616149902344,7406300,0.0,0.0,0.0
2011-05-05,94.91999816894531,95.62999725341797,94.80999755859375,95.48999786376953,62.38356399536133,9600000,0.0,0.0,0.0
2011-05-06,94.51000213623047,95.48999786376953,94.3499984741211,95.06999969482422,62.109169006347656,9451500,0.0,0.0,0.0
2011-05-09,94.9000015258789,95.19999694824219,94.83999633789062,94.97000122070312,62.04391098022461,3731200,0.0,0.0,0.0
2011-05-10,94.69999694824219,94.88999938964844,94.29000091552734,94.29000091552734,61.599647521972656,5458300,0.0,0.0,0.0
2011-05-11,94.31999969482422,95.08999633789062,94.18000030517578,94.83000183105469,61.952388763427734,6078700,0.0,0.0,0.0
2011-05-12,94.94999694824219,95.11000061035156,93.91000366210938,94.2300033569336,61.56037902832031,8015800,0.0,0.0,0.0
2011-05-13,94.6500015258789,95.48999786376953,94.52999877929688,95.08000183105469,62.11574172973633,8380000,0.0,0.0,0.0
2011-05-16,95.02999877929688,95.79000091552734,94.76000213623047,95.61000061035156,62.46198654174805,6053600,0.0,0.0,0.0
2011-05-17,96.02999877929688,96.5999984741211,95.9800033569336,96.58999633789062,63.10221481323242,9826900,0.0,0.0,0.0
2011-05-18,96.2699966430664,96.38999938964844,95.27999877929688,95.30999755859375,62.265987396240234,7707600,0.0,0.0,0.0
2011-05-19,94.45999908447266,95.31999969482422,94.45999908447266,95.2699966430664,62.239837646484375,8052400,0.0,0.0,0.0
2011-05-20,95.0199966430664,95.41000366210938,94.72000122070312,95.31999969482422,62.27253341674805,5602300,0.0,0.0,0.0
2011-05-23,95.7300033569336,96.19000244140625,95.58999633789062,95.77999877929688,62.57301330566406,6300000,0.0,0.0,0.0
2011-05-24,95.63999938964844,96.13999938964844,95.45999908447266,96.13999938964844,62.808223724365234,5549100,0.0,0.0,0.0
2011-05-25,96.1500015258789,96.27999877929688,95.54000091552734,95.69000244140625,62.51420974731445,5664500,0.0,0.0,0.0
2011-05-26,95.97000122070312,96.55000305175781,95.88999938964844,96.51000213623047,63.0499153137207,8307900,0.0,0.0,0.0
2011-05-27,96.12999725341797,96.51000213623047,95.87999725341797,96.47000122070312,63.02378463745117,5390600,0.0,0.0,0.0
2011-05-31,96.18000030517578,96.76000213623047,96.08999633789062,96.69000244140625,63.167510986328125,7003900,0.0,0.0,0.0
2011-06-01,96.91999816894531,97.72000122070312,96.88999938964844,97.63999938964844,64.02123260498047,12746400,0.352,0.0,0.0
2011-06-02,96.48999786376953,96.91000366210938,95.77999877929688,95.77999877929688,62.80165481567383,15738700,0.0,0.0,0.0
2011-06-03,96.58000183105469,96.5999984741211,95.56999969482422,96.33000183105469,63.16230392456055,10644100,0.0,0.0,0.0
2011-06-06,95.47000122070312,95.98999786376953,95.20999908447266,95.5999984741211,62.683650970458984,8776900,0.0,0.0,0.0
2011-06-07,95.2300033569336,96.05999755859375,95.12000274658203,96.04000091552734,62.97214889526367,7399200,0.0,0.0,0.0
2011-06-08,96.26000213623047,96.83999633789062,96.16999816894531,96.79000091552734,63.4638671875,7401800,0.0,0.0,0.0
2011-06-09,97.0999984741211,97.33000183105469,95.93000030517578,96.4000015258789,63.20818328857422,9963000,0.0,0.0,0.0
2011-06-10,96.91000366210938,97.38999938964844,96.80000305175781,97.13999938964844,63.69340515136719,7710800,0.0,0.0,0.0
2011-06-13,96.73999786376953,97.29000091552734,96.63999938964844,96.6500015258789,63.3720817565918,5540000,0.0,0.0,0.0
2011-06-14,95.73999786376953,95.9000015258789,95.12999725341797,95.19000244140625,62.41482925415039,8672400,0.0,0.0,0.0
2011-06-15,95.37999725341797,96.94000244140625,95.37000274658203,96.91999816894531,63.54911804199219,12979100,0.0,0.0,0.0
2011-06-16,97.0999984741211,97.52999877929688,96.80000305175781,97.36000061035156,63.837642669677734,10961200,0.0,0.0,0.0
2011-06-17,96.86000061035156,97.1500015258789,96.63999938964844,96.9000015258789,63.53599166870117,9622900,0.0,0.0,0.0
2011-06-20,97.33000183105469,97.36000061035156,96.58999633789062,97.0199966430664,63.61470031738281,6613800,0.0,0.0,0.0
2011-06-21,96.69999694824219,97.02999877929688,96.2699966430664,96.58999633789062,63.33277130126953,7894900,0.0,0.0,0.0
2011-06-22,96.95999908447266,97.05999755859375,96.41000366210938,96.6500015258789,63.3720817565918,5503700,0.0,0.0,0.0
2011-06-23,97.23999786376953,97.73999786376953,97.1500015258789,97.38999938964844,63.85731887817383,8586800,0.0,0.0,0.0
2011-06-24,97.36000061035156,97.69000244140625,96.9800033569336,96.9800033569336,63.588443756103516,7960900,0.0,0.0,0.0
2011-06-27,96.8499984741211,96.87000274658203,95.55000305175781,95.6500015258789,62.716434478759766,9331300,0.0,0.0,0.0
2011-06-28,95.4800033569336,95.68000030517578,94.72000122070312,94.87999725341797,62.211570739746094,12634300,0.0,0.0,0.0
2011-06-29,94.94999694824219,95.19999694824219,94.0199966430664,94.25,61.79844665527344,11084900,0.0,0.0,0.0
2011-06-30,94.2300033569336,94.30999755859375,93.13999938964844,94.0999984741211,61.70011520385742,11555600,0.0,0.0,0.0
2011-07-01,94.12999725341797,94.2300033569336,93.36000061035156,93.62999725341797,61.60141372680664,6637200,0.32,0.0,0.0
2011-07-05,94.04000091552734,94.16999816894531,93.69000244140625,93.83999633789062,61.739585876464844,4615600,0.0,0.0,0.0
2011-07-06,94.19000244140625,94.44999694824219,93.83999633789062,94.31999969482422,62.05536651611328,5652700,0.0,0.0,0.0
2011-07-07,93.83000183105469,94.13999938964844,93.55000305175781,94.04000091552734,61.87116241455078,6823700,0.0,0.0,0.0
2011-07-08,94.83999633789062,95.61000061035156,94.83000183105469,95.37000274658203,62.74620819091797,12129300,0.0,0.0,0.0
2011-07-11,96.04000091552734,96.80000305175781,95.75,96.80000305175781,63.687049865722656,9760800,0.0,0.0,0.0
2011-07-12,97.30000305175781,97.30999755859375,96.55999755859375,97.12999725341797,63.90412521362305,9083900,0.0,0.0,0.0
2011-07-13,96.70999908447266,97.43000030517578,96.11000061035156,97.4000015258789,64.08177947998047,13112200,0.0,0.0,0.0
2011-07-14,96.62000274658203,97.9000015258789,96.01000213623047,96.01000213623047,63.16731262207031,11471500,0.0,0.0,0.0
2011-07-15,95.29000091552734,96.19999694824219,95.23999786376953,96.16999816894531,63.272518157958984,7086200,0.0,0.0,0.0
2011-07-18,96.05999755859375,96.16999816894531,95.19999694824219,95.23999786376953,62.6606330871582,8206500,0.0,0.0,0.0
2011-07-19,95.31999969482422,97.2699966430664,95.16999816894531,97.22000122070312,63.963348388671875,15249400,0.0,0.0,0.0
2011-07-20,96.72000122070312,96.83999633789062,95.87000274658203,96.06999969482422,63.20672607421875,9673300,0.0,0.0,0.0
2011-07-21,95.23999786376953,95.86000061035156,94.9000015258789,95.33000183105469,62.719886779785156,11099200,0.0,0.0,0.0
2011-07-22,95.69000244140625,96.08999633789062,95.52999877929688,96.05000305175781,63.193572998046875,4974500,0.0,0.0,0.0
2011-07-25,94.97000122070312,96.05000305175781,94.83000183105469,95.0,62.50276184082031,10869400,0.0,0.0,0.0
2011-07-26,95.30000305175781,95.87000274658203,95.23999786376953,95.6500015258789,62.93043518066406,7682800,0.0,0.0,0.0
2011-07-27,95.33999633789062,95.83999633789062,95.0999984741211,95.66000366210938,62.936973571777344,11224200,0.0,0.0,0.0
2011-07-28,96.11000061035156,96.30999755859375,95.70999908447266,96.0199966430664,63.17387008666992,7081600,0.0,0.0,0.0
2011-07-29,96.88999938964844,98.52999877929688,96.77999877929688,97.91999816894531,64.42391967773438,19582400,0.0,0.0,0.0
2011-08-01,97.38999938964844,98.94000244140625,97.3499984741211,98.58000183105469,65.07413482666016,14348200,0.325,0.0,0.0
2011-08-02,99.22000122070312,101.56999969482422,98.88999938964844,101.54000091552734,67.02806854248047,20850600,0.0,0.0,0.0
2011-08-03,101.56999969482422,103.41999816894531,101.36000061035156,101.73999786376953,67.16007995605469,21179700,0.0,0.0,0.0
2011-08-04,102.37999725341797,105.55000305175781,102.2699966430664,105.36000061035156,69.54967498779297,34076600,0.0,0.0,0.0
2011-08-05,103.44000244140625,105.5,102.27999877929688,102.31999969482422,67.5429458618164,41677700,0.0,0.0,0.0
2011-08-08,103.18000030517578,105.79000091552734,102.94999694824219,105.55000305175781,69.67513275146484,38259500,0.0,0.0,0.0
2011-08-09,105.01000213623047,109.37000274658203,103.0,105.87000274658203,69.8863754272461,39881400,0.0,0.0,0.0
2011-08-10,107.62999725341797,109.06999969482422,106.94000244140625,109.0199966430664,71.96572875976562,46221000,0.0,0.0,0.0
2011-08-11,107.33999633789062,107.80999755859375,103.19999694824219,103.5199966430664,68.33509826660156,37790100,0.0,0.0,0.0
2011-08-12,104.44000244140625,105.66000366210938,104.06999969482422,105.56999969482422,69.68832397460938,15590800,0.0,0.0,0.0
2011-08-15,104.94000244140625,105.4800033569336,104.47000122070312,104.5,68.98201751708984,10051700,0.0,0.0,0.0
2011-08-16,104.66000366210938,106.63999938964844,104.62999725341797,106.2300033569336,70.12397766113281,15993200,0.0,0.0,0.0
2011-08-17,106.31999969482422,108.0999984741211,105.7699966430664,108.08999633789062,71.35186004638672,15906600,0.0,0.0,0.0
2011-08-18,110.08999633789062,112.13999938964844,109.27999877929688,110.30999755859375,72.81725311279297,27274600,0.0,0.0,0.0
2011-08-19,110.6500015258789,111.41000366210938,110.2300033569336,111.19999694824219,73.40478515625,15708400,0.0,0.0,0.0
2011-08-22,110.45999908447266,111.26000213623047,110.38999938964844,110.91999816894531,73.21991729736328,13157700,0.0,0.0,0.0
2011-08-23,109.76000213623047,111.16999816894531,109.3499984741211,109.38999938964844,72.20994567871094,16017800,0.0,0.0,0.0
2011-08-24,109.29000091552734,109.41000366210938,106.1500015258789,106.27999877929688,70.15702056884766,14621600,0.0,0.0,0.0
2011-08-25,106.69000244140625,107.9000015258789,106.36000061035156,107.43000030517578,70.9161376953125,10565900,0.0,0.0,0.0
2011-08-26,108.69000244140625,109.2699966430664,107.33000183105469,108.48999786376953,71.61590576171875,11504800,0.0,0.0,0.0
2011-08-29,106.69999694824219,107.4000015258789,106.5999984741211,106.98999786376953,70.6257095336914,6764300,0.0,0.0,0.0
2011-08-30,108.43000030517578,109.1500015258789,108.25,108.70999908447266,71.76104736328125,9508700,0.0,0.0,0.0
2011-08-31,108.80999755859375,108.95999908447266,107.02999877929688,107.02999877929688,70.65204620361328,12186000,0.0,0.0,0.0
2011-09-01,107.47000122070312,108.9800033569336,106.08000183105469,108.97000122070312,72.14976501464844,10686600,0.322,0.0,0.0
2011-09-02,111.38999938964844,112.58000183105469,110.66000366210938,112.51000213623047,74.49365234375,16557100,0.0,0.0,0.0
2011-09-06,114.41999816894531,114.93000030517578,113.38999938964844,113.68000030517578,75.26834106445312,14016200,0.0,0.0,0.0
2011-09-07,112.27999877929688,112.37000274658203,111.30999755859375,111.51000213623047,73.83152770996094,11524300,0.0,0.0,0.0
2011-09-08,112.30000305175781,112.62999725341797,111.33999633789062,112.51000213623047,74.49365234375,11480900,0.0,0.0,0.0
2011-09-09,112.54000091552734,114.18000030517578,112.20999908447266,113.70999908447266,75.28811645507812,11492700,0.0,0.0,0.0
2011-09-12,113.56999969482422,114.25,113.0999984741211,113.83000183105469,75.36756896972656,7602200,0.0,0.0,0.0
2011-09-13,113.4000015258789,113.58999633789062,112.11000061035156,112.20999908447266,74.29500579833984,9282400,0.0,0.0,0.0
2011-09-14,111.97000122070312,113.3499984741211,111.81999969482422,113.16000366210938,74.92393493652344,11948500,0.0,0.0,0.0
2011-09-15,111.9800033569336,112.48999786376953,111.43000030517578,111.43000030517578,73.77857971191406,8884000,0.0,0.0,0.0
2011-09-16,111.30999755859375,112.58999633789062,111.25,112.23999786376953,74.31484985351562,10053500,0.0,0.0,0.0
2011-09-19,114.19999694824219,115.19000244140625,114.12000274658203,114.37999725341797,75.73172760009766,13033500,0.0,0.0,0.0
2011-09-20,114.37000274658203,114.87000274658203,114.05000305175781,114.86000061035156,76.04965209960938,6360600,0.0,0.0,0.0
2011-09-21,114.62999725341797,118.79000091552734,114.19999694824219,118.66000366210938,78.56555938720703,18687100,0.0,0.0,0.0
2011-09-22,121.41000366210938,123.87000274658203,121.2300033569336,123.12000274658203,81.51854705810547,25041400,0.0,0.0,0.0
2011-09-23,123.12000274658203,123.36000061035156,120.83000183105469,120.83000183105469,80.00235748291016,15173800,0.0,0.0,0.0
2011-09-26,120.12000274658203,120.56999969482422,118.58000183105469,118.88999938964844,78.71788787841797,15110100,0.0,0.0,0.0
2011-09-27,116.75,117.30000305175781,116.26000213623047,117.06999969482422,77.51285552978516,13589600,0.0,0.0,0.0
2011-09-28,116.9000015258789,117.11000061035156,115.76000213623047,117.02999877929688,77.4863510131836,12642600,0.0,0.0,0.0
2011-09-29,117.61000061035156,118.81999969482422,117.08999633789062,117.83999633789062,78.02263641357422,12341800,0.0,0.0,0.0
2011-09-30,120.0199966430664,120.91000366210938,118.98999786376953,120.80000305175781,79.98249816894531,13546400,0.0,0.0,0.0
2011-10-03,121.87999725341797,123.80999755859375,121.11000061035156,123.80999755859375,82.18356323242188,15882000,0.306,0.0,0.0
2011-10-04,124.37000274658203,125.02999877929688,122.18000030517578,122.23999786376953,81.14148712158203,17301400,0.0,0.0,0.0
2011-10-05,121.66000366210938,121.77999877929688,120.66000366210938,121.36000061035156,80.55730438232422,14275000,0.0,0.0,0.0
2011-10-06,120.63999938964844,121.01000213623047,119.12000274658203,119.12000274658203,79.07047271728516,9681600,0.0,0.0,0.0
2011-10-07,117.75,119.05000305175781,116.8499984741211,118.23999786376953,78.48632049560547,11564600,0.0,0.0,0.0
2011-10-10,116.81999969482422,116.91000366210938,115.80000305175781,116.56999969482422,77.3777847290039,3567600,0.0,0.0,0.0
2011-10-11,117.29000091552734,117.36000061035156,115.9000015258789,116.18000030517578,77.11893463134766,7520200,0.0,0.0,0.0
2011-10-12,114.69999694824219,115.12000274658203,113.4800033569336,114.48999786376953,75.99710083007812,14033400,0.0,0.0,0.0
2011-10-13,115.02999877929688,116.55000305175781,114.95999908447266,115.62999725341797,76.75382995605469,11263300,0.0,0.0,0.0
2011-10-14,113.87999725341797,114.61000061035156,113.61000061035156,113.94999694824219,75.63868713378906,8411000,0.0,0.0,0.0
2011-10-17,114.30000305175781,115.97000122070312,114.22000122070312,115.91999816894531,76.94632720947266,9664000,0.0,0.0,0.0
2011-10-18,116.13999938964844,116.81999969482422,114.30000305175781,115.19999694824219,76.4684066772461,12495600,0.0,0.0,0.0
2011-10-19,114.54000091552734,115.73999786376953,114.16000366210938,115.16000366210938,76.44187927246094,6629300,0.0,0.0,0.0
2011-10-20,114.45999908447266,115.66999816894531,114.06999969482422,114.33999633789062,75.89755249023438,7832100,0.0,0.0,0.0
2011-10-21,113.86000061035156,114.19999694824219,113.12999725341797,113.12999725341797,75.09432983398438,9906300,0.0,0.0,0.0
2011-10-24,113.93000030517578,114.08000183105469,113.05000305175781,113.31999969482422,75.2204818725586,6344500,0.0,0.0,0.0
2011-10-25,113.37999725341797,116.3499984741211,113.3499984741211,116.19999694824219,77.13221740722656,11791200,0.0,0.0,0.0
2011-10-26,115.38999938964844,116.20999908447266,114.06999969482422,114.16999816894531,75.78473663330078,12747000,0.0,0.0,0.0
2011-10-27,112.5199966430664,112.8499984741211,109.81999969482422,110.30000305175781,73.21582794189453,19471400,0.0,0.0,0.0
2011-10-28,110.9000015258789,111.95999908447266,110.76000213623047,111.45999908447266,73.98583984375,10127900,0.0,0.0,0.0
2011-10-31,113.61000061035156,115.87999725341797,113.45999908447266,115.87999725341797,76.9198226928711,15242100,0.0,0.0,0.0
2011-11-01,118.70999908447266,119.48999786376953,117.16999816894531,119.44999694824219,79.49465942382812,24400600,0.299,0.0,0.0
2011-11-02,116.62999725341797,118.36000061035156,116.41999816894531,117.95999908447266,78.50302124023438,13181100,0.0,0.0,0.0
2011-11-03,116.33999633789062,117.3499984741211,115.98999786376953,116.33999633789062,77.42487335205078,8386700,0.0,0.0,0.0
2011-11-04,115.72000122070312,117.05000305175781,115.52999877929688,116.4800033569336,77.51805114746094,7583700,0.0,0.0,0.0
2011-11-07,116.63999938964844,118.3499984741211,116.31999969482422,117.22000122070312,78.01053619384766,9279700,0.0,0.0,0.0
2011-11-08,116.75,117.54000091552734,115.5,115.72000122070312,77.01229095458984,7539400,0.0,0.0,0.0
2011-11-09,118.26000213623047,119.12999725341797,117.06999969482422,118.12000274658203,78.6095199584961,13004500,0.0,0.0,0.0
2011-11-10,116.77999877929688,117.61000061035156,115.20999908447266,116.36000061035156,77.43816375732422,11644600,0.0,0.0,0.0
2011-11-11,115.83000183105469,116.16999816894531,115.5,115.6500015258789,76.9656753540039,2483900,0.0,0.0,0.0
2011-11-14,116.38999938964844,117.5999984741211,116.20999908447266,117.51000213623047,78.20353698730469,9252600,0.0,0.0,0.0
2011-11-15,117.69999694824219,118.45999908447266,116.72000122070312,117.3499984741211,78.0970687866211,7587500,0.0,0.0,0.0
2011-11-16,117.95999908447266,118.43000030517578,117.18000030517578,118.41999816894531,78.80919647216797,7470000,0.0,0.0,0.0
2011-11-17,118.04000091552734,120.16000366210938,118.04000091552734,119.37000274658203,79.44143676757812,9907900,0.0,0.0,0.0
2011-11-18,119.18000030517578,119.55000305175781,118.31999969482422,119.33999633789062,79.42139434814453,6792600,0.0,0.0,0.0
2011-11-21,120.37999725341797,120.7300033569336,119.91000366210938,120.05000305175781,79.89391326904297,7345600,0.0,0.0,0.0
2011-11-22,120.3499984741211,121.41000366210938,119.8499984741211,121.38999938964844,80.78568267822266,7866300,0.0,0.0,0.0
2011-11-23,121.16000366210938,123.05000305175781,121.02999877929688,122.58000183105469,81.57768249511719,10129300,0.0,0.0,0.0
2011-11-25,121.80000305175781,121.87000274658203,120.73999786376953,120.80000305175781,80.39303588867188,4311900,0.0,0.0,0.0
2011-11-28,118.62999725341797,121.1500015258789,118.58000183105469,120.73999786376953,80.35311126708984,7661900,0.0,0.0,0.0
2011-11-29,120.02999877929688,120.91999816894531,119.08000183105469,119.75,79.69427490234375,8952800,0.0,0.0,0.0
2011-11-30,118.33999633789062,118.55999755859375,117.26000213623047,117.87999725341797,78.4498062133789,11806800,0.0,0.0,0.0
2011-12-01,116.29000091552734,117.23999786376953,115.80000305175781,117.0,78.05615234375,9647200,0.29,0.0,0.0
2011-12-02,116.62000274658203,118.68000030517578,116.55999755859375,118.63999938964844,79.15029907226562,7764900,0.0,0.0,0.0
2011-12-05,117.0,118.83000183105469,116.87999725341797,118.4000015258789,78.99018096923828,7862800,0.0,0.0,0.0
2011-12-06,117.80999755859375,118.29000091552734,116.7699966430664,117.2699966430664,78.236328125,8506300,0.0,0.0,0.0
2011-12-07,117.33000183105469,118.23999786376953,116.8499984741211,117.69000244140625,78.51651763916016,6588300,0.0,0.0,0.0
2011-12-08,117.72000122070312,119.33000183105469,117.41000366210938,119.16000366210938,79.49723052978516,8800500,0.0,0.0,0.0
2011-12-09,119.06999969482422,119.12999725341797,116.62999725341797,116.70999908447266,77.8626708984375,9855100,0.0,0.0,0.0
2011-12-12,117.91000366210938,118.48999786376953,117.61000061035156,118.01000213623047,78.72994995117188,5734600,0.0,0.0,0.0
2011-12-13,117.27999877929688,119.62999725341797,117.16000366210938,119.11000061035156,79.46382904052734,8901800,0.0,0.0,0.0
2011-12-14,119.79000091552734,121.38999938964844,119.48999786376953,121.36000061035156,80.96492767333984,11247700,0.0,0.0,0.0
2011-12-15,120.66000366210938,121.31999969482422,120.37000274658203,120.91000366210938,80.66472625732422,5438700,0.0,0.0,0.0
2011-12-16,121.37999725341797,122.62000274658203,121.29000091552734,122.31999969482422,81.6053695678711,9321900,0.0,0.0,0.0
2011-12-19,122.31999969482422,124.0199966430664,122.26000213623047,123.87000274658203,82.63947296142578,7845100,0.0,0.0,0.0
2011-12-20,122.66000366210938,122.66999816894531,120.61000061035156,120.77999877929688,80.57794952392578,13945400,0.0,0.0,0.0
2011-12-21,120.62999725341797,120.83000183105469,119.06999969482422,119.0999984741211,79.4571762084961,11600100,0.0,0.0,0.0
2011-12-22,120.0,120.41999816894531,119.3499984741211,119.5999984741211,79.79071807861328,5247400,0.0,0.0,0.0
2011-12-23,118.55999755859375,118.70999908447266,117.73999786376953,118.2699966430664,78.9034423828125,5409700,0.0,0.0,0.0
2011-12-27,117.94000244140625,118.44999694824219,117.62000274658203,118.44999694824219,79.27822875976562,4270300,0.38,0.0,0.0
2011-12-28,118.73999786376953,121.05000305175781,118.44999694824219,120.63999938964844,80.74397277832031,8302300,0.0,0.0,0.0
2011-12-29,120.4800033569336,121.08999633789062,120.05999755859375,120.86000061035156,80.89124298095703,4305000,0.0,0.0,0.0
2011-12-30,121.11000061035156,121.76000213623047,120.88999938964844,121.25,81.15225982666016,5948800,0.0,0.0,0.0
2012-01-03,119.41999816894531,120.19999694824219,118.93000030517578,119.43000030517578,79.93412780761719,9076900,0.0,0.0,0.0
2012-01-04,119.26000213623047,119.27999877929688,117.68000030517578,118.01000213623047,78.98373413085938,8417100,0.0,0.0,0.0
2012-01-05,118.16999816894531,119.0999984741211,117.56999969482422,117.80000305175781,78.84319305419922,6465800,0.0,0.0,0.0
2012-01-06,117.75,118.95999908447266,117.70999908447266,118.7300033569336,79.46561431884766,7348500,0.0,0.0,0.0
2012-01-09,118.47000122070312,119.54000091552734,118.30000305175781,118.5199966430664,79.32511901855469,5582400,0.0,0.0,0.0
2012-01-10,117.7300033569336,118.87000274658203,117.68000030517578,118.31999969482422,79.19124603271484,8932500,0.0,0.0,0.0
2012-01-11,119.04000091552734,120.05999755859375,118.9800033569336,119.86000061035156,80.22199249267578,8634500,0.0,0.0,0.0
2012-01-12,119.94999694824219,120.19000244140625,119.23999786376953,119.69000244140625,80.10816192626953,7205400,0.0,0.0,0.0
2012-01-13,121.0999984741211,121.63999938964844,120.80999755859375,120.87999725341797,80.90462493896484,9819000,0.0,0.0,0.0
2012-01-17,120.94999694824219,121.62999725341797,120.83000183105469,121.44000244140625,81.2794418334961,5449900,0.0,0.0,0.0
2012-01-18,121.52999877929688,121.61000061035156,119.91000366210938,119.97000122070312,80.29554748535156,5804000,0.0,0.0,0.0
2012-01-19,119.33000183105469,119.55999755859375,117.91999816894531,118.31999969482422,79.19124603271484,8625700,0.0,0.0,0.0
2012-01-20,117.70999908447266,117.95999908447266,116.97000122070312,116.9800033569336,78.2944107055664,6548200,0.0,0.0,0.0
2012-01-23,116.12999725341797,116.63999938964844,115.55000305175781,116.23999786376953,77.79913330078125,7274800,0.0,0.0,0.0
2012-01-24,116.70999908447266,116.70999908447266,115.77999877929688,116.44999694824219,77.93965911865234,5776500,0.0,0.0,0.0
2012-01-25,116.05999755859375,118.52999877929688,115.88999938964844,116.16999816894531,77.75225067138672,12867600,0.0,0.0,0.0
2012-01-26,116.6500015258789,117.70999908447266,116.58999633789062,117.70999908447266,78.7829818725586,7638500,0.0,0.0,0.0
2012-01-27,117.83000183105469,118.33000183105469,117.01000213623047,118.08000183105469,79.03060913085938,5165300,0.0,0.0,0.0
2012-01-30,119.83999633789062,120.38999938964844,119.33999633789062,119.47000122070312,79.96095275878906,8388400,0.0,0.0,0.0
2012-01-31,119.26000213623047,120.91000366210938,119.19000244140625,120.8499984741211,80.88460540771484,7998300,0.0,0.0,0.0
2012-02-01,119.75,119.9000015258789,118.80999755859375,119.18000030517578,79.95796203613281,7925200,0.289,0.0,0.0
2012-02-02,118.95999908447266,119.4800033569336,118.63999938964844,119.12999725341797,79.92449951171875,5596900,0.0,0.0,0.0
2012-02-03,116.45999908447266,116.80000305175781,115.97000122070312,116.56999969482422,78.20704650878906,12467400,0.0,0.0,0.0
2012-02-06,116.69000244140625,117.80000305175781,116.33999633789062,117.7300033569336,78.98526763916016,6180600,0.0,0.0,0.0
2012-02-07,116.62000274658203,116.87999725341797,115.7699966430664,116.2699966430664,78.00568389892578,8794800,0.0,0.0,0.0
2012-02-08,116.19999694824219,116.79000091552734,115.9800033569336,116.36000061035156,78.06612396240234,7613400,0.0,0.0,0.0
2012-02-09,115.86000061035156,116.04000091552734,114.62000274658203,115.48999786376953,77.48242950439453,11477700,0.0,0.0,0.0
2012-02-10,116.80000305175781,117.33000183105469,116.5199966430664,116.98999786376953,78.48880004882812,7193100,0.0,0.0,0.0
2012-02-13,116.5999984741211,117.37000274658203,116.43000030517578,117.13999938964844,78.58934020996094,6422900,0.0,0.0,0.0
2012-02-14,117.44000244140625,118.27999877929688,117.2300033569336,117.76000213623047,79.00537109375,8271200,0.0,0.0,0.0
2012-02-15,117.66000366210938,118.2699966430664,117.48999786376953,117.55000305175781,78.8644790649414,6846100,0.0,0.0,0.0
2012-02-16,117.2699966430664,117.5999984741211,116.12999725341797,116.61000061035156,78.23381042480469,9036200,0.0,0.0,0.0
2012-02-17,115.86000061035156,116.61000061035156,115.76000213623047,116.58000183105469,78.21369171142578,6338000,0.0,0.0,0.0
2012-02-21,115.7699966430664,115.91999816894531,114.94999694824219,115.29000091552734,77.34819793701172,8338300,0.0,0.0,0.0
2012-02-22,115.88999938964844,116.76000213623047,115.80999755859375,116.73999786376953,78.3210220336914,7736800,0.0,0.0,0.0
2012-02-23,116.13999938964844,117.22000122070312,115.93000030517578,116.73999786376953,78.3210220336914,5163900,0.0,0.0,0.0
2012-02-24,117.2300033569336,117.58000183105469,116.94999694824219,117.5,78.83097076416016,5676900,0.0,0.0,0.0
2012-02-27,118.5,118.8499984741211,118.12000274658203,118.54000091552734,79.52865600585938,8180700,0.0,0.0,0.0
2012-02-28,118.87000274658203,119.13999938964844,117.94000244140625,118.1500015258789,79.26699829101562,6615700,0.0,0.0,0.0
2012-02-29,118.37000274658203,118.41999816894531,116.95999908447266,117.43000030517578,78.783935546875,14235000,0.0,0.0,0.0
2012-03-01,116.16999816894531,116.68000030517578,115.54000091552734,116.05999755859375,78.04232025146484,12265600,0.267,0.0,0.0
2012-03-02,116.5999984741211,117.4800033569336,116.55000305175781,117.1500015258789,78.77526092529297,6669600,0.0,0.0,0.0
2012-03-05,116.95999908447266,117.44000244140625,116.22000122070312,116.22000122070312,78.14985656738281,6921900,0.0,0.0,0.0
2012-03-06,117.44999694824219,118.11000061035156,117.44000244140625,117.62999725341797,79.09799194335938,6299700,0.0,0.0,0.0
2012-03-07,117.45999908447266,117.61000061035156,116.80999755859375,116.91000366210938,78.61383819580078,5567500,0.0,0.0,0.0
2012-03-08,116.31999969482422,116.56999969482422,115.63999938964844,115.73999786376953,77.82710266113281,7982100,0.0,0.0,0.0
2012-03-09,115.48999786376953,115.98999786376953,114.9000015258789,115.97000122070312,77.98176574707031,6975600,0.0,0.0,0.0
2012-03-12,116.31999969482422,116.5199966430664,115.87000274658203,115.94999694824219,77.96832275390625,5280000,0.0,0.0,0.0
2012-03-13,115.2699966430664,115.41000366210938,113.88999938964844,113.91000366210938,76.5965576171875,14413600,0.0,0.0,0.0
2012-03-14,112.69999694824219,112.75,110.94999694824219,111.04000091552734,74.66668701171875,24515300,0.0,0.0,0.0
2012-03-15,110.9000015258789,111.73999786376953,110.87999725341797,111.20999908447266,74.7809829711914,14154000,0.0,0.0,0.0
2012-03-16,110.5,111.44000244140625,110.19999694824219,111.43000030517578,74.928955078125,13427200,0.0,0.0,0.0
2012-03-19,111.36000061035156,111.4800033569336,109.69000244140625,110.0999984741211,74.03455352783203,14011400,0.0,0.0,0.0
2012-03-20,110.43000030517578,110.87000274658203,109.8499984741211,110.54000091552734,74.33047485351562,9443800,0.0,0.0,0.0
2012-03-21,110.86000061035156,111.88999938964844,110.80999755859375,111.79000091552734,75.17098236083984,10242000,0.0,0.0,0.0
2012-03-22,112.29000091552734,112.37000274658203,111.87000274658203,112.1500015258789,75.41307067871094,8009800,0.0,0.0,0.0
2012-03-23,112.69000244140625,113.38999938964844,112.66000366210938,113.20999908447266,76.12586212158203,8465300,0.0,0.0,0.0
2012-03-26,112.83000183105469,113.01000213623047,111.80000305175781,112.62999725341797,75.73589324951172,8118600,0.0,0.0,0.0
2012-03-27,112.77999877929688,113.69999694824219,112.69999694824219,113.44000244140625,76.280517578125,6972300,0.0,0.0,0.0
2012-03-28,112.91999816894531,113.94000244140625,112.8499984741211,113.27999877929688,76.17292785644531,7886000,0.0,0.0,0.0
2012-03-29,114.0199966430664,114.19000244140625,113.58000183105469,114.12999725341797,76.74443054199219,7692900,0.0,0.0,0.0
2012-03-30,114.20999908447266,114.2699966430664,112.19000244140625,112.19999694824219,75.44670867919922,9467500,0.0,0.0,0.0
2012-04-02,113.0,113.30000305175781,112.19999694824219,112.52999877929688,75.86467742919922,8944000,0.29,0.0,0.0
2012-04-03,113.01000213623047,113.44000244140625,110.56999969482422,110.58000183105469,74.55003356933594,14774300,0.0,0.0,0.0
2012-04-04,111.7699966430664,112.12000274658203,111.41000366210938,112.0999984741211,75.57482147216797,10095600,0.0,0.0,0.0
2012-04-05,113.0,113.06999969482422,112.33000183105469,112.91000366210938,76.12092590332031,6364100,0.0,0.0,0.0
2012-04-09,115.54000091552734,115.7699966430664,115.23999786376953,115.55000305175781,77.90068054199219,14374600,0.0,0.0,0.0
2012-04-10,115.94999694824219,117.29000091552734,115.77999877929688,116.86000061035156,78.78382873535156,14421300,0.0,0.0,0.0
2012-04-11,115.70999908447266,116.05999755859375,115.3499984741211,115.45999908447266,77.84001922607422,8713000,0.0,0.0,0.0
2012-04-12,115.66999816894531,115.75,114.81999969482422,114.9800033569336,77.51643371582031,9008500,0.0,0.0,0.0
2012-04-13,116.1500015258789,116.9000015258789,116.12000274658203,116.83999633789062,78.7703628540039,8607700,0.0,0.0,0.0
2012-04-16,116.69999694824219,117.5999984741211,116.56999969482422,116.66999816894531,78.65576934814453,7735000,0.0,0.0,0.0
2012-04-17,116.52999877929688,116.83000183105469,116.25,116.5999984741211,78.60858917236328,5398600,0.0,0.0,0.0
2012-04-18,117.05000305175781,117.12000274658203,116.7300033569336,116.94000244140625,78.8377914428711,4074400,0.0,0.0,0.0
2012-04-19,117.25,117.47000122070312,117.0199966430664,117.05000305175781,78.91195678710938,5374300,0.0,0.0,0.0
2012-04-20,116.55999755859375,117.12999725341797,116.33000183105469,117.06999969482422,78.9254150390625,5043300,0.0,0.0,0.0
2012-04-23,118.11000061035156,118.41000366210938,117.79000091552734,117.91999816894531,79.49845886230469,5170100,0.0,0.0,0.0
2012-04-24,117.61000061035156,117.76000213623047,117.08000183105469,117.08999633789062,78.93891143798828,4336600,0.0,0.0,0.0
2012-04-25,116.41000366210938,117.31999969482422,115.69000244140625,116.48999786376953,78.53437805175781,8859500,0.0,0.0,0.0
2012-04-26,117.41999816894531,117.45999908447266,116.58999633789062,117.19000244140625,79.00634002685547,5133000,0.0,0.0,0.0
2012-04-27,117.0199966430664,117.36000061035156,116.79000091552734,117.29000091552734,79.0737075805664,3112900,0.0,0.0,0.0
2012-04-30,117.56999969482422,117.75,117.19000244140625,117.31999969482422,79.09397888183594,4198400,0.0,0.0,0.0
2012-05-01,117.43000030517578,117.62000274658203,116.06999969482422,116.43000030517578,78.68378448486328,7214300,0.283,0.0,0.0
2012-05-02,117.22000122070312,117.31999969482422,116.80000305175781,117.25,79.23793029785156,3565700,0.0,0.0,0.0
2012-05-03,116.63999938964844,117.37000274658203,116.55999755859375,117.22000122070312,79.2176284790039,3522900,0.0,0.0,0.0
2012-05-04,117.4800033569336,118.19000244140625,117.4000015258789,118.13999938964844,79.83940124511719,6367300,0.0,0.0,0.0
2012-05-07,118.31999969482422,118.45999908447266,118.0199966430664,118.16000366210938,79.8529281616211,3228200,0.0,0.0,0.0
2012-05-08,118.69000244140625,119.51000213623047,118.66000366210938,118.79000091552734,80.27864837646484,6051600,0.0,0.0,0.0
2012-05-09,119.44999694824219,119.56999969482422,118.44000244140625,118.87000274658203,80.33273315429688,5828900,0.0,0.0,0.0
2012-05-10,118.0199966430664,118.62000274658203,117.44000244140625,118.5199966430664,80.09614562988281,6300000,0.0,0.0,0.0
2012-05-11,119.48999786376953,119.5999984741211,118.95999908447266,119.5,80.75846099853516,5234300,0.0,0.0,0.0
2012-05-14,120.87000274658203,121.30000305175781,120.5999984741211,121.16999816894531,81.88705444335938,8789400,0.0,0.0,0.0
2012-05-15,121.08999633789062,121.7300033569336,120.81999969482422,121.66000366210938,82.21820068359375,6766400,0.0,0.0,0.0
2012-05-16,120.9800033569336,122.18000030517578,120.72000122070312,122.01000213623047,82.45475006103516,6462300,0.0,0.0,0.0
2012-05-17,122.02999877929688,124.27999877929688,122.0199966430664,124.16999816894531,83.91447448730469,14863400,0.0,0.0,0.0
2012-05-18,123.2699966430664,124.44000244140625,123.11000061035156,124.19999694824219,83.93474578857422,10137700,0.0,0.0,0.0
2012-05-21,123.9000015258789,124.44999694824219,123.62000274658203,123.94000244140625,83.75901794433594,9583500,0.0,0.0,0.0
2012-05-22,122.75,122.87999725341797,122.05999755859375,122.55999755859375,82.82645416259766,12475500,0.0,0.0,0.0
2012-05-23,123.55000305175781,124.5199966430664,123.36000061035156,123.41000366210938,83.4008560180664,11744900,0.0,0.0,0.0
2012-05-24,123.2300033569336,123.79000091552734,122.75,122.94000244140625,83.08320617675781,10256200,0.0,0.0,0.0
2012-05-25,123.43000030517578,123.54000091552734,123.13999938964844,123.4000015258789,83.39414978027344,4723600,0.0,0.0,0.0
2012-05-29,123.38999938964844,123.80999755859375,123.0,123.0199966430664,83.13734436035156,5874100,0.0,0.0,0.0
2012-05-30,125.31999969482422,126.31999969482422,125.30000305175781,126.13999938964844,85.24583435058594,17170800,0.0,0.0,0.0
2012-05-31,127.02999877929688,129.0800018310547,126.66999816894531,127.5999984741211,86.23246765136719,31174500,0.0,0.0,0.0
2012-06-01,128.8699951171875,130.3800048828125,128.52999877929688,130.36000061035156,88.2796630859375,23526000,0.263,0.0,0.0
2012-06-04,129.30999755859375,130.17999267578125,128.94000244140625,129.3300018310547,87.5821304321289,11681200,0.0,0.0,0.0
2012-06-05,128.52999877929688,128.63999938964844,127.58999633789062,127.5999984741211,86.41058349609375,12482800,0.0,0.0,0.0
2012-06-06,127.55999755859375,127.5999984741211,125.05000305175781,125.05000305175781,84.68370056152344,20806700,0.0,0.0,0.0
2012-06-07,124.6500015258789,125.73999786376953,124.38999938964844,125.23999786376953,84.81237030029297,18898200,0.0,0.0,0.0
2012-06-08,126.75,126.94999694824219,124.56999969482422,125.20999908447266,84.79207611083984,11239600,0.0,0.0,0.0
2012-06-11,124.79000091552734,126.20999908447266,124.7699966430664,125.77999877929688,85.17808532714844,10693800,0.0,0.0,0.0
2012-06-12,124.97000122070312,125.62999725341797,124.5,124.62999725341797,84.3993148803711,10921700,0.0,0.0,0.0
2012-06-13,124.8499984741211,126.27999877929688,124.37999725341797,125.86000061035156,85.23223876953125,11100000,0.0,0.0,0.0
2012-06-14,125.94999694824219,126.27999877929688,125.19000244140625,125.69999694824219,85.12390899658203,7688200,0.0,0.0,0.0
2012-06-15,126.58000183105469,126.8499984741211,126.13999938964844,126.4000015258789,85.59793090820312,6421400,0.0,0.0,0.0
2012-06-18,127.1500015258789,127.33999633789062,126.26000213623047,127.08000183105469,86.05844116210938,6698400,0.0,0.0,0.0
2012-06-19,126.27999877929688,126.37000274658203,125.33000183105469,125.41999816894531,84.93429565429688,8227900,0.0,0.0,0.0
2012-06-20,124.56999969482422,126.51000213623047,124.08999633789062,126.04000091552734,85.35420989990234,13720300,0.0,0.0,0.0
2012-06-21,125.94999694824219,127.25,125.88999938964844,126.70999908447266,85.80786895751953,9776600,0.0,0.0,0.0
2012-06-22,125.9000015258789,126.22000122070312,125.01000213623047,125.0199966430664,84.66336822509766,7830400,0.0,0.0,0.0
2012-06-25,126.36000061035156,127.0199966430664,126.2699966430664,126.83999633789062,85.89591217041016,6113800,0.0,0.0,0.0
2012-06-26,126.11000061035156,126.94999694824219,125.94000244140625,126.33999633789062,85.55732727050781,5359700,0.0,0.0,0.0
2012-06-27,126.55999755859375,126.79000091552734,126.02999877929688,126.54000091552734,85.69279479980469,5860700,0.0,0.0,0.0
2012-06-28,127.30000305175781,127.4800033569336,126.79000091552734,126.8499984741211,85.90270233154297,5257800,0.0,0.0,0.0
2012-06-29,125.02999877929688,125.62999725341797,124.62999725341797,125.19999694824219,84.78529357910156,8881900,0.0,0.0,0.0
2012-07-02,125.44999694824219,127.20999908447266,125.37000274658203,126.22000122070312,85.66011810302734,7818500,0.269,0.0,0.0
2012-07-03,125.94999694824219,126.0,125.20999908447266,125.25,85.0018081665039,5773100,0.0,0.0,0.0
2012-07-05,125.3499984741211,126.31999969482422,125.25,125.88999938964844,85.4361343383789,5974700,0.0,0.0,0.0
2012-07-06,126.66999816894531,127.20999908447266,126.61000061035156,127.05999755859375,86.23013305664062,5818300,0.0,0.0,0.0
2012-07-09,127.37999725341797,128.25999450683594,127.11000061035156,128.17999267578125,86.9902572631836,5647000,0.0,0.0,0.0
2012-07-10,127.86000061035156,128.74000549316406,127.72000122070312,128.44000244140625,87.16670227050781,4288000,0.0,0.0,0.0
2012-07-11,128.58999633789062,129.47000122070312,128.25999450683594,128.60000610351562,87.27532196044922,5960900,0.0,0.0,0.0
2012-07-12,129.0500030517578,129.55999755859375,128.89999389648438,129.50999450683594,87.89289855957031,6421000,0.0,0.0,0.0
2012-07-13,129.22999572753906,129.24000549316406,128.60000610351562,129.1699981689453,87.6621322631836,4175300,0.0,0.0,0.0
2012-07-16,130.3000030517578,130.61000061035156,129.61000061035156,129.77000427246094,88.0693359375,5283500,0.0,0.0,0.0
2012-07-17,129.25999450683594,129.82000732421875,128.63999938964844,128.75,87.37705993652344,5590900,0.0,0.0,0.0
2012-07-18,129.25999450683594,129.33999633789062,128.7899932861328,128.82000732421875,87.42461395263672,4011000,0.0,0.0,0.0
2012-07-19,128.4600067138672,129.10000610351562,128.11000061035156,128.49000549316406,87.20063781738281,5246300,0.0,0.0,0.0
2012-07-20,129.60000610351562,130.3000030517578,129.4199981689453,130.05999755859375,88.2661361694336,6365900,0.0,0.0,0.0
2012-07-23,131.30999755859375,131.44000244140625,130.50999450683594,130.7899932861328,88.76153564453125,6141100,0.0,0.0,0.0
2012-07-24,130.35000610351562,132.0399932861328,130.27999877929688,131.82000732421875,89.46055603027344,6748800,0.0,0.0,0.0
2012-07-25,131.6300048828125,132.2100067138672,131.47999572753906,132.16000366210938,89.69134521484375,5328000,0.0,0.0,0.0
2012-07-26,131.52999877929688,131.77999877929688,130.89999389648438,130.9499969482422,88.8701171875,6606200,0.0,0.0,0.0
2012-07-27,129.88999938964844,130.00999450683594,126.95999908447266,128.47999572753906,87.1938705444336,14685100,0.0,0.0,0.0
2012-07-30,128.38999938964844,129.47999572753906,128.25,129.44000244140625,87.84539794921875,6025300,0.0,0.0,0.0
2012-07-31,129.80999755859375,129.8800048828125,128.5800018310547,129.6999969482422,88.0218276977539,7448600,0.0,0.0,0.0
2012-08-01,128.52999877929688,129.74000549316406,128.14999389648438,128.77999877929688,87.58175659179688,7972000,0.273,0.0,0.0
2012-08-02,129.58999633789062,130.69000244140625,129.1300048828125,129.50999450683594,88.0782699584961,7972000,0.0,0.0,0.0
2012-08-03,127.83999633789062,128.02999877929688,126.7699966430664,127.41999816894531,86.65687561035156,9084800,0.0,0.0,0.0
2012-08-06,127.66999816894531,128.13999938964844,127.37000274658203,127.47000122070312,86.69087982177734,3673600,0.0,0.0,0.0
2012-08-07,125.95999908447266,126.12999725341797,125.43000030517578,125.83000183105469,85.5755386352539,6613600,0.0,0.0,0.0
2012-08-08,126.16000366210938,126.38999938964844,125.04000091552734,125.16000366210938,85.11991119384766,7250700,0.0,0.0,0.0
2012-08-09,124.7699966430664,125.30000305175781,123.75,125.06999969482422,85.05865478515625,7553500,0.0,0.0,0.0
2012-08-10,126.19999694824219,126.31999969482422,125.5999984741211,125.69999694824219,85.48714447021484,4670500,0.0,0.0,0.0
2012-08-13,126.11000061035156,126.37999725341797,125.48999786376953,125.48999786376953,85.34432220458984,3543700,0.0,0.0,0.0
2012-08-14,123.95999908447266,124.41000366210938,123.75,123.79000091552734,84.18816375732422,7994000,0.0,0.0,0.0
2012-08-15,123.0199966430664,123.19999694824219,121.9000015258789,122.05000305175781,83.00482177734375,11191000,0.0,0.0,0.0
2012-08-16,122.20999908447266,122.5,120.5199966430664,121.01000213623047,82.2975082397461,13240000,0.0,0.0,0.0
2012-08-17,121.4000015258789,122.12000274658203,121.31999969482422,121.5999984741211,82.69878387451172,6341100,0.0,0.0,0.0
2012-08-20,121.55000305175781,122.19000244140625,121.5,121.8499984741211,82.8687973022461,4427100,0.0,0.0,0.0
2012-08-21,121.47000122070312,122.44999694824219,120.66000366210938,122.38999938964844,83.23603820800781,9532700,0.0,0.0,0.0
2012-08-22,123.5199966430664,124.51000213623047,123.20999908447266,124.41000366210938,84.60982513427734,11384400,0.0,0.0,0.0
2012-08-23,124.73999786376953,125.13999938964844,124.6500015258789,124.93000030517578,84.9634017944336,7139100,0.0,0.0,0.0
2012-08-24,125.47000122070312,125.55999755859375,124.66999816894531,124.80999755859375,84.88186645507812,5001400,0.0,0.0,0.0
2012-08-27,125.33999633789062,125.80000305175781,125.2699966430664,125.54000091552734,85.3783187866211,3906100,0.0,0.0,0.0
2012-08-28,125.75,126.36000061035156,125.58999633789062,125.83999633789062,85.58232879638672,3412600,0.0,0.0,0.0
2012-08-29,125.61000061035156,125.62999725341797,124.94999694824219,125.29000091552734,85.20830535888672,3762700,0.0,0.0,0.0
2012-08-30,126.2699966430664,126.44000244140625,125.7300033569336,125.94000244140625,85.65034484863281,3886400,0.0,0.0,0.0
2012-08-31,125.77999877929688,127.72000122070312,125.7300033569336,127.72000122070312,86.8609390258789,9192600,0.0,0.0,0.0
2012-09-04,126.91999816894531,127.62999725341797,126.76000213623047,127.31999969482422,86.773681640625,6009300,0.272,0.0,0.0
2012-09-05,126.81999969482422,127.19000244140625,126.55000305175781,126.72000122070312,86.3647232055664,3466700,0.0,0.0,0.0
2012-09-06,125.52999877929688,125.52999877929688,124.55000305175781,124.61000061035156,84.92670440673828,6505100,0.0,0.0,0.0
2012-09-07,126.13999938964844,126.18000030517578,123.91999816894531,124.02999877929688,84.53141021728516,7335300,0.0,0.0,0.0
2012-09-10,123.69000244140625,124.33000183105469,123.51000213623047,124.33000183105469,84.73588562011719,4912100,0.0,0.0,0.0
2012-09-11,124.0199966430664,124.0999984741211,123.29000091552734,123.55000305175781,84.20426940917969,3523300,0.0,0.0,0.0
2012-09-12,122.22000122070312,122.41000366210938,121.68000030517578,122.01000213623047,83.15469360351562,7040900,0.0,0.0,0.0
2012-09-13,122.38999938964844,123.08999633789062,120.2699966430664,121.52999877929688,82.82757568359375,12280200,0.0,0.0,0.0
2012-09-14,119.76000213623047,119.8499984741211,118.05000305175781,118.30000305175781,80.62616729736328,16871600,0.0,0.0,0.0
2012-09-17,118.87000274658203,119.9000015258789,118.80000305175781,119.72000122070312,81.59398651123047,5573300,0.0,0.0,0.0
2012-09-18,120.70999908447266,120.9000015258789,119.95999908447266,120.31999969482422,82.00285339355469,5366200,0.0,0.0,0.0
2012-09-19,121.33999633789062,121.37999725341797,120.61000061035156,121.11000061035156,82.54132843017578,5903300,0.0,0.0,0.0
2012-09-20,122.13999938964844,122.31999969482422,120.9800033569336,121.41000366210938,82.7457504272461,4604200,0.0,0.0,0.0
2012-09-21,120.75,121.63999938964844,120.66999816894531,121.55000305175781,82.8411636352539,4144300,0.0,0.0,0.0
2012-09-24,122.25,122.69999694824219,122.18000030517578,122.5,83.48863983154297,3627400,0.0,0.0,0.0
2012-09-25,122.80000305175781,123.73999786376953,122.12999725341797,123.70999908447266,84.31331634521484,5893500,0.0,0.0,0.0
2012-09-26,124.55999755859375,125.08999633789062,124.44999694824219,125.04000091552734,85.2197494506836,7193400,0.0,0.0,0.0
2012-09-27,124.55000305175781,124.80000305175781,123.7699966430664,124.1500015258789,84.61322021484375,5147700,0.0,0.0,0.0
2012-09-28,124.75,125.23999786376953,123.80999755859375,124.22000122070312,84.6609115600586,7173400,0.0,0.0,0.0
2012-10-01,123.97000122070312,124.47000122070312,123.37999725341797,124.41999816894531,84.97509765625,4842600,0.26,0.0,0.0
2012-10-02,123.91000366210938,124.5199966430664,123.80999755859375,124.25,84.85899353027344,3540100,0.0,0.0,0.0
2012-10-03,123.86000061035156,124.30000305175781,123.62000274658203,124.29000091552734,84.88630676269531,3800900,0.0,0.0,0.0
2012-10-04,123.45999908447266,123.80000305175781,122.56999969482422,122.73999786376953,83.82769775390625,6214800,0.0,0.0,0.0
2012-10-05,121.56999969482422,121.68000030517578,120.91999816894531,121.1500015258789,82.74171447753906,8340700,0.0,0.0,0.0
2012-10-08,121.9800033569336,122.2699966430664,121.69000244140625,122.16999816894531,83.43834686279297,1568400,0.0,0.0,0.0
2012-10-09,121.47000122070312,122.18000030517578,121.37999725341797,121.94999694824219,83.2881088256836,4752700,0.0,0.0,0.0
2012-10-10,121.45999908447266,122.95999908447266,121.26000213623047,122.80999755859375,83.8754653930664,5429800,0.0,0.0,0.0
2012-10-11,121.95999908447266,123.66000366210938,121.88999938964844,123.66000366210938,84.45602416992188,5194100,0.0,0.0,0.0
2012-10-12,124.06999969482422,124.77999877929688,123.77999877929688,123.97000122070312,84.6677474975586,4934900,0.0,0.0,0.0
2012-10-15,123.77999877929688,124.13999938964844,123.43000030517578,123.69000244140625,84.47650909423828,3036100,0.0,0.0,0.0
2012-10-16,122.9000015258789,122.94000244140625,121.94000244140625,121.9800033569336,83.30860900878906,5398700,0.0,0.0,0.0
2012-10-17,121.16999816894531,121.26000213623047,120.56999969482422,120.8499984741211,82.53684997558594,6932500,0.0,0.0,0.0
2012-10-18,121.12000274658203,121.52999877929688,119.87000274658203,120.11000061035156,82.03146362304688,8558600,0.0,0.0,0.0
2012-10-19,120.33999633789062,121.80999755859375,120.27999877929688,121.73999786376953,83.14466094970703,7616700,0.0,0.0,0.0
2012-10-22,121.43000030517578,121.83999633789062,120.94000244140625,120.95999908447266,82.61201477050781,6910600,0.0,0.0,0.0
2012-10-23,122.0999984741211,122.7300033569336,122.0199966430664,122.69000244140625,83.79353332519531,5760600,0.0,0.0,0.0
2012-10-24,121.86000061035156,122.29000091552734,121.4800033569336,121.4800033569336,82.96713256835938,6824500,0.0,0.0,0.0
2012-10-25,120.55999755859375,121.54000091552734,120.33000183105469,120.86000061035156,82.54370880126953,5292500,0.0,0.0,0.0
2012-10-26,121.44000244140625,122.6500015258789,121.2699966430664,122.63999938964844,83.75933837890625,5889400,0.0,0.0,0.0
2012-10-31,122.68000030517578,123.69999694824219,122.62999725341797,123.36000061035156,84.25112915039062,5025600,0.0,0.0,0.0
2012-11-01,122.7699966430664,122.87999725341797,122.08000183105469,122.3499984741211,83.56132507324219,3659700,0.0,0.0,0.0
2012-11-02,121.27999877929688,122.30999755859375,121.23999786376953,122.26000213623047,83.49988555908203,3527800,0.0,0.0,0.0
2012-11-05,122.81999969482422,123.25,122.79000091552734,122.94999694824219,83.97105407714844,2935700,0.0,0.0,0.0
2012-11-06,122.55000305175781,122.86000061035156,121.77999877929688,121.79000091552734,83.17886352539062,4484600,0.0,0.0,0.0
2012-11-07,123.94999694824219,124.52999877929688,123.76000213623047,124.0,84.68820190429688,10071000,0.0,0.0,0.0
2012-11-08,123.79000091552734,125.86000061035156,123.43000030517578,125.83999633789062,85.94488525390625,8579500,0.0,0.0,0.0
2012-11-09,125.62999725341797,125.9800033569336,125.18000030517578,125.9800033569336,86.04051971435547,5036900,0.0,0.0,0.0
2012-11-12,125.83999633789062,126.37999725341797,125.79000091552734,126.19000244140625,86.18389892578125,2072200,0.0,0.0,0.0
2012-11-13,126.80000305175781,126.81999969482422,125.98999786376953,126.61000061035156,86.47074890136719,2863800,0.0,0.0,0.0
2012-11-14,125.72000122070312,126.79000091552734,125.5999984741211,126.7300033569336,86.55274963378906,4694600,0.0,0.0,0.0
2012-11-15,126.0999984741211,127.0199966430664,126.0,126.4800033569336,86.38200378417969,5549600,0.0,0.0,0.0
2012-11-16,126.36000061035156,127.19000244140625,126.27999877929688,126.37000274658203,86.30682373046875,4591100,0.0,0.0,0.0
2012-11-19,125.45999908447266,125.80999755859375,125.30000305175781,125.66000366210938,85.82192993164062,3621600,0.0,0.0,0.0
2012-11-20,125.4800033569336,125.66999816894531,124.37999725341797,124.4000015258789,84.96138763427734,4659300,0.0,0.0,0.0
2012-11-21,124.19000244140625,124.41999816894531,124.0199966430664,124.33000183105469,84.91358184814453,2422800,0.0,0.0,0.0
2012-11-23,124.30000305175781,124.44999694824219,124.11000061035156,124.20999908447266,84.83163452148438,987200,0.0,0.0,0.0
2012-11-26,125.16000366210938,125.5199966430664,124.75,124.80000305175781,85.23461151123047,2799000,0.0,0.0,0.0
2012-11-27,124.94000244140625,125.38999938964844,124.69999694824219,125.29000091552734,85.56927490234375,2544400,0.0,0.0,0.0
2012-11-28,125.97000122070312,126.19999694824219,125.08999633789062,125.11000061035156,85.44628143310547,3569700,0.0,0.0,0.0
2012-11-29,124.86000061035156,125.44000244140625,124.66000366210938,125.12999725341797,85.4599609375,2761000,0.0,0.0,0.0
2012-11-30,125.4800033569336,125.54000091552734,124.70999908447266,124.79000091552734,85.22779083251953,3702300,0.0,0.0,0.0
2012-12-03,123.72000122070312,124.79000091552734,123.62000274658203,124.66000366210938,85.30645751953125,5427800,0.245,0.0,0.0
2012-12-04,125.0199966430664,125.41000366210938,124.83999633789062,125.37999725341797,85.79911041259766,2586300,0.0,0.0,0.0
2012-12-05,125.4000015258789,125.80999755859375,125.16999816894531,125.31999969482422,85.75816345214844,1978200,0.0,0.0,0.0
2012-12-06,125.86000061035156,126.08000183105469,125.51000213623047,125.58999633789062,85.9428482055664,2301200,0.0,0.0,0.0
2012-12-07,124.5,124.95999908447266,124.33999633789062,124.43000030517578,85.14908599853516,4020900,0.0,0.0,0.0
2012-12-10,124.95999908447266,125.08000183105469,124.54000091552734,124.9800033569336,85.52545928955078,2134300,0.0,0.0,0.0
2012-12-11,124.26000213623047,124.30999755859375,123.83000183105469,124.02999877929688,84.87531280517578,3777900,0.0,0.0,0.0
2012-12-12,123.83000183105469,124.33999633789062,122.56999969482422,122.58999633789062,83.88995361328125,7119700,0.0,0.0,0.0
2012-12-13,122.29000091552734,123.18000030517578,122.12999725341797,122.68000030517578,83.95153045654297,6381500,0.0,0.0,0.0
2012-12-14,123.19000244140625,123.70999908447266,123.08000183105469,123.5999984741211,84.58106994628906,3832800,0.0,0.0,0.0
2012-12-17,123.5,123.5199966430664,121.70999908447266,121.75,83.31505584716797,6870000,0.0,0.0,0.0
2012-12-18,121.4000015258789,121.77999877929688,119.9000015258789,120.51000213623047,82.46659851074219,12024200,0.0,0.0,0.0
2012-12-19,120.97000122070312,121.6500015258789,120.72000122070312,120.91000366210938,82.74031829833984,4880500,0.0,0.0,0.0
2012-12-20,121.29000091552734,121.63999938964844,120.62000274658203,120.93000030517578,82.75397491455078,4567900,0.0,0.0,0.0
2012-12-21,122.30999755859375,122.43000030517578,121.94999694824219,122.25,83.65726470947266,6087700,0.0,0.0,0.0
2012-12-24,122.0,122.08000183105469,121.87000274658203,122.02999877929688,83.50668334960938,1071100,0.0,0.0,0.0
2012-12-26,121.94999694824219,122.20999908447266,121.80999755859375,122.19999694824219,83.80713653564453,2247800,0.268,0.0,0.0
2012-12-27,121.87999725341797,123.29000091552734,121.83000183105469,122.61000061035156,84.08827209472656,4262700,0.0,0.0,0.0
2012-12-28,123.13999938964844,123.33999633789062,122.77999877929688,123.30999755859375,84.56836700439453,3928200,0.0,0.0,0.0
2012-12-31,122.87000274658203,122.97000122070312,120.91000366210938,121.18000030517578,83.10758972167969,6423000,0.0,0.0,0.0
2013-01-02,119.76000213623047,119.9000015258789,119.41000366210938,119.55999755859375,81.9965591430664,7472700,0.0,0.0,0.0
2013-01-03,119.37999725341797,119.48999786376953,117.9000015258789,117.94000244140625,80.8855209350586,10004300,0.0,0.0,0.0
2013-01-04,117.66000366210938,118.44000244140625,117.36000061035156,118.4000015258789,81.2010269165039,9574600,0.0,0.0,0.0
2013-01-07,118.37000274658203,118.7300033569336,118.0,118.44999694824219,81.23527526855469,4193100,0.0,0.0,0.0
2013-01-08,119.04000091552734,119.29000091552734,118.81999969482422,119.2300033569336,81.77021026611328,4380900,0.0,0.0,0.0
2013-01-09,119.25,119.54000091552734,118.87000274658203,119.12000274658203,81.69477844238281,3870300,0.0,0.0,0.0
2013-01-10,118.62999725341797,119.30000305175781,118.36000061035156,118.79000091552734,81.46849822998047,5602800,0.0,0.0,0.0
2013-01-11,118.5199966430664,119.86000061035156,118.3499984741211,119.8499984741211,82.19544219970703,4770700,0.0,0.0,0.0
2013-01-14,120.04000091552734,120.27999877929688,119.37000274658203,119.5199966430664,81.96913146972656,3064600,0.0,0.0,0.0
2013-01-15,120.61000061035156,120.69999694824219,119.97000122070312,120.06999969482422,82.34630584716797,5357800,0.0,0.0,0.0
2013-01-16,120.62999725341797,120.68000030517578,120.01000213623047,120.31999969482422,82.51773071289062,4286100,0.0,0.0,0.0
2013-01-17,119.33000183105469,119.55000305175781,118.75,119.12000274658203,81.69477844238281,7019200,0.0,0.0,0.0
2013-01-18,119.56999969482422,120.20999908447266,119.45999908447266,120.04000091552734,82.32575225830078,4660000,0.0,0.0,0.0
2013-01-22,119.55000305175781,120.30000305175781,119.37999725341797,120.2699966430664,82.48345184326172,3874100,0.0,0.0,0.0
2013-01-23,120.33999633789062,120.58000183105469,119.94999694824219,120.08999633789062,82.36000061035156,2848800,0.0,0.0,0.0
2013-01-24,119.87000274658203,119.97000122070312,119.26000213623047,119.66999816894531,82.07197570800781,4178900,0.0,0.0,0.0
2013-01-25,118.41999816894531,118.5999984741211,117.7699966430664,118.02999877929688,80.94722747802734,8750700,0.0,0.0,0.0
2013-01-28,117.0199966430664,117.72000122070312,117.0,117.5999984741211,80.65233612060547,6059900,0.0,0.0,0.0
2013-01-29,117.62000274658203,118.08000183105469,116.87000274658203,116.94999694824219,80.20655822753906,5553900,0.0,0.0,0.0
2013-01-30,116.66999816894531,116.95999908447266,116.16000366210938,116.75,80.06935119628906,9586800,0.0,0.0,0.0
2013-01-31,117.02999877929688,117.33999633789062,116.55000305175781,117.31999969482422,80.46031951904297,6789200,0.0,0.0,0.0
2013-02-01,117.7300033569336,117.8499984741211,115.51000213623047,115.54000091552734,79.41551971435547,10928600,0.26,0.0,0.0
2013-02-04,116.58999633789062,117.27999877929688,116.41999816894531,117.0199966430664,80.43280792236328,9291900,0.0,0.0,0.0
2013-02-05,116.2699966430664,116.43000030517578,115.86000061035156,115.9800033569336,79.71802520751953,6676500,0.0,0.0,0.0
2013-02-06,116.5199966430664,116.97000122070312,116.05000305175781,116.93000030517578,80.37094116210938,5892000,0.0,0.0,0.0
2013-02-07,116.7699966430664,117.58999633789062,116.62000274658203,116.66999816894531,80.19227600097656,5951700,0.0,0.0,0.0
2013-02-08,116.80000305175781,117.16000366210938,116.2300033569336,117.12000274658203,80.50154113769531,5603400,0.0,0.0,0.0
2013-02-11,117.05000305175781,117.37999725341797,116.91999816894531,117.02999877929688,80.4397201538086,3679900,0.0,0.0,0.0
2013-02-12,116.69000244140625,117.0199966430664,116.45999908447266,116.73999786376953,80.24039459228516,4513700,0.0,0.0,0.0
2013-02-13,115.80000305175781,116.2699966430664,115.55000305175781,115.79000091552734,79.58737182617188,6586400,0.0,0.0,0.0
2013-02-14,116.29000091552734,117.04000091552734,115.98999786376953,116.83999633789062,80.30907440185547,7096000,0.0,0.0,0.0
2013-02-15,116.66000366210938,116.73999786376953,116.06999969482422,116.5,80.07537841796875,5861800,0.0,0.0,0.0
2013-02-19,116.86000061035156,116.9000015258789,115.83999633789062,115.91999816894531,79.67676544189453,7383600,0.0,0.0,0.0
2013-02-20,115.69000244140625,116.37000274658203,115.56999969482422,116.2699966430664,79.91730499267578,9603900,0.0,0.0,0.0
2013-02-21,116.9000015258789,117.30999755859375,116.73999786376953,116.94999694824219,80.38470458984375,8297400,0.0,0.0,0.0
2013-02-22,116.9800033569336,117.33999633789062,116.87999725341797,117.02999877929688,80.4397201538086,5316900,0.0,0.0,0.0
2013-02-25,116.3499984741211,119.3499984741211,116.29000091552734,119.33000183105469,82.02056884765625,15948700,0.0,0.0,0.0
2013-02-26,118.7300033569336,119.66999816894531,118.58999633789062,118.63999938964844,81.54632568359375,9822100,0.0,0.0,0.0
2013-02-27,119.48999786376953,119.54000091552734,118.0,118.29000091552734,81.3057861328125,7459600,0.0,0.0,0.0
2013-02-28,118.43000030517578,118.66000366210938,117.9800033569336,118.51000213623047,81.4569320678711,6023400,0.0,0.0,0.0
2013-03-01,118.83999633789062,119.20999908447266,118.54000091552734,118.9000015258789,81.90060424804688,7786800,0.254,0.0,0.0
2013-03-04,118.79000091552734,118.97000122070312,118.26000213623047,118.2699966430664,81.46661376953125,4511400,0.0,0.0,0.0
2013-03-05,118.06999969482422,118.19999694824219,117.68000030517578,117.93000030517578,81.23239135742188,6539300,0.0,0.0,0.0
2013-03-06,117.11000061035156,117.5,116.8499984741211,116.86000061035156,80.49537658691406,6514900,0.0,0.0,0.0
2013-03-07,116.41000366210938,116.51000213623047,115.91000366210938,115.95999908447266,79.87545013427734,8526700,0.0,0.0,0.0
2013-03-08,114.87000274658203,115.36000061035156,114.62000274658203,114.75,79.04196166992188,15423600,0.0,0.0,0.0
2013-03-11,115.12000274658203,115.2300033569336,114.73999786376953,114.86000061035156,79.1176986694336,5815800,0.0,0.0,0.0
2013-03-12,115.25,115.79000091552734,115.2300033569336,115.69000244140625,79.6894302368164,9264200,0.0,0.0,0.0
2013-03-13,115.23999786376953,115.73999786376953,115.02999877929688,115.56999969482422,79.60681915283203,7371500,0.0,0.0,0.0
2013-03-14,115.08999633789062,115.63999938964844,114.9800033569336,115.22000122070312,79.36563110351562,9352100,0.0,0.0,0.0
2013-03-15,115.33000183105469,115.87999725341797,115.30000305175781,115.76000213623047,79.7376480102539,9673400,0.0,0.0,0.0
2013-03-18,116.83000183105469,116.87999725341797,116.1500015258789,116.63999938964844,80.34375762939453,9152200,0.0,0.0,0.0
2013-03-19,116.77999877929688,117.88999938964844,116.69999694824219,117.43000030517578,80.88800048828125,11986200,0.0,0.0,0.0
2013-03-20,116.70999908447266,116.98999786376953,116.08000183105469,116.12000274658203,79.98562622070312,8543900,0.0,0.0,0.0
2013-03-21,116.86000061035156,117.25,116.52999877929688,117.23999786376953,80.75713348388672,6119400,0.0,0.0,0.0
2013-03-22,117.30000305175781,117.5,116.7699966430664,117.33000183105469,80.8191146850586,6323800,0.0,0.0,0.0
2013-03-25,116.7699966430664,117.77999877929688,116.66999816894531,117.22000122070312,80.74337768554688,5839800,0.0,0.0,0.0
2013-03-26,116.87000274658203,117.91000366210938,116.77999877929688,117.36000061035156,80.83976745605469,5093200,0.0,0.0,0.0
2013-03-27,118.30000305175781,118.7699966430664,118.18000030517578,118.36000061035156,81.528564453125,7742900,0.0,0.0,0.0
2013-03-28,118.12000274658203,118.44999694824219,117.68000030517578,117.76000213623047,81.11529541015625,5826400,0.0,0.0,0.0
2013-04-01,117.5199966430664,118.41999816894531,117.48999786376953,118.38999938964844,81.72624969482422,6113800,0.255,0.0,0.0
2013-04-02,118.06999969482422,118.13999938964844,117.75,117.91000366210938,81.3948974609375,5438000,0.0,0.0,0.0
2013-04-03,118.30999755859375,119.29000091552734,118.25,118.97000122070312,82.12664794921875,9527400,0.0,0.0,0.0
2013-04-04,119.58999633789062,120.41000366210938,119.47000122070312,120.38999938964844,83.1068344116211,9365700,0.0,0.0,0.0
2013-04-05,122.87999725341797,123.43000030517578,122.62999725341797,122.81999969482422,84.78426361083984,18626200,0.0,0.0,0.0
2013-04-08,122.66999816894531,122.87000274658203,121.77999877929688,121.87999725341797,84.13543701171875,8020300,0.0,0.0,0.0
2013-04-09,122.02999877929688,122.23999786376953,121.37999725341797,121.58000183105469,83.92831420898438,7176100,0.0,0.0,0.0
2013-04-10,120.58999633789062,120.66000366210938,119.9000015258789,119.91000366210938,82.77547454833984,10765200,0.0,0.0,0.0
2013-04-11,120.16999816894531,120.48999786376953,119.88999938964844,120.13999938964844,82.93428802490234,7501800,0.0,0.0,0.0
2013-04-12,121.33000183105469,121.94000244140625,120.9000015258789,121.93000030517578,84.16995239257812,9253000,0.0,0.0,0.0
2013-04-15,122.12999725341797,123.02999877929688,121.87000274658203,122.98999786376953,84.90168762207031,12948400,0.0,0.0,0.0
2013-04-16,121.91999816894531,122.5199966430664,121.87999725341797,121.9800033569336,84.20448303222656,6553500,0.0,0.0,0.0
2013-04-17,122.30000305175781,123.52999877929688,122.30000305175781,122.79000091552734,84.76359558105469,9020900,0.0,0.0,0.0
2013-04-18,122.80999755859375,123.22000122070312,122.5999984741211,123.08999633789062,84.97071838378906,7009500,0.0,0.0,0.0
2013-04-19,122.94000244140625,122.9800033569336,122.62999725341797,122.83000183105469,84.7912368774414,5474300,0.0,0.0,0.0
2013-04-22,122.83999633789062,123.29000091552734,122.66999816894531,122.91999816894531,84.85336303710938,4519400,0.0,0.0,0.0
2013-04-23,123.26000213623047,123.79000091552734,122.37999725341797,122.48999786376953,84.5565414428711,8042900,0.0,0.0,0.0
2013-04-24,122.47000122070312,122.81999969482422,122.30000305175781,122.80000305175781,84.77052307128906,3673600,0.0,0.0,0.0
2013-04-25,122.25,122.37000274658203,122.0999984741211,122.2699966430664,84.4046630859375,4297800,0.0,0.0,0.0
2013-04-26,123.19999694824219,123.51000213623047,123.01000213623047,123.38999938964844,85.1778335571289,4898800,0.0,0.0,0.0
2013-04-29,123.58000183105469,123.7300033569336,122.76000213623047,122.94000244140625,84.86717224121094,4916000,0.0,0.0,0.0
2013-04-30,123.26000213623047,123.69000244140625,122.66999816894531,123.01000213623047,84.91552734375,4477400,0.0,0.0,0.0
2013-05-01,123.45999908447266,124.26000213623047,123.43000030517578,124.01000213623047,85.78780364990234,10724600,0.261,0.0,0.0
2013-05-02,123.58999633789062,123.97000122070312,123.51000213623047,123.8499984741211,85.67711639404297,4171800,0.0,0.0,0.0
2013-05-03,122.16000366210938,122.19000244140625,120.83000183105469,120.93000030517578,83.65711212158203,11283600,0.0,0.0,0.0
2013-05-06,121.1500015258789,121.25,120.31999969482422,120.62999725341797,83.44961547851562,5121900,0.0,0.0,0.0
2013-05-07,120.19000244140625,120.5,120.05000305175781,120.16000366210938,83.12443542480469,5049200,0.0,0.0,0.0
2013-05-08,120.2699966430664,120.83000183105469,120.16999816894531,120.3499984741211,83.25591278076172,5732900,0.0,0.0,0.0
2013-05-09,120.51000213623047,121.31999969482422,119.9800033569336,120.04000091552734,83.04143524169922,7527000,0.0,0.0,0.0
2013-05-10,119.76000213623047,119.79000091552734,117.8499984741211,118.75,82.14903259277344,11689000,0.0,0.0,0.0
2013-05-13,117.87999725341797,118.19000244140625,117.62999725341797,117.83999633789062,81.51952362060547,8050800,0.0,0.0,0.0
2013-05-14,118.3499984741211,118.44000244140625,116.54000091552734,116.55999755859375,80.63406372070312,9236100,0.0,0.0,0.0
2013-05-15,117.52999877929688,117.72000122070312,116.41999816894531,117.33999633789062,81.17363739013672,14608600,0.0,0.0,0.0
2013-05-16,117.97000122070312,118.94000244140625,117.93000030517578,118.55999755859375,82.01762390136719,8458400,0.0,0.0,0.0
2013-05-17,117.94999694824219,118.1500015258789,116.9800033569336,117.05999755859375,80.97993469238281,7435500,0.0,0.0,0.0
2013-05-20,117.62999725341797,117.66999816894531,116.79000091552734,116.91999816894531,80.88311004638672,5839800,0.0,0.0,0.0
2013-05-21,116.93000030517578,117.87000274658203,116.41999816894531,117.83999633789062,81.51952362060547,7781800,0.0,0.0,0.0
2013-05-22,118.0199966430664,118.55000305175781,115.80000305175781,116.08999633789062,80.30892181396484,18361500,0.0,0.0,0.0
2013-05-23,117.1500015258789,117.23999786376953,115.7699966430664,116.63999938964844,80.68933868408203,9207100,0.0,0.0,0.0
2013-05-24,116.9800033569336,117.41999816894531,116.70999908447266,116.80000305175781,80.80009460449219,5357600,0.0,0.0,0.0
2013-05-28,116.08999633789062,116.2699966430664,113.81999969482422,113.83999633789062,78.75237274169922,13567500,0.0,0.0,0.0
2013-05-29,114.62000274658203,115.18000030517578,114.45999908447266,115.12000274658203,79.63787841796875,11298600,0.0,0.0,0.0
2013-05-30,115.25,115.37000274658203,114.52999877929688,114.83999633789062,79.44422912597656,10011800,0.0,0.0,0.0
2013-05-31,114.97000122070312,115.0199966430664,113.16999816894531,114.44999694824219,79.17440032958984,18158800,0.0,0.0,0.0
2013-06-03,113.77999877929688,115.48999786376953,113.69999694824219,114.77999877929688,79.5938949584961,15564500,0.275,0.0,0.0
2013-06-04,113.95999908447266,114.48999786376953,113.66000366210938,113.72000122070312,78.85887145996094,7504300,0.0,0.0,0.0
2013-06-05,114.29000091552734,115.31999969482422,114.12999725341797,115.29000091552734,79.94759368896484,8056100,0.0,0.0,0.0
2013-06-06,114.87999725341797,116.79000091552734,114.41000366210938,115.22000122070312,79.89897918701172,8925200,0.0,0.0,0.0
2013-06-07,114.22000122070312,114.83000183105469,113.16000366210938,113.16000366210938,78.4705581665039,10459300,0.0,0.0,0.0
2013-06-10,112.69999694824219,113.12000274658203,112.37999725341797,112.62000274658203,78.09609985351562,7892600,0.0,0.0,0.0
2013-06-11,112.2699966430664,113.95999908447266,112.12000274658203,113.95999908447266,79.02530670166016,12841200,0.0,0.0,0.0
2013-06-12,113.0,113.83000183105469,112.2699966430664,112.33000183105469,77.89503479003906,10193200,0.0,0.0,0.0
2013-06-13,113.06999969482422,114.16999816894531,112.88999938964844,114.08999633789062,79.11547088623047,12506300,0.0,0.0,0.0
2013-06-14,114.0999984741211,114.66000366210938,113.81999969482422,113.81999969482422,78.92823028564453,6679100,0.0,0.0,0.0
2013-06-17,114.0199966430664,114.08000183105469,113.0,113.22000122070312,78.51217651367188,5982100,0.0,0.0,0.0
2013-06-18,112.8499984741211,113.68000030517578,112.72000122070312,113.27999877929688,78.55375671386719,5192700,0.0,0.0,0.0
2013-06-19,113.73999786376953,113.79000091552734,111.62000274658203,112.11000061035156,77.74249267578125,17138200,0.0,0.0,0.0
2013-06-20,110.75,111.20999908447266,109.27999877929688,110.2699966430664,76.46649169921875,27898500,0.0,0.0,0.0
2013-06-21,110.1500015258789,110.41000366210938,108.37000274658203,108.4000015258789,75.16976165771484,19781000,0.0,0.0,0.0
2013-06-24,107.83000183105469,109.38999938964844,107.76000213623047,108.8499984741211,75.4817886352539,24588900,0.0,0.0,0.0
2013-06-25,108.9000015258789,109.0199966430664,107.86000061035156,107.87999725341797,74.80911254882812,11078000,0.0,0.0,0.0
2013-06-26,109.0,109.05000305175781,108.04000091552734,108.58000183105469,75.29457092285156,13582200,0.0,0.0,0.0
2013-06-27,109.54000091552734,109.97000122070312,108.94999694824219,109.69000244140625,76.06428527832031,12026000,0.0,0.0,0.0
2013-06-28,109.01000213623047,110.4800033569336,108.72000122070312,110.44000244140625,76.5843505859375,12017000,0.0,0.0,0.0
2013-07-01,109.7300033569336,110.5,109.43000030517578,110.41000366210938,76.73867797851562,5500400,0.252,0.0,0.0
2013-07-02,110.5,110.80000305175781,110.23999786376953,110.33999633789062,76.69002532958984,5333900,0.0,0.0,0.0
2013-07-03,110.30999755859375,110.6500015258789,110.01000213623047,110.01000213623047,76.46066284179688,3839000,0.0,0.0,0.0
2013-07-05,107.27999877929688,107.5,106.16999816894531,106.26000213623047,73.85423278808594,14511900,0.0,0.0,0.0
2013-07-08,107.06999969482422,107.55999755859375,106.94999694824219,107.29000091552734,74.57012939453125,8044200,0.0,0.0,0.0
2013-07-09,107.48999786376953,107.62000274658203,107.06999969482422,107.4000015258789,74.6466064453125,4700400,0.0,0.0,0.0
2013-07-10,107.38999938964844,107.38999938964844,106.30000305175781,106.55999755859375,74.06277465820312,10792200,0.0,0.0,0.0
2013-07-11,107.44999694824219,107.87000274658203,106.94000244140625,107.80999755859375,74.93155670166016,10035500,0.0,0.0,0.0
2013-07-12,108.33999633789062,108.47000122070312,107.33999633789062,107.72000122070312,74.86898040771484,4730800,0.0,0.0,0.0
2013-07-15,107.80000305175781,108.31999969482422,107.69999694824219,108.29000091552734,75.26517486572266,4574800,0.0,0.0,0.0
2013-07-16,108.43000030517578,108.76000213623047,108.2699966430664,108.66000366210938,75.52236938476562,3650200,0.0,0.0,0.0
2013-07-17,109.19000244140625,109.36000061035156,108.66000366210938,108.86000061035156,75.66134643554688,5932000,0.0,0.0,0.0
2013-07-18,108.61000061035156,108.66999816894531,107.4800033569336,107.5,74.71614074707031,9066400,0.0,0.0,0.0
2013-07-19,108.30999755859375,109.20999908447266,108.25,109.19999694824219,75.89764404296875,8523800,0.0,0.0,0.0
2013-07-22,109.36000061035156,109.69000244140625,109.12999725341797,109.36000061035156,76.00889587402344,3972600,0.0,0.0,0.0
2013-07-23,108.66999816894531,109.0,108.31999969482422,108.9000015258789,75.68917083740234,5015500,0.0,0.0,0.0
2013-07-24,107.6500015258789,107.88999938964844,106.79000091552734,107.5199966430664,74.72998809814453,8853100,0.0,0.0,0.0
2013-07-25,106.97000122070312,107.5999984741211,106.80999755859375,107.4800033569336,74.70221710205078,6443400,0.0,0.0,0.0
2013-07-26,108.04000091552734,108.27999877929688,107.63999938964844,108.13999938964844,75.16094207763672,6795500,0.0,0.0,0.0
2013-07-29,107.6500015258789,107.81999969482422,107.06999969482422,107.3499984741211,74.61185455322266,6397800,0.0,0.0,0.0
2013-07-30,107.70999908447266,107.76000213623047,107.05000305175781,107.30999755859375,74.58403778076172,3635400,0.0,0.0,0.0
2013-07-31,106.05999755859375,107.91999816894531,105.8499984741211,107.69999694824219,74.85508728027344,10483100,0.0,0.0,0.0
2013-08-01,106.48999786376953,106.48999786376953,105.0,105.36000061035156,73.41280364990234,13568600,0.27,0.0,0.0
2013-08-02,106.01000213623047,106.61000061035156,105.9800033569336,106.5199966430664,74.2210464477539,9568400,0.0,0.0,0.0
2013-08-05,106.19000244140625,106.25,105.54000091552734,105.69999694824219,73.64967346191406,6611800,0.0,0.0,0.0
2013-08-06,105.52999877929688,106.01000213623047,105.33999633789062,106.01000213623047,73.86565399169922,4589000,0.0,0.0,0.0
2013-08-07,106.16999816894531,106.94000244140625,106.16999816894531,106.80000305175781,74.41614532470703,7183400,0.0,0.0,0.0
2013-08-08,106.9800033569336,107.5999984741211,106.79000091552734,107.08999633789062,74.61821746826172,5510900,0.0,0.0,0.0
2013-08-09,106.5999984741211,107.2699966430664,106.4800033569336,107.26000213623047,74.73664855957031,3623400,0.0,0.0,0.0
2013-08-12,107.61000061035156,107.62999725341797,106.47000122070312,106.52999877929688,74.22801208496094,7562800,0.0,0.0,0.0
2013-08-13,105.33000183105469,105.36000061035156,104.80000305175781,104.98999786376953,73.15497589111328,11485600,0.0,0.0,0.0
2013-08-14,104.94000244140625,105.36000061035156,104.87000274658203,105.1500015258789,73.26646423339844,6431600,0.0,0.0,0.0
2013-08-15,104.0999984741211,104.62999725341797,103.69000244140625,103.7300033569336,72.27700805664062,11846300,0.0,0.0,0.0
2013-08-16,103.95999908447266,103.97000122070312,102.66999816894531,103.37000274658203,72.02619171142578,10175900,0.0,0.0,0.0
2013-08-19,102.93000030517578,103.01000213623047,102.20999908447266,102.47000122070312,71.39910125732422,9022000,0.0,0.0,0.0
2013-08-20,102.88999938964844,103.36000061035156,102.8499984741211,103.26000213623047,71.94955444335938,10050100,0.0,0.0,0.0
2013-08-21,102.7699966430664,103.19999694824219,102.11000061035156,102.12999725341797,71.16219329833984,13248800,0.0,0.0,0.0
2013-08-22,102.45999908447266,103.2300033569336,102.23999786376953,103.16999816894531,71.88685607910156,8751200,0.0,0.0,0.0
2013-08-23,103.01000213623047,104.38999938964844,102.73999786376953,104.29000091552734,72.66720581054688,17441200,0.0,0.0,0.0
2013-08-26,104.55999755859375,104.88999938964844,104.33000183105469,104.80999755859375,73.02955627441406,5879100,0.0,0.0,0.0
2013-08-27,105.29000091552734,106.25,105.04000091552734,106.12999725341797,73.94931030273438,11573300,0.0,0.0,0.0
2013-08-28,105.41000366210938,105.56999969482422,104.94000244140625,105.2699966430664,73.35010528564453,7497900,0.0,0.0,0.0
2013-08-29,104.87999725341797,106.30999755859375,104.79000091552734,106.11000061035156,73.9354019165039,6672400,0.0,0.0,0.0
2013-08-30,106.0199966430664,106.68000030517578,105.73999786376953,105.98999786376953,73.85177612304688,8987600,0.0,0.0,0.0
2013-09-03,104.58999633789062,104.66999816894531,103.51000213623047,104.22000122070312,72.81010437011719,12084300,0.279,0.0,0.0
2013-09-04,104.44999694824219,104.6500015258789,103.94999694824219,103.98999786376953,72.64942932128906,4579600,0.0,0.0,0.0
2013-09-05,103.47000122070312,103.5999984741211,102.52999877929688,102.54000091552734,71.63642120361328,12290600,0.0,0.0,0.0
2013-09-06,103.25,103.81999969482422,102.80999755859375,103.05000305175781,71.99273681640625,9478400,0.0,0.0,0.0
2013-09-09,103.80000305175781,103.80999755859375,103.08000183105469,103.0999984741211,72.02766418457031,6874900,0.0,0.0,0.0
2013-09-10,102.7300033569336,103.33999633789062,102.36000061035156,102.37999725341797,71.52462768554688,8069000,0.0,0.0,0.0
2013-09-11,102.91999816894531,103.30999755859375,102.19000244140625,103.29000091552734,72.16041564941406,8962400,0.0,0.0,0.0
2013-09-12,103.8499984741211,104.0,103.05999755859375,103.1500015258789,72.06259155273438,6254400,0.0,0.0,0.0
2013-09-13,103.51000213623047,103.83000183105469,103.2300033569336,103.55000305175781,72.34204864501953,6106200,0.0,0.0,0.0
2013-09-16,104.33000183105469,104.41000366210938,102.8499984741211,102.86000061035156,71.86002349853516,8231600,0.0,0.0,0.0
2013-09-17,103.37000274658203,103.73999786376953,102.97000122070312,103.70999908447266,72.45380401611328,8795300,0.0,0.0,0.0
2013-09-18,103.62999725341797,105.55000305175781,102.9800033569336,104.98999786376953,73.34798431396484,19749200,0.0,0.0,0.0
2013-09-19,105.05000305175781,105.08999633789062,104.16000366210938,104.37000274658203,72.9148941040039,11627800,0.0,0.0,0.0
2013-09-20,104.69000244140625,105.18000030517578,104.44999694824219,104.91999816894531,73.29914093017578,8421000,0.0,0.0,0.0
2013-09-23,105.20999908447266,105.7300033569336,105.11000061035156,105.69000244140625,73.83709716796875,10242100,0.0,0.0,0.0
2013-09-24,105.98999786376953,106.83999633789062,105.83999633789062,106.83000183105469,74.63349151611328,11446600,0.0,0.0,0.0
2013-09-25,106.54000091552734,107.27999877929688,106.38999938964844,107.05000305175781,74.78722381591797,8130900,0.0,0.0,0.0
2013-09-26,106.4800033569336,106.62000274658203,106.19000244140625,106.30000305175781,74.26324462890625,5117100,0.0,0.0,0.0
2013-09-27,106.29000091552734,106.81999969482422,106.25,106.55999755859375,74.44488525390625,6460000,0.0,0.0,0.0
2013-09-30,106.66000366210938,106.9000015258789,106.18000030517578,106.4000015258789,74.3331298828125,8438800,0.0,0.0,0.0
2013-10-01,105.9000015258789,106.02999877929688,105.52999877929688,105.80000305175781,74.10755157470703,7592500,0.278,0.0,0.0
2013-10-02,105.93000030517578,106.4800033569336,105.76000213623047,105.95999908447266,74.21964263916016,5967200,0.0,0.0,0.0
2013-10-03,105.75,106.41000366210938,105.69999694824219,105.79000091552734,74.1005630493164,6648900,0.0,0.0,0.0
2013-10-04,105.66999816894531,105.77999877929688,105.3499984741211,105.70999908447266,74.04450988769531,5545300,0.0,0.0,0.0
2013-10-07,106.19999694824219,106.36000061035156,105.9800033569336,106.13999938964844,74.34573364257812,5761100,0.0,0.0,0.0
2013-10-08,105.9800033569336,106.51000213623047,105.83000183105469,106.16999816894531,74.3667221069336,5904000,0.0,0.0,0.0
2013-10-09,105.87000274658203,105.94000244140625,105.30000305175781,105.31999969482422,73.77130889892578,8439000,0.0,0.0,0.0
2013-10-10,104.80000305175781,105.52999877929688,104.51000213623047,105.48999786376953,73.89041137695312,9944100,0.0,0.0,0.0
2013-10-11,106.16000366210938,106.2300033569336,105.41000366210938,105.45999908447266,73.86943054199219,6500800,0.0,0.0,0.0
2013-10-14,105.38999938964844,105.63999938964844,104.33000183105469,104.61000061035156,73.2740478515625,4205600,0.0,0.0,0.0
2013-10-15,105.1500015258789,105.30000305175781,104.52999877929688,104.54000091552734,73.2249984741211,8291000,0.0,0.0,0.0
2013-10-16,104.47000122070312,105.86000061035156,104.2699966430664,105.8499984741211,74.142578125,14460200,0.0,0.0,0.0
2013-10-17,106.5199966430664,107.12000274658203,106.29000091552734,106.80999755859375,74.81500244140625,11303400,0.0,0.0,0.0
2013-10-18,107.11000061035156,107.4800033569336,106.9800033569336,107.04000091552734,74.97612762451172,9487800,0.0,0.0,0.0
2013-10-21,106.91000366210938,106.91999816894531,106.45999908447266,106.69999694824219,74.73793029785156,6161600,0.0,0.0,0.0
2013-10-22,107.5999984741211,108.12000274658203,107.55999755859375,107.88999938964844,75.57147979736328,9708500,0.0,0.0,0.0
2013-10-23,108.06999969482422,108.7300033569336,108.04000091552734,108.30999755859375,75.86573791503906,9163100,0.0,0.0,0.0
2013-10-24,108.61000061035156,108.66999816894531,107.87000274658203,107.88999938964844,75.57147979736328,7631400,0.0,0.0,0.0
2013-10-25,108.12999725341797,108.44999694824219,108.08000183105469,108.29000091552734,75.85169982910156,4429500,0.0,0.0,0.0
2013-10-28,108.01000213623047,108.37999725341797,107.91000366210938,107.91999816894531,75.59252166748047,6466400,0.0,0.0,0.0
2013-10-29,107.62000274658203,108.06999969482422,107.51000213623047,108.05999755859375,75.69056701660156,5270500,0.0,0.0,0.0
2013-10-30,107.93000030517578,108.20999908447266,107.20999908447266,107.41000366210938,75.23528289794922,10199300,0.0,0.0,0.0
2013-10-31,107.91000366210938,108.01000213623047,107.13999938964844,107.63999938964844,75.39635467529297,11452100,0.0,0.0,0.0
2013-11-01,106.97000122070312,107.0,106.13999938964844,106.19000244140625,74.5802993774414,11349500,0.288,0.0,0.0
2013-11-04,106.47000122070312,106.66999816894531,106.22000122070312,106.29000091552734,74.65054321289062,4733200,0.0,0.0,0.0
2013-11-05,105.79000091552734,105.83000183105469,104.98999786376953,105.0199966430664,73.7585220336914,8753400,0.0,0.0,0.0
2013-11-06,104.94000244140625,105.13999938964844,104.69000244140625,105.06999969482422,73.79367065429688,5643000,0.0,0.0,0.0
2013-11-07,105.05000305175781,106.05000305175781,104.97000122070312,105.95999908447266,74.41874694824219,7893700,0.0,0.0,0.0
2013-11-08,103.97000122070312,104.11000061035156,103.38999938964844,103.41000366210938,72.62782287597656,16889900,0.0,0.0,0.0
2013-11-11,103.52999877929688,103.58000183105469,102.95999908447266,103.0199966430664,72.35392761230469,4927200,0.0,0.0,0.0
2013-11-12,103.20999908447266,103.58999633789062,103.18000030517578,103.5,72.69100952148438,4839500,0.0,0.0,0.0
2013-11-13,103.87000274658203,104.04000091552734,103.73999786376953,103.87999725341797,72.95787811279297,5782900,0.0,0.0,0.0
2013-11-14,104.30999755859375,105.12000274658203,104.1500015258789,104.5199966430664,73.40735626220703,8895500,0.0,0.0,0.0
2013-11-15,104.66000366210938,104.73999786376953,104.30999755859375,104.7300033569336,73.55487060546875,6344800,0.0,0.0,0.0
2013-11-18,104.6500015258789,105.41000366210938,104.6500015258789,105.36000061035156,73.99735260009766,5451300,0.0,0.0,0.0
2013-11-19,104.94999694824219,105.13999938964844,104.41000366210938,104.55999755859375,73.43547821044922,7251100,0.0,0.0,0.0
2013-11-20,104.41999816894531,104.83999633789062,102.6500015258789,102.77999877929688,72.18534088134766,14190900,0.0,0.0,0.0
2013-11-21,102.51000213623047,103.19000244140625,102.16000366210938,102.94999694824219,72.30469512939453,8903000,0.0,0.0,0.0
2013-11-22,103.48999786376953,104.12999725341797,103.4800033569336,103.91000366210938,72.9789810180664,7950700,0.0,0.0,0.0
2013-11-25,103.83999633789062,104.41999816894531,103.83999633789062,104.20999908447266,73.18966674804688,3755500,0.0,0.0,0.0
2013-11-26,104.48999786376953,104.93000030517578,104.4800033569336,104.5999984741211,73.463623046875,6659200,0.0,0.0,0.0
2013-11-27,104.68000030517578,104.69999694824219,103.95999908447266,104.41999816894531,73.337158203125,6063000,0.0,0.0,0.0
2013-11-29,104.08000183105469,104.5999984741211,103.94999694824219,104.44999694824219,73.35822296142578,5084400,0.0,0.0,0.0
2013-12-02,103.80000305175781,103.91000366210938,103.22000122070312,103.33000183105469,72.78766632080078,7527800,0.31,0.0,0.0
2013-12-03,103.69999694824219,103.95999908447266,103.45999908447266,103.70999908447266,73.05533599853516,5076900,0.0,0.0,0.0
2013-12-04,102.75,103.05000305175781,102.37999725341797,102.72000122070312,72.35797882080078,8502700,0.0,0.0,0.0
2013-12-05,102.4800033569336,102.8499984741211,102.22000122070312,102.43000030517578,72.15363311767578,7445700,0.0,0.0,0.0
2013-12-06,102.55999755859375,102.98999786376953,102.36000061035156,102.91999816894531,72.49882507324219,7352000,0.0,0.0,0.0
2013-12-09,102.9000015258789,103.2300033569336,102.83000183105469,103.16000366210938,72.66790008544922,5678800,0.0,0.0,0.0
2013-12-10,103.83999633789062,103.94999694824219,103.44999694824219,103.9000015258789,73.18917846679688,7040400,0.0,0.0,0.0
2013-12-11,103.55000305175781,103.7699966430664,103.0199966430664,103.0999984741211,72.62565612792969,8190900,0.0,0.0,0.0
2013-12-12,103.02999877929688,103.16000366210938,102.62999725341797,102.70999908447266,72.35092163085938,6208600,0.0,0.0,0.0
2013-12-13,103.13999938964844,103.30000305175781,102.79000091552734,103.20999908447266,72.70311737060547,6471300,0.0,0.0,0.0
2013-12-16,103.58000183105469,103.69000244140625,102.7300033569336,102.83000183105469,72.43544006347656,6376400,0.0,0.0,0.0
2013-12-17,102.61000061035156,103.4000015258789,102.58999633789062,103.29000091552734,72.7594985961914,6014400,0.0,0.0,0.0
2013-12-18,102.83000183105469,103.72000122070312,102.45999908447266,102.7699966430664,72.3931655883789,12973200,0.0,0.0,0.0
2013-12-19,102.86000061035156,103.01000213623047,102.44999694824219,102.66999816894531,72.32273864746094,6708400,0.0,0.0,0.0
2013-12-20,103.72000122070312,104.29000091552734,103.30000305175781,104.25,73.43570709228516,12425700,0.0,0.0,0.0
2013-12-23,104.05000305175781,104.41000366210938,103.66000366210938,103.66000366210938,73.02010345458984,6378600,0.0,0.0,0.0
2013-12-24,103.2300033569336,103.3499984741211,102.80000305175781,102.83000183105469,72.43544006347656,4897000,0.0,0.0,0.0
2013-12-26,102.3499984741211,102.36000061035156,102.01000213623047,102.0999984741211,72.15630340576172,4645300,0.335,0.0,0.0
2013-12-27,102.06999969482422,102.30999755859375,101.69000244140625,101.80999755859375,71.95132446289062,4755000,0.0,0.0,0.0
2013-12-30,102.1500015258789,102.58000183105469,102.08000183105469,102.51000213623047,72.4460220336914,4491700,0.0,0.0,0.0
2013-12-31,102.29000091552734,102.55000305175781,101.16999816894531,101.86000061035156,71.98667907714844,7218600,0.0,0.0,0.0
2014-01-02,101.72000122070312,102.38999938964844,101.69000244140625,102.16999816894531,72.20574951171875,8580800,0.0,0.0,0.0
2014-01-03,101.80999755859375,102.44999694824219,101.76000213623047,102.16999816894531,72.20574951171875,4083800,0.0,0.0,0.0
2014-01-06,102.37999725341797,103.0,102.37000274658203,102.5999984741211,72.50965881347656,7796200,0.0,0.0,0.0
2014-01-07,102.81999969482422,102.98999786376953,102.55999755859375,102.86000061035156,72.69340515136719,4428100,0.0,0.0,0.0
2014-01-08,102.44999694824219,102.69000244140625,102.0999984741211,102.58000183105469,72.49551391601562,8513000,0.0,0.0,0.0
2014-01-09,102.97000122070312,103.20999908447266,102.51000213623047,103.18000030517578,72.9195556640625,6991100,0.0,0.0,0.0
2014-01-10,103.7699966430664,104.54000091552734,103.69000244140625,104.41000366210938,73.78880310058594,13197400,0.0,0.0,0.0
2014-01-13,104.51000213623047,105.13999938964844,104.47000122070312,104.93000030517578,74.15631103515625,9667400,0.0,0.0,0.0
2014-01-14,104.6500015258789,104.83000183105469,104.38999938964844,104.44999694824219,73.81710815429688,10343100,0.0,0.0,0.0
2014-01-15,104.04000091552734,104.51000213623047,103.93000030517578,104.33999633789062,73.73936462402344,7507500,0.0,0.0,0.0
2014-01-16,104.8499984741211,105.06999969482422,104.72000122070312,105.04000091552734,74.2340316772461,7137700,0.0,0.0,0.0
2014-01-17,104.86000061035156,105.5199966430664,104.79000091552734,105.4800033569336,74.54499816894531,7588600,0.0,0.0,0.0
2014-01-21,105.44999694824219,105.73999786376953,105.4000015258789,105.55999755859375,74.60154724121094,6436000,0.0,0.0,0.0
2014-01-22,105.37000274658203,105.75,105.23999786376953,105.30000305175781,74.41779327392578,4646700,0.0,0.0,0.0
2014-01-23,105.87999725341797,107.08999633789062,105.87999725341797,106.79000091552734,75.47083282470703,12960600,0.0,0.0,0.0
2014-01-24,107.19000244140625,107.48999786376953,106.98999786376953,107.4800033569336,75.95846557617188,11122200,0.0,0.0,0.0
2014-01-27,107.22000122070312,107.5999984741211,106.69999694824219,106.7300033569336,75.42842102050781,9218200,0.0,0.0,0.0
2014-01-28,106.91000366210938,106.98999786376953,106.55000305175781,106.98999786376953,75.61219787597656,5661500,0.0,0.0,0.0
2014-01-29,107.37000274658203,108.1500015258789,106.98999786376953,107.87000274658203,76.23408508300781,11709400,0.0,0.0,0.0
2014-01-30,107.47000122070312,107.66999816894531,107.11000061035156,107.55999755859375,76.01498413085938,5956900,0.0,0.0,0.0
2014-01-31,108.19999694824219,108.41000366210938,107.8499984741211,108.27999877929688,76.52385711669922,14690900,0.0,0.0,0.0
2014-02-03,107.79000091552734,109.33999633789062,107.61000061035156,109.31999969482422,77.45623016357422,20780300,0.276,0.0,0.0
2014-02-04,108.5199966430664,108.66999816894531,107.97000122070312,108.16000366210938,76.63436126708984,9573500,0.0,0.0,0.0
2014-02-05,107.69000244140625,107.77999877929688,107.01000213623047,107.16000366210938,75.92581176757812,10312200,0.0,0.0,0.0
2014-02-06,106.97000122070312,107.0199966430664,106.5199966430664,106.69999694824219,75.5998764038086,5708700,0.0,0.0,0.0
2014-02-07,106.45999908447266,107.22000122070312,106.44000244140625,106.79000091552734,75.6636962890625,7039200,0.0,0.0,0.0
2014-02-10,106.61000061035156,107.12000274658203,106.56999969482422,107.08999633789062,75.8761978149414,4370500,0.0,0.0,0.0
2014-02-11,106.61000061035156,106.69000244140625,106.16000366210938,106.47000122070312,75.43693542480469,5904900,0.0,0.0,0.0
2014-02-12,106.16999816894531,106.20999908447266,105.62000274658203,105.91999816894531,75.0472412109375,6723300,0.0,0.0,0.0
2014-02-13,106.58999633789062,106.7300033569336,106.30000305175781,106.5199966430664,75.47236633300781,6874600,0.0,0.0,0.0
2014-02-14,106.56999969482422,106.63999938964844,106.2699966430664,106.58000183105469,75.51483917236328,4989100,0.0,0.0,0.0
2014-02-18,106.66000366210938,107.19999694824219,106.62000274658203,106.81999969482422,75.6849136352539,4855800,0.0,0.0,0.0
2014-02-19,107.18000030517578,107.18000030517578,106.30000305175781,106.37000274658203,75.36609649658203,5522500,0.0,0.0,0.0
2014-02-20,106.31999969482422,106.62999725341797,105.69000244140625,106.11000061035156,75.18192291259766,5103200,0.0,0.0,0.0
2014-02-21,105.94999694824219,106.68000030517578,105.94999694824219,106.66999816894531,75.57862854003906,5250700,0.0,0.0,0.0
2014-02-24,106.69999694824219,106.73999786376953,106.16999816894531,106.4000015258789,75.38736724853516,3816700,0.0,0.0,0.0
2014-02-25,106.91000366210938,107.36000061035156,106.88999938964844,107.3499984741211,76.06044006347656,6225400,0.0,0.0,0.0
2014-02-26,107.30999755859375,107.91999816894531,107.23999786376953,107.91999816894531,76.46431732177734,7203900,0.0,0.0,0.0
2014-02-27,108.27999877929688,108.55999755859375,108.0999984741211,108.51000213623047,76.88233184814453,5394700,0.0,0.0,0.0
2014-02-28,108.27999877929688,108.73999786376953,107.77999877929688,108.56999969482422,76.92485046386719,8462600,0.0,0.0,0.0
2014-03-03,108.87999725341797,109.18000030517578,108.63999938964844,109.02999877929688,77.43834686279297,11089400,0.263,0.0,0.0
2014-03-04,108.3499984741211,108.3499984741211,107.36000061035156,107.38999938964844,76.27355194091797,8068100,0.0,0.0,0.0
2014-03-05,107.33999633789062,107.77999877929688,107.19999694824219,107.62000274658203,76.43689727783203,4798500,0.0,0.0,0.0
2014-03-06,106.76000213623047,106.97000122070312,106.5199966430664,106.55999755859375,75.68404388427734,7418200,0.0,0.0,0.0
2014-03-07,105.63999938964844,106.16999816894531,105.5999984741211,105.88999938964844,75.20816802978516,8270300,0.0,0.0,0.0
2014-03-10,105.94000244140625,106.11000061035156,105.77999877929688,106.04000091552734,75.31465148925781,3744300,0.0,0.0,0.0
2014-03-11,105.9800033569336,106.33999633789062,105.77999877929688,106.31999969482422,75.51360321044922,3815700,0.0,0.0,0.0
2014-03-12,106.91999816894531,107.26000213623047,106.77999877929688,107.05999755859375,76.03915405273438,6430500,0.0,0.0,0.0
2014-03-13,106.69999694824219,108.52999877929688,106.6500015258789,108.5,77.06192016601562,11815500,0.0,0.0,0.0
2014-03-14,108.97000122070312,108.9800033569336,108.31999969482422,108.5199966430664,77.07609558105469,9232800,0.0,0.0,0.0
2014-03-17,108.18000030517578,108.30000305175781,107.66999816894531,107.70999908447266,76.50081634521484,7381900,0.0,0.0,0.0
2014-03-18,107.68000030517578,108.1500015258789,107.5999984741211,108.0999984741211,76.77779388427734,4819500,0.0,0.0,0.0
2014-03-19,107.91999816894531,107.9800033569336,106.80999755859375,107.26000213623047,76.18121337890625,11557600,0.0,0.0,0.0
2014-03-20,107.08999633789062,107.62999725341797,106.98999786376953,107.06999969482422,76.0462875366211,5224400,0.0,0.0,0.0
2014-03-21,107.41000366210938,108.31999969482422,107.37000274658203,108.2300033569336,76.87015533447266,8986200,0.0,0.0,0.0
2014-03-24,108.05000305175781,109.08999633789062,107.94999694824219,109.0,77.41705322265625,7536400,0.0,0.0,0.0
2014-03-25,108.41000366210938,108.81999969482422,108.16999816894531,108.58999633789062,77.1258316040039,5032000,0.0,0.0,0.0
2014-03-26,108.55000305175781,109.4800033569336,108.4800033569336,109.44000244140625,77.72954559326172,7147200,0.0,0.0,0.0
2014-03-27,109.63999938964844,110.38999938964844,109.41999816894531,109.98999786376953,78.1202392578125,9772200,0.0,0.0,0.0
2014-03-28,109.86000061035156,109.88999938964844,109.0199966430664,109.37000274658203,77.67982482910156,6027000,0.0,0.0,0.0
2014-03-31,108.73999786376953,111.06999969482422,108.33999633789062,109.0999984741211,77.4880599975586,7488400,0.0,0.0,0.0
2014-04-01,108.26000213623047,108.36000061035156,107.83999633789062,107.88999938964844,76.82581329345703,9067300,0.28,0.0,0.0
2014-04-02,107.38999938964844,107.55000305175781,107.16999816894531,107.2699966430664,76.38438415527344,6887200,0.0,0.0,0.0
2014-04-03,107.5199966430664,107.94000244140625,107.44000244140625,107.73999786376953,76.71903228759766,4937400,0.0,0.0,0.0
2014-04-04,107.87000274658203,108.69000244140625,107.8499984741211,108.45999908447266,77.2317123413086,8977500,0.0,0.0,0.0
2014-04-07,108.62000274658203,109.29000091552734,108.5999984741211,109.11000061035156,77.69464111328125,7562500,0.0,0.0,0.0
2014-04-08,109.02999877929688,109.47000122070312,108.72000122070312,109.37000274658203,77.87976837158203,4213800,0.0,0.0,0.0
2014-04-09,108.87999725341797,109.3499984741211,108.63999938964844,108.83000183105469,77.49517822265625,5771500,0.0,0.0,0.0
2014-04-10,108.91999816894531,110.22000122070312,108.9000015258789,109.83999633789062,78.21440124511719,12706400,0.0,0.0,0.0
2014-04-11,110.54000091552734,110.79000091552734,110.12999725341797,110.7300033569336,78.8481674194336,10267000,0.0,0.0,0.0
2014-04-14,110.4800033569336,110.69999694824219,110.30000305175781,110.44000244140625,78.64163970947266,4142600,0.0,0.0,0.0
2014-04-15,110.61000061035156,111.51000213623047,110.3499984741211,111.12999725341797,79.13294982910156,7752000,0.0,0.0,0.0
2014-04-16,110.43000030517578,111.2699966430664,110.37999725341797,111.2699966430664,79.23267364501953,5523000,0.0,0.0,0.0
2014-04-17,111.37000274658203,111.44999694824219,109.69999694824219,110.05000305175781,78.36392974853516,8622500,0.0,0.0,0.0
2014-04-21,110.37000274658203,110.62000274658203,109.83999633789062,109.95999908447266,78.29985809326172,4316300,0.0,0.0,0.0
2014-04-22,109.66000366210938,110.48999786376953,109.61000061035156,110.33000183105469,78.56329345703125,5748700,0.0,0.0,0.0
2014-04-23,110.5999984741211,111.05000305175781,110.52999877929688,110.95999908447266,79.011962890625,5748600,0.0,0.0,0.0
2014-04-24,110.44999694824219,111.20999908447266,110.44999694824219,111.16999816894531,79.16146850585938,6337800,0.0,0.0,0.0
2014-04-25,111.48999786376953,111.98999786376953,111.31999969482422,111.33000183105469,79.27542877197266,5976500,0.0,0.0,0.0
2014-04-28,111.11000061035156,111.27999877929688,110.55000305175781,110.79000091552734,78.89087677001953,7606000,0.0,0.0,0.0
2014-04-29,110.16999816894531,110.7300033569336,110.04000091552734,110.63999938964844,78.78404235839844,5235200,0.0,0.0,0.0
2014-04-30,110.72000122070312,111.26000213623047,110.37999725341797,111.0999984741211,79.11162567138672,7721400,0.0,0.0,0.0
2014-05-01,110.87999725341797,112.08000183105469,110.83999633789062,112.0199966430664,79.96034240722656,11556500,0.269,0.0,0.0
2014-05-02,111.54000091552734,113.0999984741211,111.30000305175781,112.70999908447266,80.4528579711914,12702100,0.0,0.0,0.0
2014-05-05,112.76000213623047,112.80999755859375,111.88999938964844,112.02999877929688,79.96745300292969,8043000,0.0,0.0,0.0
2014-05-06,112.11000061035156,112.69999694824219,112.04000091552734,112.4800033569336,80.28868103027344,6522600,0.0,0.0,0.0
2014-05-07,112.30999755859375,112.56999969482422,111.94000244140625,112.08000183105469,80.00312042236328,8199200,0.0,0.0,0.0
2014-05-08,112.33999633789062,112.76000213623047,111.45999908447266,111.5999984741211,79.66056060791016,10878800,0.0,0.0,0.0
2014-05-09,111.52999877929688,111.80999755859375,110.9800033569336,111.23999786376953,79.4035415649414,6000600,0.0,0.0,0.0
2014-05-12,111.01000213623047,111.12999725341797,110.54000091552734,110.79000091552734,79.08234405517578,4563800,0.0,0.0,0.0
2014-05-13,111.44000244140625,111.75,111.33000183105469,111.75,79.76757049560547,5501000,0.0,0.0,0.0
2014-05-14,112.62999725341797,113.2300033569336,112.55999755859375,112.95999908447266,80.63130950927734,8851400,0.0,0.0,0.0
2014-05-15,113.77999877929688,114.41000366210938,113.5999984741211,113.86000061035156,81.27373504638672,12627900,0.0,0.0,0.0
2014-05-16,113.61000061035156,114.0,113.41999816894531,113.54000091552734,81.04529571533203,5019200,0.0,0.0,0.0
2014-05-19,113.93000030517578,113.95999908447266,112.62000274658203,112.69999694824219,80.44569396972656,7403300,0.0,0.0,0.0
2014-05-20,112.5999984741211,113.4800033569336,112.58999633789062,112.94999694824219,80.62419891357422,6549800,0.0,0.0,0.0
2014-05-21,112.22000122070312,112.4000015258789,111.87000274658203,112.26000213623047,80.13166046142578,8224600,0.0,0.0,0.0
2014-05-22,112.26000213623047,112.4000015258789,111.79000091552734,112.0999984741211,80.01741790771484,6495700,0.0,0.0,0.0
2014-05-23,112.5199966430664,112.91000366210938,112.44999694824219,112.69999694824219,80.44569396972656,3835000,0.0,0.0,0.0
2014-05-27,112.8499984741211,113.4000015258789,112.4000015258789,113.36000061035156,80.91680908203125,6658300,0.0,0.0,0.0
2014-05-28,114.0999984741211,114.83999633789062,114.08999633789062,114.76000213623047,81.9161148071289,10361000,0.0,0.0,0.0
2014-05-29,114.87000274658203,115.19000244140625,114.12999725341797,114.1500015258789,81.48075103759766,10692000,0.0,0.0,0.0
2014-05-30,113.95999908447266,114.4000015258789,113.80999755859375,114.0999984741211,81.44507598876953,6518900,0.0,0.0,0.0
2014-06-02,113.04000091552734,113.68000030517578,112.55000305175781,112.95999908447266,80.83958435058594,11728200,0.294,0.0,0.0
2014-06-03,112.41000366210938,112.54000091552734,111.51000213623047,111.56999969482422,79.8448486328125,12694100,0.0,0.0,0.0
2014-06-04,111.76000213623047,111.81999969482422,111.2699966430664,111.54000091552734,79.82333374023438,7882000,0.0,0.0,0.0
2014-06-05,111.12999725341797,111.97000122070312,111.0199966430664,111.58999633789062,79.85912322998047,6915600,0.0,0.0,0.0
2014-06-06,112.12999725341797,112.41000366210938,111.48999786376953,111.58999633789062,79.85912322998047,7832800,0.0,0.0,0.0
2014-06-09,111.44999694824219,111.63999938964844,111.19999694824219,111.43000030517578,79.7446517944336,5162800,0.0,0.0,0.0
2014-06-10,111.04000091552734,111.2699966430664,110.83000183105469,111.0199966430664,79.45121002197266,5986000,0.0,0.0,0.0
2014-06-11,111.26000213623047,111.54000091552734,110.8499984741211,111.22000122070312,79.59439086914062,5569700,0.0,0.0,0.0
2014-06-12,111.30000305175781,112.3499984741211,111.0,112.20999908447266,80.30282592773438,9775900,0.0,0.0,0.0
2014-06-13,111.56999969482422,112.62000274658203,111.52999877929688,112.1500015258789,80.25989532470703,5412500,0.0,0.0,0.0
2014-06-16,112.20999908447266,112.62999725341797,112.0999984741211,112.43000030517578,80.4603042602539,5184600,0.0,0.0,0.0
2014-06-17,112.06999969482422,112.08999633789062,111.4800033569336,111.54000091552734,79.82333374023438,6668800,0.0,0.0,0.0
2014-06-18,111.80000305175781,112.76000213623047,111.55999755859375,112.4000015258789,80.43882751464844,11256500,0.0,0.0,0.0
2014-06-19,112.51000213623047,112.55999755859375,110.73999786376953,110.95999908447266,79.40827941894531,14215500,0.0,0.0,0.0
2014-06-20,110.97000122070312,111.80000305175781,110.9000015258789,111.80000305175781,80.00948333740234,7319100,0.0,0.0,0.0
2014-06-23,112.08000183105469,112.18000030517578,111.41000366210938,111.44999694824219,79.75896453857422,5821700,0.0,0.0,0.0
2014-06-24,112.1500015258789,112.6500015258789,111.81999969482422,112.58000183105469,80.56765747070312,9698300,0.0,0.0,0.0
2014-06-25,113.0999984741211,113.36000061035156,112.69000244140625,112.87000274658203,80.77518463134766,5699300,0.0,0.0,0.0
2014-06-26,113.20999908447266,113.80000305175781,113.20999908447266,113.41000366210938,81.16165161132812,6628900,0.0,0.0,0.0
2014-06-27,113.68000030517578,113.81999969482422,113.16999816894531,113.23999786376953,81.03997802734375,7216500,0.0,0.0,0.0
2014-06-30,113.55999755859375,113.80000305175781,113.08999633789062,113.5199966430664,81.24034881591797,5593100,0.0,0.0,0.0
2014-07-01,112.5,112.73999786376953,112.19999694824219,112.27999877929688,80.56017303466797,8019200,0.292,0.0,0.0
2014-07-02,111.62999725341797,111.66999816894531,110.97000122070312,111.08000183105469,79.6991958618164,9382500,0.0,0.0,0.0
2014-07-03,110.37999725341797,110.86000061035156,110.33999633789062,110.68000030517578,79.41217041015625,6173900,0.0,0.0,0.0
2014-07-07,111.2699966430664,111.80999755859375,111.2300033569336,111.48999786376953,79.99337768554688,5928900,0.0,0.0,0.0
2014-07-08,112.23999786376953,112.86000061035156,112.23999786376953,112.73999786376953,80.89021301269531,6352100,0.0,0.0,0.0
2014-07-09,112.66000366210938,113.13999938964844,112.37999725341797,112.83000183105469,80.95477294921875,6395200,0.0,0.0,0.0
2014-07-10,113.54000091552734,113.66000366210938,112.81999969482422,112.86000061035156,80.97631072998047,7196900,0.0,0.0,0.0
2014-07-11,113.3499984741211,113.68000030517578,113.27999877929688,113.58000183105469,81.49295806884766,4676500,0.0,0.0,0.0
2014-07-14,113.27999877929688,113.41000366210938,112.93000030517578,113.08999633789062,81.14134979248047,4743300,0.0,0.0,0.0
2014-07-15,112.83000183105469,113.47000122070312,112.5,112.86000061035156,80.97631072998047,7720000,0.0,0.0,0.0
2014-07-16,113.0,113.58000183105469,112.94000244140625,113.45999908447266,81.40677642822266,4615800,0.0,0.0,0.0
2014-07-17,114.2300033569336,115.05000305175781,113.94000244140625,114.88999938964844,82.43283081054688,10901000,0.0,0.0,0.0
2014-07-18,114.87999725341797,114.95999908447266,114.11000061035156,114.5199966430664,82.16738891601562,6677900,0.0,0.0,0.0
2014-07-21,115.01000213623047,115.62999725341797,115.01000213623047,115.08999633789062,82.5763168334961,5724100,0.0,0.0,0.0
2014-07-22,115.08999633789062,115.45999908447266,114.6500015258789,115.33000183105469,82.74855041503906,5753200,0.0,0.0,0.0
2014-07-23,115.51000213623047,115.62999725341797,115.16999816894531,115.18000030517578,82.64087677001953,3489600,0.0,0.0,0.0
2014-07-24,114.5199966430664,114.58000183105469,114.25,114.31999969482422,82.02387237548828,6609000,0.0,0.0,0.0
2014-07-25,115.33999633789062,115.68000030517578,115.16000366210938,115.66999816894531,82.992431640625,7041800,0.0,0.0,0.0
2014-07-28,115.58999633789062,115.9000015258789,115.12000274658203,115.51000213623047,82.87767791748047,5138300,0.0,0.0,0.0
2014-07-29,115.87000274658203,116.06999969482422,115.41999816894531,115.93000030517578,83.17906188964844,6579300,0.0,0.0,0.0
2014-07-30,115.1500015258789,115.37999725341797,114.16999816894531,114.31999969482422,82.02387237548828,12251200,0.0,0.0,0.0
2014-07-31,113.52999877929688,114.58000183105469,113.47000122070312,113.9800033569336,81.77989196777344,18254000,0.0,0.0,0.0
2014-08-01,113.58000183105469,114.87000274658203,113.05000305175781,114.55999755859375,82.41295623779297,14951200,0.3,0.0,0.0
2014-08-04,114.52999877929688,114.80999755859375,114.26000213623047,114.26000213623047,82.19717407226562,5183800,0.0,0.0,0.0
2014-08-05,114.06999969482422,114.80000305175781,113.68000030517578,114.62999725341797,82.46329498291016,8032000,0.0,0.0,0.0
2014-08-06,115.47000122070312,115.47000122070312,114.5999984741211,114.69999694824219,82.51367950439453,7289200,0.0,0.0,0.0
2014-08-07,114.83999633789062,115.7699966430664,114.56999969482422,115.7699966430664,83.28345489501953,9745500,0.0,0.0,0.0
2014-08-08,115.93000030517578,116.41999816894531,115.37999725341797,115.5199966430664,83.10356140136719,9536700,0.0,0.0,0.0
2014-08-11,115.6500015258789,115.81999969482422,115.29000091552734,115.51000213623047,83.09638214111328,6668800,0.0,0.0,0.0
2014-08-12,115.41000366210938,115.44000244140625,114.7300033569336,114.76000213623047,82.55685424804688,8122400,0.0,0.0,0.0
2014-08-13,114.87000274658203,115.5199966430664,114.77999877929688,115.51000213623047,83.09638214111328,8210500,0.0,0.0,0.0
2014-08-14,115.93000030517578,116.5,115.38999938964844,116.44000244140625,83.76537322998047,9028200,0.0,0.0,0.0
2014-08-15,116.70999908447266,118.36000061035156,116.69000244140625,117.70999908447266,84.67904663085938,17606700,0.0,0.0,0.0
2014-08-18,117.20999908447266,117.30000305175781,116.38999938964844,116.54000091552734,83.83736419677734,7595300,0.0,0.0,0.0
2014-08-19,117.08000183105469,117.1500015258789,115.9800033569336,116.18000030517578,83.578369140625,5936900,0.0,0.0,0.0
2014-08-20,116.04000091552734,116.11000061035156,115.56999969482422,115.98999786376953,83.44168853759766,7275600,0.0,0.0,0.0
2014-08-21,116.06999969482422,116.76000213623047,116.0199966430664,116.63999938964844,83.90933227539062,6790700,0.0,0.0,0.0
2014-08-22,116.73999786376953,117.43000030517578,116.20999908447266,117.29000091552734,84.37686920166016,10149900,0.0,0.0,0.0
2014-08-25,117.44999694824219,117.77999877929688,117.20999908447266,117.7300033569336,84.69345092773438,5760700,0.0,0.0,0.0
2014-08-26,117.94000244140625,117.98999786376953,117.20999908447266,117.3499984741211,84.42005157470703,5487600,0.0,0.0,0.0
2014-08-27,117.69999694824219,118.41000366210938,117.4000015258789,118.3499984741211,85.13945007324219,7265800,0.0,0.0,0.0
2014-08-28,119.12999725341797,119.37000274658203,118.66999816894531,118.97000122070312,85.58546447753906,9463600,0.0,0.0,0.0
2014-08-29,118.91999816894531,119.43000030517578,118.75,119.05000305175781,85.64305114746094,8512900,0.0,0.0,0.0
2014-09-02,117.27999877929688,117.37999725341797,116.69999694824219,116.7300033569336,84.16564178466797,10506000,0.271,0.0,0.0
2014-09-03,116.4000015258789,117.37999725341797,116.30999755859375,117.37999725341797,84.63433074951172,6553900,0.0,0.0,0.0
2014-09-04,116.62000274658203,116.87999725341797,115.93000030517578,115.94999694824219,83.60322570800781,12528900,0.0,0.0,0.0
2014-09-05,116.44000244140625,116.5999984741211,115.44000244140625,115.7300033569336,83.4446029663086,6886000,0.0,0.0,0.0
2014-09-08,116.41000366210938,116.62999725341797,115.44999694824219,115.77999877929688,83.4806900024414,9326400,0.0,0.0,0.0
2014-09-09,115.48999786376953,115.88999938964844,115.44999694824219,115.69000244140625,83.415771484375,5353100,0.0,0.0,0.0
2014-09-10,114.97000122070312,115.12000274658203,114.79000091552734,114.95999908447266,82.88939666748047,8729400,0.0,0.0,0.0
2014-09-11,115.26000213623047,115.54000091552734,114.56999969482422,114.58000183105469,82.61544036865234,9274800,0.0,0.0,0.0
2014-09-12,113.69000244140625,113.91999816894531,113.22000122070312,113.37999725341797,81.75023651123047,11114900,0.0,0.0,0.0
2014-09-15,113.8499984741211,114.06999969482422,113.36000061035156,113.55000305175781,81.8727798461914,5510700,0.0,0.0,0.0
2014-09-16,113.61000061035156,113.86000061035156,113.08000183105469,113.08999633789062,81.54106903076172,9304700,0.0,0.0,0.0
2014-09-17,113.52999877929688,113.83000183105469,112.7300033569336,112.80000305175781,81.33201599121094,12917000,0.0,0.0,0.0
2014-09-18,113.18000030517578,113.4800033569336,112.8499984741211,113.16000366210938,81.59154510498047,7031200,0.0,0.0,0.0
2014-09-19,113.58000183105469,114.68000030517578,113.19999694824219,114.5999984741211,82.62984466552734,13236900,0.0,0.0,0.0
2014-09-22,114.66000366210938,115.04000091552734,114.44000244140625,114.73999786376953,82.73081970214844,6617200,0.0,0.0,0.0
2014-09-23,114.91000366210938,115.47000122070312,114.7699966430664,115.44999694824219,83.24268341064453,6362400,0.0,0.0,0.0
2014-09-24,115.29000091552734,115.55000305175781,114.63999938964844,114.80999755859375,82.78128814697266,5223300,0.0,0.0,0.0
2014-09-25,115.30999755859375,116.18000030517578,115.30999755859375,116.16999816894531,83.76181030273438,8947800,0.0,0.0,0.0
2014-09-26,116.0199966430664,116.29000091552734,115.62000274658203,116.0,83.63929748535156,7799600,0.0,0.0,0.0
2014-09-29,117.0,117.16999816894531,116.66000366210938,116.93000030517578,84.30982971191406,6791800,0.0,0.0,0.0
2014-09-30,116.66000366210938,117.04000091552734,116.12999725341797,116.2699966430664,83.83399963378906,7277500,0.0,0.0,0.0
2014-10-01,116.88999938964844,118.26000213623047,116.83000183105469,118.2300033569336,85.4596176147461,17194900,0.289,0.0,0.0
2014-10-02,117.83000183105469,118.19999694824219,117.13999938964844,117.19999694824219,84.71508026123047,8251800,0.0,0.0,0.0
2014-10-03,117.0,117.7699966430664,116.83000183105469,117.69999694824219,85.07647705078125,8561500,0.0,0.0,0.0
2014-10-06,117.62000274658203,118.19000244140625,117.36000061035156,117.7699966430664,85.12712860107422,4485500,0.0,0.0,0.0
2014-10-07,118.30999755859375,119.43000030517578,118.18000030517578,119.36000061035156,86.27633666992188,8837700,0.0,0.0,0.0
2014-10-08,119.44999694824219,119.5199966430664,118.51000213623047,119.38999938964844,86.29806518554688,9391300,0.0,0.0,0.0
2014-10-09,119.2699966430664,119.66999816894531,118.77999877929688,118.87000274658203,85.92215728759766,10291700,0.0,0.0,0.0
2014-10-10,119.5199966430664,120.08000183105469,119.30999755859375,120.05000305175781,86.775146484375,8774400,0.0,0.0,0.0
2014-10-13,120.16000366210938,121.16999816894531,120.05000305175781,120.77999877929688,87.30278778076172,6450700,0.0,0.0,0.0
2014-10-14,121.30999755859375,121.77999877929688,120.68000030517578,121.56999969482422,87.87382507324219,11285400,0.0,0.0,0.0
2014-10-15,124.58000183105469,127.68000030517578,121.83999633789062,122.52999877929688,88.5677719116211,37407500,0.0,0.0,0.0
2014-10-16,124.12000274658203,124.12999725341797,121.44000244140625,121.75,88.00393676757812,18096600,0.0,0.0,0.0
2014-10-17,121.19000244140625,121.70999908447266,120.4800033569336,121.06999969482422,87.51240539550781,8524300,0.0,0.0,0.0
2014-10-20,121.77999877929688,121.8499984741211,120.94000244140625,121.51000213623047,87.83043670654297,7742500,0.0,0.0,0.0
2014-10-21,120.83999633789062,121.23999786376953,120.52999877929688,120.54000091552734,87.1292953491211,9754700,0.0,0.0,0.0
2014-10-22,120.47000122070312,120.8499984741211,120.22000122070312,120.66999816894531,87.2232666015625,9260200,0.0,0.0,0.0
2014-10-23,120.04000091552734,120.18000030517578,119.05999755859375,119.5999984741211,86.44990539550781,10936300,0.0,0.0,0.0
2014-10-24,119.93000030517578,120.41000366210938,119.47000122070312,119.72000122070312,86.53662872314453,5704900,0.0,0.0,0.0
2014-10-27,119.88999938964844,120.2699966430664,119.66000366210938,119.94000244140625,86.69558715820312,3391900,0.0,0.0,0.0
2014-10-28,119.4800033569336,119.6500015258789,119.08000183105469,119.19000244140625,86.15355682373047,5141300,0.0,0.0,0.0
2014-10-29,118.95999908447266,119.81999969482422,118.41999816894531,119.45999908447266,86.34868621826172,9105100,0.0,0.0,0.0
2014-10-30,120.31999969482422,120.45999908447266,119.51000213623047,119.55999755859375,86.42095947265625,7024400,0.0,0.0,0.0
2014-10-31,119.33999633789062,119.70999908447266,118.83000183105469,119.25,86.1968994140625,6664200,0.0,0.0,0.0
2014-11-03,118.9000015258789,119.16000366210938,118.20999908447266,118.95999908447266,86.1968994140625,9726600,0.29,0.0,0.0
2014-11-04,119.41999816894531,119.91000366210938,119.08000183105469,119.33000183105469,86.46499633789062,3664800,0.0,0.0,0.0
2014-11-05,118.91000366210938,119.37000274658203,118.81999969482422,119.16000366210938,86.34184265136719,4799600,0.0,0.0,0.0
2014-11-06,118.5999984741211,118.93000030517578,118.30999755859375,118.38999938964844,85.78385925292969,5901900,0.0,0.0,0.0
2014-11-07,118.72000122070312,119.75,118.68000030517578,119.75,86.76930236816406,8550500,0.0,0.0,0.0
2014-11-10,119.58000183105469,119.58000183105469,118.55999755859375,118.6500015258789,85.97223663330078,4787300,0.0,0.0,0.0
2014-11-11,118.4800033569336,118.80999755859375,118.33999633789062,118.7300033569336,86.03022003173828,2416500,0.0,0.0,0.0
2014-11-12,119.19999694824219,119.52999877929688,118.44999694824219,118.62999725341797,85.95774841308594,4040800,0.0,0.0,0.0
2014-11-13,118.69999694824219,119.18000030517578,118.44000244140625,118.91000366210938,86.16065216064453,4475900,0.0,0.0,0.0
2014-11-14,118.83999633789062,119.58999633789062,118.68000030517578,119.48999786376953,86.5809097290039,5191200,0.0,0.0,0.0
2014-11-17,119.77999877929688,119.79000091552734,118.87999725341797,119.19000244140625,86.363525390625,4726200,0.0,0.0,0.0
2014-11-18,119.31999969482422,119.58000183105469,119.16000366210938,119.5199966430664,86.6026382446289,4471200,0.0,0.0,0.0
2014-11-19,118.87999725341797,119.58000183105469,118.76000213623047,118.76000213623047,86.05194091796875,5792500,0.0,0.0,0.0
2014-11-20,119.9000015258789,119.94999694824219,119.05999755859375,119.37999725341797,86.50120544433594,5683600,0.0,0.0,0.0
2014-11-21,119.56999969482422,120.16000366210938,119.5199966430664,120.0999984741211,87.02291107177734,3640100,0.0,0.0,0.0
2014-11-24,119.66999816894531,120.2699966430664,119.55000305175781,120.19999694824219,87.09537506103516,4033900,0.0,0.0,0.0
2014-11-25,120.37000274658203,121.2699966430664,120.30999755859375,121.19999694824219,87.81993865966797,6770000,0.0,0.0,0.0
2014-11-26,121.63999938964844,121.87000274658203,121.47000122070312,121.52999877929688,88.05909729003906,4339100,0.0,0.0,0.0
2014-11-28,122.12999725341797,122.66999816894531,122.12999725341797,122.48999786376953,88.75467681884766,4562200,0.0,0.0,0.0
2014-12-01,122.68000030517578,122.80999755859375,121.45999908447266,121.5,88.23686981201172,7728600,0.277,0.0,0.0
2014-12-02,120.83999633789062,120.8499984741211,120.29000091552734,120.31999969482422,87.37993621826172,5757200,0.0,0.0,0.0
2014-12-03,120.30000305175781,120.80000305175781,120.12999725341797,120.79000091552734,87.72124481201172,4868600,0.0,0.0,0.0
2014-12-04,120.75,121.80000305175781,120.62000274658203,121.80000305175781,88.45475006103516,4250500,0.0,0.0,0.0
2014-12-05,121.56999969482422,121.5999984741211,120.5199966430664,121.08999633789062,87.93913269042969,8030700,0.0,0.0,0.0
2014-12-08,121.41999816894531,122.83999633789062,121.13999938964844,122.56999969482422,89.01394653320312,6021800,0.0,0.0,0.0
2014-12-09,123.5999984741211,123.97000122070312,122.95999908447266,123.19999694824219,89.47146606445312,6639700,0.0,0.0,0.0
2014-12-10,123.18000030517578,124.4000015258789,123.08000183105469,124.0999984741211,90.12509155273438,6439200,0.0,0.0,0.0
2014-12-11,123.73999786376953,124.61000061035156,123.29000091552734,124.61000061035156,90.49542999267578,7863500,0.0,0.0,0.0
2014-12-12,125.44999694824219,126.3499984741211,125.0199966430664,126.30000305175781,91.72276306152344,9317400,0.0,0.0,0.0
2014-12-15,125.63999938964844,126.69999694824219,125.43000030517578,126.04000091552734,91.53398132324219,9387400,0.0,0.0,0.0
2014-12-16,127.36000061035156,127.72000122070312,126.36000061035156,127.5999984741211,92.66687774658203,7426400,0.0,0.0,0.0
2014-12-17,126.91000366210938,127.19000244140625,125.69999694824219,126.44999694824219,91.83169555664062,11558800,0.0,0.0,0.0
2014-12-18,124.93000030517578,125.0999984741211,124.19999694824219,124.19999694824219,90.19769287109375,12758200,0.0,0.0,0.0
2014-12-19,124.58000183105469,125.94999694824219,124.44000244140625,125.87000274658203,91.4104995727539,7894500,0.0,0.0,0.0
2014-12-22,125.44999694824219,126.19000244140625,125.31999969482422,126.04000091552734,91.53398132324219,4118800,0.0,0.0,0.0
2014-12-23,125.44999694824219,125.5999984741211,123.48999786376953,123.54000091552734,89.71835327148438,7406100,0.0,0.0,0.0
2014-12-24,123.05999755859375,124.05999755859375,122.93000030517578,123.94999694824219,90.20670318603516,4871400,0.261,0.0,0.0
2014-12-26,124.55000305175781,124.58999633789062,124.0199966430664,124.41000366210938,90.54147338867188,2921300,0.0,0.0,0.0
2014-12-29,124.91000366210938,125.66000366210938,124.80999755859375,125.33999633789062,91.21830749511719,4070700,0.0,0.0,0.0
2014-12-30,125.9800033569336,126.20999908447266,125.52999877929688,125.68000030517578,91.46575164794922,4372600,0.0,0.0,0.0
2014-12-31,125.69999694824219,126.16999816894531,125.6500015258789,125.91999816894531,91.64043426513672,4993300,0.0,0.0,0.0
2015-01-02,126.29000091552734,127.66000366210938,126.1500015258789,127.31999969482422,92.65924835205078,9432000,0.0,0.0,0.0
2015-01-05,128.00999450683594,129.6300048828125,127.95999908447266,129.32000732421875,94.11480712890625,9789500,0.0,0.0,0.0
2015-01-06,130.6999969482422,132.49000549316406,130.19000244140625,131.64999389648438,95.81050872802734,18331300,0.0,0.0,0.0
2015-01-07,130.6999969482422,131.97000122070312,130.1699981689453,131.38999938964844,95.62129974365234,9762900,0.0,0.0,0.0
2015-01-08,130.36000061035156,130.3699951171875,129.4199981689453,129.64999389648438,94.35494995117188,8055300,0.0,0.0,0.0
2015-01-09,129.1999969482422,131.11000061035156,129.0399932861328,131.07000732421875,95.38839721679688,9398800,0.0,0.0,0.0
2015-01-12,131.0,132.30999755859375,130.9199981689453,131.82000732421875,95.93425750732422,6658100,0.0,0.0,0.0
2015-01-13,131.38999938964844,132.61000061035156,131.13999938964844,131.82000732421875,95.93425750732422,8260800,0.0,0.0,0.0
2015-01-14,133.72000122070312,134.1199951171875,132.6999969482422,132.82000732421875,96.66202545166016,12324500,0.0,0.0,0.0
2015-01-15,132.85000610351562,135.02999877929688,132.67999267578125,134.91000366210938,98.18303680419922,11454200,0.0,0.0,0.0
2015-01-16,134.3300018310547,134.67999267578125,133.02999877929688,133.19000244140625,96.93128204345703,9390500,0.0,0.0,0.0
2015-01-20,134.1300048828125,135.11000061035156,134.07000732421875,134.9600067138672,98.21942138671875,7758700,0.0,0.0,0.0
2015-01-21,135.1999969482422,135.58999633789062,132.9600067138672,133.39999389648438,97.08409881591797,9803900,0.0,0.0,0.0
2015-01-22,134.0,134.17999267578125,132.27999877929688,132.9199981689453,96.7347640991211,10200000,0.0,0.0,0.0
2015-01-23,134.3000030517578,135.1199951171875,134.14999389648438,134.77000427246094,98.0811996459961,7334600,0.0,0.0,0.0
2015-01-26,134.83999633789062,135.19000244140625,134.0500030517578,134.36000061035156,97.78279113769531,5966500,0.0,0.0,0.0
2015-01-27,135.72999572753906,136.1300048828125,134.14999389648438,134.57000732421875,97.93553924560547,8079600,0.0,0.0,0.0
2015-01-28,134.75,137.41000366210938,134.6999969482422,136.77000427246094,99.53669738769531,12230300,0.0,0.0,0.0
2015-01-29,136.1199951171875,136.6699981689453,135.4600067138672,135.8699951171875,98.88169860839844,8881400,0.0,0.0,0.0
2015-01-30,137.7100067138672,138.5,137.17999267578125,138.27999877929688,100.6356430053711,14871200,0.0,0.0,0.0
2015-02-02,136.6999969482422,137.9199981689453,136.66000366210938,137.47999572753906,100.2557144165039,13689900,0.279,0.0,0.0
2015-02-03,135.64999389648438,135.7899932861328,134.3699951171875,134.57000732421875,98.1335678100586,14008700,0.0,0.0,0.0
2015-02-04,133.49000549316406,134.99000549316406,133.1199951171875,134.8000030517578,98.30131530761719,11360400,0.0,0.0,0.0
2015-02-05,134.0,134.22999572753906,133.11000061035156,133.32000732421875,97.22203826904297,8334600,0.0,0.0,0.0
2015-02-06,132.0500030517578,132.35000610351562,130.58999633789062,130.9600067138672,95.5010757446289,13685600,0.0,0.0,0.0
2015-02-09,131.97000122070312,131.97999572753906,130.75,130.75,95.34791564941406,8025500,0.0,0.0,0.0
2015-02-10,130.13999938964844,130.47000122070312,129.44000244140625,129.7100067138672,94.58950805664062,8290700,0.0,0.0,0.0
2015-02-11,129.6999969482422,130.27000427246094,128.9600067138672,129.9499969482422,94.7645263671875,6506400,0.0,0.0,0.0
2015-02-12,129.66000366210938,130.5399932861328,129.4499969482422,129.52000427246094,94.450927734375,12548300,0.0,0.0,0.0
2015-02-13,129.50999450683594,129.52999877929688,128.08999633789062,128.19000244140625,93.4811019897461,8325200,0.0,0.0,0.0
2015-02-17,127.80000305175781,127.93000030517578,125.91999816894531,126.26000213623047,92.07361602783203,14968800,0.0,0.0,0.0
2015-02-18,126.81999969482422,127.73999786376953,126.47000122070312,127.01000213623047,92.62053680419922,14009200,0.0,0.0,0.0
2015-02-19,126.77999877929688,127.44999694824219,126.16999816894531,126.16999816894531,92.00799560546875,8584800,0.0,0.0,0.0
2015-02-20,127.05000305175781,128.00999450683594,126.0,126.54000091552734,92.27778625488281,12502500,0.0,0.0,0.0
2015-02-23,127.19000244140625,128.1699981689453,127.16000366210938,127.98999786376953,93.335205078125,7500500,0.0,0.0,0.0
2015-02-24,127.6500015258789,129.7899932861328,127.18000030517578,129.6699981689453,94.56034088134766,11958300,0.0,0.0,0.0
2015-02-25,129.4600067138672,130.38999938964844,129.0800018310547,130.22999572753906,94.96869659423828,8019800,0.0,0.0,0.0
2015-02-26,129.6999969482422,130.3000030517578,128.39999389648438,128.4499969482422,93.6706314086914,11020500,0.0,0.0,0.0
2015-02-27,129.02000427246094,129.6199951171875,128.27000427246094,129.52999877929688,94.4582290649414,9225100,0.0,0.0,0.0
2015-03-02,129.0,129.07000732421875,126.7699966430664,126.87000274658203,92.69879913330078,11324000,0.252,0.0,0.0
2015-03-03,126.88999938964844,127.37000274658203,126.37999725341797,126.41000366210938,92.3626708984375,8599000,0.0,0.0,0.0
2015-03-04,126.94000244140625,127.04000091552734,126.16000366210938,126.44999694824219,92.39193725585938,6478900,0.0,0.0,0.0
2015-03-05,126.52999877929688,126.87999725341797,125.9000015258789,126.29000091552734,92.27498626708984,6045000,0.0,0.0,0.0
2015-03-06,124.66999816894531,124.83000183105469,122.97000122070312,123.5,90.2364730834961,20022900,0.0,0.0,0.0
2015-03-09,124.68000030517578,124.87000274658203,124.12999725341797,124.63999938964844,91.06941986083984,8889100,0.0,0.0,0.0
2015-03-10,125.97000122070312,126.44000244140625,125.76000213623047,126.27999877929688,92.26773834228516,9277900,0.0,0.0,0.0
2015-03-11,126.26000213623047,127.45999908447266,126.12000274658203,127.19999694824219,92.9399185180664,6663100,0.0,0.0,0.0
2015-03-12,128.1999969482422,128.1999969482422,126.72000122070312,127.11000061035156,92.87417602539062,10295900,0.0,0.0,0.0
2015-03-13,126.76000213623047,127.58999633789062,126.48999786376953,126.72000122070312,92.5892105102539,7247200,0.0,0.0,0.0
2015-03-16,127.94000244140625,128.14999389648438,127.2699966430664,127.94000244140625,93.4806137084961,6374600,0.0,0.0,0.0
2015-03-17,128.5500030517578,129.11000061035156,128.27999877929688,129.0,94.25509643554688,6314000,0.0,0.0,0.0
2015-03-18,129.91000366210938,131.52999877929688,128.61000061035156,131.49000549316406,96.07442474365234,13981900,0.0,0.0,0.0
2015-03-19,131.1999969482422,131.6199951171875,130.27000427246094,130.82000732421875,95.58488464355469,9543800,0.0,0.0,0.0
2015-03-20,131.22000122070312,131.6999969482422,131.13999938964844,131.50999450683594,96.0890884399414,5953800,0.0,0.0,0.0
2015-03-23,131.6999969482422,131.75,130.99000549316406,131.35000610351562,95.97213745117188,5555500,0.0,0.0,0.0
2015-03-24,131.8300018310547,132.63999938964844,131.47999572753906,132.6199951171875,96.90011596679688,6713000,0.0,0.0,0.0
2015-03-25,132.72000122070312,132.75999450683594,131.4600067138672,131.5,96.0817642211914,5635800,0.0,0.0,0.0
2015-03-26,131.0500030517578,131.13999938964844,129.17999267578125,129.4499969482422,94.58384704589844,9536300,0.0,0.0,0.0
2015-03-27,130.02999877929688,131.1300048828125,129.97999572753906,131.05999755859375,95.76025390625,7907900,0.0,0.0,0.0
2015-03-30,130.89999389648438,131.0,130.08999633789062,130.41000366210938,95.28535461425781,7010600,0.0,0.0,0.0
2015-03-31,130.24000549316406,130.9600067138672,129.91000366210938,130.69000244140625,95.48995971679688,6844300,0.0,0.0,0.0
2015-04-01,131.3300018310547,132.47999572753906,131.3000030517578,132.1300048828125,96.7441635131836,9273900,0.273,0.0,0.0
2015-04-02,131.92999267578125,131.97000122070312,130.61000061035156,130.72999572753906,95.71904754638672,6663400,0.0,0.0,0.0
2015-04-06,131.42999267578125,131.47999572753906,129.72000122070312,130.0,95.18463897705078,5923800,0.0,0.0,0.0
2015-04-07,130.22999572753906,131.22000122070312,129.85000610351562,131.08999633789062,95.98265838623047,4764900,0.0,0.0,0.0
2015-04-08,131.02000427246094,131.36000061035156,130.02000427246094,131.1300048828125,96.01195526123047,5378900,0.0,0.0,0.0
2015-04-09,130.8699951171875,130.9199981689453,129.1300048828125,129.42999267578125,94.7672119140625,6484200,0.0,0.0,0.0
2015-04-10,130.32000732421875,130.4499969482422,129.5500030517578,129.6199951171875,94.90637969970703,4843000,0.0,0.0,0.0
2015-04-13,129.52999877929688,129.97999572753906,129.38999938964844,129.8000030517578,95.03817749023438,4010600,0.0,0.0,0.0
2015-04-14,131.30999755859375,131.86000061035156,130.47999572753906,130.72000122070312,95.71178436279297,6075500,0.0,0.0,0.0
2015-04-15,131.0500030517578,131.27000427246094,130.32000732421875,130.61000061035156,95.63126373291016,4425200,0.0,0.0,0.0
2015-04-16,130.8300018310547,130.86000061035156,129.41000366210938,129.9600067138672,95.15533447265625,7085500,0.0,0.0,0.0
2015-04-17,129.77000427246094,131.6999969482422,129.6999969482422,131.4499969482422,96.24629211425781,7268800,0.0,0.0,0.0
2015-04-20,130.94000244140625,131.00999450683594,129.92999267578125,130.2899932861328,95.3969497680664,4949400,0.0,0.0,0.0
2015-04-21,130.22999572753906,130.4499969482422,129.55999755859375,129.6999969482422,94.96492767333984,4563800,0.0,0.0,0.0
2015-04-22,129.5,129.5500030517578,127.54000091552734,127.72000122070312,93.51520538330078,9707600,0.0,0.0,0.0
2015-04-23,127.80000305175781,128.85000610351562,127.61000061035156,128.27000427246094,93.91788482666016,6843400,0.0,0.0,0.0
2015-04-24,128.63999938964844,129.42999267578125,128.58999633789062,129.07000732421875,94.50365447998047,4773000,0.0,0.0,0.0
2015-04-27,129.07000732421875,129.5,128.3699951171875,129.07000732421875,94.50365447998047,4334900,0.0,0.0,0.0
2015-04-28,128.1699981689453,128.74000549316406,127.26000213623047,127.29000091552734,93.2003402709961,7464300,0.0,0.0,0.0
2015-04-29,125.80999755859375,126.44000244140625,125.27999877929688,125.7300033569336,92.05815124511719,11554800,0.0,0.0,0.0
2015-04-30,125.04000091552734,126.16999816894531,124.51000213623047,125.94999694824219,92.2192153930664,12876000,0.0,0.0,0.0
2015-05-01,124.7300033569336,125.04000091552734,123.69000244140625,124.0,90.97777557373047,12378500,0.258,0.0,0.0
2015-05-04,124.30000305175781,124.52999877929688,122.72000122070312,122.83000183105469,90.1194076538086,9144700,0.0,0.0,0.0
2015-05-05,122.86000061035156,123.02999877929688,121.69000244140625,122.66000366210938,89.99469757080078,13935500,0.0,0.0,0.0
2015-05-06,121.98999786376953,122.05999755859375,120.37000274658203,120.55999755859375,88.45391845703125,14355000,0.0,0.0,0.0
2015-05-07,121.43000030517578,122.56999969482422,121.3499984741211,122.18000030517578,89.64250183105469,11933700,0.0,0.0,0.0
2015-05-08,123.37999725341797,123.55000305175781,122.30999755859375,122.51000213623047,89.88461303710938,11716400,0.0,0.0,0.0
2015-05-11,121.62000274658203,121.6500015258789,119.5,119.52999877929688,87.69821166992188,13738600,0.0,0.0,0.0
2015-05-12,119.13999938964844,120.62999725341797,118.81999969482422,119.83999633789062,87.92562866210938,15861700,0.0,0.0,0.0
2015-05-13,120.6500015258789,120.72000122070312,118.63999938964844,118.87999725341797,87.22130584716797,15760000,0.0,0.0,0.0
2015-05-14,118.91999816894531,119.83000183105469,118.69000244140625,119.19999694824219,87.45609283447266,9128400,0.0,0.0,0.0
2015-05-15,120.37999725341797,121.91000366210938,120.29000091552734,121.58999633789062,89.2096176147461,12630600,0.0,0.0,0.0
2015-05-18,120.31999969482422,120.43000030517578,119.47000122070312,119.55000305175781,87.712890625,10208300,0.0,0.0,0.0
2015-05-19,118.2699966430664,119.83999633789062,118.12999725341797,118.48999786376953,86.93513488769531,8435300,0.0,0.0,0.0
2015-05-20,118.7699966430664,119.44999694824219,118.18000030517578,118.69000244140625,87.0819320678711,7789700,0.0,0.0,0.0
2015-05-21,119.58000183105469,120.61000061035156,119.44999694824219,120.3499984741211,88.29981231689453,11760700,0.0,0.0,0.0
2015-05-22,120.6500015258789,120.75,119.80000305175781,120.4000015258789,88.33655548095703,5417900,0.0,0.0,0.0
2015-05-26,120.83999633789062,122.55000305175781,120.73999786376953,122.45999908447266,89.84795379638672,10469700,0.0,0.0,0.0
2015-05-27,122.18000030517578,122.86000061035156,121.61000061035156,122.73999786376953,90.05339813232422,6490300,0.0,0.0,0.0
2015-05-28,122.5,123.02999877929688,122.22000122070312,122.44000244140625,89.83322143554688,6237600,0.0,0.0,0.0
2015-05-29,123.2300033569336,123.56999969482422,122.51000213623047,122.70999908447266,90.03136444091797,7912000,0.0,0.0,0.0
2015-06-01,122.11000061035156,122.37999725341797,120.69000244140625,121.12999725341797,89.06377410888672,13108100,0.264,0.0,0.0
2015-06-02,120.16999816894531,120.26000213623047,119.11000061035156,119.44000244140625,87.82111358642578,10076200,0.0,0.0,0.0
2015-06-03,118.38999938964844,118.5999984741211,117.19999694824219,117.5199966430664,86.409423828125,14810900,0.0,0.0,0.0
2015-06-04,118.26000213623047,119.29000091552734,118.13999938964844,119.05000305175781,87.53435516357422,10859300,0.0,0.0,0.0
2015-06-05,117.83999633789062,118.56999969482422,117.37999725341797,117.5999984741211,86.4682388305664,11200200,0.0,0.0,0.0
2015-06-08,117.95999908447266,118.16000366210938,117.37000274658203,117.47000122070312,86.37264251708984,5334000,0.0,0.0,0.0
2015-06-09,117.05999755859375,117.12999725341797,116.11000061035156,116.54000091552734,85.68885040283203,12393900,0.0,0.0,0.0
2015-06-10,115.91999816894531,116.12999725341797,115.26000213623047,115.5199966430664,84.9388198852539,12183600,0.0,0.0,0.0
2015-06-11,116.55999755859375,117.97000122070312,116.23999786376953,117.94999694824219,86.72557067871094,13849300,0.0,0.0,0.0
2015-06-12,117.58999633789062,119.06999969482422,117.55000305175781,117.94999694824219,86.72557067871094,7863100,0.0,0.0,0.0
2015-06-15,118.88999938964844,119.05999755859375,117.73999786376953,118.13999938964844,86.86528778076172,8194200,0.0,0.0,0.0
2015-06-16,118.61000061035156,119.08000183105469,117.94000244140625,119.06999969482422,87.54910278320312,7046400,0.0,0.0,0.0
2015-06-17,118.5,118.62999725341797,117.25,118.1500015258789,86.87261962890625,13626100,0.0,0.0,0.0
2015-06-18,117.37000274658203,117.73999786376953,116.75,117.56999969482422,86.44615936279297,10123300,0.0,0.0,0.0
2015-06-19,118.51000213623047,119.19000244140625,118.48999786376953,119.08000183105469,87.55643463134766,10439200,0.0,0.0,0.0
2015-06-22,117.83999633789062,118.13999938964844,116.58999633789062,116.6500015258789,85.76971435546875,9769000,0.0,0.0,0.0
2015-06-23,115.7300033569336,116.95999908447266,115.69000244140625,115.94999694824219,85.2550277709961,8945100,0.0,0.0,0.0
2015-06-24,116.51000213623047,117.16999816894531,116.16000366210938,116.94999694824219,85.99031066894531,8600400,0.0,0.0,0.0
2015-06-25,116.58999633789062,117.08000183105469,116.19000244140625,116.54000091552734,85.68885040283203,8287800,0.0,0.0,0.0
2015-06-26,115.66999816894531,115.87000274658203,114.87999725341797,115.2300033569336,84.72566223144531,11673000,0.0,0.0,0.0
2015-06-29,116.95999908447266,118.66999816894531,116.45999908447266,118.27999877929688,86.96819305419922,17132900,0.0,0.0,0.0
2015-06-30,117.4000015258789,118.69999694824219,117.33000183105469,117.45999908447266,86.36528778076172,13469000,0.0,0.0,0.0
2015-07-01,115.81999969482422,116.36000061035156,115.43000030517578,115.62000274658203,85.19951629638672,12451500,0.258,0.0,0.0
2015-07-02,116.31999969482422,116.66000366210938,115.87999725341797,116.0,85.47958374023438,6682100,0.0,0.0,0.0
2015-07-06,118.05000305175781,118.6500015258789,117.05999755859375,118.1500015258789,87.06385803222656,10605800,0.0,0.0,0.0
2015-07-07,119.66000366210938,120.48999786376953,118.94999694824219,119.26000213623047,87.8818130493164,16160100,0.0,0.0,0.0
2015-07-08,120.0199966430664,120.56999969482422,119.5,120.29000091552734,88.6408462524414,9951800,0.0,0.0,0.0
2015-07-09,118.69999694824219,119.12000274658203,117.8499984741211,117.91999816894531,86.89439392089844,11108900,0.0,0.0,0.0
2015-07-10,116.04000091552734,116.72000122070312,115.76000213623047,116.05000305175781,85.51638793945312,13636600,0.0,0.0,0.0
2015-07-13,115.38999938964844,116.45999908447266,115.38999938964844,115.69000244140625,85.25110626220703,8006700,0.0,0.0,0.0
2015-07-14,116.0199966430664,116.2699966430664,115.66000366210938,116.06999969482422,85.53111267089844,4227800,0.0,0.0,0.0
2015-07-15,116.11000061035156,117.55000305175781,116.04000091552734,117.30000305175781,86.43751525878906,8720400,0.0,0.0,0.0
2015-07-16,116.88999938964844,118.16000366210938,116.87000274658203,118.11000061035156,87.03437042236328,7306500,0.0,0.0,0.0
2015-07-17,118.37000274658203,118.88999938964844,118.36000061035156,118.72000122070312,87.4839096069336,7404900,0.0,0.0,0.0
2015-07-20,118.29000091552734,118.6500015258789,117.9000015258789,118.22000122070312,87.11543273925781,5941000,0.0,0.0,0.0
2015-07-21,117.68000030517578,118.93000030517578,117.66000366210938,118.86000061035156,87.58708190917969,5627500,0.0,0.0,0.0
2015-07-22,119.01000213623047,119.9000015258789,118.94999694824219,119.5999984741211,88.13236236572266,6228900,0.0,0.0,0.0
2015-07-23,119.5999984741211,121.19999694824219,119.44999694824219,121.08999633789062,89.23030853271484,9087700,0.0,0.0,0.0
2015-07-24,121.5,121.55000305175781,120.91999816894531,121.38999938964844,89.45140838623047,7307900,0.0,0.0,0.0
2015-07-27,122.19000244140625,122.29000091552734,121.4800033569336,122.04000091552734,89.93037414550781,8172000,0.0,0.0,0.0
2015-07-28,121.16000366210938,121.56999969482422,120.9000015258789,121.1500015258789,89.27452850341797,9128200,0.0,0.0,0.0
2015-07-29,121.0199966430664,121.16999816894531,120.41999816894531,120.69999694824219,88.94293975830078,6706400,0.0,0.0,0.0
2015-07-30,121.20999908447266,121.94000244140625,121.1500015258789,121.62999725341797,89.62824249267578,6146600,0.0,0.0,0.0
2015-07-31,122.44000244140625,122.9000015258789,122.05999755859375,122.52999877929688,90.29146575927734,9178400,0.0,0.0,0.0
2015-08-03,122.31999969482422,123.75,122.31999969482422,123.55000305175781,91.24188995361328,11753700,0.267,0.0,0.0
2015-08-04,123.16000366210938,123.31999969482422,122.45999908447266,122.56999969482422,90.51818084716797,6448800,0.0,0.0,0.0
2015-08-05,121.7699966430664,121.91000366210938,121.19000244140625,121.6500015258789,89.83872985839844,7574400,0.0,0.0,0.0
2015-08-06,122.0,122.87000274658203,122.0,122.7300033569336,90.63631439208984,6118100,0.0,0.0,0.0
2015-08-07,123.30000305175781,124.5,123.23999786376953,124.33999633789062,91.82527923583984,8317000,0.0,0.0,0.0
2015-08-10,123.41000366210938,123.56999969482422,122.5199966430664,122.80000305175781,90.68799591064453,7461700,0.0,0.0,0.0
2015-08-11,124.30000305175781,125.12999725341797,124.16000366210938,124.75,92.12808990478516,11145700,0.0,0.0,0.0
2015-08-12,124.93000030517578,125.70999908447266,124.0,124.06999969482422,91.62596130371094,8455200,0.0,0.0,0.0
2015-08-13,123.83000183105469,124.41999816894531,123.22000122070312,123.66999816894531,91.33055877685547,7691400,0.0,0.0,0.0
2015-08-14,123.47000122070312,124.37000274658203,123.19999694824219,123.95999908447266,91.54471588134766,4324700,0.0,0.0,0.0
2015-08-17,124.70999908447266,125.0999984741211,124.38999938964844,124.5199966430664,91.958251953125,7880300,0.0,0.0,0.0
2015-08-18,123.80000305175781,124.29000091552734,123.37999725341797,123.54000091552734,91.23453521728516,5024300,0.0,0.0,0.0
2015-08-19,123.05999755859375,124.93000030517578,122.98999786376953,124.76000213623047,92.135498046875,10736000,0.0,0.0,0.0
2015-08-20,125.37000274658203,126.0999984741211,125.18000030517578,126.0199966430664,93.06597900390625,9078300,0.0,0.0,0.0
2015-08-21,126.16000366210938,126.73999786376953,125.58999633789062,126.4000015258789,93.34661102294922,10718300,0.0,0.0,0.0
2015-08-24,128.30999755859375,128.9199981689453,125.81999969482422,126.36000061035156,93.31709289550781,16663400,0.0,0.0,0.0
2015-08-25,124.55000305175781,124.79000091552734,123.55999755859375,124.33000183105469,91.81796264648438,15354800,0.0,0.0,0.0
2015-08-26,123.0,123.51000213623047,121.36000061035156,121.93000030517578,90.04551696777344,16429900,0.0,0.0,0.0
2015-08-27,121.81999969482422,122.87000274658203,121.6500015258789,122.0,90.09719848632812,9127000,0.0,0.0,0.0
2015-08-28,123.1500015258789,123.47000122070312,122.2300033569336,122.36000061035156,90.36312866210938,9946200,0.0,0.0,0.0
2015-08-31,123.36000061035156,123.47000122070312,121.33999633789062,121.41999816894531,89.66886901855469,8617600,0.0,0.0,0.0
2015-09-01,121.63999938964844,122.08999633789062,120.9800033569336,122.02999877929688,90.31500244140625,15298200,0.263,0.0,0.0
2015-09-02,121.41999816894531,121.9800033569336,120.86000061035156,120.9800033569336,89.53789520263672,9515200,0.0,0.0,0.0
2015-09-03,121.37999725341797,121.66999816894531,120.70999908447266,121.56999969482422,89.97454833984375,7042500,0.0,0.0,0.0
2015-09-04,122.44999694824219,122.93000030517578,121.81999969482422,122.68000030517578,90.79609680175781,7951300,0.0,0.0,0.0
2015-09-08,121.37999725341797,121.55999755859375,120.76000213623047,120.87000274658203,89.45650482177734,7049500,0.0,0.0,0.0
2015-09-09,119.62999725341797,121.70999908447266,119.55999755859375,121.44999694824219,89.88571166992188,7441900,0.0,0.0,0.0
2015-09-10,121.0199966430664,121.19000244140625,120.44999694824219,120.62999725341797,89.27884674072266,6789700,0.0,0.0,0.0
2015-09-11,121.47000122070312,122.08000183105469,121.33000183105469,121.38999938964844,89.84135437011719,5890900,0.0,0.0,0.0
2015-09-14,121.94999694824219,122.1500015258789,121.27999877929688,121.58000183105469,89.98194885253906,4221700,0.0,0.0,0.0
2015-09-15,120.88999938964844,121.05000305175781,119.12000274658203,119.25,88.25749206542969,11895000,0.0,0.0,0.0
2015-09-16,118.95999908447266,119.44000244140625,118.55000305175781,118.80000305175781,87.9244613647461,6949800,0.0,0.0,0.0
2015-09-17,118.87999725341797,120.37000274658203,118.7300033569336,120.25,88.99763488769531,19843600,0.0,0.0,0.0
2015-09-18,121.20999908447266,122.19999694824219,121.12999725341797,122.0999984741211,90.36682891845703,14963300,0.0,0.0,0.0
2015-09-21,121.01000213623047,121.11000061035156,119.77999877929688,120.11000061035156,88.89400482177734,10085600,0.0,0.0,0.0
2015-09-22,121.44000244140625,122.38999938964844,121.13999938964844,121.77999877929688,90.12996673583984,9968200,0.0,0.0,0.0
2015-09-23,121.62000274658203,122.06999969482422,120.98999786376953,121.7699966430664,90.12261962890625,6769900,0.0,0.0,0.0
2015-09-24,123.16999816894531,123.68000030517578,122.48999786376953,122.5999984741211,90.73686981201172,9605800,0.0,0.0,0.0
2015-09-25,121.6500015258789,121.93000030517578,121.2699966430664,121.54000091552734,89.95233917236328,8383700,0.0,0.0,0.0
2015-09-28,122.19999694824219,123.7699966430664,122.19999694824219,123.62000274658203,91.49172973632812,9833400,0.0,0.0,0.0
2015-09-29,123.54000091552734,124.29000091552734,123.25,123.97000122070312,91.75081634521484,9006100,0.0,0.0,0.0
2015-09-30,123.41000366210938,123.80000305175781,123.12000274658203,123.54000091552734,91.43255615234375,9832600,0.0,0.0,0.0
2015-10-01,124.08000183105469,124.5199966430664,123.66000366210938,123.80999755859375,91.82266235351562,9069400,0.256,0.0,0.0
2015-10-02,125.58999633789062,126.20999908447266,124.18000030517578,124.55999755859375,92.37891387939453,13000400,0.0,0.0,0.0
2015-10-05,123.72000122070312,123.83000183105469,122.77999877929688,122.87000274658203,91.12555694580078,11362700,0.0,0.0,0.0
2015-10-06,122.55000305175781,123.5999984741211,122.41000366210938,123.4000015258789,91.51862335205078,5687800,0.0,0.0,0.0
2015-10-07,122.80999755859375,123.33000183105469,122.51000213623047,122.98999786376953,91.21455383300781,6712800,0.0,0.0,0.0
2015-10-08,123.29000091552734,123.37000274658203,121.66000366210938,121.95999908447266,90.45063018798828,12882300,0.0,0.0,0.0
2015-10-09,121.97000122070312,122.63999938964844,121.9000015258789,122.27999877929688,90.68791961669922,9038100,0.0,0.0,0.0
2015-10-12,123.02999877929688,123.43000030517578,122.91000366210938,123.20999908447266,91.37767028808594,4241000,0.0,0.0,0.0
2015-10-13,123.52999877929688,123.5999984741211,122.80000305175781,123.41999816894531,91.53343200683594,6147200,0.0,0.0,0.0
2015-10-14,123.69999694824219,124.55000305175781,123.30000305175781,124.5,92.33440399169922,9738100,0.0,0.0,0.0
2015-10-15,124.30999755859375,124.45999908447266,123.77999877929688,123.88999938964844,91.88201141357422,6924300,0.0,0.0,0.0
2015-10-16,124.25,124.47000122070312,123.87000274658203,123.93000030517578,91.91165924072266,8048300,0.0,0.0,0.0
2015-10-19,123.79000091552734,123.97000122070312,122.91000366210938,123.58999633789062,91.65951538085938,6238400,0.0,0.0,0.0
2015-10-20,122.80000305175781,122.97000122070312,122.55000305175781,122.83000183105469,91.09590148925781,6431300,0.0,0.0,0.0
2015-10-21,123.61000061035156,124.22000122070312,123.47000122070312,124.05000305175781,92.00067138671875,6603800,0.0,0.0,0.0
2015-10-22,124.0999984741211,124.77999877929688,123.51000213623047,124.26000213623047,92.1563949584961,6934100,0.0,0.0,0.0
2015-10-23,123.0999984741211,123.45999908447266,122.8499984741211,123.19999694824219,91.37026977539062,7058200,0.0,0.0,0.0
2015-10-26,123.87000274658203,124.19999694824219,123.80999755859375,124.0199966430664,91.97840118408203,5859800,0.0,0.0,0.0
2015-10-27,124.51000213623047,124.9000015258789,124.16000366210938,124.33000183105469,92.2083511352539,7156800,0.0,0.0,0.0
2015-10-28,124.2699966430664,124.33999633789062,123.30000305175781,123.83000183105469,91.83750915527344,8468700,0.0,0.0,0.0
2015-10-29,123.18000030517578,123.22000122070312,121.69999694824219,121.86000061035156,90.37650299072266,12108000,0.0,0.0,0.0
2015-10-30,122.23999786376953,122.80999755859375,122.0199966430664,122.77999877929688,91.05879974365234,11861400,0.0,0.0,0.0
2015-11-02,121.77999877929688,122.18000030517578,121.68000030517578,121.94999694824219,90.64031982421875,8751000,0.267,0.0,0.0
2015-11-03,121.6500015258789,121.73999786376953,120.79000091552734,120.94999694824219,89.89705657958984,8921600,0.0,0.0,0.0
2015-11-04,121.0999984741211,121.54000091552734,120.69999694824219,121.08999633789062,90.00118255615234,5980800,0.0,0.0,0.0
2015-11-05,121.05000305175781,121.05999755859375,120.30000305175781,120.7699966430664,89.76329803466797,7268400,0.0,0.0,0.0
2015-11-06,119.48999786376953,119.52999877929688,118.73999786376953,119.0,88.44770812988281,10604700,0.0,0.0,0.0
2015-11-09,118.0999984741211,118.9000015258789,118.0,118.33000183105469,87.94974517822266,9159500,0.0,0.0,0.0
2015-11-10,118.5,119.20999908447266,118.37999725341797,118.68000030517578,88.20987701416016,6712500,0.0,0.0,0.0
2015-11-11,118.3499984741211,118.58000183105469,118.2699966430664,118.43000030517578,88.02405548095703,2857900,0.0,0.0,0.0
2015-11-12,118.75,119.44000244140625,118.69999694824219,119.0,88.44770812988281,6805700,0.0,0.0,0.0
2015-11-13,119.31999969482422,119.9000015258789,119.22000122070312,119.68000030517578,88.95310974121094,7906600,0.0,0.0,0.0
2015-11-16,119.79000091552734,120.0,119.12999725341797,119.56999969482422,88.87139129638672,5485300,0.0,0.0,0.0
2015-11-17,119.0,120.12999725341797,118.66000366210938,119.7699966430664,89.02001953125,5122900,0.0,0.0,0.0
2015-11-18,119.58000183105469,120.19000244140625,119.36000061035156,120.0199966430664,89.20586395263672,5233900,0.0,0.0,0.0
2015-11-19,120.87999725341797,121.1500015258789,120.68000030517578,120.81999969482422,89.80044555664062,6643000,0.0,0.0,0.0
2015-11-20,120.93000030517578,121.04000091552734,120.27999877929688,120.44999694824219,89.52543640136719,5971000,0.0,0.0,0.0
2015-11-23,120.52999877929688,121.12000274658203,120.31999969482422,120.81999969482422,89.80044555664062,5436300,0.0,0.0,0.0
2015-11-24,120.9000015258789,121.19999694824219,120.58000183105469,120.80999755859375,89.79301452636719,3371500,0.0,0.0,0.0
2015-11-25,121.16999816894531,121.41999816894531,120.94999694824219,121.08999633789062,90.00118255615234,3280900,0.0,0.0,0.0
2015-11-27,121.25,121.31999969482422,120.95999908447266,120.97000122070312,89.91191864013672,2570600,0.0,0.0,0.0
2015-11-30,121.0999984741211,121.52999877929688,121.05999755859375,121.44999694824219,90.26866912841797,5179800,0.0,0.0,0.0
2015-12-01,121.26000213623047,122.8499984741211,121.26000213623047,122.83000183105469,91.48798370361328,12766600,0.257,0.0,0.0
2015-12-02,122.66000366210938,123.04000091552734,122.19000244140625,122.87000274658203,91.51779174804688,7345800,0.0,0.0,0.0
2015-12-03,121.36000061035156,121.4000015258789,118.98999786376953,119.52999877929688,89.03007507324219,16612200,0.0,0.0,0.0
2015-12-04,119.52999877929688,120.93000030517578,119.47000122070312,120.58000183105469,89.81214904785156,11843800,0.0,0.0,0.0
2015-12-07,120.80999755859375,122.45999908447266,120.80000305175781,121.75,90.68356323242188,9016700,0.0,0.0,0.0
2015-12-08,122.27999877929688,122.43000030517578,121.44999694824219,121.80999755859375,90.72824096679688,7257500,0.0,0.0,0.0
2015-12-09,121.3499984741211,122.1500015258789,120.51000213623047,121.68000030517578,90.6314697265625,8993900,0.0,0.0,0.0
2015-12-10,121.79000091552734,122.02999877929688,121.48999786376953,121.83999633789062,90.75062561035156,5606900,0.0,0.0,0.0
2015-12-11,123.02999877929688,124.0999984741211,122.87000274658203,123.76000213623047,92.18067932128906,12300000,0.0,0.0,0.0
2015-12-14,123.08000183105469,123.1500015258789,121.75,122.16000366210938,90.98896026611328,10661100,0.0,0.0,0.0
2015-12-15,121.0199966430664,121.5999984741211,120.83000183105469,121.44000244140625,90.45265197753906,8795500,0.0,0.0,0.0
2015-12-16,121.06999969482422,122.16999816894531,120.5,121.18000030517578,90.25900268554688,10988600,0.0,0.0,0.0
2015-12-17,121.77999877929688,122.77999877929688,121.63999938964844,122.55000305175781,91.27942657470703,9923000,0.0,0.0,0.0
2015-12-18,123.08000183105469,123.5199966430664,122.81999969482422,123.2300033569336,91.78591918945312,10171700,0.0,0.0,0.0
2015-12-21,123.43000030517578,123.77999877929688,122.91999816894531,123.19999694824219,91.76358032226562,7494900,0.0,0.0,0.0
2015-12-22,122.6500015258789,122.80000305175781,121.98999786376953,122.30999755859375,91.10066986083984,5445800,0.0,0.0,0.0
2015-12-23,121.2300033569336,121.61000061035156,120.87000274658203,121.38999938964844,90.41544342041016,7287100,0.0,0.0,0.0
2015-12-24,121.47000122070312,121.87000274658203,121.4000015258789,121.83000183105469,90.9333724975586,3364600,0.254,0.0,0.0
2015-12-28,121.98999786376953,122.66999816894531,121.8499984741211,122.19000244140625,91.20216369628906,7586600,0.0,0.0,0.0
2015-12-29,121.69000244140625,121.73999786376953,120.01000213623047,120.16000366210938,89.68694305419922,7787500,0.0,0.0,0.0
2015-12-30,119.91999816894531,120.54000091552734,119.66999816894531,120.04000091552734,89.597412109375,5508900,0.0,0.0,0.0
2015-12-31,120.56999969482422,120.86000061035156,120.25,120.58000183105469,90.0004653930664,7897700,0.0,0.0,0.0
2016-01-04,121.93000030517578,122.44999694824219,121.31999969482422,121.44999694824219,90.64974212646484,10591900,0.0,0.0,0.0
2016-01-05,120.87999725341797,121.5,120.66000366210938,120.95999908447266,90.28407287597656,6242600,0.0,0.0,0.0
2016-01-06,122.30000305175781,122.62000274658203,122.05000305175781,122.58999633789062,91.50070190429688,8916900,0.0,0.0,0.0
2016-01-07,122.68000030517578,122.93000030517578,121.79000091552734,122.80999755859375,91.66490173339844,10202200,0.0,0.0,0.0
2016-01-08,122.43000030517578,123.47000122070312,122.2300033569336,123.36000061035156,92.075439453125,9577200,0.0,0.0,0.0
2016-01-11,122.04000091552734,122.79000091552734,121.86000061035156,122.01000213623047,91.06777954101562,10040300,0.0,0.0,0.0
2016-01-12,122.33999633789062,124.31999969482422,122.1500015258789,123.7699966430664,92.3814468383789,12897700,0.0,0.0,0.0
2016-01-13,123.52999877929688,125.5,123.2699966430664,124.98999786376953,93.2920150756836,15577600,0.0,0.0,0.0
2016-01-14,124.47000122070312,124.97000122070312,123.33999633789062,123.81999969482422,92.418701171875,12873800,0.0,0.0,0.0
2016-01-15,125.4000015258789,125.95999908447266,125.08000183105469,125.75,93.85929107666016,13976300,0.0,0.0,0.0
2016-01-19,125.12999725341797,126.06999969482422,124.94999694824219,125.36000061035156,93.5682144165039,8926600,0.0,0.0,0.0
2016-01-20,126.9800033569336,127.91999816894531,126.41999816894531,126.68000030517578,94.5534439086914,17283300,0.0,0.0,0.0
2016-01-21,126.94000244140625,127.29000091552734,125.66999816894531,125.81999969482422,93.91154479980469,11001600,0.0,0.0,0.0
2016-01-22,124.91000366210938,125.52999877929688,124.5199966430664,125.33999633789062,93.55326080322266,10164300,0.0,0.0,0.0
2016-01-25,125.94999694824219,126.2699966430664,125.6500015258789,126.0199966430664,94.060791015625,5738200,0.0,0.0,0.0
2016-01-26,125.98999786376953,126.45999908447266,125.75,126.08000183105469,94.10560607910156,5692600,0.0,0.0,0.0
2016-01-27,125.75,126.29000091552734,125.19000244140625,126.05000305175781,94.08321380615234,7957800,0.0,0.0,0.0
2016-01-28,125.54000091552734,126.41000366210938,125.45999908447266,126.2300033569336,94.21758270263672,10575400,0.0,0.0,0.0
2016-01-29,127.41000366210938,127.86000061035156,126.91999816894531,127.30000305175781,95.01618957519531,13170700,0.0,0.0,0.0
2016-02-01,126.79000091552734,127.06999969482422,126.29000091552734,126.66999816894531,94.7253189086914,9948400,0.241,0.0,0.0
2016-02-02,128.10000610351562,129.0399932861328,128.0,129.02000427246094,96.48269653320312,10400000,0.0,0.0,0.0
2016-02-03,128.27999877929688,129.94000244140625,127.91999816894531,127.94999694824219,95.6824722290039,13309000,0.0,0.0,0.0
2016-02-04,128.22000122070312,128.58999633789062,127.51000213623047,128.57000732421875,96.14617919921875,9953500,0.0,0.0,0.0
2016-02-05,127.88999938964844,129.0,127.58999633789062,128.72000122070312,96.25833892822266,9200800,0.0,0.0,0.0
2016-02-08,129.72000122070312,131.6300048828125,129.67999267578125,131.49000549316406,98.32975769042969,14452200,0.0,0.0,0.0
2016-02-09,132.0399932861328,132.05999755859375,130.9600067138672,131.6300048828125,98.43444061279297,15232100,0.0,0.0,0.0
2016-02-10,131.6999969482422,132.83999633789062,131.11000061035156,132.7899932861328,99.30192565917969,12797100,0.0,0.0,0.0
2016-02-11,134.44000244140625,135.25,133.00999450683594,133.72000122070312,99.99737548828125,21620200,0.0,0.0,0.0
2016-02-12,132.63999938964844,133.1300048828125,130.92999267578125,131.5,98.3372802734375,13888400,0.0,0.0,0.0
2016-02-16,130.72000122070312,130.75,129.80999755859375,130.11000061035156,97.29778289794922,11766000,0.0,0.0,0.0
2016-02-17,129.63999938964844,129.8300018310547,128.7100067138672,129.30999755859375,96.69949340820312,13157300,0.0,0.0,0.0
2016-02-18,129.41000366210938,131.0,129.36000061035156,130.89999389648438,97.88850402832031,10196700,0.0,0.0,0.0
2016-02-19,130.94000244140625,131.82000732421875,130.72999572753906,131.00999450683594,97.97077178955078,8188700,0.0,0.0,0.0
2016-02-22,131.10000610351562,131.11000061035156,130.6999969482422,130.94000244140625,97.91844177246094,5054300,0.0,0.0,0.0
2016-02-23,129.8800048828125,131.74000549316406,129.77999877929688,131.47000122070312,98.31477355957031,8320700,0.0,0.0,0.0
2016-02-24,132.39999389648438,133.38999938964844,130.9499969482422,131.2100067138672,98.12039947509766,9091200,0.0,0.0,0.0
2016-02-25,131.47999572753906,132.55999755859375,131.32000732421875,131.67999267578125,98.47184753417969,6097200,0.0,0.0,0.0
2016-02-26,130.30999755859375,130.80999755859375,130.0399932861328,130.41000366210938,97.52213287353516,9245000,0.0,0.0,0.0
2016-02-29,130.47000122070312,131.1699981689453,130.4199981689453,130.97999572753906,97.94837951660156,8016100,0.0,0.0,0.0
2016-03-01,130.82000732421875,130.85000610351562,128.32000732421875,128.42999267578125,96.22364807128906,13729100,0.248,0.0,0.0
2016-03-02,128.32000732421875,128.97000122070312,128.2100067138672,128.9600067138672,96.62075805664062,7047700,0.0,0.0,0.0
2016-03-03,129.07000732421875,129.94000244140625,128.77000427246094,129.42999267578125,96.97283172607422,6394800,0.0,0.0,0.0
2016-03-04,128.75,129.1300048828125,127.76000213623047,128.60000610351562,96.35102081298828,8687000,0.0,0.0,0.0
2016-03-07,128.4499969482422,128.6699981689453,128.0500030517578,128.55999755859375,96.32101440429688,5493300,0.0,0.0,0.0
2016-03-08,130.35000610351562,130.99000549316406,129.9499969482422,129.97999572753906,97.38499450683594,7175400,0.0,0.0,0.0
2016-03-09,129.0800018310547,129.69000244140625,128.80999755859375,129.19000244140625,96.79303741455078,7194700,0.0,0.0,0.0
2016-03-10,129.5,129.83999633789062,127.91999816894531,128.66000366210938,96.39592742919922,10091600,0.0,0.0,0.0
2016-03-11,128.82000732421875,128.8800048828125,127.20999908447266,127.36000061035156,95.42200469970703,8927000,0.0,0.0,0.0
2016-03-14,127.81999969482422,128.38999938964844,127.66000366210938,127.76000213623047,95.7216796875,5177000,0.0,0.0,0.0
2016-03-15,128.5,128.66000366210938,127.61000061035156,127.87999725341797,95.8115463256836,6413200,0.0,0.0,0.0
2016-03-16,127.75,128.52000427246094,127.37000274658203,128.25999450683594,96.09628295898438,9728900,0.0,0.0,0.0
2016-03-17,128.50999450683594,129.33999633789062,128.49000549316406,128.7899932861328,96.49339294433594,7805500,0.0,0.0,0.0
2016-03-18,129.0399932861328,129.50999450683594,128.6999969482422,129.05999755859375,96.69570922851562,8198600,0.0,0.0,0.0
2016-03-21,128.25,128.6199951171875,127.75,128.07000732421875,95.95391845703125,5514800,0.0,0.0,0.0
2016-03-22,128.8300018310547,129.02000427246094,127.91999816894531,128.0399932861328,95.93143463134766,4997900,0.0,0.0,0.0
2016-03-23,128.41000366210938,129.82000732421875,128.2899932861328,129.49000549316406,97.01785278320312,10628200,0.0,0.0,0.0
2016-03-24,130.5800018310547,130.63999938964844,129.0,129.5399932861328,97.05531311035156,6343300,0.0,0.0,0.0
2016-03-28,129.3800048828125,130.16000366210938,129.27999877929688,129.7100067138672,97.18264770507812,5058700,0.0,0.0,0.0
2016-03-29,130.3800048828125,131.08999633789062,130.02000427246094,131.07000732421875,98.20169830322266,9396700,0.0,0.0,0.0
2016-03-30,130.02999877929688,130.07000732421875,128.97999572753906,129.69000244140625,97.16766357421875,8478700,0.0,0.0,0.0
2016-03-31,129.97999572753906,130.80999755859375,129.7899932861328,130.61000061035156,97.8569107055664,7832300,0.0,0.0,0.0
2016-04-01,130.97999572753906,131.1300048828125,129.89999389648438,130.67999267578125,98.11217498779297,9341400,0.27,0.0,0.0
2016-04-04,130.7899932861328,130.97000122070312,130.27000427246094,130.75999450683594,98.17231750488281,5145100,0.0,0.0,0.0
2016-04-05,132.00999450683594,132.36000061035156,131.77999877929688,132.19000244140625,99.24592590332031,6482800,0.0,0.0,0.0
2016-04-06,131.52999877929688,131.6699981689453,130.74000549316406,131.22999572753906,98.52516174316406,6393700,0.0,0.0,0.0
2016-04-07,132.19000244140625,132.99000549316406,132.00999450683594,132.85000610351562,99.74150085449219,5963300,0.0,0.0,0.0
2016-04-08,132.1699981689453,132.39999389648438,131.63999938964844,132.00999450683594,99.11075592041016,5584800,0.0,0.0,0.0
2016-04-11,131.32000732421875,132.17999267578125,131.11000061035156,131.83999633789062,98.98313903808594,4805500,0.0,0.0,0.0
2016-04-12,131.0800018310547,131.5500030517578,130.52999877929688,130.92999267578125,98.29997253417969,4276000,0.0,0.0,0.0
2016-04-13,130.69000244140625,131.5800018310547,130.52000427246094,131.38999938964844,98.64530181884766,5207900,0.0,0.0,0.0
2016-04-14,130.91000366210938,131.30999755859375,130.49000549316406,130.75999450683594,98.17231750488281,6967000,0.0,0.0,0.0
2016-04-15,131.2899932861328,132.16000366210938,131.25,131.8800048828125,99.01317596435547,5831100,0.0,0.0,0.0
2016-04-18,131.3300018310547,131.44000244140625,130.66000366210938,131.30999755859375,98.58525848388672,4486600,0.0,0.0,0.0
2016-04-19,131.0800018310547,131.30999755859375,130.2899932861328,130.89999389648438,98.27735900878906,5212200,0.0,0.0,0.0
2016-04-20,131.16000366210938,131.64999389648438,129.27000427246094,129.4600067138672,97.19632720947266,10920700,0.0,0.0,0.0
2016-04-21,128.44000244140625,129.07000732421875,128.2899932861328,128.69000244140625,96.61820220947266,11154200,0.0,0.0,0.0
2016-04-22,128.85000610351562,128.91000366210938,128.24000549316406,128.36000061035156,96.37040710449219,5826400,0.0,0.0,0.0
2016-04-25,128.05999755859375,128.52000427246094,127.83000183105469,127.83000183105469,95.9725341796875,5539500,0.0,0.0,0.0
2016-04-26,127.76000213623047,127.76000213623047,127.12000274658203,127.25,95.5370864868164,7840000,0.0,0.0,0.0
2016-04-27,127.91999816894531,128.82000732421875,127.62000274658203,128.52000427246094,96.49051666259766,8380100,0.0,0.0,0.0
2016-04-28,128.2100067138672,129.13999938964844,128.0399932861328,129.0500030517578,96.88841247558594,7974600,0.0,0.0,0.0
2016-04-29,128.4499969482422,129.7100067138672,128.1999969482422,129.3800048828125,97.13623809814453,7416300,0.0,0.0,0.0
2016-05-02,128.66000366210938,128.89999389648438,127.80000305175781,127.81999969482422,96.15827941894531,11035200,0.26,0.0,0.0
2016-05-03,129.5500030517578,130.02000427246094,129.35000610351562,129.42999267578125,97.369384765625,10736700,0.0,0.0,0.0
2016-05-04,129.67999267578125,130.1699981689453,129.19000244140625,130.13999938964844,97.9035415649414,7211200,0.0,0.0,0.0
2016-05-05,130.05999755859375,131.07000732421875,129.6999969482422,131.00999450683594,98.55801391601562,7870400,0.0,0.0,0.0
2016-05-06,130.85000610351562,130.86000061035156,130.2899932861328,130.4499969482422,98.13678741455078,7232500,0.0,0.0,0.0
2016-05-09,130.4600067138672,130.88999938964844,130.32000732421875,130.86000061035156,98.44525909423828,4950800,0.0,0.0,0.0
2016-05-10,130.85000610351562,131.1199951171875,130.64999389648438,130.8699951171875,98.45274353027344,4331900,0.0,0.0,0.0
2016-05-11,130.8300018310547,132.0,130.66000366210938,131.61000061035156,99.00940704345703,9256000,0.0,0.0,0.0
2016-05-12,130.66000366210938,131.1699981689453,130.58999633789062,131.00999450683594,98.55801391601562,6087400,0.0,0.0,0.0
2016-05-13,131.47999572753906,132.32000732421875,131.22999572753906,132.27999877929688,99.51348876953125,8707300,0.0,0.0,0.0
2016-05-16,131.63999938964844,131.66000366210938,130.97999572753906,131.13999938964844,98.65584564208984,5137000,0.0,0.0,0.0
2016-05-17,131.2100067138672,131.8300018310547,131.2100067138672,131.36000061035156,98.82132720947266,4449100,0.0,0.0,0.0
2016-05-18,130.80999755859375,130.85000610351562,128.91000366210938,129.49000549316406,97.41454315185547,12681000,0.0,0.0,0.0
2016-05-19,129.67999267578125,130.3300018310547,129.64999389648438,130.0500030517578,97.83583068847656,6209400,0.0,0.0,0.0
2016-05-20,129.64999389648438,130.39999389648438,129.5500030517578,130.14999389648438,97.91107177734375,5348900,0.0,0.0,0.0
2016-05-23,130.36000061035156,130.72999572753906,129.9199981689453,130.44000244140625,98.12924194335938,6979700,0.0,0.0,0.0
2016-05-24,129.97000122070312,130.19000244140625,129.24000549316406,129.86000061035156,97.69288635253906,5968200,0.0,0.0,0.0
2016-05-25,129.8300018310547,130.25,129.30999755859375,129.3699951171875,97.32427215576172,6367400,0.0,0.0,0.0
2016-05-26,129.80999755859375,130.4499969482422,129.8000030517578,130.0399932861328,97.82830810546875,5419300,0.0,0.0,0.0
2016-05-27,130.07000732421875,130.25999450683594,129.6999969482422,129.85000610351562,97.68541717529297,5267600,0.0,0.0,0.0
2016-05-31,129.02000427246094,130.44000244140625,128.97999572753906,130.16000366210938,97.91860961914062,8344300,0.0,0.0,0.0
2016-06-01,130.6300048828125,131.27000427246094,130.11000061035156,130.4199981689453,98.31586456298828,9874900,0.267,0.0,0.0
2016-06-02,130.89999389648438,131.69000244140625,130.8699951171875,131.36000061035156,99.02442932128906,5835400,0.0,0.0,0.0
2016-06-03,132.86000061035156,133.22999572753906,132.60000610351562,133.22999572753906,100.43417358398438,11077200,0.0,0.0,0.0
2016-06-06,132.77999877929688,132.88999938964844,132.10000610351562,132.24000549316406,99.68785095214844,7573700,0.0,0.0,0.0
2016-06-07,132.63999938964844,132.97999572753906,132.5399932861328,132.55999755859375,99.92906188964844,4680200,0.0,0.0,0.0
2016-06-08,132.8699951171875,133.42999267578125,132.7100067138672,133.27000427246094,100.46427154541016,5313200,0.0,0.0,0.0
2016-06-09,134.32000732421875,134.5399932861328,133.92999267578125,134.1300048828125,101.11262512207031,6820300,0.0,0.0,0.0
2016-06-10,134.7899932861328,135.3300018310547,134.25999450683594,134.77999877929688,101.60258483886719,6984600,0.0,0.0,0.0
2016-06-13,135.08999633789062,135.38999938964844,134.77000427246094,135.3800048828125,102.05492401123047,7283300,0.0,0.0,0.0
2016-06-14,136.19000244140625,136.22000122070312,135.22000122070312,135.27999877929688,101.97957611083984,9012500,0.0,0.0,0.0
2016-06-15,135.52000427246094,136.22999572753906,135.30999755859375,135.8000030517578,102.37155151367188,7953200,0.0,0.0,0.0
2016-06-16,136.74000549316406,137.55999755859375,136.17999267578125,136.4600067138672,102.86909484863281,10372700,0.0,0.0,0.0
2016-06-17,136.1999969482422,136.27000427246094,135.25999450683594,135.61000061035156,102.22832489013672,8489900,0.0,0.0,0.0
2016-06-20,134.24000549316406,134.5500030517578,134.00999450683594,134.16000366210938,101.13522338867188,7365900,0.0,0.0,0.0
2016-06-21,134.2899932861328,134.5800018310547,133.4600067138672,133.5399932861328,100.66780853271484,6005800,0.0,0.0,0.0
2016-06-22,133.5,133.99000549316406,133.25,133.75999450683594,100.83370971679688,5773700,0.0,0.0,0.0
2016-06-23,132.61000061035156,133.32000732421875,132.0800018310547,132.22999572753906,99.68034362792969,9029100,0.0,0.0,0.0
2016-06-24,136.61000061035156,136.61000061035156,135.3000030517578,135.77999877929688,102.35646057128906,17155000,0.0,0.0,0.0
2016-06-27,138.44000244140625,139.58999633789062,138.39999389648438,139.1699981689453,104.9119644165039,16577100,0.0,0.0,0.0
2016-06-28,139.44000244140625,139.89999389648438,138.8800048828125,139.4600067138672,105.13058471679688,14006400,0.0,0.0,0.0
2016-06-29,139.67999267578125,140.1300048828125,138.25999450683594,138.38999938964844,104.32396697998047,12999800,0.0,0.0,0.0
2016-06-30,138.80999755859375,139.94000244140625,138.08999633789062,138.89999389648438,104.70842742919922,14698500,0.0,0.0,0.0
2016-07-01,140.80999755859375,140.82000732421875,139.19000244140625,140.57000732421875,106.16226959228516,15430200,0.255,0.0,0.0
2016-07-05,141.85000610351562,142.91000366210938,141.6999969482422,142.3300018310547,107.49150085449219,8840800,0.0,0.0,0.0
2016-07-06,142.7899932861328,143.0,141.9600067138672,142.55999755859375,107.66511535644531,14352800,0.0,0.0,0.0
2016-07-07,142.08999633789062,143.19000244140625,141.77999877929688,142.5500030517578,107.65760803222656,9676400,0.0,0.0,0.0
2016-07-08,142.9199981689453,143.6199951171875,142.36000061035156,143.60000610351562,108.45059204101562,10355300,0.0,0.0,0.0
2016-07-11,143.0500030517578,143.47000122070312,142.24000549316406,142.33999633789062,107.4990005493164,8099000,0.0,0.0,0.0
2016-07-12,140.4199981689453,140.86000061035156,139.63999938964844,140.0,105.73178100585938,15810600,0.0,0.0,0.0
2016-07-13,141.3699951171875,141.77000427246094,140.9499969482422,141.64999389648438,106.97787475585938,8181700,0.0,0.0,0.0
2016-07-14,139.27999877929688,139.83999633789062,139.08999633789062,139.58999633789062,105.4220962524414,10817000,0.0,0.0,0.0
2016-07-15,138.88999938964844,139.11000061035156,138.17999267578125,138.38999938964844,104.5158462524414,9958600,0.0,0.0,0.0
2016-07-18,139.07000732421875,139.25999450683594,137.72999572753906,138.25999450683594,104.41771697998047,5955900,0.0,0.0,0.0
2016-07-19,138.94000244140625,139.30999755859375,138.39999389648438,139.0399932861328,105.00669860839844,8073900,0.0,0.0,0.0
2016-07-20,138.22999572753906,138.50999450683594,137.91000366210938,138.27999877929688,104.43279266357422,6942500,0.0,0.0,0.0
2016-07-21,137.0399932861328,138.6199951171875,136.99000549316406,138.55999755859375,104.64424133300781,10398400,0.0,0.0,0.0
2016-07-22,137.92999267578125,139.24000549316406,137.8699951171875,138.8000030517578,104.82552337646484,5811400,0.0,0.0,0.0
2016-07-25,138.94000244140625,139.25999450683594,138.58999633789062,138.6999969482422,104.74994659423828,4243800,0.0,0.0,0.0
2016-07-26,139.52000427246094,139.52000427246094,138.4600067138672,138.9199981689453,104.9161376953125,5243400,0.0,0.0,0.0
2016-07-27,139.5500030517578,140.64999389648438,139.39999389648438,140.64999389648438,106.2226791381836,8508100,0.0,0.0,0.0
2016-07-28,139.8000030517578,140.83999633789062,139.7100067138672,140.38999938964844,106.02630615234375,7336100,0.0,0.0,0.0
2016-07-29,140.4499969482422,141.67999267578125,140.22000122070312,141.55999755859375,106.90996551513672,8766700,0.0,0.0,0.0
2016-08-01,139.77999877929688,140.5,139.61000061035156,139.77000427246094,105.7508544921875,9809300,0.258,0.0,0.0
2016-08-02,137.8300018310547,139.25999450683594,137.5,138.3300018310547,104.66129302978516,10051200,0.0,0.0,0.0
2016-08-03,138.60000610351562,138.77999877929688,137.91000366210938,138.41000366210938,104.7217788696289,4930600,0.0,0.0,0.0
2016-08-04,139.4600067138672,140.16000366210938,139.27000427246094,139.4499969482422,105.50869750976562,5646000,0.0,0.0,0.0
2016-08-05,139.0500030517578,139.17999267578125,137.82000732421875,138.0,104.41162109375,7778600,0.0,0.0,0.0
2016-08-08,137.60000610351562,138.5399932861328,137.32000732421875,138.25999450683594,104.60836029052734,5185200,0.0,0.0,0.0
2016-08-09,138.7100067138672,139.72000122070312,138.6199951171875,139.6199951171875,105.63726806640625,5503200,0.0,0.0,0.0
2016-08-10,139.89999389648438,140.50999450683594,139.47000122070312,140.16000366210938,106.0458755493164,5843500,0.0,0.0,0.0
2016-08-11,140.05999755859375,140.0800018310547,138.5399932861328,138.91000366210938,105.1001205444336,7624600,0.0,0.0,0.0
2016-08-12,140.41000366210938,140.86000061035156,139.8699951171875,140.0800018310547,105.98533630371094,7989600,0.0,0.0,0.0
2016-08-15,139.33999633789062,139.6300048828125,138.75,138.75999450683594,104.98663330078125,5108600,0.0,0.0,0.0
2016-08-16,138.97999572753906,139.14999389648438,138.22999572753906,138.38999938964844,104.70668029785156,6182700,0.0,0.0,0.0
2016-08-17,138.6300048828125,139.44000244140625,138.5,139.22000122070312,105.33467102050781,5002000,0.0,0.0,0.0
2016-08-18,139.1999969482422,139.75999450683594,138.7899932861328,139.44000244140625,105.50118255615234,3805200,0.0,0.0,0.0
2016-08-19,138.63999938964844,139.0500030517578,138.10000610351562,138.7100067138672,104.94882202148438,5516300,0.0,0.0,0.0
2016-08-22,139.64999389648438,140.13999938964844,139.3699951171875,139.8800048828125,105.83405303955078,5549700,0.0,0.0,0.0
2016-08-23,140.27000427246094,140.58999633789062,139.6699981689453,140.02999877929688,105.94752502441406,6841400,0.0,0.0,0.0
2016-08-24,140.10000610351562,140.19000244140625,139.38999938964844,139.6999969482422,105.69783782958984,6027800,0.0,0.0,0.0
2016-08-25,139.25999450683594,139.77999877929688,138.9600067138672,139.1699981689453,105.29685974121094,5855500,0.0,0.0,0.0
2016-08-26,139.72999572753906,140.69000244140625,138.22000122070312,138.36000061035156,104.68396759033203,12962500,0.0,0.0,0.0
2016-08-29,139.3800048828125,140.35000610351562,139.2100067138672,140.2100067138672,106.08373260498047,7310400,0.0,0.0,0.0
2016-08-30,140.1699981689453,140.25999450683594,139.6699981689453,139.6699981689453,105.67509460449219,5161800,0.0,0.0,0.0
2016-08-31,139.66000366210938,140.1699981689453,139.33999633789062,139.8699951171875,105.82645416259766,7349700,0.0,0.0,0.0
2016-09-01,138.6199951171875,140.10000610351562,138.57000732421875,139.77000427246094,105.94324493408203,9149100,0.254,0.0,0.0
2016-09-02,138.9600067138672,139.0500030517578,138.1699981689453,138.6300048828125,105.07909393310547,8397000,0.0,0.0,0.0
2016-09-06,138.7100067138672,140.0800018310547,138.50999450683594,139.63999938964844,105.84466552734375,8542600,0.0,0.0,0.0
2016-09-07,140.3699951171875,140.4199981689453,139.5399932861328,139.5399932861328,105.76885986328125,5421800,0.0,0.0,0.0
2016-09-08,138.86000061035156,139.27000427246094,137.25999450683594,137.7899932861328,104.4423828125,14301500,0.0,0.0,0.0
2016-09-09,136.07000732421875,136.1199951171875,135.41000366210938,135.52000427246094,102.72179412841797,13347700,0.0,0.0,0.0
2016-09-12,135.32000732421875,135.8300018310547,135.16000366210938,135.58999633789062,102.77481842041016,9096600,0.0,0.0,0.0
2016-09-13,135.8699951171875,136.0,133.36000061035156,134.0500030517578,101.60746765136719,15645400,0.0,0.0,0.0
2016-09-14,134.0500030517578,134.91000366210938,134.0500030517578,134.25,101.7591323852539,7037700,0.0,0.0,0.0
2016-09-15,133.61000061035156,134.0500030517578,133.02999877929688,133.6699981689453,101.31951904296875,9874500,0.0,0.0,0.0
2016-09-16,134.5800018310547,134.80999755859375,134.22000122070312,134.75,102.13810729980469,7507900,0.0,0.0,0.0
2016-09-19,134.52000427246094,134.8699951171875,134.25,134.30999755859375,101.80461120605469,7105900,0.0,0.0,0.0
2016-09-20,135.14999389648438,135.5800018310547,134.6699981689453,134.77999877929688,102.16085815429688,6054800,0.0,0.0,0.0
2016-09-21,134.60000610351562,135.88999938964844,134.17999267578125,135.8699951171875,102.9870376586914,10698100,0.0,0.0,0.0
2016-09-22,136.6699981689453,137.2899932861328,136.5,136.9499969482422,103.80567932128906,12426200,0.0,0.0,0.0
2016-09-23,137.02999877929688,137.33999633789062,136.7100067138672,136.82000732421875,103.70718383789062,5928800,0.0,0.0,0.0
2016-09-26,137.07000732421875,137.8300018310547,137.02000427246094,137.69000244140625,104.3665771484375,8661300,0.0,0.0,0.0
2016-09-27,138.58999633789062,138.8000030517578,137.9499969482422,138.6999969482422,105.13212585449219,9450400,0.0,0.0,0.0
2016-09-28,138.5,139.14999389648438,138.22000122070312,138.39999389648438,104.90478515625,7958700,0.0,0.0,0.0
2016-09-29,137.55999755859375,139.07000732421875,137.4499969482422,138.75,105.1700668334961,8319800,0.0,0.0,0.0
2016-09-30,138.5500030517578,138.63999938964844,136.8699951171875,137.50999450683594,104.23015594482422,11747100,0.0,0.0,0.0
2016-10-03,137.67999267578125,137.77000427246094,136.75999450683594,136.80999755859375,103.88618469238281,7588800,0.247,0.0,0.0
2016-10-04,136.6199951171875,136.83999633789062,135.16000366210938,135.2100067138672,102.67119598388672,12048700,0.0,0.0,0.0
2016-10-05,135.02000427246094,135.0800018310547,134.1199951171875,134.5800018310547,102.19287109375,8917700,0.0,0.0,0.0
2016-10-06,133.97000122070312,134.69000244140625,133.67999267578125,133.8300018310547,101.62335205078125,7839900,0.0,0.0,0.0
2016-10-07,133.92999267578125,134.2899932861328,133.08999633789062,133.9199981689453,101.69168853759766,9953200,0.0,0.0,0.0
2016-10-10,132.85000610351562,133.16000366210938,132.50999450683594,133.1300048828125,101.091796875,6089100,0.0,0.0,0.0
2016-10-11,132.86000061035156,133.5500030517578,132.57000732421875,132.8300018310547,100.86398315429688,9670400,0.0,0.0,0.0
2016-10-12,132.6699981689453,133.02000427246094,132.24000549316406,132.9600067138672,100.96269226074219,7582400,0.0,0.0,0.0
2016-10-13,133.63999938964844,133.92999267578125,133.3699951171875,133.4600067138672,101.3423843383789,7080600,0.0,0.0,0.0
2016-10-14,132.27000427246094,132.9499969482422,131.52999877929688,131.58999633789062,99.9223403930664,11415100,0.0,0.0,0.0
2016-10-17,132.10000610351562,132.74000549316406,132.08999633789062,132.42999267578125,100.56021881103516,10595900,0.0,0.0,0.0
2016-10-18,131.86000061035156,132.88999938964844,131.8300018310547,132.86000061035156,100.88676452636719,7151000,0.0,0.0,0.0
2016-10-19,132.3699951171875,133.27000427246094,132.32000732421875,132.97000122070312,100.9703140258789,6941300,0.0,0.0,0.0
2016-10-20,133.63999938964844,133.75,132.89999389648438,133.11000061035156,101.07660675048828,6082300,0.0,0.0,0.0
2016-10-21,133.52000427246094,133.72000122070312,132.8699951171875,133.30999755859375,101.22848510742188,9222700,0.0,0.0,0.0
2016-10-24,133.41000366210938,133.4499969482422,132.2899932861328,132.72999572753906,100.78807830810547,6507500,0.0,0.0,0.0
2016-10-25,132.52999877929688,133.55999755859375,132.49000549316406,133.0800018310547,101.05381774902344,5134700,0.0,0.0,0.0
2016-10-26,132.4600067138672,132.8000030517578,131.99000549316406,132.17999267578125,100.37037658691406,5842500,0.0,0.0,0.0
2016-10-27,131.07000732421875,131.07000732421875,130.05999755859375,130.74000549316406,99.27690887451172,10044700,0.0,0.0,0.0
2016-10-28,130.38999938964844,130.92999267578125,130.3300018310547,130.4499969482422,99.0567398071289,7541000,0.0,0.0,0.0
2016-10-31,130.88999938964844,131.2899932861328,130.7100067138672,131.25,99.66419219970703,7047500,0.0,0.0,0.0
2016-11-01,130.16000366210938,131.60000610351562,129.8800048828125,131.00999450683594,99.67179107666016,12622400,0.25,0.0,0.0
2016-11-02,131.3000030517578,132.11000061035156,131.02999877929688,131.5800018310547,100.1054916381836,8666200,0.0,0.0,0.0
2016-11-03,130.75,131.0500030517578,130.44000244140625,130.57000732421875,99.33708190917969,6085400,0.0,0.0,0.0
2016-11-04,131.27000427246094,131.7899932861328,131.1300048828125,131.74000549316406,100.22721099853516,7622600,0.0,0.0,0.0
2016-11-07,130.75,131.0,130.44000244140625,130.6199951171875,99.37512969970703,5386700,0.0,0.0,0.0
2016-11-08,131.02000427246094,131.2100067138672,129.7100067138672,130.08999633789062,98.9719009399414,7576500,0.0,0.0,0.0
2016-11-09,127.22000122070312,127.37000274658203,124.22000122070312,124.56999969482422,94.77227783203125,31233500,0.0,0.0,0.0
2016-11-10,123.97000122070312,124.95999908447266,122.72000122070312,122.7300033569336,93.3724594116211,22961200,0.0,0.0,0.0
2016-11-11,122.95999908447266,123.05000305175781,121.6500015258789,122.04000091552734,92.84750366210938,10040200,0.0,0.0,0.0
2016-11-14,121.27999877929688,122.66000366210938,120.7300033569336,121.30999755859375,92.29209899902344,21174400,0.0,0.0,0.0
2016-11-15,122.22000122070312,122.80999755859375,121.77999877929688,121.91000366210938,92.74862670898438,11963700,0.0,0.0,0.0
2016-11-16,122.30000305175781,123.13999938964844,122.16999816894531,123.01000213623047,93.5854721069336,9149500,0.0,0.0,0.0
2016-11-17,121.94999694824219,122.11000061035156,120.98999786376953,121.19999694824219,92.20841217041016,11221600,0.0,0.0,0.0
2016-11-18,121.62999725341797,121.97000122070312,120.33999633789062,120.8499984741211,91.94214630126953,13577700,0.0,0.0,0.0
2016-11-21,121.20999908447266,121.4800033569336,120.88999938964844,121.1500015258789,92.1704330444336,6488100,0.0,0.0,0.0
2016-11-22,121.66000366210938,121.76000213623047,120.87999725341797,121.11000061035156,92.13995361328125,9989900,0.0,0.0,0.0
2016-11-23,119.98999786376953,120.91000366210938,119.25,120.63999938964844,91.78237915039062,13563500,0.0,0.0,0.0
2016-11-25,121.19000244140625,121.29000091552734,120.4000015258789,120.81999969482422,91.91930389404297,3126300,0.0,0.0,0.0
2016-11-28,121.41000366210938,121.7300033569336,121.08999633789062,121.70999908447266,92.59642028808594,8555000,0.0,0.0,0.0
2016-11-29,121.44000244140625,122.4000015258789,121.20999908447266,122.22000122070312,92.98444366455078,8363000,0.0,0.0,0.0
2016-11-30,119.97000122070312,121.01000213623047,119.4800033569336,120.23999786376953,91.47805786132812,21163500,0.0,0.0,0.0
2016-12-01,118.51000213623047,118.98999786376953,117.63999938964844,118.7300033569336,90.51219940185547,21715700,0.243,0.0,0.0
2016-12-02,119.16999816894531,120.20999908447266,119.13999938964844,119.5999984741211,91.1753921508789,12487500,0.0,0.0,0.0
2016-12-05,118.93000030517578,120.4000015258789,118.44999694824219,119.47000122070312,91.0762939453125,12100100,0.0,0.0,0.0
2016-12-06,119.33999633789062,119.94000244140625,119.12000274658203,119.37999725341797,91.00767517089844,11526600,0.0,0.0,0.0
2016-12-07,119.81999969482422,120.62000274658203,119.81999969482422,120.4000015258789,91.78529357910156,10392200,0.0,0.0,0.0
2016-12-08,119.1500015258789,119.30999755859375,118.77999877929688,118.9800033569336,90.70272064208984,12041100,0.0,0.0,0.0
2016-12-09,118.63999938964844,118.86000061035156,117.27999877929688,117.5,89.57454681396484,14646400,0.0,0.0,0.0
2016-12-12,117.2699966430664,117.80000305175781,116.87999725341797,117.72000122070312,89.7422103881836,9496300,0.0,0.0,0.0
2016-12-13,118.4000015258789,118.48999786376953,117.44000244140625,118.13999938964844,90.06234741210938,12189200,0.0,0.0,0.0
2016-12-14,119.08000183105469,119.20999908447266,116.80000305175781,116.81999969482422,89.05608367919922,16618400,0.0,0.0,0.0
2016-12-15,117.55999755859375,118.29000091552734,117.02999877929688,117.41000366210938,89.50588989257812,12400500,0.0,0.0,0.0
2016-12-16,117.61000061035156,117.91999816894531,116.80000305175781,117.13999938964844,89.30007934570312,14924600,0.0,0.0,0.0
2016-12-19,117.9800033569336,118.58000183105469,117.73999786376953,118.4000015258789,90.26060485839844,10868300,0.0,0.0,0.0
2016-12-20,117.62999725341797,117.9000015258789,117.37999725341797,117.80999755859375,89.81082916259766,7030600,0.0,0.0,0.0
2016-12-21,117.91999816894531,118.4000015258789,117.7300033569336,118.33000183105469,90.207275390625,4624700,0.0,0.0,0.0
2016-12-22,117.52999877929688,118.0,117.5,117.80999755859375,90.04597473144531,5177800,0.309,0.0,0.0
2016-12-23,118.23999786376953,118.38999938964844,117.94999694824219,118.05000305175781,90.22941589355469,4461600,0.0,0.0,0.0
2016-12-27,117.41999816894531,117.69999694824219,117.2300033569336,117.66999816894531,89.9389419555664,5276600,0.0,0.0,0.0
2016-12-28,117.86000061035156,118.87999725341797,117.69999694824219,118.52999877929688,90.59626770019531,7578600,0.0,0.0,0.0
2016-12-29,118.80000305175781,119.2699966430664,118.66000366210938,118.94999694824219,90.91728973388672,8581400,0.0,0.0,0.0
2016-12-30,118.77999877929688,119.6500015258789,118.72000122070312,119.12999725341797,91.05488586425781,10613900,0.0,0.0,0.0
2017-01-03,118.41000366210938,119.98999786376953,118.18000030517578,119.63999938964844,91.44468688964844,13217300,0.0,0.0,0.0
2017-01-04,119.76000213623047,120.23999786376953,119.44999694824219,120.0999984741211,91.79631042480469,6699600,0.0,0.0,0.0
2017-01-05,120.44999694824219,122.02999877929688,120.16999816894531,121.9800033569336,93.23323822021484,13265800,0.0,0.0,0.0
2017-01-06,121.12999725341797,121.54000091552734,120.75,120.86000061035156,92.3771743774414,8369300,0.0,0.0,0.0
2017-01-09,121.87999725341797,122.0,121.45999908447266,121.83000183105469,93.11857604980469,8839100,0.0,0.0,0.0
2017-01-10,121.55000305175781,121.91000366210938,121.27999877929688,121.75,93.05744171142578,8417900,0.0,0.0,0.0
2017-01-11,121.94000244140625,122.69000244140625,121.41000366210938,122.16000366210938,93.37080383300781,9402500,0.0,0.0,0.0
2017-01-12,122.80000305175781,123.13999938964844,121.83000183105469,121.88999938964844,93.16443634033203,9977600,0.0,0.0,0.0
2017-01-13,121.33000183105469,121.75,120.62000274658203,121.30999755859375,92.72114562988281,9820000,0.0,0.0,0.0
2017-01-17,122.80999755859375,122.94000244140625,121.98999786376953,122.58000183105469,93.69184112548828,7853300,0.0,0.0,0.0
2017-01-18,121.7699966430664,121.95999908447266,120.91000366210938,121.01000213623047,92.49182891845703,9064700,0.0,0.0,0.0
2017-01-19,120.48999786376953,120.58000183105469,119.55000305175781,120.18000030517578,91.857421875,11795600,0.0,0.0,0.0
2017-01-20,119.83999633789062,120.30999755859375,119.29000091552734,119.94000244140625,91.67398834228516,16953200,0.0,0.0,0.0
2017-01-23,120.33999633789062,121.87000274658203,120.0199966430664,121.13999938964844,92.59117889404297,13118400,0.0,0.0,0.0
2017-01-24,120.7699966430664,121.12999725341797,119.80000305175781,120.30999755859375,91.95677947998047,8395000,0.0,0.0,0.0
2017-01-25,119.27999877929688,119.5999984741211,118.55999755859375,118.80000305175781,90.80267333984375,11115100,0.0,0.0,0.0
2017-01-26,118.91000366210938,119.26000213623047,118.33000183105469,119.19999694824219,91.1084213256836,7827900,0.0,0.0,0.0
2017-01-27,119.4000015258789,119.83000183105469,119.25,119.62999725341797,91.4370346069336,7197800,0.0,0.0,0.0
2017-01-30,119.44000244140625,119.87999725341797,119.19999694824219,119.2699966430664,91.16190338134766,6569500,0.0,0.0,0.0
2017-01-31,119.33000183105469,120.4000015258789,119.25,120.0999984741211,91.79631042480469,13298500,0.0,0.0,0.0
2017-02-01,119.0999984741211,119.52999877929688,118.58000183105469,119.0999984741211,91.22869110107422,10975500,0.259,0.0,0.0
2017-02-02,119.93000030517578,120.13999938964844,119.0,119.05000305175781,91.19038391113281,6978600,0.0,0.0,0.0
2017-02-03,119.44000244140625,119.87000274658203,118.47000122070312,119.0,91.152099609375,10275600,0.0,0.0,0.0
2017-02-06,119.76000213623047,120.12999725341797,119.12000274658203,119.72000122070312,91.70355224609375,8433800,0.0,0.0,0.0
2017-02-07,119.77999877929688,121.01000213623047,119.47000122070312,120.5999984741211,92.37767028808594,8418400,0.0,0.0,0.0
2017-02-08,121.41999816894531,122.2699966430664,121.41000366210938,122.23999786376953,93.63388061523438,15734200,0.0,0.0,0.0
2017-02-09,121.41000366210938,121.58999633789062,120.66000366210938,120.83000183105469,92.5538330078125,16890600,0.0,0.0,0.0
2017-02-10,120.11000061035156,120.94999694824219,120.11000061035156,120.76000213623047,92.5002212524414,7978500,0.0,0.0,0.0
2017-02-13,120.25,120.41000366210938,119.87999725341797,120.37999725341797,92.20912170410156,11536800,0.0,0.0,0.0
2017-02-14,120.23999786376953,120.30000305175781,118.83000183105469,119.51000213623047,91.54277038574219,13210500,0.0,0.0,0.0
2017-02-15,118.76000213623047,119.22000122070312,118.6500015258789,118.95999908447266,91.12142181396484,8481000,0.0,0.0,0.0
2017-02-16,119.22000122070312,120.20999908447266,119.12000274658203,119.61000061035156,91.61933898925781,10005800,0.0,0.0,0.0
2017-02-17,120.61000061035156,120.69999694824219,120.12999725341797,120.31999969482422,92.1632080078125,7886400,0.0,0.0,0.0
2017-02-21,119.68000030517578,120.61000061035156,119.5999984741211,120.11000061035156,92.00235748291016,8703800,0.0,0.0,0.0
2017-02-22,120.80000305175781,120.81999969482422,119.58999633789062,120.30999755859375,92.155517578125,8101500,0.0,0.0,0.0
2017-02-23,120.56999969482422,120.73999786376953,120.33000183105469,120.66999816894531,92.43130493164062,5330800,0.0,0.0,0.0
2017-02-24,121.3499984741211,122.13999938964844,121.26000213623047,122.01000213623047,93.45768737792969,11336000,0.0,0.0,0.0
2017-02-27,121.80999755859375,121.9000015258789,121.2300033569336,121.29000091552734,92.90621948242188,11039800,0.0,0.0,0.0
2017-02-28,121.5,122.08000183105469,121.31999969482422,121.73999786376953,93.25086212158203,8410500,0.0,0.0,0.0
2017-03-01,119.44000244140625,119.55000305175781,118.94999694824219,119.47000122070312,91.68836212158203,10717100,0.234,0.0,0.0
2017-03-02,119.01000213623047,119.20999908447266,118.62000274658203,119.04000091552734,91.35834503173828,8201200,0.0,0.0,0.0
2017-03-03,119.2300033569336,119.3499984741211,118.55000305175781,119.3499984741211,91.59625244140625,9515200,0.0,0.0,0.0
2017-03-06,119.12000274658203,119.12000274658203,118.5199966430664,118.77999877929688,91.15879821777344,4489200,0.0,0.0,0.0
2017-03-07,118.4800033569336,118.68000030517578,118.25,118.41999816894531,90.88249969482422,7080100,0.0,0.0,0.0
2017-03-08,117.30999755859375,117.94999694824219,117.2300033569336,117.77999877929688,90.39134216308594,11336300,0.0,0.0,0.0
2017-03-09,117.33999633789062,117.4800033569336,116.7699966430664,116.83999633789062,89.669921875,10575400,0.0,0.0,0.0
2017-03-10,117.13999938964844,117.31999969482422,116.68000030517578,117.25,89.98460388183594,9218500,0.0,0.0,0.0
2017-03-13,116.83000183105469,117.08999633789062,116.48999786376953,116.51000213623047,89.41667175292969,6993100,0.0,0.0,0.0
2017-03-14,116.7699966430664,117.3499984741211,116.70999908447266,117.06999969482422,89.84645080566406,9869200,0.0,0.0,0.0
2017-03-15,117.55999755859375,118.83000183105469,117.43000030517578,118.5,90.9439468383789,14600500,0.0,0.0,0.0
2017-03-16,117.98999786376953,118.1500015258789,117.62999725341797,117.9000015258789,90.4834213256836,8018200,0.0,0.0,0.0
2017-03-17,118.11000061035156,118.75,118.02999877929688,118.63999938964844,91.05133819580078,7266800,0.0,0.0,0.0
2017-03-20,118.55000305175781,119.2300033569336,118.5,119.1500015258789,91.44277954101562,5497800,0.0,0.0,0.0
2017-03-21,119.05000305175781,120.30000305175781,119.0199966430664,120.13999938964844,92.2025146484375,12540700,0.0,0.0,0.0
2017-03-22,120.72000122070312,121.16999816894531,120.43000030517578,120.62000274658203,92.5708999633789,11661400,0.0,0.0,0.0
2017-03-23,120.83000183105469,121.0199966430664,120.05999755859375,120.44999694824219,92.4404525756836,6746500,0.0,0.0,0.0
2017-03-24,120.52999877929688,121.0999984741211,120.4000015258789,120.87999725341797,92.77045440673828,5819600,0.0,0.0,0.0
2017-03-27,121.83000183105469,121.97000122070312,121.19000244140625,121.43000030517578,93.19255828857422,6878500,0.0,0.0,0.0
2017-03-28,121.79000091552734,121.81999969482422,120.48999786376953,120.62000274658203,92.5708999633789,6811200,0.0,0.0,0.0
2017-03-29,120.94000244140625,121.37999725341797,120.87999725341797,121.33999633789062,93.12347412109375,6291000,0.0,0.0,0.0
2017-03-30,121.06999969482422,121.08999633789062,120.31999969482422,120.36000061035156,92.37141418457031,7042400,0.0,0.0,0.0
2017-03-31,120.27999877929688,120.80999755859375,120.20999908447266,120.70999908447266,92.64002227783203,5144800,0.0,0.0,0.0
2017-04-03,120.44999694824219,121.87000274658203,120.4000015258789,121.66999816894531,93.5744400024414,12996500,0.255,0.0,0.0
2017-04-04,121.37000274658203,121.58999633789062,120.94999694824219,121.01000213623047,93.06680297851562,6976700,0.0,0.0,0.0
2017-04-05,120.55999755859375,121.5199966430664,120.36000061035156,121.37999725341797,93.35142517089844,8555200,0.0,0.0,0.0
2017-04-06,121.23999786376953,121.41000366210938,120.5199966430664,121.19999694824219,93.21292877197266,6497000,0.0,0.0,0.0
2017-04-07,121.83999633789062,122.25,120.69000244140625,120.70999908447266,92.83613586425781,10270000,0.0,0.0,0.0
2017-04-10,121.13999938964844,121.62000274658203,121.0,121.2699966430664,93.26676177978516,5314500,0.0,0.0,0.0
2017-04-11,121.80000305175781,122.6500015258789,121.72000122070312,122.41999816894531,94.1512451171875,11297400,0.0,0.0,0.0
2017-04-12,122.51000213623047,123.19000244140625,122.29000091552734,123.08999633789062,94.66653442382812,11532500,0.0,0.0,0.0
2017-04-13,123.44999694824219,123.73999786376953,122.91000366210938,123.47000122070312,94.95878601074219,8396700,0.0,0.0,0.0
2017-04-17,123.45999908447266,123.55000305175781,122.86000061035156,123.08999633789062,94.66653442382812,8015000,0.0,0.0,0.0
2017-04-18,123.86000061035156,124.9800033569336,123.55000305175781,124.69999694824219,95.9047622680664,11529700,0.0,0.0,0.0
2017-04-19,124.0999984741211,124.16999816894531,123.69999694824219,124.0199966430664,95.38179016113281,7344000,0.0,0.0,0.0
2017-04-20,123.5199966430664,123.91999816894531,123.13999938964844,123.54000091552734,95.01261138916016,7932900,0.0,0.0,0.0
2017-04-21,123.81999969482422,124.23999786376953,123.48999786376953,123.54000091552734,95.01261138916016,9798500,0.0,0.0,0.0
2017-04-24,122.55000305175781,123.16000366210938,122.45999908447266,122.93000030517578,94.54349517822266,8066400,0.0,0.0,0.0
2017-04-25,122.20999908447266,122.45999908447266,121.37999725341797,121.44999694824219,93.40522003173828,8122300,0.0,0.0,0.0
2017-04-26,121.5199966430664,122.13999938964844,121.43000030517578,122.12000274658203,93.92051696777344,5766200,0.0,0.0,0.0
2017-04-27,121.75,122.3499984741211,121.58000183105469,122.08000183105469,93.88980102539062,4978300,0.0,0.0,0.0
2017-04-28,121.5999984741211,122.44000244140625,121.55000305175781,122.3499984741211,94.09740447998047,8166300,0.0,0.0,0.0
2017-05-01,121.69000244140625,122.13999938964844,120.70999908447266,121.08000183105469,93.31514739990234,8795900,0.255,0.0,0.0
2017-05-02,120.97000122070312,121.77999877929688,120.94000244140625,121.69999694824219,93.79295349121094,6727800,0.0,0.0,0.0
2017-05-03,122.22000122070312,122.38999938964844,121.55000305175781,121.77999877929688,93.85462951660156,8932900,0.0,0.0,0.0
2017-05-04,121.01000213623047,121.22000122070312,120.66999816894531,121.18000030517578,93.39221954345703,9707200,0.0,0.0,0.0
2017-05-05,121.37999725341797,121.47000122070312,120.88999938964844,121.29000091552734,93.47700500488281,5605400,0.0,0.0,0.0
2017-05-08,121.11000061035156,121.13999938964844,120.52999877929688,120.62999725341797,92.96835327148438,8057800,0.0,0.0,0.0
2017-05-09,120.37999725341797,120.62999725341797,120.13999938964844,120.62000274658203,92.96058654785156,5536700,0.0,0.0,0.0
2017-05-10,120.91000366210938,121.05999755859375,120.16000366210938,120.4800033569336,92.85276794433594,6517000,0.0,0.0,0.0
2017-05-11,120.0,120.56999969482422,119.91000366210938,120.4800033569336,92.85276794433594,7479800,0.0,0.0,0.0
2017-05-12,121.01000213623047,121.48999786376953,120.9800033569336,121.38999938964844,93.55408477783203,7463900,0.0,0.0,0.0
2017-05-15,121.05999755859375,121.20999908447266,120.75,121.05999755859375,93.29973602294922,5173200,0.0,0.0,0.0
2017-05-16,121.11000061035156,121.88999938964844,121.11000061035156,121.51000213623047,93.64654541015625,6722700,0.0,0.0,0.0
2017-05-17,122.62999725341797,123.54000091552734,122.38999938964844,123.27999877929688,95.01069641113281,11236400,0.0,0.0,0.0
2017-05-18,123.75,123.94000244140625,123.19000244140625,123.41999816894531,95.11856079101562,8350500,0.0,0.0,0.0
2017-05-19,123.36000061035156,123.77999877929688,123.01000213623047,123.70999908447266,95.34209442138672,11277400,0.0,0.0,0.0
2017-05-22,123.41000366210938,123.55999755859375,123.26000213623047,123.37000274658203,95.08003234863281,4062900,0.0,0.0,0.0
2017-05-23,123.51000213623047,123.62000274658203,122.4800033569336,122.54000091552734,94.44033813476562,7901300,0.0,0.0,0.0
2017-05-24,122.80000305175781,123.26000213623047,122.54000091552734,123.2300033569336,94.97212982177734,7355200,0.0,0.0,0.0
2017-05-25,123.0199966430664,123.27999877929688,122.76000213623047,123.2699966430664,95.00294494628906,6464800,0.0,0.0,0.0
2017-05-26,123.55000305175781,123.73999786376953,123.25,123.4800033569336,95.16481018066406,2963800,0.0,0.0,0.0
2017-05-30,124.02999877929688,124.13999938964844,123.73999786376953,124.08999633789062,95.63495635986328,4819400,0.0,0.0,0.0
2017-05-31,124.05000305175781,124.6500015258789,124.02999877929688,124.4000015258789,95.87382507324219,8000200,0.0,0.0,0.0
2017-06-01,123.69999694824219,124.19000244140625,123.66000366210938,124.1500015258789,95.8838882446289,9037300,0.263,0.0,0.0
2017-06-02,125.22000122070312,125.7699966430664,125.05000305175781,125.62000274658203,97.01918029785156,13245000,0.0,0.0,0.0
2017-06-05,124.9000015258789,125.16000366210938,124.77999877929688,124.83999633789062,96.41680145263672,6775500,0.0,0.0,0.0
2017-06-06,125.69000244140625,125.87000274658203,125.4000015258789,125.5199966430664,96.9419937133789,12841500,0.0,0.0,0.0
2017-06-07,125.23999786376953,125.5199966430664,124.79000091552734,124.91999816894531,96.47855377197266,12852400,0.0,0.0,0.0
2017-06-08,124.87999725341797,124.87999725341797,124.30000305175781,124.58999633789062,96.2237319946289,8758600,0.0,0.0,0.0
2017-06-09,124.08000183105469,124.63999938964844,123.9800033569336,124.4000015258789,96.07698059082031,5130500,0.0,0.0,0.0
2017-06-12,124.20999908447266,124.98999786376953,124.13999938964844,124.36000061035156,96.0460433959961,4335800,0.0,0.0,0.0
2017-06-13,124.01000213623047,124.5199966430664,123.98999786376953,124.37999725341797,96.06153106689453,4742600,0.0,0.0,0.0
2017-06-14,125.91999816894531,126.70999908447266,125.7300033569336,126.30000305175781,97.54439544677734,20212300,0.0,0.0,0.0
2017-06-15,126.08999633789062,126.33000183105469,125.83000183105469,126.0999984741211,97.389892578125,5863700,0.0,0.0,0.0
2017-06-16,126.08000183105469,126.44000244140625,126.01000213623047,126.3499984741211,97.58297729492188,6672500,0.0,0.0,0.0
2017-06-19,126.31999969482422,126.4800033569336,126.02999877929688,126.16999816894531,97.4439697265625,5641300,0.0,0.0,0.0
2017-06-20,126.79000091552734,127.4000015258789,126.79000091552734,127.30000305175781,98.31674194335938,8405700,0.0,0.0,0.0
2017-06-21,127.11000061035156,127.63999938964844,126.91000366210938,127.55999755859375,98.51752471923828,5914800,0.0,0.0,0.0
2017-06-22,127.70999908447266,127.87000274658203,127.30999755859375,127.83999633789062,98.73374938964844,6608100,0.0,0.0,0.0
2017-06-23,127.47000122070312,127.9000015258789,127.4000015258789,127.77999877929688,98.68744659423828,4329900,0.0,0.0,0.0
2017-06-26,128.27000427246094,128.57000732421875,128.16000366210938,128.25999450683594,99.05815887451172,5541600,0.0,0.0,0.0
2017-06-27,127.43000030517578,127.48999786376953,126.62000274658203,126.88999938964844,98.00003814697266,8354200,0.0,0.0,0.0
2017-06-28,126.66999816894531,126.70999908447266,125.9800033569336,126.47000122070312,97.67571258544922,7357900,0.0,0.0,0.0
2017-06-29,125.01000213623047,125.72000122070312,124.9000015258789,125.41000366210938,96.85697937011719,9115800,0.0,0.0,0.0
2017-06-30,125.19000244140625,125.38999938964844,124.8499984741211,125.12000274658203,96.633056640625,10189800,0.0,0.0,0.0
2017-07-03,125.0,125.04000091552734,124.0199966430664,124.45999908447266,96.32194519042969,11021100,0.258,0.0,0.0
2017-07-05,124.19999694824219,124.6500015258789,124.12000274658203,124.48999786376953,96.34515380859375,11394500,0.0,0.0,0.0
2017-07-06,123.5199966430664,123.63999938964844,122.93000030517578,123.45999908447266,95.54801940917969,10853100,0.0,0.0,0.0
2017-07-07,122.83999633789062,123.02999877929688,122.58999633789062,122.72000122070312,94.9753189086914,9401800,0.0,0.0,0.0
2017-07-10,122.87000274658203,123.0999984741211,122.68000030517578,122.9000015258789,95.11461639404297,3859200,0.0,0.0,0.0
2017-07-11,122.86000061035156,123.33000183105469,122.70999908447266,123.11000061035156,95.27713012695312,4425600,0.0,0.0,0.0
2017-07-12,123.88999938964844,124.04000091552734,123.48999786376953,123.95999908447266,95.93496704101562,7839900,0.0,0.0,0.0
2017-07-13,123.5999984741211,123.6500015258789,122.80999755859375,123.18000030517578,95.33132934570312,7449300,0.0,0.0,0.0
2017-07-14,124.0999984741211,124.16000366210938,123.12000274658203,123.33000183105469,95.44743347167969,6566800,0.0,0.0,0.0
2017-07-17,123.33000183105469,123.98999786376953,123.2699966430664,123.66999816894531,95.71054077148438,4737300,0.0,0.0,0.0
2017-07-18,124.43000030517578,124.7699966430664,124.2300033569336,124.75,96.54635620117188,9163000,0.0,0.0,0.0
2017-07-19,124.77999877929688,125.01000213623047,124.58999633789062,124.80000305175781,96.58507537841797,5140900,0.0,0.0,0.0
2017-07-20,125.48999786376953,125.7300033569336,124.97000122070312,125.16000366210938,96.86368560791016,12239100,0.0,0.0,0.0
2017-07-21,125.7300033569336,126.02999877929688,125.56999969482422,125.69000244140625,97.27385711669922,6201500,0.0,0.0,0.0
2017-07-24,125.44999694824219,125.66000366210938,125.16000366210938,125.19999694824219,96.8946304321289,5378500,0.0,0.0,0.0
2017-07-25,124.13999938964844,124.19000244140625,123.47000122070312,123.56999969482422,95.63310241699219,9743300,0.0,0.0,0.0
2017-07-26,123.2699966430664,124.08999633789062,123.08000183105469,123.7699966430664,95.78788757324219,8459500,0.0,0.0,0.0
2017-07-27,123.11000061035156,123.37999725341797,122.81999969482422,123.16000366210938,95.31584167480469,6390800,0.0,0.0,0.0
2017-07-28,123.2699966430664,123.98999786376953,123.26000213623047,123.88999938964844,95.88079833984375,5491800,0.0,0.0,0.0
2017-07-31,123.45999908447266,124.05000305175781,123.4000015258789,124.04000091552734,95.99683380126953,5464600,0.0,0.0,0.0
2017-08-01,123.18000030517578,124.70999908447266,123.16000366210938,124.63999938964844,96.67086029052734,9676800,0.269,0.0,0.0
2017-08-02,124.7699966430664,125.16999816894531,124.68000030517578,124.70999908447266,96.72515869140625,5745600,0.0,0.0,0.0
2017-08-03,125.29000091552734,126.0199966430664,125.26000213623047,126.0,97.7257308959961,10324500,0.0,0.0,0.0
2017-08-04,125.1500015258789,125.18000030517578,124.44000244140625,124.93000030517578,96.89579010009766,8485500,0.0,0.0,0.0
2017-08-07,124.83999633789062,125.0999984741211,124.61000061035156,125.06999969482422,97.0044174194336,4684600,0.0,0.0,0.0
2017-08-08,124.87000274658203,124.9800033569336,124.1500015258789,124.62000274658203,96.65536499023438,6197400,0.0,0.0,0.0
2017-08-09,125.93000030517578,125.94999694824219,125.19999694824219,125.30000305175781,97.18278503417969,9221800,0.0,0.0,0.0
2017-08-10,125.62000274658203,126.44000244140625,125.5199966430664,126.37000274658203,98.01264953613281,10378200,0.0,0.0,0.0
2017-08-11,125.7699966430664,126.45999908447266,125.55000305175781,126.43000030517578,98.05921173095703,5717800,0.0,0.0,0.0
2017-08-14,125.98999786376953,126.27999877929688,125.7300033569336,125.77999877929688,97.55504608154297,5111000,0.0,0.0,0.0
2017-08-15,124.7300033569336,125.54000091552734,124.70999908447266,125.25,97.14397430419922,7473200,0.0,0.0,0.0
2017-08-16,124.83000183105469,126.0199966430664,124.80999755859375,125.70999908447266,97.50077056884766,5283800,0.0,0.0,0.0
2017-08-17,125.69999694824219,126.68000030517578,125.51000213623047,126.6500015258789,98.22984313964844,9364700,0.0,0.0,0.0
2017-08-18,126.9800033569336,127.1500015258789,126.26000213623047,126.62000274658203,98.20658111572266,8382500,0.0,0.0,0.0
2017-08-21,126.7699966430664,127.0199966430664,126.5,126.93000030517578,98.447021484375,7669800,0.0,0.0,0.0
2017-08-22,126.79000091552734,126.80999755859375,126.2699966430664,126.44000244140625,98.06696319580078,6140700,0.0,0.0,0.0
2017-08-23,127.04000091552734,127.30999755859375,126.76000213623047,127.30000305175781,98.73395538330078,7446400,0.0,0.0,0.0
2017-08-24,126.87999725341797,127.30999755859375,126.72000122070312,126.83000183105469,98.36945343017578,5569400,0.0,0.0,0.0
2017-08-25,127.0199966430664,127.44999694824219,126.87000274658203,127.31999969482422,98.74951171875,7303300,0.0,0.0,0.0
2017-08-28,126.91999816894531,127.38999938964844,126.7300033569336,127.23999786376953,98.68743896484375,4448500,0.0,0.0,0.0
2017-08-29,128.4600067138672,128.52000427246094,127.30999755859375,127.6500015258789,99.00538635253906,7659400,0.0,0.0,0.0
2017-08-30,127.45999908447266,127.73999786376953,127.33999633789062,127.61000061035156,98.97441864013672,4735200,0.0,0.0,0.0
2017-08-31,127.63999938964844,128.02999877929688,127.56999969482422,127.98999786376953,99.26912689208984,7978400,0.0,0.0,0.0
2017-09-01,127.30999755859375,127.33999633789062,126.43000030517578,126.75,98.50980377197266,14128600,0.263,0.0,0.0
2017-09-05,127.69000244140625,128.8000030517578,127.69000244140625,128.75999450683594,100.07195281982422,15215700,0.0,0.0,0.0
2017-09-06,128.72000122070312,129.0,127.73999786376953,127.97000122070312,99.4580078125,9066400,0.0,0.0,0.0
2017-09-07,128.3300018310547,129.57000732421875,128.3300018310547,129.27999877929688,100.47615051269531,13618900,0.0,0.0,0.0
2017-09-08,129.11000061035156,129.16000366210938,128.57000732421875,129.0,100.25855255126953,9808500,0.0,0.0,0.0
2017-09-11,127.87000274658203,128.0500030517578,127.26000213623047,127.45999908447266,99.06163024902344,17856700,0.0,0.0,0.0
2017-09-12,127.05000305175781,127.08999633789062,126.52999877929688,126.79000091552734,98.54090118408203,7557400,0.0,0.0,0.0
2017-09-13,126.91000366210938,126.91999816894531,126.27999877929688,126.29000091552734,98.1523666381836,6740000,0.0,0.0,0.0
2017-09-14,126.37000274658203,126.83000183105469,126.33000183105469,126.80999755859375,98.55647277832031,6674500,0.0,0.0,0.0
2017-09-15,127.0,127.01000213623047,126.54000091552734,126.86000061035156,98.59536743164062,9769200,0.0,0.0,0.0
2017-09-18,126.5,126.56999969482422,125.83999633789062,126.12999725341797,98.02794647216797,6863000,0.0,0.0,0.0
2017-09-19,126.27999877929688,126.30999755859375,125.7300033569336,125.81999969482422,97.78700256347656,5554900,0.0,0.0,0.0
2017-09-20,125.97000122070312,126.05000305175781,125.33000183105469,125.91000366210938,97.85697937011719,8037000,0.0,0.0,0.0
2017-09-21,126.16000366210938,126.55999755859375,125.81999969482422,125.83999633789062,97.80254364013672,6147800,0.0,0.0,0.0
2017-09-22,126.5,126.7300033569336,126.05999755859375,126.19999694824219,98.08236694335938,5660700,0.0,0.0,0.0
2017-09-25,126.31999969482422,127.2699966430664,126.19999694824219,126.98999786376953,98.69635772705078,9679000,0.0,0.0,0.0
2017-09-26,126.7699966430664,126.88999938964844,126.43000030517578,126.76000213623047,98.51759338378906,7251900,0.0,0.0,0.0
2017-09-27,124.87000274658203,125.30000305175781,124.61000061035156,124.8499984741211,97.03317260742188,12145700,0.0,0.0,0.0
2017-09-28,124.20999908447266,124.6500015258789,123.97000122070312,124.4800033569336,96.74557495117188,8883700,0.0,0.0,0.0
2017-09-29,124.76000213623047,125.02999877929688,124.2699966430664,124.76000213623047,96.96321868896484,11285500,0.0,0.0,0.0
2017-10-02,124.80999755859375,125.0,124.23999786376953,124.27999877929688,96.78563690185547,7860700,0.252,0.0,0.0
2017-10-03,123.91999816894531,124.51000213623047,123.91999816894531,124.4000015258789,96.87911224365234,6219800,0.0,0.0,0.0
2017-10-04,124.52999877929688,124.58999633789062,123.87999725341797,124.41000366210938,96.88684844970703,7447000,0.0,0.0,0.0
2017-10-05,124.2699966430664,124.30000305175781,123.69000244140625,123.94000244140625,96.5208740234375,8180300,0.0,0.0,0.0
2017-10-06,123.29000091552734,124.0999984741211,123.02999877929688,123.58999633789062,96.2483139038086,10375000,0.0,0.0,0.0
2017-10-09,123.77999877929688,124.05999755859375,123.63999938964844,123.9800033569336,96.5520248413086,3590900,0.0,0.0,0.0
2017-10-10,124.13999938964844,124.87000274658203,124.0199966430664,124.18000030517578,96.7077865600586,6666800,0.0,0.0,0.0
2017-10-11,124.56999969482422,124.66000366210938,124.26000213623047,124.41999816894531,96.89469146728516,4385900,0.0,0.0,0.0
2017-10-12,124.55000305175781,124.9800033569336,124.23999786376953,124.94999694824219,97.30741882324219,7141600,0.0,0.0,0.0
2017-10-13,125.58000183105469,125.94000244140625,125.16999816894531,125.8499984741211,98.00830841064453,7746900,0.0,0.0,0.0
2017-10-16,125.52999877929688,125.9000015258789,125.37999725341797,125.76000213623047,97.93824005126953,5737300,0.0,0.0,0.0
2017-10-17,125.38999938964844,126.08999633789062,125.38999938964844,125.91999816894531,98.06278228759766,4969600,0.0,0.0,0.0
2017-10-18,125.05000305175781,125.18000030517578,124.68000030517578,125.08999633789062,97.41639709472656,5943800,0.0,0.0,0.0
2017-10-19,125.73999786376953,126.01000213623047,125.2699966430664,125.30999755859375,97.5877685546875,8966500,0.0,0.0,0.0
2017-10-20,124.0,124.27999877929688,123.63999938964844,123.9800033569336,96.5520248413086,12326900,0.0,0.0,0.0
2017-10-23,124.16000366210938,124.48999786376953,124.0199966430664,124.19999694824219,96.72337341308594,6871100,0.0,0.0,0.0
2017-10-24,123.37000274658203,123.69000244140625,123.1500015258789,123.43000030517578,96.12368774414062,6842800,0.0,0.0,0.0
2017-10-25,122.52999877929688,122.9800033569336,122.41999816894531,122.83999633789062,95.66416931152344,9961400,0.0,0.0,0.0
2017-10-26,123.05999755859375,123.05999755859375,122.43000030517578,122.43000030517578,95.34490203857422,8179400,0.0,0.0,0.0
2017-10-27,122.94000244140625,123.33000183105469,122.75,123.23999786376953,95.9757080078125,10480900,0.0,0.0,0.0
2017-10-30,123.86000061035156,124.45999908447266,123.55999755859375,124.41999816894531,96.89469146728516,9051600,0.0,0.0,0.0
2017-10-31,124.52999877929688,124.66000366210938,124.4000015258789,124.45999908447266,96.92582702636719,4424300,0.0,0.0,0.0
2017-11-01,124.3499984741211,125.13999938964844,124.30000305175781,124.75,97.35736846923828,8940400,0.263,0.0,0.0
2017-11-02,125.0,125.5199966430664,124.91999816894531,125.30000305175781,97.78660583496094,7222700,0.0,0.0,0.0
2017-11-03,125.47000122070312,125.69999694824219,125.13999938964844,125.63999938964844,98.05196380615234,10984100,0.0,0.0,0.0
2017-11-06,125.93000030517578,126.22000122070312,125.72000122070312,126.11000061035156,98.41879272460938,6246700,0.0,0.0,0.0
2017-11-07,126.2300033569336,126.77999877929688,126.12999725341797,126.63999938964844,98.83238983154297,6422700,0.0,0.0,0.0
2017-11-08,126.58999633789062,126.80000305175781,126.20999908447266,126.36000061035156,98.6138687133789,3356200,0.0,0.0,0.0
2017-11-09,125.87000274658203,126.23999786376953,125.55000305175781,126.0,98.33291625976562,6280400,0.0,0.0,0.0
2017-11-10,124.70999908447266,124.83999633789062,123.95999908447266,124.0999984741211,96.85011291503906,11981000,0.0,0.0,0.0
2017-11-13,124.80000305175781,124.80999755859375,124.30999755859375,124.36000061035156,97.05304718017578,5880800,0.0,0.0,0.0
2017-11-14,124.7699966430664,125.23999786376953,124.7699966430664,125.19999694824219,97.70857238769531,6195900,0.0,0.0,0.0
2017-11-15,126.05999755859375,126.66999816894531,125.63999938964844,126.55999755859375,98.76992797851562,9568200,0.0,0.0,0.0
2017-11-16,126.01000213623047,126.33000183105469,125.44999694824219,125.45999908447266,97.91146087646484,5894900,0.0,0.0,0.0
2017-11-17,126.06999969482422,126.44000244140625,125.95999908447266,126.38999938964844,98.63728332519531,6938800,0.0,0.0,0.0
2017-11-20,125.91000366210938,126.37999725341797,125.91000366210938,126.33999633789062,98.5982666015625,4232300,0.0,0.0,0.0
2017-11-21,127.08999633789062,127.29000091552734,126.30999755859375,126.73999786376953,98.91040802001953,5818400,0.0,0.0,0.0
2017-11-22,126.62000274658203,127.19999694824219,126.51000213623047,127.1500015258789,99.23036193847656,4140700,0.0,0.0,0.0
2017-11-24,126.93000030517578,127.02999877929688,126.69000244140625,126.80000305175781,98.95726013183594,3141400,0.0,0.0,0.0
2017-11-27,126.86000061035156,127.05000305175781,126.41999816894531,126.62000274658203,98.81681823730469,6079900,0.0,0.0,0.0
2017-11-28,126.7699966430664,127.18000030517578,126.47000122070312,126.79000091552734,98.94942474365234,5983000,0.0,0.0,0.0
2017-11-29,125.55999755859375,125.68000030517578,125.0999984741211,125.54000091552734,97.97391510009766,14547100,0.0,0.0,0.0
2017-11-30,125.30999755859375,125.5199966430664,124.44000244140625,125.12000274658203,97.64616394042969,9630000,0.0,0.0,0.0
2017-12-01,125.87000274658203,127.69000244140625,125.0999984741211,126.55000305175781,98.96385192871094,24583100,0.255,0.0,0.0
2017-12-04,125.91999816894531,126.66999816894531,125.80999755859375,126.61000061035156,99.01073455810547,9609200,0.0,0.0,0.0
2017-12-05,126.47000122070312,127.5,126.44999694824219,127.23999786376953,99.50341796875,10958900,0.0,0.0,0.0
2017-12-06,127.87000274658203,128.22999572753906,127.66000366210938,127.68000030517578,99.84749603271484,11834200,0.0,0.0,0.0
2017-12-07,127.93000030517578,128.10000610351562,126.30000305175781,126.68000030517578,99.06550598144531,13056800,0.0,0.0,0.0
2017-12-08,126.58999633789062,126.73999786376953,126.23999786376953,126.69000244140625,99.07329559326172,4786100,0.0,0.0,0.0
2017-12-11,126.86000061035156,127.08999633789062,126.41000366210938,126.43000030517578,98.8699722290039,3863800,0.0,0.0,0.0
2017-12-12,126.16999816894531,126.41000366210938,125.66999816894531,126.37999725341797,98.83090209960938,7502400,0.0,0.0,0.0
2017-12-13,126.80999755859375,127.38999938964844,126.58999633789062,127.33000183105469,99.57379913330078,8532900,0.0,0.0,0.0
2017-12-14,127.05000305175781,127.9800033569336,126.79000091552734,127.87000274658203,99.99609375,6885000,0.0,0.0,0.0
2017-12-15,127.80999755859375,128.58999633789062,127.55999755859375,128.35000610351562,100.3714828491211,7239400,0.0,0.0,0.0
2017-12-18,127.97000122070312,128.0,126.91000366210938,127.18000030517578,99.45653533935547,7239700,0.0,0.0,0.0
2017-12-19,126.31999969482422,126.37999725341797,125.06999969482422,125.52999877929688,98.16619110107422,11045800,0.0,0.0,0.0
2017-12-20,124.30999755859375,124.70999908447266,123.94999694824219,124.13999938964844,97.07917022705078,10005800,0.0,0.0,0.0
2017-12-21,124.02999877929688,124.86000061035156,124.0,124.5999984741211,97.64498138427734,7026900,0.262,0.0,0.0
2017-12-22,124.69999694824219,124.83999633789062,124.52999877929688,124.7699966430664,97.77819061279297,3974300,0.0,0.0,0.0
2017-12-26,124.9800033569336,125.52999877929688,124.97000122070312,125.13999938964844,98.06819152832031,3168400,0.0,0.0,0.0
2017-12-27,125.70999908447266,126.9800033569336,125.69999694824219,126.7699966430664,99.34552764892578,9059700,0.0,0.0,0.0
2017-12-28,126.52999877929688,126.83000183105469,126.37000274658203,126.66000366210938,99.25933074951172,5297100,0.0,0.0,0.0
2017-12-29,126.5,127.12000274658203,126.4800033569336,126.86000061035156,99.41605377197266,7580500,0.0,0.0,0.0
2018-01-02,126.48999786376953,126.51000213623047,125.06999969482422,125.48999786376953,98.34244537353516,16238200,0.0,0.0,0.0
2018-01-03,126.0,126.19999694824219,125.48999786376953,126.08999633789062,98.81267547607422,8605100,0.0,0.0,0.0
2018-01-04,125.6500015258789,126.16000366210938,125.37000274658203,126.06999969482422,98.79695129394531,9217900,0.0,0.0,0.0
2018-01-05,125.87000274658203,126.18000030517578,125.36000061035156,125.70999908447266,98.51483917236328,10915400,0.0,0.0,0.0
2018-01-08,125.98999786376953,126.02999877929688,125.16999816894531,125.62999725341797,98.45213317871094,8850600,0.0,0.0,0.0
2018-01-09,124.80999755859375,124.83000183105469,123.80999755859375,123.94999694824219,97.13561248779297,16226400,0.0,0.0,0.0
2018-01-10,122.80999755859375,123.93000030517578,122.66000366210938,123.80000305175781,97.01805114746094,14302600,0.0,0.0,0.0
2018-01-11,123.51000213623047,124.58999633789062,123.30999755859375,124.30999755859375,97.41771697998047,12511000,0.0,0.0,0.0
2018-01-12,124.0999984741211,124.79000091552734,123.91000366210938,124.5199966430664,97.58226013183594,9987100,0.0,0.0,0.0
2018-01-16,125.16999816894531,125.27999877929688,124.55999755859375,125.04000091552734,97.98980712890625,9125900,0.0,0.0,0.0
2018-01-17,125.08000183105469,125.63999938964844,124.5999984741211,124.87000274658203,97.85662841796875,8327000,0.0,0.0,0.0
2018-01-18,123.93000030517578,124.2699966430664,123.54000091552734,123.70999908447266,96.94754028320312,10843900,0.0,0.0,0.0
2018-01-19,123.4000015258789,123.55999755859375,122.9800033569336,123.05999755859375,96.43814086914062,11374300,0.0,0.0,0.0
2018-01-22,123.44999694824219,123.70999908447266,122.98999786376953,123.18000030517578,96.53215026855469,8984700,0.0,0.0,0.0
2018-01-23,123.80999755859375,124.19999694824219,123.23999786376953,123.70999908447266,96.94754028320312,12325700,0.0,0.0,0.0
2018-01-24,122.8499984741211,123.12999725341797,122.54000091552734,123.04000091552734,96.42247772216797,9038900,0.0,0.0,0.0
2018-01-25,123.16000366210938,124.1500015258789,122.80000305175781,124.05000305175781,97.21395874023438,12173300,0.0,0.0,0.0
2018-01-26,123.87999725341797,123.91000366210938,123.0999984741211,123.58999633789062,96.85350036621094,6462900,0.0,0.0,0.0
2018-01-29,122.97000122070312,122.97000122070312,122.30000305175781,122.7300033569336,96.17955017089844,12223000,0.0,0.0,0.0
2018-01-30,122.27999877929688,122.37000274658203,121.69999694824219,122.01000213623047,95.61530303955078,12064400,0.0,0.0,0.0
2018-01-31,122.87000274658203,122.93000030517578,121.94000244140625,122.7300033569336,96.17955017089844,18045100,0.0,0.0,0.0
2018-02-01,122.4800033569336,122.52999877929688,120.62999725341797,120.69999694824219,94.78562927246094,18632800,0.255,0.0,0.0
2018-02-02,120.1500015258789,120.26000213623047,119.23999786376953,119.58000183105469,93.90605926513672,23944400,0.0,0.0,0.0
2018-02-05,119.16999816894531,121.81999969482422,118.63999938964844,120.70999908447266,94.7934799194336,28606200,0.0,0.0,0.0
2018-02-06,120.41999816894531,120.87000274658203,119.72000122070312,119.95999908447266,94.20451354980469,10935400,0.0,0.0,0.0
2018-02-07,120.12999725341797,120.33000183105469,118.55999755859375,118.81999969482422,93.30925750732422,16271100,0.0,0.0,0.0
2018-02-08,118.01000213623047,119.18000030517578,117.8499984741211,118.69000244140625,93.20719909667969,15155100,0.0,0.0,0.0
2018-02-09,118.11000061035156,119.08999633789062,117.79000091552734,117.94000244140625,92.61820983886719,15661600,0.0,0.0,0.0
2018-02-12,118.55999755859375,119.30000305175781,118.19000244140625,118.45999908447266,93.02655029296875,10944600,0.0,0.0,0.0
2018-02-13,118.61000061035156,119.01000213623047,118.38999938964844,118.98999786376953,93.4427719116211,8157600,0.0,0.0,0.0
2018-02-14,118.45999908447266,118.54000091552734,117.47000122070312,117.66999816894531,92.40618133544922,12043300,0.0,0.0,0.0
2018-02-15,118.19000244140625,118.80000305175781,117.98999786376953,118.06999969482422,92.7203140258789,8222400,0.0,0.0,0.0
2018-02-16,119.04000091552734,119.20999908447266,118.33999633789062,118.70999908447266,93.22286224365234,8454100,0.0,0.0,0.0
2018-02-20,118.27999877929688,118.51000213623047,117.77999877929688,118.19000244140625,92.81451416015625,8268800,0.0,0.0,0.0
2018-02-21,118.23999786376953,118.29000091552734,116.51000213623047,116.73999786376953,91.67585754394531,12054300,0.0,0.0,0.0
2018-02-22,117.23999786376953,117.66000366210938,117.0,117.08999633789062,91.95071411132812,9317900,0.0,0.0,0.0
2018-02-23,117.87999725341797,118.30999755859375,117.72000122070312,118.12999725341797,92.76742553710938,9072900,0.0,0.0,0.0
2018-02-26,118.68000030517578,118.91000366210938,118.04000091552734,118.16999816894531,92.7988510131836,8771600,0.0,0.0,0.0
2018-02-27,118.5199966430664,118.66000366210938,117.26000213623047,118.0,92.66532897949219,12525700,0.0,0.0,0.0
2018-02-28,118.47000122070312,118.83000183105469,118.25,118.75,93.25431060791016,9311600,0.0,0.0,0.0
2018-03-01,118.43000030517578,119.62000274658203,118.1500015258789,119.31999969482422,93.89090728759766,12287700,0.239,0.0,0.0
2018-03-02,118.8499984741211,118.93000030517578,118.12000274658203,118.3499984741211,93.12760162353516,10064300,0.0,0.0,0.0
2018-03-05,118.75,118.80000305175781,117.62999725341797,118.02999877929688,92.87580108642578,5658200,0.0,0.0,0.0
2018-03-06,118.36000061035156,118.68000030517578,118.12000274658203,118.13999938964844,92.96241760253906,5452000,0.0,0.0,0.0
2018-03-07,118.56999969482422,118.68000030517578,117.95999908447266,118.01000213623047,92.86003875732422,4461800,0.0,0.0,0.0
2018-03-08,118.30999755859375,118.98999786376953,118.26000213623047,118.69000244140625,93.39514923095703,7086700,0.0,0.0,0.0
2018-03-09,117.98999786376953,118.2699966430664,117.58999633789062,117.91000366210938,92.78138732910156,6570400,0.0,0.0,0.0
2018-03-12,118.30999755859375,118.66000366210938,118.19000244140625,118.58999633789062,93.31645202636719,5801300,0.0,0.0,0.0
2018-03-13,118.30999755859375,119.37000274658203,118.19000244140625,119.19000244140625,93.78861236572266,7455300,0.0,0.0,0.0
2018-03-14,119.4000015258789,120.4000015258789,119.37000274658203,120.23999786376953,94.61483001708984,10175000,0.0,0.0,0.0
2018-03-15,120.16999816894531,120.48999786376953,119.93000030517578,120.23999786376953,94.61483001708984,6757900,0.0,0.0,0.0
2018-03-16,119.80000305175781,120.01000213623047,119.55000305175781,119.80999755859375,94.27643585205078,6084300,0.0,0.0,0.0
2018-03-19,119.20999908447266,119.97000122070312,119.19999694824219,119.43000030517578,93.9774169921875,8491200,0.0,0.0,0.0
2018-03-20,118.91000366210938,119.22000122070312,118.83000183105469,118.94999694824219,93.5997314453125,5446000,0.0,0.0,0.0
2018-03-21,118.66000366210938,119.41999816894531,118.11000061035156,119.08000183105469,93.70203399658203,9742400,0.0,0.0,0.0
2018-03-22,120.30999755859375,120.81999969482422,119.66999816894531,120.26000213623047,94.63058471679688,12136600,0.0,0.0,0.0
2018-03-23,119.68000030517578,120.30999755859375,119.62000274658203,120.16999816894531,94.55973052978516,7250400,0.0,0.0,0.0
2018-03-26,120.0,120.44999694824219,119.66999816894531,119.70999908447266,94.19779205322266,8237900,0.0,0.0,0.0
2018-03-27,119.83000183105469,121.12000274658203,119.80999755859375,120.98999786376953,95.20496368408203,9168500,0.0,0.0,0.0
2018-03-28,121.44999694824219,121.63999938964844,120.94999694824219,121.30999755859375,95.45677185058594,7412500,0.0,0.0,0.0
2018-03-29,121.54000091552734,122.29000091552734,121.51000213623047,121.9000015258789,95.92102813720703,9694300,0.0,0.0,0.0
2018-04-02,121.3499984741211,122.36000061035156,121.16000366210938,121.87999725341797,96.11028289794922,12036500,0.26,0.0,0.0
2018-04-03,121.36000061035156,121.4800033569336,120.83000183105469,120.94000244140625,95.36907196044922,9855000,0.0,0.0,0.0
2018-04-04,121.3499984741211,121.45999908447266,120.5999984741211,120.69000244140625,95.17193603515625,6654300,0.0,0.0,0.0
2018-04-05,120.0999984741211,120.2699966430664,119.7699966430664,119.79000091552734,94.46221160888672,7603700,0.0,0.0,0.0
2018-04-06,120.66000366210938,121.1500015258789,120.22000122070312,121.0999984741211,95.49526977539062,8831200,0.0,0.0,0.0
2018-04-09,120.63999938964844,121.30000305175781,120.3499984741211,121.30000305175781,95.65292358398438,6307500,0.0,0.0,0.0
2018-04-10,121.19999694824219,121.37999725341797,120.77999877929688,121.08000183105469,95.4793930053711,6046000,0.0,0.0,0.0
2018-04-11,121.8499984741211,121.88999938964844,121.2699966430664,121.51000213623047,95.81851196289062,5901300,0.0,0.0,0.0
2018-04-12,121.04000091552734,121.06999969482422,120.41000366210938,120.62000274658203,95.11673736572266,6622800,0.0,0.0,0.0
2018-04-13,120.5199966430664,121.12999725341797,120.5,120.9000015258789,95.3375244140625,4964000,0.0,0.0,0.0
2018-04-16,120.2300033569336,120.97000122070312,120.18000030517578,120.94000244140625,95.36907196044922,4491300,0.0,0.0,0.0
2018-04-17,120.91999816894531,121.58000183105469,120.81999969482422,121.2699966430664,95.62925720214844,5590400,0.0,0.0,0.0
2018-04-18,121.29000091552734,121.33999633789062,120.27999877929688,120.30000305175781,94.86434936523438,8138400,0.0,0.0,0.0
2018-04-19,119.41999816894531,119.52999877929688,118.80999755859375,119.31999969482422,94.0915756225586,9875800,0.0,0.0,0.0
2018-04-20,118.88999938964844,119.12999725341797,118.43000030517578,118.45999908447266,93.41341400146484,7579400,0.0,0.0,0.0
2018-04-23,118.33000183105469,118.62000274658203,118.08000183105469,118.48999786376953,93.43707275390625,7073200,0.0,0.0,0.0
2018-04-24,118.20999908447266,118.44999694824219,117.76000213623047,117.94999694824219,93.0112533569336,8190800,0.0,0.0,0.0
2018-04-25,117.41000366210938,117.6500015258789,116.94000244140625,117.16000366210938,92.38829040527344,6603800,0.0,0.0,0.0
2018-04-26,117.7300033569336,118.12999725341797,117.58999633789062,117.9800033569336,93.03488159179688,6528600,0.0,0.0,0.0
2018-04-27,118.47000122070312,118.94999694824219,118.44000244140625,118.88999938964844,93.75252532958984,5401800,0.0,0.0,0.0
2018-04-30,119.08000183105469,119.55999755859375,118.94000244140625,119.0999984741211,93.91810607910156,8321100,0.0,0.0,0.0
2018-05-01,118.7699966430664,118.83999633789062,118.2300033569336,118.41000366210938,93.5798568725586,7979200,0.262,0.0,0.0
2018-05-02,118.63999938964844,118.87000274658203,118.26000213623047,118.27999877929688,93.4770736694336,4644000,0.0,0.0,0.0
2018-05-03,118.83999633789062,119.30999755859375,118.68000030517578,118.80999755859375,93.89595031738281,6345300,0.0,0.0,0.0
2018-05-04,119.2300033569336,119.2300033569336,118.48999786376953,118.98999786376953,94.03822326660156,4283500,0.0,0.0,0.0
2018-05-07,118.97000122070312,119.0199966430664,118.73999786376953,118.80000305175781,93.8880615234375,3647800,0.0,0.0,0.0
2018-05-08,118.55000305175781,119.0,118.30000305175781,118.69000244140625,93.80111694335938,6091200,0.0,0.0,0.0
2018-05-09,118.12000274658203,118.41999816894531,117.9800033569336,117.9800033569336,93.23999786376953,7832500,0.0,0.0,0.0
2018-05-10,118.55000305175781,118.9800033569336,118.3499984741211,118.93000030517578,93.99081420898438,7101500,0.0,0.0,0.0
2018-05-11,119.31999969482422,119.36000061035156,118.81999969482422,119.2300033569336,94.2279052734375,4273400,0.0,0.0,0.0
2018-05-14,118.80000305175781,118.98999786376953,118.58999633789062,118.5999984741211,93.73002624511719,4996200,0.0,0.0,0.0
2018-05-15,117.55999755859375,117.58000183105469,116.69999694824219,117.25,92.6630859375,12901000,0.0,0.0,0.0
2018-05-16,117.41999816894531,117.52999877929688,116.79000091552734,116.80000305175781,92.30744934082031,6518000,0.0,0.0,0.0
2018-05-17,116.62999725341797,116.81999969482422,116.08999633789062,116.20999908447266,91.8412094116211,7330300,0.0,0.0,0.0
2018-05-18,116.51000213623047,117.29000091552734,116.51000213623047,117.20999908447266,92.63146209716797,9606500,0.0,0.0,0.0
2018-05-21,117.12999725341797,117.37999725341797,116.94999694824219,117.2699966430664,92.67891693115234,4448500,0.0,0.0,0.0
2018-05-22,117.29000091552734,117.3499984741211,116.8499984741211,117.08999633789062,92.53665924072266,4700700,0.0,0.0,0.0
2018-05-23,117.75,118.11000061035156,117.66000366210938,117.94000244140625,93.20838928222656,9634000,0.0,0.0,0.0
2018-05-24,118.69000244140625,119.05999755859375,118.63999938964844,118.87999725341797,93.9512710571289,8204100,0.0,0.0,0.0
2018-05-25,119.55999755859375,119.83999633789062,119.47000122070312,119.62000274658203,94.53610229492188,8482800,0.0,0.0,0.0
2018-05-29,120.79000091552734,122.5199966430664,120.43000030517578,122.23999786376953,96.606689453125,21668100,0.0,0.0,0.0
2018-05-30,121.0,121.4800033569336,120.73999786376953,121.41999816894531,95.9586410522461,11616300,0.0,0.0,0.0
2018-05-31,121.55999755859375,121.9800033569336,120.94999694824219,121.22000122070312,95.80059051513672,10769900,0.0,0.0,0.0
2018-06-01,120.16999816894531,120.70999908447266,119.8499984741211,120.30000305175781,95.29438018798828,8718800,0.281,0.0,0.0
2018-06-04,120.11000061035156,120.13999938964844,119.37000274658203,119.43000030517578,94.60527038574219,7156500,0.0,0.0,0.0
2018-06-05,119.95999908447266,120.16000366210938,119.62000274658203,119.70999908447266,94.82704162597656,5635900,0.0,0.0,0.0
2018-06-06,119.08000183105469,119.0999984741211,118.41999816894531,118.73999786376953,94.05867767333984,7813300,0.0,0.0,0.0
2018-06-07,118.69000244140625,120.48999786376953,118.68000030517578,119.88999938964844,94.96965026855469,13238300,0.0,0.0,0.0
2018-06-08,119.55999755859375,119.8499984741211,119.44000244140625,119.52999877929688,94.6844711303711,6790600,0.0,0.0,0.0
2018-06-11,119.06999969482422,119.38999938964844,118.94000244140625,119.30999755859375,94.51020812988281,6844200,0.0,0.0,0.0
2018-06-12,118.93000030517578,119.45999908447266,118.88999938964844,119.33999633789062,94.53394317626953,6048200,0.0,0.0,0.0
2018-06-13,119.44999694824219,119.63999938964844,118.62999725341797,119.27999877929688,94.48641204833984,8834700,0.0,0.0,0.0
2018-06-14,119.77999877929688,120.30000305175781,119.4800033569336,120.2699966430664,95.27063751220703,10078800,0.0,0.0,0.0
2018-06-15,120.83000183105469,121.08999633789062,120.30000305175781,120.37999725341797,95.35777282714844,7992800,0.0,0.0,0.0
2018-06-18,120.4800033569336,120.55999755859375,120.04000091552734,120.2699966430664,95.27063751220703,4893700,0.0,0.0,0.0
2018-06-19,120.97000122070312,121.2300033569336,120.69999694824219,120.97000122070312,95.82515716552734,6133300,0.0,0.0,0.0
2018-06-20,120.7699966430664,120.79000091552734,119.9000015258789,119.91000366210938,94.98548889160156,6879100,0.0,0.0,0.0
2018-06-21,120.36000061035156,120.75,120.22000122070312,120.54000091552734,95.48453521728516,7235800,0.0,0.0,0.0
2018-06-22,120.08999633789062,120.62000274658203,120.05999755859375,120.52999877929688,95.47660827636719,4082500,0.0,0.0,0.0
2018-06-25,120.66000366210938,121.11000061035156,120.63999938964844,120.80000305175781,95.69049072265625,8363700,0.0,0.0,0.0
2018-06-26,120.7699966430664,121.02999877929688,120.66000366210938,120.97000122070312,95.82515716552734,5450000,0.0,0.0,0.0
2018-06-27,121.75,122.18000030517578,121.55000305175781,122.11000061035156,96.72818756103516,8173400,0.0,0.0,0.0
2018-06-28,122.12999725341797,122.25,121.83000183105469,122.13999938964844,96.75196075439453,7109500,0.0,0.0,0.0
2018-06-29,122.16999816894531,122.5,121.6500015258789,121.72000122070312,96.41925811767578,11164700,0.0,0.0,0.0
2018-07-02,121.73999786376953,121.75,121.29000091552734,121.3499984741211,96.34384155273438,9662000,0.275,0.0,0.0
2018-07-03,121.52999877929688,122.02999877929688,121.52999877929688,122.0,96.85987091064453,3808800,0.0,0.0,0.0
2018-07-05,122.05999755859375,122.52999877929688,122.01000213623047,122.3499984741211,97.13774108886719,3860400,0.0,0.0,0.0
2018-07-06,122.75,122.91999816894531,122.4800033569336,122.75,97.45530700683594,4679900,0.0,0.0,0.0
2018-07-09,122.06999969482422,122.20999908447266,121.9000015258789,121.95999908447266,96.8281021118164,5952700,0.0,0.0,0.0
2018-07-10,121.87000274658203,122.12999725341797,121.80999755859375,121.94999694824219,96.8202133178711,5759700,0.0,0.0,0.0
2018-07-11,122.44999694824219,122.55000305175781,122.08999633789062,122.41999816894531,97.19331359863281,6869100,0.0,0.0,0.0
2018-07-12,122.16999816894531,122.47000122070312,122.13999938964844,122.41000366210938,97.18537139892578,4824700,0.0,0.0,0.0
2018-07-13,122.61000061035156,122.87000274658203,122.47000122070312,122.72000122070312,97.43152618408203,4079000,0.0,0.0,0.0
2018-07-16,122.20999908447266,122.29000091552734,121.63999938964844,122.20999908447266,97.02659606933594,5517100,0.0,0.0,0.0
2018-07-17,122.29000091552734,122.38999938964844,121.9000015258789,121.9800033569336,96.8440170288086,3764300,0.0,0.0,0.0
2018-07-18,122.0199966430664,122.04000091552734,121.38999938964844,121.48999786376953,96.45497131347656,6330000,0.0,0.0,0.0
2018-07-19,121.80000305175781,122.44999694824219,121.7699966430664,122.26000213623047,97.06629943847656,6166700,0.0,0.0,0.0
2018-07-20,121.58000183105469,121.58999633789062,120.69999694824219,120.76000213623047,95.87541961669922,10469500,0.0,0.0,0.0
2018-07-23,120.37999725341797,120.37999725341797,119.18000030517578,119.2699966430664,94.69242858886719,11571800,0.0,0.0,0.0
2018-07-24,119.27999877929688,119.81999969482422,119.13999938964844,119.68000030517578,95.01795959472656,9053500,0.0,0.0,0.0
2018-07-25,120.0199966430664,120.26000213623047,119.26000213623047,119.48999786376953,94.86711883544922,7357900,0.0,0.0,0.0
2018-07-26,119.70999908447266,119.87999725341797,119.16000366210938,119.26000213623047,94.68450927734375,6821100,0.0,0.0,0.0
2018-07-27,119.8499984741211,119.87000274658203,119.4000015258789,119.45999908447266,94.84332275390625,4542000,0.0,0.0,0.0
2018-07-30,118.98999786376953,119.41000366210938,118.97000122070312,119.05000305175781,94.51777648925781,7111200,0.0,0.0,0.0
2018-07-31,119.79000091552734,119.86000061035156,119.55999755859375,119.69999694824219,95.03386688232422,6797400,0.0,0.0,0.0
2018-08-01,118.29000091552734,118.83999633789062,118.06999969482422,118.45999908447266,94.25959777832031,13312600,0.267,0.0,0.0
2018-08-02,118.62000274658203,118.73999786376953,118.30000305175781,118.62999725341797,94.39486694335938,4451100,0.0,0.0,0.0
2018-08-03,118.83000183105469,119.29000091552734,118.80999755859375,119.22000122070312,94.86436462402344,6162400,0.0,0.0,0.0
2018-08-06,119.54000091552734,119.83999633789062,119.2699966430664,119.29000091552734,94.9200668334961,4200200,0.0,0.0,0.0
2018-08-07,119.02999877929688,119.0999984741211,118.56999969482422,118.66999816894531,94.42670440673828,5346900,0.0,0.0,0.0
2018-08-08,118.66000366210938,119.02999877929688,118.61000061035156,118.79000091552734,94.52217864990234,5640900,0.0,0.0,0.0
2018-08-09,119.2300033569336,119.83000183105469,119.12000274658203,119.79000091552734,95.31788635253906,7144100,0.0,0.0,0.0
2018-08-10,120.37000274658203,121.05000305175781,120.27999877929688,120.66000366210938,96.01014709472656,8457900,0.0,0.0,0.0
2018-08-13,120.25,120.69999694824219,120.20999908447266,120.41000366210938,95.81122589111328,7923200,0.0,0.0,0.0
2018-08-14,120.54000091552734,120.55999755859375,120.02999877929688,120.13999938964844,95.59640502929688,4251200,0.0,0.0,0.0
2018-08-15,120.66000366210938,121.12999725341797,120.56999969482422,120.83999633789062,96.15340423583984,7649800,0.0,0.0,0.0
2018-08-16,120.80999755859375,120.93000030517578,120.27999877929688,120.83000183105469,96.14543151855469,5400400,0.0,0.0,0.0
2018-08-17,121.08999633789062,121.38999938964844,120.75,120.9800033569336,96.2647933959961,3537600,0.0,0.0,0.0
2018-08-20,121.63999938964844,121.91000366210938,121.54000091552734,121.79000091552734,96.90933227539062,5603700,0.0,0.0,0.0
2018-08-21,121.37000274658203,121.52999877929688,121.06999969482422,121.37999725341797,96.58305358886719,4695000,0.0,0.0,0.0
2018-08-22,122.0,122.05000305175781,121.58000183105469,121.86000061035156,96.96501159667969,5309600,0.0,0.0,0.0
2018-08-23,122.0,122.12999725341797,121.77999877929688,122.05000305175781,97.1162338256836,5328700,0.0,0.0,0.0
2018-08-24,121.62000274658203,122.33000183105469,121.48999786376953,122.29000091552734,97.30718231201172,6092200,0.0,0.0,0.0
2018-08-27,121.77999877929688,121.87000274658203,121.5199966430664,121.58999633789062,96.75016021728516,6407400,0.0,0.0,0.0
2018-08-28,121.0,121.08999633789062,120.68000030517578,120.86000061035156,96.16934204101562,4929300,0.0,0.0,0.0
2018-08-29,120.94000244140625,121.1500015258789,120.62000274658203,121.0199966430664,96.2966079711914,5613300,0.0,0.0,0.0
2018-08-30,121.30999755859375,121.45999908447266,121.08000183105469,121.27999877929688,96.5035171508789,5302900,0.0,0.0,0.0
2018-08-31,121.88999938964844,121.91999816894531,120.88999938964844,121.0,96.28072357177734,9677500,0.0,0.0,0.0
2018-09-04,119.95999908447266,120.0999984741211,119.75,120.02999877929688,95.72405242919922,18343600,0.272,0.0,0.0
2018-09-05,119.76000213623047,119.9000015258789,119.55000305175781,119.70999908447266,95.46880340576172,9422600,0.0,0.0,0.0
2018-09-06,119.76000213623047,120.4000015258789,119.69000244140625,120.1500015258789,95.81974792480469,9566000,0.0,0.0,0.0
2018-09-07,119.33000183105469,119.4000015258789,118.98999786376953,119.12999725341797,95.00630950927734,11212600,0.0,0.0,0.0
2018-09-10,119.16999816894531,119.5999984741211,119.16999816894531,119.56999969482422,95.3572006225586,6386400,0.0,0.0,0.0
2018-09-11,119.08000183105469,119.16999816894531,118.5999984741211,118.66000366210938,94.63148498535156,5440000,0.0,0.0,0.0
2018-09-12,119.05000305175781,119.16999816894531,118.9000015258789,118.94000244140625,94.85477447509766,3347200,0.0,0.0,0.0
2018-09-13,119.33999633789062,119.56999969482422,118.9800033569336,119.12000274658203,94.99834442138672,4833000,0.0,0.0,0.0
2018-09-14,118.41000366210938,118.91000366210938,118.30000305175781,118.55000305175781,94.5437240600586,5579500,0.0,0.0,0.0
2018-09-17,118.18000030517578,118.81999969482422,118.12000274658203,118.55000305175781,94.5437240600586,5433000,0.0,0.0,0.0
2018-09-18,118.05999755859375,118.06999969482422,117.16000366210938,117.30999755859375,93.55482482910156,10182300,0.0,0.0,0.0
2018-09-19,117.11000061035156,117.11000061035156,116.19000244140625,116.61000061035156,92.99663543701172,13379600,0.0,0.0,0.0
2018-09-20,116.58000183105469,117.30000305175781,116.47000122070312,117.1500015258789,93.4272689819336,8657300,0.0,0.0,0.0
2018-09-21,116.87000274658203,117.27999877929688,116.83999633789062,117.0999984741211,93.38737487792969,6173800,0.0,0.0,0.0
2018-09-24,116.73999786376953,117.2699966430664,116.72000122070312,116.80000305175781,93.1481704711914,5505500,0.0,0.0,0.0
2018-09-25,116.4800033569336,116.73999786376953,116.4000015258789,116.68000030517578,93.05241394042969,6650900,0.0,0.0,0.0
2018-09-26,116.93000030517578,117.58000183105469,116.66000366210938,117.5,93.7064208984375,9512700,0.0,0.0,0.0
2018-09-27,117.23999786376953,117.6500015258789,117.0999984741211,117.58000183105469,93.77017974853516,5758500,0.0,0.0,0.0
2018-09-28,117.8499984741211,117.91000366210938,117.22000122070312,117.2699966430664,93.52294921875,12807700,0.0,0.0,0.0
2018-10-01,116.66000366210938,116.83000183105469,116.12000274658203,116.1500015258789,92.83638763427734,22442400,0.261,0.0,0.0
2018-10-02,116.66999816894531,117.12999725341797,116.5999984741211,116.86000061035156,93.40386962890625,8266900,0.0,0.0,0.0
2018-10-03,116.2699966430664,116.36000061035156,114.23999786376953,114.83000183105469,91.78131866455078,20829200,0.0,0.0,0.0
2018-10-04,114.12999725341797,114.38999938964844,113.70999908447266,114.0199966430664,91.13387298583984,16207400,0.0,0.0,0.0
2018-10-05,113.38999938964844,113.72000122070312,112.62000274658203,113.04000091552734,90.35061645507812,18096500,0.0,0.0,0.0
2018-10-08,112.98999786376953,113.11000061035156,112.63999938964844,112.66000366210938,90.046875,5855900,0.0,0.0,0.0
2018-10-09,113.13999938964844,113.8499984741211,113.06999969482422,113.80000305175781,90.95806884765625,11530800,0.0,0.0,0.0
2018-10-10,113.13999938964844,113.58000183105469,112.79000091552734,113.48999786376953,90.71028137207031,15290100,0.0,0.0,0.0
2018-10-11,114.0,115.1500015258789,113.79000091552734,114.87000274658203,91.81330108642578,16086800,0.0,0.0,0.0
2018-10-12,114.38999938964844,115.01000213623047,114.27999877929688,114.47000122070312,91.49359893798828,6794100,0.0,0.0,0.0
2018-10-15,114.66000366210938,114.81999969482422,114.29000091552734,114.41999816894531,91.45360565185547,7146300,0.0,0.0,0.0
2018-10-16,114.38999938964844,114.72000122070312,114.16000366210938,114.68000030517578,91.66143035888672,4762300,0.0,0.0,0.0
2018-10-17,114.66000366210938,114.79000091552734,113.9800033569336,114.0,91.117919921875,5880700,0.0,0.0,0.0
2018-10-18,113.62000274658203,114.38999938964844,113.55000305175781,113.95999908447266,91.08595275878906,5728800,0.0,0.0,0.0
2018-10-19,113.8499984741211,113.94999694824219,113.41000366210938,113.70999908447266,90.88614654541016,10892400,0.0,0.0,0.0
2018-10-22,113.94999694824219,114.08000183105469,113.52999877929688,113.55999755859375,90.7662353515625,3244200,0.0,0.0,0.0
2018-10-23,114.76000213623047,115.0199966430664,113.83999633789062,113.91999816894531,91.05397033691406,10330700,0.0,0.0,0.0
2018-10-24,114.36000061035156,114.81999969482422,114.23999786376953,114.77999877929688,91.74134063720703,16008000,0.0,0.0,0.0
2018-10-25,114.54000091552734,114.73999786376953,114.2300033569336,114.30000305175781,91.35769653320312,12613200,0.0,0.0,0.0
2018-10-26,114.93000030517578,115.31999969482422,114.79000091552734,114.98999786376953,91.90918731689453,18582500,0.0,0.0,0.0
2018-10-29,114.83999633789062,115.0199966430664,114.26000213623047,114.7300033569336,91.70140075683594,7679900,0.0,0.0,0.0
2018-10-30,114.26000213623047,114.54000091552734,114.0199966430664,114.16000366210938,91.24579620361328,9939500,0.0,0.0,0.0
2018-10-31,113.73999786376953,113.95999908447266,113.20999908447266,113.58000183105469,90.7822265625,8706400,0.0,0.0,0.0
2018-11-01,112.8499984741211,113.55999755859375,112.83999633789062,113.41000366210938,90.86636352539062,6100200,0.275,0.0,0.0
2018-11-02,113.16999816894531,113.26000213623047,111.9000015258789,112.0,89.73666381835938,11314800,0.0,0.0,0.0
2018-11-05,112.4800033569336,112.70999908447266,112.3499984741211,112.44000244140625,90.08917999267578,4760200,0.0,0.0,0.0
2018-11-06,112.5999984741211,112.7300033569336,112.33000183105469,112.37000274658203,90.03307342529297,3159900,0.0,0.0,0.0
2018-11-07,113.19000244140625,113.4000015258789,112.41000366210938,112.5199966430664,90.15325927734375,9313100,0.0,0.0,0.0
2018-11-08,112.95999908447266,112.97000122070312,112.41000366210938,112.51000213623047,90.14527130126953,6905100,0.0,0.0,0.0
2018-11-09,112.75,113.5,112.72000122070312,113.3499984741211,90.81828308105469,6465300,0.0,0.0,0.0
2018-11-12,113.94999694824219,114.30999755859375,113.91000366210938,114.08999633789062,91.41117858886719,6840000,0.0,0.0,0.0
2018-11-13,113.70999908447266,114.0199966430664,113.4800033569336,114.0199966430664,91.35506439208984,6525800,0.0,0.0,0.0
2018-11-14,113.4800033569336,114.5199966430664,113.30000305175781,114.08999633789062,91.41117858886719,8690800,0.0,0.0,0.0
2018-11-15,114.44000244140625,114.54000091552734,113.68000030517578,114.04000091552734,91.37112426757812,7879600,0.0,0.0,0.0
2018-11-16,114.19999694824219,114.80999755859375,113.91999816894531,114.69999694824219,91.89994049072266,9236700,0.0,0.0,0.0
2018-11-19,114.41000366210938,115.0199966430664,114.41000366210938,115.0199966430664,92.15635681152344,7027200,0.0,0.0,0.0
2018-11-20,115.23999786376953,115.45999908447266,114.93000030517578,115.05999755859375,92.18836212158203,6332600,0.0,0.0,0.0
2018-11-21,114.88999938964844,115.08999633789062,114.54000091552734,115.0199966430664,92.15635681152344,4951100,0.0,0.0,0.0
2018-11-23,115.66999816894531,115.76000213623047,115.08999633789062,115.13999938964844,92.25242614746094,3027900,0.0,0.0,0.0
2018-11-26,114.86000061035156,115.05999755859375,114.77999877929688,114.87999725341797,92.04410552978516,6599000,0.0,0.0,0.0
2018-11-27,114.80999755859375,115.25,114.76000213623047,115.01000213623047,92.14834594726562,5967200,0.0,0.0,0.0
2018-11-28,114.8499984741211,115.0199966430664,114.36000061035156,114.44999694824219,91.6996078491211,7814000,0.0,0.0,0.0
2018-11-29,114.91999816894531,115.25,114.58999633789062,114.9000015258789,92.06019592285156,7295600,0.0,0.0,0.0
2018-11-30,115.30999755859375,115.41999816894531,114.9800033569336,115.33000183105469,92.40470886230469,9127800,0.0,0.0,0.0
2018-12-03,114.68000030517578,115.87999725341797,114.66000366210938,115.87999725341797,93.06082916259766,9763800,0.267,0.0,0.0
2018-12-04,116.80999755859375,118.66999816894531,116.62999725341797,117.81999969482422,94.61878204345703,18100500,0.0,0.0,0.0
2018-12-06,118.54000091552734,119.19999694824219,118.12999725341797,118.19000244140625,94.91590118408203,15319400,0.0,0.0,0.0
2018-12-07,117.80999755859375,118.52999877929688,117.5199966430664,118.41000366210938,95.09260559082031,8608400,0.0,0.0,0.0
2018-12-10,118.87000274658203,119.27999877929688,118.44000244140625,118.9000015258789,95.48609161376953,8777700,0.0,0.0,0.0
2018-12-11,118.97000122070312,119.37999725341797,118.61000061035156,118.87999725341797,95.47005462646484,8071900,0.0,0.0,0.0
2018-12-12,118.58000183105469,118.72000122070312,118.23999786376953,118.3499984741211,95.04440307617188,6182200,0.0,0.0,0.0
2018-12-13,118.45999908447266,118.58000183105469,117.9800033569336,118.06999969482422,94.81954956054688,5564200,0.0,0.0,0.0
2018-12-14,118.55000305175781,118.7699966430664,118.22000122070312,118.4800033569336,95.14883422851562,8169200,0.0,0.0,0.0
2018-12-17,118.58999633789062,119.30000305175781,118.58000183105469,119.16999816894531,95.7029037475586,9726800,0.0,0.0,0.0
2018-12-18,119.06999969482422,119.79000091552734,118.94000244140625,119.5999984741211,96.2761001586914,10018800,0.282,0.0,0.0
2018-12-19,120.11000061035156,121.66000366210938,119.91999816894531,121.18000030517578,97.5479965209961,23046300,0.0,0.0,0.0
2018-12-20,122.01000213623047,122.02999877929688,120.66999816894531,120.73999786376953,97.19378662109375,18543700,0.0,0.0,0.0
2018-12-21,121.13999938964844,121.20999908447266,120.38999938964844,120.72000122070312,97.17765808105469,9945100,0.0,0.0,0.0
2018-12-24,121.12999725341797,121.41999816894531,120.91000366210938,121.31999969482422,97.6606674194336,8377500,0.0,0.0,0.0
2018-12-26,120.98999786376953,121.38999938964844,119.97000122070312,120.0199966430664,96.61417388916016,11700400,0.0,0.0,0.0
2018-12-27,121.26000213623047,121.37999725341797,119.9800033569336,120.04000091552734,96.63026428222656,12146500,0.0,0.0,0.0
2018-12-28,120.4000015258789,121.05000305175781,120.29000091552734,121.05000305175781,97.44332122802734,9879100,0.0,0.0,0.0
2018-12-31,120.6500015258789,121.55999755859375,120.45999908447266,121.51000213623047,97.81362915039062,17409000,0.0,0.0,0.0
2019-01-02,121.66000366210938,122.16000366210938,121.33999633789062,122.1500015258789,98.32879638671875,19841500,0.0,0.0,0.0
2019-01-03,122.29000091552734,123.86000061035156,122.2300033569336,123.54000091552734,99.4477310180664,21187000,0.0,0.0,0.0
2019-01-04,122.33999633789062,122.55999755859375,121.6500015258789,122.11000061035156,98.29662322998047,12970200,0.0,0.0,0.0
2019-01-07,122.62000274658203,122.6500015258789,121.62000274658203,121.75,98.00680541992188,8498100,0.0,0.0,0.0
2019-01-08,121.69000244140625,121.94000244140625,121.38999938964844,121.43000030517578,97.74918365478516,7737100,0.0,0.0,0.0
2019-01-09,121.26000213623047,121.43000030517578,120.80000305175781,121.23999786376953,97.59622955322266,9349200,0.0,0.0,0.0
2019-01-10,121.27999877929688,121.41000366210938,120.33999633789062,120.45999908447266,96.9683609008789,8222900,0.0,0.0,0.0
2019-01-11,120.83000183105469,121.2699966430664,120.68000030517578,120.93000030517578,97.34674072265625,5786900,0.0,0.0,0.0
2019-01-14,120.9000015258789,121.01000213623047,120.23999786376953,120.4800033569336,96.98448944091797,6730500,0.0,0.0,0.0
2019-01-15,120.55999755859375,120.56999969482422,119.94999694824219,120.04000091552734,96.63026428222656,8997400,0.0,0.0,0.0
2019-01-16,119.58999633789062,120.38999938964844,119.51000213623047,120.16000366210938,96.72689056396484,6048400,0.0,0.0,0.0
2019-01-17,120.22000122070312,120.52999877929688,119.88999938964844,120.19000244140625,96.75106048583984,8153400,0.0,0.0,0.0
2019-01-18,119.83999633789062,120.12000274658203,119.38999938964844,119.55999755859375,96.24385070800781,14106400,0.0,0.0,0.0
2019-01-22,120.30999755859375,120.72000122070312,120.06999969482422,120.37000274658203,96.8958740234375,8881100,0.0,0.0,0.0
2019-01-23,119.87999725341797,120.62000274658203,119.83000183105469,120.31999969482422,96.85566711425781,5776800,0.0,0.0,0.0
2019-01-24,120.91000366210938,121.26000213623047,120.70999908447266,121.11000061035156,97.49164581298828,7121900,0.0,0.0,0.0
2019-01-25,120.58999633789062,120.75,120.31999969482422,120.52999877929688,97.02471160888672,6460800,0.0,0.0,0.0
2019-01-28,120.54000091552734,120.94000244140625,120.41000366210938,120.41000366210938,96.92809295654297,6435800,0.0,0.0,0.0
2019-01-29,120.52999877929688,121.04000091552734,120.38999938964844,121.0199966430664,97.4191665649414,5750100,0.0,0.0,0.0
2019-01-30,120.83999633789062,120.9800033569336,120.33000183105469,120.93000030517578,97.34674072265625,10571300,0.0,0.0,0.0
2019-01-31,121.55000305175781,122.18000030517578,121.5,121.97000122070312,98.18391418457031,11843400,0.0,0.0,0.0
2019-02-01,121.4800033569336,121.56999969482422,120.83999633789062,120.95999908447266,97.5909194946289,12024600,0.275,0.0,0.0
2019-02-04,120.44000244140625,120.55000305175781,120.0199966430664,120.41999816894531,97.15523529052734,8966200,0.0,0.0,0.0
2019-02-05,120.7300033569336,121.2300033569336,120.66000366210938,120.97000122070312,97.5989990234375,6983300,0.0,0.0,0.0
2019-02-06,121.36000061035156,121.41000366210938,120.7300033569336,121.02999877929688,97.64738464355469,5184000,0.0,0.0,0.0
2019-02-07,121.45999908447266,121.91000366210938,121.2300033569336,121.83000183105469,98.29283142089844,8781000,0.0,0.0,0.0
2019-02-08,122.26000213623047,122.47000122070312,122.06999969482422,122.3499984741211,98.71234130859375,5885400,0.0,0.0,0.0
2019-02-11,121.86000061035156,122.18000030517578,121.75,121.87000274658203,98.3250732421875,4352800,0.0,0.0,0.0
2019-02-12,121.66000366210938,121.75,121.19999694824219,121.55999755859375,98.07500457763672,7939600,0.0,0.0,0.0
2019-02-13,121.1500015258789,121.38999938964844,120.91000366210938,121.0999984741211,97.703857421875,4757700,0.0,0.0,0.0
2019-02-14,122.13999938964844,122.19999694824219,121.58000183105469,121.79000091552734,98.26054382324219,5868900,0.0,0.0,0.0
2019-02-15,121.55999755859375,122.0199966430664,121.54000091552734,121.9800033569336,98.4138412475586,5527200,0.0,0.0,0.0
2019-02-19,122.41999816894531,122.54000091552734,121.94999694824219,122.29000091552734,98.6639404296875,5872800,0.0,0.0,0.0
2019-02-20,121.94999694824219,122.08000183105469,121.58999633789062,121.94000244140625,98.38156127929688,4455800,0.0,0.0,0.0
2019-02-21,121.06999969482422,121.16000366210938,120.69999694824219,120.8499984741211,97.50215148925781,7382500,0.0,0.0,0.0
2019-02-22,121.47000122070312,121.94999694824219,121.41999816894531,121.56999969482422,98.08304595947266,6374600,0.0,0.0,0.0
2019-02-25,121.16999816894531,121.30000305175781,120.91999816894531,121.20999908447266,97.7925796508789,6293500,0.0,0.0,0.0
2019-02-26,121.7300033569336,121.81999969482422,121.36000061035156,121.80999755859375,98.27666473388672,6028900,0.0,0.0,0.0
2019-02-27,121.12000274658203,121.12999725341797,120.27999877929688,120.43000030517578,97.1633071899414,7737300,0.0,0.0,0.0
2019-02-28,120.55999755859375,120.62000274658203,119.70999908447266,120.0199966430664,96.83250427246094,9533400,0.0,0.0,0.0
2019-03-01,119.33000183105469,119.52999877929688,118.63999938964844,118.66000366210938,95.9374771118164,13541100,0.253,0.0,0.0
2019-03-04,119.29000091552734,119.7699966430664,119.05999755859375,119.58999633789062,96.68940734863281,9808500,0.0,0.0,0.0
2019-03-05,119.27999877929688,119.87000274658203,119.2699966430664,119.83999633789062,96.89151763916016,5595200,0.0,0.0,0.0
2019-03-06,119.91999816894531,120.5199966430664,119.88999938964844,120.27999877929688,97.24723815917969,7766700,0.0,0.0,0.0
2019-03-07,120.63999938964844,121.26000213623047,120.61000061035156,121.05999755859375,97.87789916992188,8187200,0.0,0.0,0.0
2019-03-08,121.12000274658203,121.69000244140625,120.8499984741211,121.56999969482422,98.29020690917969,7517600,0.0,0.0,0.0
2019-03-11,121.4000015258789,121.41999816894531,120.9800033569336,121.20999908447266,97.99916076660156,5157800,0.0,0.0,0.0
2019-03-12,121.30000305175781,122.2300033569336,121.26000213623047,122.05999755859375,98.68641662597656,6422300,0.0,0.0,0.0
2019-03-13,121.66000366210938,121.95999908447266,121.62000274658203,121.83000183105469,98.50045776367188,4386300,0.0,0.0,0.0
2019-03-14,121.69000244140625,121.76000213623047,120.91999816894531,120.94999694824219,97.78893280029297,8188400,0.0,0.0,0.0
2019-03-15,121.73999786376953,121.94999694824219,121.4000015258789,121.75,98.43578338623047,4302000,0.0,0.0,0.0
2019-03-18,121.56999969482422,121.87000274658203,121.5199966430664,121.68000030517578,98.37918853759766,3893300,0.0,0.0,0.0
2019-03-19,121.08999633789062,121.62000274658203,120.88999938964844,121.41000366210938,98.16087341308594,5220200,0.0,0.0,0.0
2019-03-20,121.73999786376953,122.8499984741211,121.7300033569336,122.68000030517578,99.18766784667969,10123700,0.0,0.0,0.0
2019-03-21,122.95999908447266,123.08999633789062,122.73999786376953,122.94999694824219,99.4059829711914,7182600,0.0,0.0,0.0
2019-03-22,124.20999908447266,125.27999877929688,124.05999755859375,124.86000061035156,100.95024108886719,13077000,0.0,0.0,0.0
2019-03-25,124.80999755859375,125.94000244140625,124.51000213623047,125.05999755859375,101.11193084716797,9736300,0.0,0.0,0.0
2019-03-26,124.69999694824219,125.29000091552734,124.62000274658203,124.97000122070312,101.0391845703125,7502000,0.0,0.0,0.0
2019-03-27,125.41999816894531,126.33999633789062,125.30999755859375,126.12000274658203,101.96892547607422,14207200,0.0,0.0,0.0
2019-03-28,126.25,126.69000244140625,126.01000213623047,126.55999755859375,102.32467651367188,9143200,0.0,0.0,0.0
2019-03-29,125.68000030517578,126.47000122070312,125.63999938964844,126.44000244140625,102.22767639160156,10841400,0.0,0.0,0.0
2019-04-01,125.29000091552734,125.36000061035156,124.19000244140625,124.37000274658203,100.77565002441406,16501500,0.278,0.0,0.0
2019-04-02,124.4800033569336,124.73999786376953,124.25,124.5999984741211,100.9620132446289,9725000,0.0,0.0,0.0
2019-04-03,123.61000061035156,123.87000274658203,123.37000274658203,123.5199966430664,100.08686065673828,10407000,0.0,0.0,0.0
2019-04-04,123.5999984741211,123.88999938964844,123.44000244140625,123.87000274658203,100.37049102783203,7503400,0.0,0.0,0.0
2019-04-05,123.62000274658203,124.16999816894531,123.58000183105469,124.02999877929688,100.5001220703125,6321800,0.0,0.0,0.0
2019-04-08,123.83000183105469,123.94999694824219,123.5199966430664,123.58999633789062,100.14363861083984,4446400,0.0,0.0,0.0
2019-04-09,124.22000122070312,124.33999633789062,123.7699966430664,123.9800033569336,100.45963287353516,7020300,0.0,0.0,0.0
2019-04-10,124.2699966430664,124.5199966430664,124.0999984741211,124.27999877929688,100.70270538330078,7519900,0.0,0.0,0.0
2019-04-11,123.93000030517578,124.0199966430664,123.41000366210938,123.55000305175781,100.11119842529297,8679300,0.0,0.0,0.0
2019-04-12,122.88999938964844,123.05999755859375,122.62999725341797,122.66999816894531,99.39815521240234,7005500,0.0,0.0,0.0
2019-04-15,122.77999877929688,122.98999786376953,122.72000122070312,122.9800033569336,99.64932250976562,3070000,0.0,0.0,0.0
2019-04-16,122.51000213623047,122.62999725341797,122.13999938964844,122.20999908447266,99.02542114257812,8927300,0.0,0.0,0.0
2019-04-17,122.12999725341797,122.56999969482422,122.11000061035156,122.26000213623047,99.0659408569336,6118500,0.0,0.0,0.0
2019-04-18,122.80999755859375,123.0999984741211,122.77999877929688,122.9000015258789,99.58451080322266,27589400,0.0,0.0,0.0
2019-04-22,122.47000122070312,122.56999969482422,122.23999786376953,122.30999755859375,99.10641479492188,6241200,0.0,0.0,0.0
2019-04-23,122.61000061035156,122.69999694824219,122.38999938964844,122.56999969482422,99.31710815429688,6239700,0.0,0.0,0.0
2019-04-24,123.11000061035156,123.58999633789062,123.08999633789062,123.56999969482422,100.12737274169922,7302000,0.0,0.0,0.0
2019-04-25,123.48999786376953,123.62000274658203,123.0999984741211,123.38999938964844,99.98157501220703,5380900,0.0,0.0,0.0
2019-04-26,123.9800033569336,124.0199966430664,123.63999938964844,123.80999755859375,100.32185363769531,5950700,0.0,0.0,0.0
2019-04-29,123.2300033569336,123.3499984741211,122.8499984741211,123.0199966430664,99.68177032470703,10246000,0.0,0.0,0.0
2019-04-30,122.94999694824219,123.73999786376953,122.93000030517578,123.6500015258789,100.19219970703125,7957400,0.0,0.0,0.0
2019-05-01,123.69000244140625,124.44999694824219,123.5999984741211,123.9000015258789,100.60551452636719,14371900,0.259,0.0,0.0
2019-05-02,123.68000030517578,123.80999755859375,123.04000091552734,123.30999755859375,100.1264419555664,6612800,0.0,0.0,0.0
2019-05-03,123.66000366210938,123.87999725341797,123.37000274658203,123.66000366210938,100.41063690185547,6191700,0.0,0.0,0.0
2019-05-06,124.30999755859375,124.37999725341797,123.93000030517578,124.0,100.68671417236328,4482500,0.0,0.0,0.0
2019-05-07,124.52999877929688,125.13999938964844,124.38999938964844,124.94999694824219,101.45811462402344,8984900,0.0,0.0,0.0
2019-05-08,125.1500015258789,125.30000305175781,124.30000305175781,124.41000366210938,101.01962280273438,6907600,0.0,0.0,0.0
2019-05-09,125.11000061035156,125.30000305175781,124.30999755859375,124.91999816894531,101.4337387084961,9411900,0.0,0.0,0.0
2019-05-10,124.88999938964844,125.44999694824219,124.58999633789062,124.75,101.29573059082031,6037800,0.0,0.0,0.0
2019-05-13,125.4000015258789,125.93000030517578,125.25,125.7300033569336,102.09146881103516,10501600,0.0,0.0,0.0
2019-05-14,125.51000213623047,125.6500015258789,125.19999694824219,125.36000061035156,101.79105377197266,5690400,0.0,0.0,0.0
2019-05-15,126.20999908447266,126.2699966430664,125.7699966430664,126.12999725341797,102.416259765625,9566300,0.0,0.0,0.0
2019-05-16,125.80999755859375,125.83000183105469,125.52999877929688,125.70999908447266,102.07526397705078,7666400,0.0,0.0,0.0
2019-05-17,126.27999877929688,126.30000305175781,125.69000244140625,125.98999786376953,102.30256652832031,4747100,0.0,0.0,0.0
2019-05-20,126.12000274658203,126.37999725341797,125.6500015258789,125.7300033569336,102.09146881103516,6043100,0.0,0.0,0.0
2019-05-21,125.5999984741211,125.72000122070312,125.30000305175781,125.52999877929688,101.9290542602539,4021800,0.0,0.0,0.0
2019-05-22,125.7699966430664,126.33000183105469,125.72000122070312,126.25,102.51370239257812,5675300,0.0,0.0,0.0
2019-05-23,126.88999938964844,128.08999633789062,126.87999725341797,127.66999816894531,103.66671752929688,9743700,0.0,0.0,0.0
2019-05-24,127.55999755859375,127.77999877929688,127.38999938964844,127.77999877929688,103.75603485107422,4981900,0.0,0.0,0.0
2019-05-28,128.27000427246094,128.89999389648438,128.08999633789062,128.6999969482422,104.50311279296875,8098600,0.0,0.0,0.0
2019-05-29,129.6699981689453,129.89999389648438,129.0,129.08999633789062,104.81970977783203,13260600,0.0,0.0,0.0
2019-05-30,129.3300018310547,130.22999572753906,128.88999938964844,130.1999969482422,105.7210693359375,13024800,0.0,0.0,0.0
2019-05-31,130.89999389648438,131.89999389648438,130.80999755859375,131.8300018310547,107.04463195800781,18933600,0.0,0.0,0.0
2019-06-03,131.91000366210938,132.5800018310547,131.5500030517578,132.44000244140625,107.76065063476562,17822400,0.27,0.0,0.0
2019-06-04,131.38999938964844,131.75999450683594,130.5500030517578,130.92999267578125,106.53199005126953,14250000,0.0,0.0,0.0
2019-06-05,130.52000427246094,130.9499969482422,130.1199951171875,130.19000244140625,105.929931640625,8815200,0.0,0.0,0.0
2019-06-06,130.97000122070312,131.58999633789062,130.32000732421875,130.61000061035156,106.27163696289062,9621100,0.0,0.0,0.0
2019-06-07,131.7899932861328,132.07000732421875,131.44000244140625,131.74000549316406,107.1910400390625,11378500,0.0,0.0,0.0
2019-06-10,130.67999267578125,130.6999969482422,130.32000732421875,130.5,106.18212127685547,8288700,0.0,0.0,0.0
2019-06-11,130.4199981689453,130.75999450683594,130.32000732421875,130.5800018310547,106.24723815917969,5115100,0.0,0.0,0.0
2019-06-12,130.38999938964844,130.75,130.3000030517578,130.67999267578125,106.32858276367188,5278700,0.0,0.0,0.0
2019-06-13,130.8000030517578,131.25,130.7899932861328,131.1300048828125,106.69475555419922,5560400,0.0,0.0,0.0
2019-06-14,131.10000610351562,131.7100067138672,131.08999633789062,131.4600067138672,106.9632339477539,5838800,0.0,0.0,0.0
2019-06-17,131.38999938964844,131.75999450683594,131.1300048828125,131.69000244140625,107.1503677368164,6046400,0.0,0.0,0.0
2019-06-18,132.74000549316406,132.86000061035156,131.9499969482422,132.35000610351562,107.6874008178711,10320700,0.0,0.0,0.0
2019-06-19,131.86000061035156,132.72000122070312,131.5800018310547,132.5399932861328,107.84200286865234,11962500,0.0,0.0,0.0
2019-06-20,132.91000366210938,133.50999450683594,132.58999633789062,132.88999938964844,108.12675476074219,10721500,0.0,0.0,0.0
2019-06-21,132.50999450683594,132.52999877929688,131.3800048828125,131.42999267578125,106.93885040283203,14495000,0.0,0.0,0.0
2019-06-24,132.16000366210938,132.52999877929688,132.0800018310547,132.41000366210938,107.73623657226562,6378800,0.0,0.0,0.0
2019-06-25,132.7899932861328,133.08999633789062,132.72000122070312,132.82000732421875,108.06980895996094,9604600,0.0,0.0,0.0
2019-06-26,132.67999267578125,132.6999969482422,131.8800048828125,131.97000122070312,107.37821197509766,12766800,0.0,0.0,0.0
2019-06-27,132.30999755859375,133.08999633789062,131.99000549316406,132.89999389648438,108.13493347167969,9724200,0.0,0.0,0.0
2019-06-28,132.5800018310547,133.0800018310547,132.4499969482422,132.80999755859375,108.06166076660156,8149200,0.0,0.0,0.0
2019-07-01,132.57000732421875,132.75,131.58999633789062,132.24000549316406,107.80897521972656,14131200,0.26,0.0,0.0
2019-07-02,132.57000732421875,133.38999938964844,132.4600067138672,133.25999450683594,108.6405029296875,10494300,0.0,0.0,0.0
2019-07-03,133.52000427246094,134.2899932861328,133.50999450683594,134.2100067138672,109.41499328613281,5380300,0.0,0.0,0.0
2019-07-05,132.5399932861328,132.5500030517578,131.6699981689453,132.42999267578125,107.96381378173828,12180100,0.0,0.0,0.0
2019-07-08,133.0500030517578,133.22000122070312,132.61000061035156,132.61000061035156,108.11058807373047,6490000,0.0,0.0,0.0
2019-07-09,132.67999267578125,132.7100067138672,132.16000366210938,132.55999755859375,108.06980895996094,6215700,0.0,0.0,0.0
2019-07-10,132.35000610351562,132.44000244140625,131.50999450683594,131.8300018310547,107.4747085571289,9470000,0.0,0.0,0.0
2019-07-11,131.30999755859375,131.41000366210938,129.75999450683594,130.07000732421875,106.03985595703125,14126800,0.0,0.0,0.0
2019-07-12,129.9199981689453,130.4499969482422,129.67999267578125,130.22000122070312,106.16213989257812,6992000,0.0,0.0,0.0
2019-07-15,130.4499969482422,131.0500030517578,130.4499969482422,130.97000122070312,106.77357482910156,6055500,0.0,0.0,0.0
2019-07-16,130.1699981689453,130.60000610351562,129.9600067138672,130.5800018310547,106.45565032958984,6172700,0.0,0.0,0.0
2019-07-17,131.05999755859375,132.02000427246094,131.0500030517578,131.99000549316406,107.60511016845703,9662200,0.0,0.0,0.0
2019-07-18,131.47000122070312,132.32000732421875,131.24000549316406,132.0,107.61331176757812,5724900,0.0,0.0,0.0
2019-07-19,131.58999633789062,131.92999267578125,131.50999450683594,131.69000244140625,107.36055755615234,5804800,0.0,0.0,0.0
2019-07-22,132.47000122070312,132.49000549316406,131.74000549316406,131.94000244140625,107.56439971923828,5204100,0.0,0.0,0.0
2019-07-23,131.60000610351562,131.74000549316406,130.97000122070312,131.22000122070312,106.9773941040039,8108900,0.0,0.0,0.0
2019-07-24,131.60000610351562,131.89999389648438,131.47000122070312,131.7899932861328,107.44204711914062,6389700,0.0,0.0,0.0
2019-07-25,131.25,131.41000366210938,130.50999450683594,131.16000366210938,106.928466796875,8893100,0.0,0.0,0.0
2019-07-26,131.6999969482422,131.77999877929688,131.25,131.47000122070312,107.18116760253906,6188400,0.0,0.0,0.0
2019-07-29,131.82000732421875,131.9499969482422,131.39999389648438,131.50999450683594,107.21380615234375,6231800,0.0,0.0,0.0
2019-07-30,132.0,132.10000610351562,131.42999267578125,131.8300018310547,107.4747085571289,5678500,0.0,0.0,0.0
2019-07-31,131.6999969482422,133.3300018310547,131.66000366210938,132.88999938964844,108.33885955810547,15798700,0.0,0.0,0.0
2019-08-01,133.38999938964844,135.38999938964844,133.25999450683594,135.25999450683594,110.49054718017578,26664800,0.264,0.0,0.0
2019-08-02,135.66000366210938,136.50999450683594,135.39999389648438,136.50999450683594,111.51161193847656,15143100,0.0,0.0,0.0
2019-08-05,138.13999938964844,138.88999938964844,137.66000366210938,138.8699951171875,113.43946838378906,18543000,0.0,0.0,0.0
2019-08-06,138.1999969482422,139.97999572753906,138.08999633789062,139.97999572753906,114.34617614746094,12747400,0.0,0.0,0.0
2019-08-07,142.39999389648438,143.05999755859375,139.77999877929688,140.02999877929688,114.38700103759766,32582000,0.0,0.0,0.0
2019-08-08,139.13999938964844,140.42999267578125,137.97999572753906,140.3300018310547,114.63211822509766,14746000,0.0,0.0,0.0
2019-08-09,140.6699981689453,141.5500030517578,139.8699951171875,140.0500030517578,114.4033432006836,10626000,0.0,0.0,0.0
2019-08-12,141.72000122070312,143.42999267578125,141.50999450683594,142.97000122070312,116.78862762451172,14094300,0.0,0.0,0.0
2019-08-13,143.80999755859375,143.91000366210938,141.9499969482422,142.47999572753906,116.38837432861328,15974900,0.0,0.0,0.0
2019-08-14,145.16000366210938,145.72999572753906,144.7100067138672,145.69000244140625,119.010498046875,15068900,0.0,0.0,0.0
2019-08-15,145.9499969482422,148.60000610351562,145.5800018310547,147.30999755859375,120.33390808105469,23588700,0.0,0.0,0.0
2019-08-16,146.05999755859375,146.50999450683594,144.83999633789062,146.1300048828125,119.36991882324219,17150500,0.0,0.0,0.0
2019-08-19,143.57000732421875,144.66000366210938,143.50999450683594,144.0399932861328,117.66268157958984,13614700,0.0,0.0,0.0
2019-08-20,145.27999877929688,145.6199951171875,144.83999633789062,145.52999877929688,118.87979888916016,7451500,0.0,0.0,0.0
2019-08-21,144.72000122070312,145.7899932861328,144.2899932861328,144.55999755859375,118.08746337890625,9372000,0.0,0.0,0.0
2019-08-22,144.0,144.6999969482422,143.47999572753906,143.60000610351562,117.30326843261719,13878800,0.0,0.0,0.0
2019-08-23,143.52000427246094,146.27000427246094,143.42999267578125,145.9600067138672,119.23108673095703,16191800,0.0,0.0,0.0
2019-08-26,145.8699951171875,146.2899932861328,145.2899932861328,145.3699951171875,118.74910736083984,12174500,0.0,0.0,0.0
2019-08-27,146.6300048828125,147.72000122070312,146.47999572753906,147.61000061035156,120.57891082763672,11332300,0.0,0.0,0.0
2019-08-28,148.77999877929688,148.89999389648438,147.66000366210938,147.8000030517578,120.73407745361328,10095900,0.0,0.0,0.0
2019-08-29,147.25,147.33999633789062,146.1300048828125,147.24000549316406,120.27668762207031,8884900,0.0,0.0,0.0
2019-08-30,146.61000061035156,147.47999572753906,146.36000061035156,147.27999877929688,120.30936431884766,13550800,0.0,0.0,0.0
2019-09-03,147.08999633789062,148.6699981689453,146.57000732421875,147.2100067138672,120.46489715576172,15660800,0.26,0.0,0.0
2019-09-04,146.52999877929688,147.6199951171875,146.47999572753906,147.42999267578125,120.64485168457031,7962200,0.0,0.0,0.0
2019-09-05,145.66000366210938,145.8000030517578,143.88999938964844,144.75999450683594,118.45993041992188,19382900,0.0,0.0,0.0
2019-09-06,145.25999450683594,146.02999877929688,145.0800018310547,145.7899932861328,119.3028335571289,9466400,0.0,0.0,0.0
2019-09-09,143.8300018310547,144.0,143.19000244140625,143.1999969482422,117.18335723876953,15862700,0.0,0.0,0.0
2019-09-10,142.83999633789062,143.2899932861328,140.66000366210938,140.69000244140625,115.1294174194336,13851400,0.0,0.0,0.0
2019-09-11,140.39999389648438,141.14999389648438,140.38999938964844,140.44000244140625,114.92485809326172,10941700,0.0,0.0,0.0
2019-09-12,141.5,141.8000030517578,139.05999755859375,139.52000427246094,114.17192840576172,19163300,0.0,0.0,0.0
2019-09-13,138.27999877929688,138.7100067138672,136.5399932861328,136.5399932861328,111.73333740234375,18922200,0.0,0.0,0.0
2019-09-16,137.8800048828125,138.57000732421875,137.25,138.27999877929688,113.15727233886719,10971600,0.0,0.0,0.0
2019-09-17,138.36000061035156,139.60000610351562,138.02000427246094,139.02999877929688,113.77092742919922,9081200,0.0,0.0,0.0
2019-09-18,139.92999267578125,140.66000366210938,139.52999877929688,139.6199951171875,114.25382232666016,10984600,0.0,0.0,0.0
2019-09-19,140.75999450683594,140.99000549316406,139.97000122070312,140.0399932861328,114.59742736816406,13176200,0.0,0.0,0.0
2019-09-20,140.77000427246094,141.97999572753906,140.44000244140625,141.88999938964844,116.1113510131836,11519800,0.0,0.0,0.0
2019-09-23,142.24000549316406,143.16000366210938,141.6999969482422,141.86000061035156,116.08677673339844,15246700,0.0,0.0,0.0
2019-09-24,142.4199981689453,143.85000610351562,142.41000366210938,143.57000732421875,117.48613739013672,12421600,0.0,0.0,0.0
2019-09-25,143.25999450683594,143.5500030517578,141.13999938964844,141.47000122070312,115.76768493652344,14147100,0.0,0.0,0.0
2019-09-26,142.27000427246094,142.99000549316406,141.89999389648438,142.3800048828125,116.51229858398438,9636500,0.0,0.0,0.0
2019-09-27,142.32000732421875,142.97999572753906,142.13999938964844,142.72999572753906,116.79875946044922,10386900,0.0,0.0,0.0
2019-09-30,141.8800048828125,143.08999633789062,141.83999633789062,143.0800018310547,117.08517456054688,8006900,0.0,0.0,0.0
2019-10-01,141.25999450683594,143.91000366210938,141.13999938964844,143.25999450683594,117.43768310546875,16613700,0.25,0.0,0.0
2019-10-02,143.4600067138672,144.27000427246094,143.24000549316406,143.61000061035156,117.72463989257812,12891500,0.0,0.0,0.0
2019-10-03,143.97999572753906,145.6699981689453,143.9199981689453,144.9199981689453,118.79843139648438,13470500,0.0,0.0,0.0
2019-10-04,145.35000610351562,146.02999877929688,145.1999969482422,145.99000549316406,119.67560577392578,11516200,0.0,0.0,0.0
2019-10-07,145.16000366210938,145.52999877929688,144.7100067138672,144.77999877929688,118.6837158203125,11013900,0.0,0.0,0.0
2019-10-08,145.82000732421875,145.92999267578125,144.6199951171875,145.1699981689453,119.00343322753906,14529700,0.0,0.0,0.0
2019-10-09,144.60000610351562,144.61000061035156,143.8000030517578,144.35000610351562,118.3311538696289,8608800,0.0,0.0,0.0
2019-10-10,143.1199951171875,143.17999267578125,141.72999572753906,142.1999969482422,116.56871795654297,15054200,0.0,0.0,0.0
2019-10-11,140.97999572753906,141.10000610351562,139.7100067138672,140.44000244140625,115.12599182128906,26294000,0.0,0.0,0.0
2019-10-14,141.47999572753906,141.50999450683594,141.0800018310547,141.4600067138672,115.96212768554688,5936900,0.0,0.0,0.0
2019-10-15,140.6699981689453,140.9499969482422,139.5500030517578,139.75,114.56034851074219,11832300,0.0,0.0,0.0
2019-10-16,139.63999938964844,140.05999755859375,139.35000610351562,139.9199981689453,114.69964599609375,7729500,0.0,0.0,0.0
2019-10-17,139.52000427246094,140.3800048828125,139.3000030517578,139.5800018310547,114.42093658447266,6219300,0.0,0.0,0.0
2019-10-18,139.80999755859375,140.22999572753906,139.4499969482422,139.5800018310547,114.42093658447266,6456100,0.0,0.0,0.0
2019-10-21,138.57000732421875,138.99000549316406,138.22999572753906,138.52999877929688,113.56025695800781,8038000,0.0,0.0,0.0
2019-10-22,139.3800048828125,139.52999877929688,138.63999938964844,139.33999633789062,114.22422790527344,6683300,0.0,0.0,0.0
2019-10-23,140.02999877929688,140.30999755859375,139.36000061035156,139.47999572753906,114.33897399902344,5995400,0.0,0.0,0.0
2019-10-24,139.67999267578125,140.24000549316406,139.02999877929688,139.1999969482422,114.10945129394531,6161700,0.0,0.0,0.0
2019-10-25,139.52999877929688,139.5500030517578,138.30999755859375,138.52000427246094,113.55203247070312,5669800,0.0,0.0,0.0
2019-10-28,137.5800018310547,137.5800018310547,136.99000549316406,137.25999450683594,112.5191421508789,11402100,0.0,0.0,0.0
2019-10-29,137.6199951171875,137.74000549316406,137.1699981689453,137.35000610351562,112.59294128417969,5296600,0.0,0.0,0.0
2019-10-30,137.77000427246094,139.4499969482422,137.77000427246094,139.36000061035156,114.24064636230469,10914100,0.0,0.0,0.0
2019-10-31,140.47999572753906,141.67999267578125,140.42999267578125,141.24000549316406,115.78177642822266,15834100,0.0,0.0,0.0
2019-11-01,140.72999572753906,141.27000427246094,139.7899932861328,140.55999755859375,115.42535400390625,11425500,0.246,0.0,0.0
2019-11-04,138.97000122070312,139.13999938964844,138.52999877929688,138.7100067138672,113.90620422363281,11124300,0.0,0.0,0.0
2019-11-05,137.22000122070312,137.44000244140625,136.72999572753906,137.14999389648438,112.6251220703125,13493000,0.0,0.0,0.0
2019-11-06,138.02000427246094,138.41000366210938,137.33999633789062,137.97999572753906,113.30672454833984,9351900,0.0,0.0,0.0
2019-11-07,136.35000610351562,136.36000061035156,134.4499969482422,135.47999572753906,111.25374603271484,19209800,0.0,0.0,0.0
2019-11-08,135.14999389648438,135.9499969482422,134.77999877929688,134.91000366210938,110.78569793701172,10222900,0.0,0.0,0.0
2019-11-11,135.3800048828125,135.38999938964844,134.63999938964844,135.0,110.8595962524414,4577000,0.0,0.0,0.0
2019-11-12,135.27999877929688,135.9499969482422,134.7899932861328,135.6199951171875,111.36873626708984,5772900,0.0,0.0,0.0
2019-11-13,136.80999755859375,136.9600067138672,136.1699981689453,136.5,112.09136199951172,6672400,0.0,0.0,0.0
2019-11-14,137.8000030517578,138.44000244140625,137.6699981689453,137.91000366210938,113.2492446899414,10213300,0.0,0.0,0.0
2019-11-15,137.47999572753906,138.16000366210938,137.42999267578125,137.75999450683594,113.12601470947266,4657600,0.0,0.0,0.0
2019-11-18,138.2100067138672,138.61000061035156,137.92999267578125,138.00999450683594,113.33132934570312,5943900,0.0,0.0,0.0
2019-11-19,138.3699951171875,139.24000549316406,138.3699951171875,139.16000366210938,114.27574157714844,7893100,0.0,0.0,0.0
2019-11-20,139.91000366210938,140.60000610351562,139.77000427246094,140.60000610351562,115.45822143554688,7905500,0.0,0.0,0.0
2019-11-21,139.63999938964844,140.0800018310547,139.1199951171875,139.72000122070312,114.73561096191406,5980900,0.0,0.0,0.0
2019-11-22,140.10000610351562,140.27999877929688,139.67999267578125,139.89999389648438,114.88335418701172,4664800,0.0,0.0,0.0
2019-11-25,140.3000030517578,140.52999877929688,140.17999267578125,140.30999755859375,115.2200698852539,4157300,0.0,0.0,0.0
2019-11-26,141.0,141.30999755859375,140.94000244140625,141.1300048828125,115.89342498779297,4281100,0.0,0.0,0.0
2019-11-27,140.60000610351562,140.91000366210938,140.4199981689453,140.72000122070312,115.55675506591797,4095700,0.0,0.0,0.0
2019-11-29,140.6199951171875,140.67999267578125,139.77999877929688,140.4199981689453,115.3104476928711,6251100,0.0,0.0,0.0
2019-12-02,138.13999938964844,138.6699981689453,137.9499969482422,138.30999755859375,113.77296447753906,17702200,0.241,0.0,0.0
2019-12-03,140.0399932861328,141.77000427246094,139.92999267578125,141.2100067138672,116.15852355957031,13062400,0.0,0.0,0.0
2019-12-04,140.33999633789062,140.5,139.2100067138672,139.8000030517578,114.99864959716797,8586300,0.0,0.0,0.0
2019-12-05,138.66000366210938,139.44000244140625,138.60000610351562,139.1199951171875,114.43927764892578,7273800,0.0,0.0,0.0
2019-12-06,138.02999877929688,139.1199951171875,137.86000061035156,138.35000610351562,113.80582427978516,7931100,0.0,0.0,0.0
2019-12-09,138.99000549316406,139.11000061035156,138.57000732421875,138.64999389648438,114.0526351928711,4016900,0.0,0.0,0.0
2019-12-10,139.17999267578125,139.35000610351562,138.41000366210938,138.66000366210938,114.06087493896484,4947600,0.0,0.0,0.0
2019-12-11,139.3000030517578,140.13999938964844,139.22999572753906,139.75,114.9574966430664,6256700,0.0,0.0,0.0
2019-12-12,139.19000244140625,139.27999877929688,136.61000061035156,137.4499969482422,113.06553649902344,14857000,0.0,0.0,0.0
2019-12-13,138.1199951171875,139.61000061035156,137.22999572753906,139.0399932861328,114.37344360351562,11335100,0.0,0.0,0.0
2019-12-16,138.39999389648438,138.4600067138672,137.42999267578125,137.7899932861328,113.34523010253906,9156600,0.0,0.0,0.0
2019-12-17,138.2100067138672,138.33999633789062,137.2100067138672,137.60000610351562,113.18893432617188,6179700,0.0,0.0,0.0
2019-12-18,137.3000030517578,137.4499969482422,136.27999877929688,136.47000122070312,112.25936889648438,6244700,0.0,0.0,0.0
2019-12-19,136.0,136.86000061035156,135.75999450683594,136.47000122070312,112.43902587890625,6591100,0.218,0.0,0.0
2019-12-20,136.1300048828125,136.69000244140625,135.92999267578125,136.64999389648438,112.58731079101562,5455700,0.0,0.0,0.0
2019-12-23,136.80999755859375,136.97000122070312,136.0,136.4499969482422,112.422607421875,5175000,0.0,0.0,0.0
2019-12-24,135.9199981689453,137.05999755859375,135.88999938964844,136.83999633789062,112.74385070800781,4667400,0.0,0.0,0.0
2019-12-26,136.91000366210938,137.22000122070312,136.50999450683594,137.1699981689453,113.01577758789062,5290200,0.0,0.0,0.0
2019-12-27,137.44000244140625,137.6300048828125,137.2899932861328,137.32000732421875,113.13935089111328,7300500,0.0,0.0,0.0
2019-12-30,135.88999938964844,136.89999389648438,135.66000366210938,136.82000732421875,112.7274169921875,7979700,0.0,0.0,0.0
2019-12-31,136.2100067138672,136.4600067138672,135.3800048828125,135.47999572753906,111.62337493896484,10707400,0.0,0.0,0.0
2020-01-02,136.7899932861328,137.52999877929688,136.6699981689453,137.00999450683594,112.8839340209961,11034100,0.0,0.0,0.0
2020-01-03,138.27000427246094,139.16000366210938,137.8800048828125,139.1199951171875,114.62237548828125,12366000,0.0,0.0,0.0
2020-01-06,139.69000244140625,139.7100067138672,138.14999389648438,138.3300018310547,113.97149658203125,11369800,0.0,0.0,0.0
2020-01-07,138.22000122070312,138.47000122070312,137.63999938964844,137.64999389648438,113.41119384765625,8381200,0.0,0.0,0.0
2020-01-08,137.92999267578125,138.30999755859375,136.32000732421875,136.74000549316406,112.66145324707031,10621700,0.0,0.0,0.0
2020-01-09,136.0,137.44000244140625,135.91000366210938,137.22000122070312,113.05695343017578,7411500,0.0,0.0,0.0
2020-01-10,137.6699981689453,138.47000122070312,137.6300048828125,138.44000244140625,114.06212615966797,8776000,0.0,0.0,0.0
2020-01-13,137.8800048828125,138.08999633789062,137.38999938964844,138.02000427246094,113.71610260009766,5966900,0.0,0.0,0.0
2020-01-14,138.17999267578125,138.82000732421875,138.13999938964844,138.72999572753906,114.30106353759766,13920300,0.0,0.0,0.0
2020-01-15,139.52000427246094,139.75999450683594,139.02000427246094,139.64999389648438,115.05899810791016,6290500,0.0,0.0,0.0
2020-01-16,139.25999450683594,139.52999877929688,138.74000549316406,139.2100067138672,114.69649505615234,6798600,0.0,0.0,0.0
2020-01-17,137.5800018310547,138.13999938964844,137.36000061035156,138.02000427246094,113.71610260009766,9693100,0.0,0.0,0.0
2020-01-21,138.80999755859375,139.64999389648438,138.77000427246094,139.47000122070312,114.91067504882812,6794900,0.0,0.0,0.0
2020-01-22,139.72000122070312,140.13999938964844,139.58999633789062,139.9600067138672,115.314453125,6317000,0.0,0.0,0.0
2020-01-23,140.85000610351562,141.3800048828125,140.77999877929688,140.94000244140625,116.12194061279297,9747400,0.0,0.0,0.0
2020-01-24,141.4199981689453,142.5500030517578,141.3000030517578,142.0800018310547,117.06112670898438,8585000,0.0,0.0,0.0
2020-01-27,143.9499969482422,144.2899932861328,143.5,144.2899932861328,118.88201904296875,10935200,0.0,0.0,0.0
2020-01-28,143.92999267578125,144.08999633789062,142.82000732421875,143.16000366210938,117.95094299316406,10612900,0.0,0.0,0.0
2020-01-29,143.44000244140625,144.6999969482422,143.42999267578125,144.55999755859375,119.10441589355469,9566800,0.0,0.0,0.0
2020-01-30,144.89999389648438,145.6699981689453,144.2899932861328,144.5800018310547,119.12091827392578,14711800,0.0,0.0,0.0
2020-01-31,145.1699981689453,145.99000549316406,145.08999633789062,145.89999389648438,120.20850372314453,14538100,0.0,0.0,0.0
2020-02-03,144.9499969482422,145.75999450683594,144.1199951171875,145.5399932861328,120.11111450195312,15309000,0.242,0.0,0.0
2020-02-04,143.99000549316406,144.13999938964844,143.05999755859375,143.5800018310547,118.49357604980469,11388300,0.0,0.0,0.0
2020-02-05,142.3000030517578,142.6999969482422,141.89999389648438,142.00999450683594,117.19793701171875,10782600,0.0,0.0,0.0
2020-02-06,142.17999267578125,142.8800048828125,142.0,142.64999389648438,117.72604370117188,6683100,0.0,0.0,0.0
2020-02-07,144.22000122070312,144.74000549316406,143.8699951171875,144.42999267578125,119.19503021240234,11374800,0.0,0.0,0.0
2020-02-10,145.10000610351562,145.25,144.67999267578125,144.8300018310547,119.52513122558594,6699300,0.0,0.0,0.0
2020-02-11,144.58999633789062,144.72000122070312,143.94000244140625,144.10000610351562,118.9227294921875,7784100,0.0,0.0,0.0
2020-02-12,143.3699951171875,143.5500030517578,142.99000549316406,143.3699951171875,118.32023620605469,5595500,0.0,0.0,0.0
2020-02-13,143.44000244140625,144.1999969482422,143.27000427246094,143.9199981689453,118.77415466308594,7883400,0.0,0.0,0.0
2020-02-14,144.75999450683594,145.0800018310547,144.4499969482422,144.5500030517578,119.29409790039062,7137400,0.0,0.0,0.0
2020-02-18,145.33999633789062,146.0500030517578,144.9199981689453,145.5399932861328,120.11111450195312,6909200,0.0,0.0,0.0
2020-02-19,145.1199951171875,145.6199951171875,144.97999572753906,145.52999877929688,120.10283660888672,5707700,0.0,0.0,0.0
2020-02-20,146.0800018310547,146.94000244140625,146.0,146.6699981689453,121.04364776611328,9332900,0.0,0.0,0.0
2020-02-21,147.8000030517578,148.8800048828125,147.64999389648438,148.0399932861328,122.17427062988281,13860300,0.0,0.0,0.0
2020-02-24,150.8300018310547,150.9600067138672,150.0,150.25,123.99819946289062,15929300,0.0,0.0,0.0
2020-02-25,150.2100067138672,151.75999450683594,150.13999938964844,151.0500030517578,124.65839385986328,20802900,0.0,0.0,0.0
2020-02-26,149.9499969482422,151.72000122070312,149.5800018310547,150.25,123.99819946289062,22589500,0.0,0.0,0.0
2020-02-27,152.6999969482422,153.0800018310547,150.8300018310547,151.8800048828125,125.34334564208984,30687900,0.0,0.0,0.0
2020-02-28,154.4499969482422,155.97999572753906,154.16000366210938,155.30999755859375,128.17405700683594,44935200,0.0,0.0,0.0
2020-03-02,155.3000030517578,156.5,153.75999450683594,153.94000244140625,127.23100280761719,28152400,0.229,0.0,0.0
2020-03-03,153.80999755859375,159.6999969482422,152.36000061035156,156.3300018310547,129.2064208984375,38608000,0.0,0.0,0.0
2020-03-04,156.41000366210938,157.35000610351562,154.19000244140625,154.6699981689453,127.83438873291016,23463700,0.0,0.0,0.0
2020-03-05,157.1300048828125,158.82000732421875,156.80999755859375,158.52000427246094,131.01638793945312,17786200,0.0,0.0,0.0
2020-03-06,167.3000030517578,169.3300018310547,164.11000061035156,166.77000427246094,137.8350830078125,76288300,0.0,0.0,0.0
2020-03-09,179.10000610351562,179.6999969482422,170.33999633789062,171.2899932861328,141.57083129882812,41552800,0.0,0.0,0.0
2020-03-10,169.63999938964844,172.92999267578125,162.02999877929688,162.50999450683594,134.31411743164062,37728300,0.0,0.0,0.0
2020-03-11,165.42999267578125,167.02999877929688,155.6300048828125,156.52999877929688,129.37168884277344,29519300,0.0,0.0,0.0
2020-03-12,163.50999450683594,166.36000061035156,155.66000366210938,157.5,130.17335510253906,24361800,0.0,0.0,0.0
2020-03-13,155.0,158.1999969482422,152.19000244140625,153.94000244140625,127.23100280761719,19812900,0.0,0.0,0.0
2020-03-16,160.3800048828125,166.14999389648438,157.80999755859375,163.91000366210938,135.4712677001953,30496700,0.0,0.0,0.0
2020-03-17,163.5,165.6300048828125,152.7100067138672,152.97999572753906,126.43757629394531,18570900,0.0,0.0,0.0
2020-03-18,152.83999633789062,154.13999938964844,139.00999450683594,144.35000610351562,119.30493927001953,47061000,0.0,0.0,0.0
2020-03-19,146.9499969482422,153.4499969482422,145.25,148.27999877929688,122.5531005859375,21175300,0.0,0.0,0.0
2020-03-20,153.3000030517578,159.42999267578125,152.11000061035156,159.42999267578125,131.76858520507812,20863100,0.0,0.0,0.0
2020-03-23,157.5,166.69000244140625,156.57000732421875,166.0,137.19859313964844,19971800,0.0,0.0,0.0
2020-03-24,161.25,165.4499969482422,160.41000366210938,162.91000366210938,134.64474487304688,11948600,0.0,0.0,0.0
2020-03-25,163.58999633789062,166.67999267578125,161.6199951171875,162.5399932861328,134.33892822265625,10750600,0.0,0.0,0.0
2020-03-26,164.0,165.67999267578125,162.27000427246094,163.33999633789062,135.00010681152344,10576200,0.0,0.0,0.0
2020-03-27,165.52000427246094,168.25,164.58999633789062,167.6999969482422,138.6036376953125,12550000,0.0,0.0,0.0
2020-03-30,168.3000030517578,170.11000061035156,165.94000244140625,166.32000732421875,137.46315002441406,13473200,0.0,0.0,0.0
2020-03-31,165.6999969482422,166.9199981689453,164.55999755859375,164.97000122070312,136.3473663330078,11464800,0.0,0.0,0.0
2020-04-01,168.47999572753906,168.9600067138672,166.39999389648438,167.0399932861328,138.2576141357422,11334700,0.238,0.0,0.0
2020-04-02,168.8300018310547,169.22000122070312,167.25999450683594,168.10000610351562,139.13499450683594,5771200,0.0,0.0,0.0
2020-04-03,168.5500030517578,170.3300018310547,168.13999938964844,168.5,139.46609497070312,6570800,0.0,0.0,0.0
2020-04-06,167.0,168.27000427246094,166.52999877929688,168.05999755859375,139.10183715820312,9434800,0.0,0.0,0.0
2020-04-07,164.9600067138672,166.4199981689453,163.7100067138672,166.3000030517578,137.64517211914062,13811400,0.0,0.0,0.0
2020-04-08,165.11000061035156,166.19000244140625,164.1300048828125,165.08999633789062,136.64361572265625,10147100,0.0,0.0,0.0
2020-04-09,164.27999877929688,165.7899932861328,163.77999877929688,165.38999938964844,136.89193725585938,14259100,0.0,0.0,0.0
2020-04-13,164.75,165.7100067138672,163.8800048828125,163.8800048828125,135.6421356201172,8750300,0.0,0.0,0.0
2020-04-14,163.83999633789062,164.74000549316406,163.47999572753906,163.83999633789062,135.60899353027344,9019100,0.0,0.0,0.0
2020-04-15,166.8000030517578,168.60000610351562,166.74000549316406,168.17999267578125,139.201171875,10027800,0.0,0.0,0.0
2020-04-16,169.25999450683594,170.32000732421875,169.02000427246094,170.08999633789062,140.78207397460938,8265400,0.0,0.0,0.0
2020-04-17,169.82000732421875,170.83999633789062,167.27000427246094,167.80999755859375,138.89488220214844,8612100,0.0,0.0,0.0
2020-04-20,168.44000244140625,169.2899932861328,167.9600067138672,169.16000366210938,140.01231384277344,6462600,0.0,0.0,0.0
2020-04-21,171.92999267578125,172.14999389648438,170.77999877929688,171.2899932861328,141.77536010742188,7850700,0.0,0.0,0.0
2020-04-22,169.97000122070312,170.38999938964844,168.7100067138672,169.5399932861328,140.32684326171875,6230200,0.0,0.0,0.0
2020-04-23,169.8699951171875,170.92999267578125,169.61000061035156,170.44000244140625,141.07177734375,5968600,0.0,0.0,0.0
2020-04-24,169.61000061035156,170.83999633789062,169.57000732421875,170.83999633789062,141.40283203125,6211800,0.0,0.0,0.0
2020-04-27,169.66000366210938,169.75,167.44000244140625,167.66000366210938,138.7708282470703,9039500,0.0,0.0,0.0
2020-04-28,168.5500030517578,169.85000610351562,168.4499969482422,169.58999633789062,140.36822509765625,9905400,0.0,0.0,0.0
2020-04-29,169.52999877929688,170.25999450683594,167.9600067138672,168.7100067138672,139.63990783691406,8619600,0.0,0.0,0.0
2020-04-30,168.74000549316406,169.22999572753906,166.7100067138672,166.74000549316406,138.00929260253906,11606100,0.0,0.0,0.0
2020-05-01,167.5,168.11000061035156,166.44000244140625,167.9499969482422,139.19119262695312,10209400,0.216,0.0,0.0
2020-05-04,167.55999755859375,167.67999267578125,166.47999572753906,167.16000366210938,138.53643798828125,8300900,0.0,0.0,0.0
2020-05-05,165.57000732421875,166.27000427246094,165.27000427246094,166.08999633789062,137.649658203125,7831800,0.0,0.0,0.0
2020-05-06,163.22999572753906,163.63999938964844,162.0500030517578,163.41000366210938,135.4285430908203,14721500,0.0,0.0,0.0
2020-05-07,163.55999755859375,166.3699951171875,163.33999633789062,166.13999938964844,137.6911163330078,9164800,0.0,0.0,0.0
2020-05-08,164.49000549316406,165.39999389648438,163.67999267578125,163.97999572753906,135.90090942382812,8129800,0.0,0.0,0.0
2020-05-11,163.66000366210938,164.22000122070312,162.10000610351562,162.6999969482422,134.8401336669922,8713500,0.0,0.0,0.0
2020-05-12,163.16000366210938,164.92999267578125,163.1300048828125,164.3699951171875,136.22415161132812,10057300,0.0,0.0,0.0
2020-05-13,165.08999633789062,166.2899932861328,164.8300018310547,165.52000427246094,137.17733764648438,13305600,0.0,0.0,0.0
2020-05-14,167.32000732421875,168.14999389648438,167.0500030517578,167.13999938964844,138.5198516845703,10080000,0.0,0.0,0.0
2020-05-15,168.3000030517578,168.49000549316406,166.3300018310547,166.7100067138672,138.1634521484375,7225600,0.0,0.0,0.0
2020-05-18,164.92999267578125,165.05999755859375,162.4199981689453,163.0500030517578,135.13021850585938,10073100,0.0,0.0,0.0
2020-05-19,162.52000427246094,163.6999969482422,162.47999572753906,163.66000366210938,135.63575744628906,8639100,0.0,0.0,0.0
2020-05-20,163.1699981689453,164.6999969482422,162.8800048828125,164.14999389648438,136.04185485839844,10927300,0.0,0.0,0.0
2020-05-21,164.86000061035156,165.36000061035156,164.2899932861328,164.55999755859375,136.3816375732422,8920000,0.0,0.0,0.0
2020-05-22,164.72000122070312,165.67999267578125,164.61000061035156,165.5500030517578,137.20208740234375,4956700,0.0,0.0,0.0
2020-05-26,163.7100067138672,163.7899932861328,162.97999572753906,163.3300018310547,135.3623046875,8098900,0.0,0.0,0.0
2020-05-27,162.7899932861328,163.91000366210938,162.58999633789062,163.02999877929688,135.1136016845703,8047400,0.0,0.0,0.0
2020-05-28,161.9600067138672,162.57000732421875,161.66000366210938,162.42999267578125,134.61639404296875,10272600,0.0,0.0,0.0
2020-05-29,162.7100067138672,164.08999633789062,162.35000610351562,163.58999633789062,135.5777130126953,14632700,0.0,0.0,0.0
2020-06-01,162.10000610351562,162.44000244140625,161.6699981689453,162.27999877929688,134.6649169921875,13341400,0.21,0.0,0.0
2020-06-02,161.6699981689453,162.08999633789062,161.25,161.69000244140625,134.1753387451172,11517100,0.0,0.0,0.0
2020-06-03,160.17999267578125,160.3300018310547,158.94000244140625,159.5399932861328,132.39117431640625,12255700,0.0,0.0,0.0
2020-06-04,158.9199981689453,159.00999450683594,157.19000244140625,157.22999572753906,130.47425842285156,14038600,0.0,0.0,0.0
2020-06-05,154.61000061035156,156.16000366210938,153.16000366210938,156.11000061035156,129.54486083984375,17778500,0.0,0.0,0.0
2020-06-08,155.07000732421875,156.85000610351562,155.0500030517578,156.7100067138672,130.0427703857422,10346700,0.0,0.0,0.0
2020-06-09,159.0500030517578,159.63999938964844,158.3000030517578,158.49000549316406,131.51986694335938,9095300,0.0,0.0,0.0
2020-06-10,159.24000549316406,160.89999389648438,159.0500030517578,160.83999633789062,133.4699249267578,13135500,0.0,0.0,0.0
2020-06-11,163.25,164.22999572753906,162.6300048828125,163.8800048828125,135.99266052246094,17086400,0.0,0.0,0.0
2020-06-12,162.41000366210938,163.66000366210938,162.0500030517578,162.3000030517578,134.68148803710938,9716100,0.0,0.0,0.0
2020-06-15,163.88999938964844,164.22000122070312,162.13999938964844,162.38999938964844,134.75621032714844,7759800,0.0,0.0,0.0
2020-06-16,159.41000366210938,161.22999572753906,158.6999969482422,159.89999389648438,132.68995666503906,13698900,0.0,0.0,0.0
2020-06-17,160.27000427246094,160.77000427246094,159.33999633789062,160.55999755859375,133.23760986328125,7113900,0.0,0.0,0.0
2020-06-18,162.0399932861328,162.47999572753906,161.61000061035156,162.25999450683594,134.64833068847656,7691400,0.0,0.0,0.0
2020-06-19,161.0,162.5,160.91000366210938,162.38999938964844,134.75621032714844,8565500,0.0,0.0,0.0
2020-06-22,163.19000244140625,163.4199981689453,162.07000732421875,162.41000366210938,134.77281188964844,9319700,0.0,0.0,0.0
2020-06-23,161.47999572753906,162.05999755859375,161.1199951171875,161.3000030517578,133.85162353515625,9088600,0.0,0.0,0.0
2020-06-24,161.52999877929688,163.08999633789062,161.52000427246094,163.02999877929688,135.2873077392578,11436500,0.0,0.0,0.0
2020-06-25,164.2100067138672,164.35000610351562,163.39999389648438,163.5,135.6772918701172,10968000,0.0,0.0,0.0
2020-06-26,164.25,165.32000732421875,164.17999267578125,165.25,137.1294403076172,12119300,0.0,0.0,0.0
2020-06-29,164.85000610351562,165.27000427246094,164.3800048828125,164.72999572753906,136.69796752929688,7274400,0.0,0.0,0.0
2020-06-30,165.22999572753906,165.2899932861328,163.47999572753906,163.92999267578125,136.03414916992188,14841700,0.0,0.0,0.0
2020-07-01,162.80999755859375,163.55999755859375,162.14999389648438,163.4199981689453,135.7699432373047,13181000,0.192,0.0,0.0
2020-07-02,162.6999969482422,163.74000549316406,162.24000549316406,163.58999633789062,135.9112091064453,7599800,0.0,0.0,0.0
2020-07-06,162.3300018310547,163.02000427246094,161.75,162.9199981689453,135.35452270507812,7972700,0.0,0.0,0.0
2020-07-07,163.4199981689453,165.33999633789062,163.1999969482422,165.2100067138672,137.25711059570312,12791900,0.0,0.0,0.0
2020-07-08,164.32000732421875,164.9199981689453,163.8300018310547,164.5500030517578,136.70875549316406,7253900,0.0,0.0,0.0
2020-07-09,164.66000366210938,167.4499969482422,164.60000610351562,167.1699981689453,138.8854217529297,13373100,0.0,0.0,0.0
2020-07-10,167.9499969482422,168.2100067138672,166.16000366210938,166.3300018310547,138.1875762939453,8478000,0.0,0.0,0.0
2020-07-13,165.5,166.9600067138672,165.22999572753906,166.8800048828125,138.64454650878906,8054000,0.0,0.0,0.0
2020-07-14,167.92999267578125,168.13999938964844,166.97999572753906,167.1199951171875,138.8439178466797,11344600,0.0,0.0,0.0
2020-07-15,165.9199981689453,166.9499969482422,165.8300018310547,166.33999633789062,138.19589233398438,7840300,0.0,0.0,0.0
2020-07-16,167.39999389648438,167.77000427246094,167.0399932861328,167.1300048828125,138.85214233398438,9107400,0.0,0.0,0.0
2020-07-17,167.27000427246094,167.39999389648438,166.47000122070312,166.77999877929688,138.56141662597656,8549900,0.0,0.0,0.0
2020-07-20,167.50999450683594,167.6199951171875,166.8000030517578,167.19000244140625,138.90211486816406,6907200,0.0,0.0,0.0
2020-07-21,167.3000030517578,167.72000122070312,167.0800018310547,167.2899932861328,138.9851837158203,8454400,0.0,0.0,0.0
2020-07-22,168.25999450683594,168.4600067138672,167.69000244140625,167.7899932861328,139.4005889892578,6592100,0.0,0.0,0.0
2020-07-23,168.9199981689453,169.8800048828125,168.47999572753906,169.75,141.0290069580078,10471800,0.0,0.0,0.0
2020-07-24,169.00999450683594,169.9199981689453,168.8699951171875,169.74000549316406,141.0205841064453,7520700,0.0,0.0,0.0
2020-07-27,170.25,170.3000030517578,168.99000549316406,169.11000061035156,140.49720764160156,6146400,0.0,0.0,0.0
2020-07-28,169.5399932861328,170.33999633789062,169.42999267578125,170.27999877929688,141.46923828125,8520700,0.0,0.0,0.0
2020-07-29,170.0500030517578,170.38999938964844,168.97999572753906,169.99000549316406,141.22833251953125,6733700,0.0,0.0,0.0
2020-07-30,171.0500030517578,171.25999450683594,170.75,171.11000061035156,142.1588134765625,9376100,0.0,0.0,0.0
2020-07-31,170.14999389648438,171.4600067138672,169.94000244140625,171.0,142.06748962402344,8886000,0.0,0.0,0.0
2020-08-03,169.24000549316406,169.99000549316406,168.97000122070312,169.9499969482422,141.35218811035156,9066200,0.19,0.0,0.0
2020-08-04,170.8300018310547,171.5800018310547,170.72000122070312,171.57000732421875,142.69956970214844,9878900,0.0,0.0,0.0
2020-08-05,170.05999755859375,170.55999755859375,169.69000244140625,170.07000732421875,141.45196533203125,6954100,0.0,0.0,0.0
2020-08-06,171.3800048828125,172.25,170.6199951171875,171.02000427246094,142.24212646484375,9481800,0.0,0.0,0.0
2020-08-07,171.27999877929688,171.5,169.5800018310547,169.8800048828125,141.29397583007812,8176900,0.0,0.0,0.0
2020-08-10,170.22000122070312,170.25,169.07000732421875,169.1199951171875,140.66177368164062,6408500,0.0,0.0,0.0
2020-08-11,167.1699981689453,167.49000549316406,165.8800048828125,167.11000061035156,138.99000549316406,19234200,0.0,0.0,0.0
2020-08-12,165.6999969482422,166.07000732421875,164.99000549316406,165.58999633789062,137.72576904296875,11744800,0.0,0.0,0.0
2020-08-13,165.30999755859375,165.5800018310547,163.1699981689453,163.82000732421875,136.25364685058594,12744700,0.0,0.0,0.0
2020-08-14,163.80999755859375,164.14999389648438,163.16000366210938,163.17999267578125,135.72137451171875,6398100,0.0,0.0,0.0
2020-08-17,163.97000122070312,164.4600067138672,163.42999267578125,163.58999633789062,136.06228637695312,6901500,0.0,0.0,0.0
2020-08-18,164.36000061035156,164.8699951171875,164.08999633789062,164.75999450683594,137.0354461669922,8140600,0.0,0.0,0.0
2020-08-19,165.3699951171875,165.61000061035156,163.3000030517578,163.72999572753906,136.17877197265625,12497700,0.0,0.0,0.0
2020-08-20,165.38999938964844,165.64999389648438,164.92999267578125,165.2100067138672,137.40980529785156,10319900,0.0,0.0,0.0
2020-08-21,165.77000427246094,166.3300018310547,165.00999450683594,166.1999969482422,138.23316955566406,6836000,0.0,0.0,0.0
2020-08-24,166.32000732421875,166.97000122070312,165.86000061035156,165.92999267578125,138.00856018066406,6490600,0.0,0.0,0.0
2020-08-25,164.35000610351562,165.08999633789062,163.8300018310547,164.66000366210938,136.95225524902344,10518300,0.0,0.0,0.0
2020-08-26,164.0500030517578,164.3300018310547,163.27999877929688,164.02999877929688,136.42828369140625,8276600,0.0,0.0,0.0
2020-08-27,164.75999450683594,164.82000732421875,161.16000366210938,161.24000549316406,134.1078338623047,19860100,0.0,0.0,0.0
2020-08-28,161.77000427246094,162.0500030517578,160.63999938964844,161.1199951171875,134.00802612304688,8415400,0.0,0.0,0.0
2020-08-31,161.60000610351562,163.25,161.55999755859375,162.19000244140625,134.89794921875,11388100,0.0,0.0,0.0
2020-09-01,161.75999450683594,164.07000732421875,161.17999267578125,163.86000061035156,136.44082641601562,10587000,0.183,0.0,0.0
2020-09-02,163.50999450683594,165.55999755859375,163.49000549316406,165.4199981689453,137.73985290527344,15167700,0.0,0.0,0.0
2020-09-03,165.75,167.24000549316406,165.44000244140625,165.88999938964844,138.131103515625,16416600,0.0,0.0,0.0
2020-09-04,164.41000366210938,164.6999969482422,162.4499969482422,162.74000549316406,135.50828552246094,13780300,0.0,0.0,0.0
2020-09-08,164.3699951171875,165.25999450683594,163.74000549316406,163.74000549316406,136.3409423828125,13790400,0.0,0.0,0.0
2020-09-09,163.94000244140625,164.25,162.75999450683594,163.3000030517578,135.97454833984375,9558900,0.0,0.0,0.0
2020-09-10,162.4600067138672,164.35000610351562,161.9499969482422,164.1300048828125,136.66574096679688,8847700,0.0,0.0,0.0
2020-09-11,164.30999755859375,164.57000732421875,164.0800018310547,164.47999572753906,136.95713806152344,5458200,0.0,0.0,0.0
2020-09-14,164.7899932861328,165.0800018310547,164.22999572753906,164.47000122070312,136.9488067626953,4274900,0.0,0.0,0.0
2020-09-15,164.1699981689453,164.47000122070312,163.7899932861328,164.07000732421875,136.61569213867188,6928500,0.0,0.0,0.0
2020-09-16,164.77999877929688,164.88999938964844,162.97999572753906,163.5800018310547,136.2076873779297,8815200,0.0,0.0,0.0
2020-09-17,164.89999389648438,164.9600067138672,163.8000030517578,164.0800018310547,136.62403869628906,7813900,0.0,0.0,0.0
2020-09-18,164.1699981689453,164.24000549316406,163.33999633789062,163.57000732421875,136.19940185546875,7246300,0.0,0.0,0.0
2020-09-21,164.88999938964844,165.39999389648438,164.13999938964844,164.39999389648438,136.89051818847656,11086900,0.0,0.0,0.0
2020-09-22,164.44000244140625,164.8800048828125,163.8699951171875,164.27000427246094,136.7823028564453,10524100,0.0,0.0,0.0
2020-09-23,164.3000030517578,164.52999877929688,163.47999572753906,164.49000549316406,136.9654998779297,6224800,0.0,0.0,0.0
2020-09-24,164.9600067138672,165.1199951171875,164.6199951171875,165.1199951171875,137.49000549316406,8278100,0.0,0.0,0.0
2020-09-25,165.11000061035156,165.4199981689453,164.7100067138672,165.1199951171875,137.49000549316406,5140300,0.0,0.0,0.0
2020-09-28,164.8699951171875,164.89999389648438,164.3699951171875,164.64999389648438,137.0986328125,4470100,0.0,0.0,0.0
2020-09-29,164.8000030517578,165.24000549316406,164.55999755859375,164.83999633789062,137.2568817138672,10297600,0.0,0.0,0.0
2020-09-30,164.0,164.0,162.5500030517578,163.25999450683594,135.94129943847656,12971000,0.0,0.0,0.0
2020-10-01,162.50999450683594,163.74000549316406,162.10000610351562,163.36000061035156,136.16546630859375,11523900,0.169,0.0,0.0
2020-10-02,163.61000061035156,163.6699981689453,162.17999267578125,162.75,135.65701293945312,8828800,0.0,0.0,0.0
2020-10-05,160.9499969482422,160.9499969482422,159.52000427246094,159.57000732421875,133.00645446777344,14726000,0.0,0.0,0.0
2020-10-06,159.3300018310547,161.41000366210938,158.67999267578125,160.42999267578125,133.72328186035156,22419400,0.0,0.0,0.0
2020-10-07,159.55999755859375,160.4199981689453,158.86000061035156,159.25999450683594,132.7479705810547,9429200,0.0,0.0,0.0
2020-10-08,159.97000122070312,160.25,159.66000366210938,160.1199951171875,133.46485900878906,8431500,0.0,0.0,0.0
2020-10-09,159.52000427246094,160.27000427246094,158.80999755859375,160.08999633789062,133.4398651123047,8441500,0.0,0.0,0.0
2020-10-12,160.42999267578125,160.67999267578125,160.11000061035156,160.60000610351562,133.86502075195312,3962000,0.0,0.0,0.0
2020-10-13,161.2100067138672,161.8300018310547,161.17999267578125,161.75,134.82351684570312,7914300,0.0,0.0,0.0
2020-10-14,162.3300018310547,162.75,161.97000122070312,162.1199951171875,135.13192749023438,6954800,0.0,0.0,0.0
2020-10-15,163.0399932861328,163.19000244140625,161.63999938964844,161.83999633789062,134.89849853515625,9458800,0.0,0.0,0.0
2020-10-16,161.66000366210938,162.32000732421875,161.10000610351562,161.38999938964844,134.5234375,8416300,0.0,0.0,0.0
2020-10-19,160.5,160.97999572753906,160.0500030517578,160.77999877929688,134.01499938964844,9286600,0.0,0.0,0.0
2020-10-20,159.86000061035156,160.00999450683594,158.9499969482422,159.25,132.73968505859375,11189000,0.0,0.0,0.0
2020-10-21,158.7899932861328,159.3699951171875,158.3699951171875,158.6999969482422,132.28121948242188,10453700,0.0,0.0,0.0
2020-10-22,158.2899932861328,158.6300048828125,156.97000122070312,157.0500030517578,130.90591430664062,12664900,0.0,0.0,0.0
2020-10-23,156.80999755859375,158.2100067138672,156.75,158.00999450683594,131.7061004638672,8783800,0.0,0.0,0.0
2020-10-26,159.2100067138672,160.02000427246094,159.00999450683594,159.47999572753906,132.93141174316406,7227300,0.0,0.0,0.0
2020-10-27,160.22999572753906,160.6999969482422,159.89999389648438,160.5500030517578,133.8233184814453,6062300,0.0,0.0,0.0
2020-10-28,161.3800048828125,161.4600067138672,160.1999969482422,160.6999969482422,133.9483184814453,11765800,0.0,0.0,0.0
2020-10-29,160.72999572753906,160.8300018310547,158.47000122070312,159.13999938964844,132.6480255126953,11932400,0.0,0.0,0.0
2020-10-30,159.02999877929688,159.35000610351562,157.57000732421875,157.57000732421875,131.33935546875,13095400,0.0,0.0,0.0
2020-11-02,158.6999969482422,159.19000244140625,158.3300018310547,158.5800018310547,132.32315063476562,10810500,0.169,0.0,0.0
2020-11-03,157.85000610351562,157.97999572753906,157.0399932861328,157.66000366210938,131.555419921875,16228700,0.0,0.0,0.0
2020-11-04,161.63999938964844,162.1699981689453,160.5399932861328,161.0800018310547,134.40919494628906,21570800,0.0,0.0,0.0
2020-11-05,161.63999938964844,161.74000549316406,160.5800018310547,161.36000061035156,134.64283752441406,18537500,0.0,0.0,0.0
2020-11-06,159.6199951171875,159.9199981689453,158.94000244140625,159.41000366210938,133.0157470703125,12408400,0.0,0.0,0.0
2020-11-09,155.97000122070312,156.14999389648438,154.6300048828125,156.05999755859375,130.22044372558594,23245000,0.0,0.0,0.0
2020-11-10,154.9600067138672,155.80999755859375,154.77999877929688,155.16000366210938,129.46939086914062,12561000,0.0,0.0,0.0
2020-11-11,155.02000427246094,155.94000244140625,154.97000122070312,155.72000122070312,129.93670654296875,5888200,0.0,0.0,0.0
2020-11-12,156.94000244140625,158.39999389648438,156.7100067138672,158.3699951171875,132.14794921875,15999700,0.0,0.0,0.0
2020-11-13,158.36000061035156,158.5,157.91000366210938,158.16000366210938,131.97267150878906,7344600,0.0,0.0,0.0
2020-11-16,157.72999572753906,158.27999877929688,157.61000061035156,157.77999877929688,131.65557861328125,6310400,0.0,0.0,0.0
2020-11-17,158.77000427246094,159.16000366210938,158.58999633789062,158.80999755859375,132.51504516601562,7444600,0.0,0.0,0.0
2020-11-18,159.44000244140625,159.57000732421875,158.35000610351562,159.27000427246094,132.89889526367188,10333300,0.0,0.0,0.0
2020-11-19,159.97000122070312,160.72000122070312,159.83999633789062,160.08999633789062,133.5831298828125,10637200,0.0,0.0,0.0
2020-11-20,160.52999877929688,161.5399932861328,160.38999938964844,161.50999450683594,134.7679901123047,7246800,0.0,0.0,0.0
2020-11-23,160.82000732421875,160.99000549316406,160.27999877929688,160.77000427246094,134.15049743652344,11300000,0.0,0.0,0.0
2020-11-24,159.99000549316406,160.02000427246094,159.00999450683594,159.1699981689453,132.8154296875,10891700,0.0,0.0,0.0
2020-11-25,159.25,159.91000366210938,158.6199951171875,158.67999267578125,132.40658569335938,9145800,0.0,0.0,0.0
2020-11-27,159.61000061035156,160.27000427246094,159.5800018310547,160.22000122070312,133.69161987304688,4708200,0.0,0.0,0.0
2020-11-30,160.02999877929688,160.52999877929688,159.75999450683594,160.02000427246094,133.5247039794922,13071600,0.0,0.0,0.0
2020-12-01,158.5500030517578,158.74000549316406,156.67999267578125,157.5,131.5559539794922,13662800,0.163,0.0,0.0
2020-12-02,156.8800048828125,156.92999267578125,155.47999572753906,156.25,130.5118865966797,12114300,0.0,0.0,0.0
2020-12-03,156.94000244140625,157.82000732421875,156.5800018310547,157.50999450683594,131.56434631347656,9626500,0.0,0.0,0.0
2020-12-04,155.69000244140625,155.7899932861328,154.77000427246094,155.1999969482422,129.6348419189453,12734500,0.0,0.0,0.0
2020-12-07,156.35000610351562,156.8800048828125,156.17999267578125,156.60000610351562,130.80426025390625,9316100,0.0,0.0,0.0
2020-12-08,157.57000732421875,158.07000732421875,157.1999969482422,157.33999633789062,131.42236328125,7397200,0.0,0.0,0.0
2020-12-09,156.5500030517578,157.32000732421875,156.00999450683594,156.82000732421875,130.98797607421875,7750100,0.0,0.0,0.0
2020-12-10,157.24000549316406,158.2899932861328,156.8300018310547,158.2100067138672,132.14898681640625,10025100,0.0,0.0,0.0
2020-12-11,158.64999389648438,159.38999938964844,158.32000732421875,158.77000427246094,132.6168212890625,8135900,0.0,0.0,0.0
2020-12-14,157.49000549316406,158.69000244140625,157.11000061035156,158.3300018310547,132.24923706054688,7535900,0.0,0.0,0.0
2020-12-15,157.77999877929688,158.38999938964844,157.30999755859375,157.8000030517578,131.8065185546875,6847500,0.0,0.0,0.0
2020-12-16,156.5800018310547,157.88999938964844,156.38999938964844,157.3800048828125,131.45579528808594,9954200,0.0,0.0,0.0
2020-12-17,158.1300048828125,158.4600067138672,156.42999267578125,156.8000030517578,131.10791015625,9422700,0.164,0.0,0.0
2020-12-18,157.1199951171875,157.3800048828125,156.17999267578125,156.3300018310547,130.71490478515625,6505000,0.0,0.0,0.0
2020-12-21,157.1999969482422,157.33999633789062,156.4499969482422,156.9499969482422,131.23329162597656,8988200,0.0,0.0,0.0
2020-12-22,157.55999755859375,157.8300018310547,157.0800018310547,157.75999450683594,131.91058349609375,7370800,0.0,0.0,0.0
2020-12-23,156.6199951171875,156.69000244140625,155.4600067138672,156.6699981689453,130.99923706054688,9266600,0.0,0.0,0.0
2020-12-24,156.89999389648438,157.42999267578125,156.85000610351562,157.2899932861328,131.51759338378906,3117100,0.0,0.0,0.0
2020-12-28,156.3800048828125,157.4499969482422,156.10000610351562,157.36000061035156,131.57615661621094,7791100,0.0,0.0,0.0
2020-12-29,156.38999938964844,157.2899932861328,156.36000061035156,157.16000366210938,131.40890502929688,9030900,0.0,0.0,0.0
2020-12-30,156.82000732421875,157.52999877929688,156.67999267578125,157.5,131.6931915283203,9097300,0.0,0.0,0.0
2020-12-31,157.4600067138672,158.0800018310547,157.4499969482422,157.72999572753906,131.885498046875,7742100,0.0,0.0,0.0
2021-01-04,156.6699981689453,158.17999267578125,156.5399932861328,157.5399932861328,131.72666931152344,13152900,0.0,0.0,0.0
2021-01-05,156.9499969482422,156.9499969482422,155.66000366210938,156.3699951171875,130.7483673095703,10458100,0.0,0.0,0.0
2021-01-06,153.82000732421875,153.85000610351562,152.2899932861328,153.16000366210938,128.06431579589844,22827300,0.0,0.0,0.0
2021-01-07,151.7899932861328,152.1699981689453,151.25999450683594,151.80999755859375,126.93547058105469,14651900,0.0,0.0,0.0
2021-01-08,151.47999572753906,151.9600067138672,150.66000366210938,151.32000732421875,126.52582550048828,13622500,0.0,0.0,0.0
2021-01-11,151.0,151.2100067138672,150.49000549316406,151.07000732421875,126.31675720214844,8370700,0.0,0.0,0.0
2021-01-12,150.7899932861328,151.16000366210938,149.92999267578125,150.9499969482422,126.21640014648438,12186300,0.0,0.0,0.0
2021-01-13,151.66000366210938,153.07000732421875,151.57000732421875,152.64999389648438,127.63788604736328,12533300,0.0,0.0,0.0
2021-01-14,152.5800018310547,152.63999938964844,150.7899932861328,151.22000122070312,126.44216918945312,14835500,0.0,0.0,0.0
2021-01-15,152.19000244140625,152.36000061035156,151.47000122070312,151.82000732421875,126.94384765625,11624700,0.0,0.0,0.0
2021-01-19,151.6199951171875,152.36000061035156,151.50999450683594,152.30999755859375,127.35362243652344,9575600,0.0,0.0,0.0
2021-01-20,151.99000549316406,152.47999572753906,151.7899932861328,152.4600067138672,127.47904968261719,5368900,0.0,0.0,0.0
2021-01-21,151.44000244140625,151.75,151.10000610351562,151.38999938964844,126.58434295654297,8162700,0.0,0.0,0.0
2021-01-22,151.85000610351562,152.00999450683594,151.4199981689453,151.8800048828125,126.99404907226562,9507200,0.0,0.0,0.0
2021-01-25,152.75999450683594,153.69000244140625,152.63999938964844,153.6699981689453,128.4907989501953,8712600,0.0,0.0,0.0
2021-01-26,153.10000610351562,153.60000610351562,152.9199981689453,153.3800048828125,128.2482147216797,7690300,0.0,0.0,0.0
2021-01-27,154.07000732421875,154.5,153.52999877929688,153.77000427246094,128.5743408203125,7895200,0.0,0.0,0.0
2021-01-28,153.39999389648438,153.4600067138672,152.16000366210938,152.9199981689453,127.86360931396484,10667800,0.0,0.0,0.0
2021-01-29,151.4199981689453,152.49000549316406,151.3000030517578,152.0,127.09436798095703,14965900,0.0,0.0,0.0
2021-02-01,151.66000366210938,152.36000061035156,151.49000549316406,152.0,127.24169158935547,8165500,0.176,0.0,0.0
2021-02-02,150.74000549316406,151.08999633789062,150.52000427246094,151.02000427246094,126.42135620117188,9177500,0.0,0.0,0.0
2021-02-03,150.42999267578125,150.58999633789062,149.5800018310547,149.67999267578125,125.29959106445312,9633100,0.0,0.0,0.0
2021-02-04,149.16000366210938,149.49000549316406,148.8000030517578,149.27999877929688,124.96476745605469,8262600,0.0,0.0,0.0
2021-02-05,149.10000610351562,149.57000732421875,148.02000427246094,148.02999877929688,123.91836547851562,10258900,0.0,0.0,0.0
2021-02-08,148.3000030517578,149.25999450683594,148.0399932861328,148.67999267578125,124.46250915527344,11574800,0.0,0.0,0.0
2021-02-09,149.22000122070312,149.6699981689453,148.66000366210938,148.7899932861328,124.55461120605469,5218300,0.0,0.0,0.0
2021-02-10,149.27999877929688,149.77999877929688,149.13999938964844,149.77999877929688,125.38330841064453,8079800,0.0,0.0,0.0
2021-02-11,149.67999267578125,149.7899932861328,148.75,148.9600067138672,124.69690704345703,11962700,0.0,0.0,0.0
2021-02-12,147.6999969482422,148.0800018310547,147.02999877929688,147.11000061035156,123.1482162475586,14088400,0.0,0.0,0.0
2021-02-16,145.22000122070312,145.66000366210938,144.66000366210938,144.8699951171875,121.2730941772461,17789100,0.0,0.0,0.0
2021-02-17,145.9499969482422,146.3800048828125,144.97999572753906,145.7899932861328,122.04322052001953,11199100,0.0,0.0,0.0
2021-02-18,144.61000061035156,145.60000610351562,144.32000732421875,145.1999969482422,121.54930114746094,10755300,0.0,0.0,0.0
2021-02-19,144.05999755859375,144.32000732421875,142.85000610351562,143.27000427246094,119.93367004394531,12741700,0.0,0.0,0.0
2021-02-22,143.02999877929688,143.74000549316406,141.72000122070312,142.17999267578125,119.02125549316406,13203900,0.0,0.0,0.0
2021-02-23,141.52000427246094,142.5,141.13999938964844,141.77000427246094,118.67799377441406,12658500,0.0,0.0,0.0
2021-02-24,139.35000610351562,141.17999267578125,139.16000366210938,140.83999633789062,117.89952087402344,17363100,0.0,0.0,0.0
2021-02-25,139.52000427246094,139.9199981689453,136.61000061035156,138.5399932861328,115.97410583496094,52621700,0.0,0.0,0.0
2021-02-26,140.77000427246094,143.3000030517578,139.67999267578125,143.1199951171875,119.8080825805664,45423300,0.0,0.0,0.0
2021-03-01,140.66000366210938,141.41000366210938,140.08999633789062,141.05999755859375,118.22575378417969,22048000,0.172,0.0,0.0
2021-03-02,140.39999389648438,141.1300048828125,140.2899932861328,141.07000732421875,118.23412322998047,12482200,0.0,0.0,0.0
2021-03-03,139.3800048828125,140.14999389648438,138.75999450683594,139.5399932861328,116.95182037353516,19763700,0.0,0.0,0.0
2021-03-04,139.6300048828125,139.94000244140625,137.9600067138672,138.63999938964844,116.19746398925781,22366600,0.0,0.0,0.0
2021-03-05,138.1699981689453,139.33999633789062,137.99000549316406,138.91000366210938,116.42378997802734,20598000,0.0,0.0,0.0
2021-03-08,138.8300018310547,138.89999389648438,137.8300018310547,137.8300018310547,115.51862335205078,15236600,0.0,0.0,0.0
2021-03-09,139.27000427246094,139.82000732421875,138.97000122070312,139.74000549316406,117.11942291259766,14463400,0.0,0.0,0.0
2021-03-10,139.8000030517578,140.14999389648438,139.27999877929688,140.02000427246094,117.3541259765625,12387600,0.0,0.0,0.0
2021-03-11,139.1699981689453,139.3800048828125,138.4600067138672,139.00999450683594,116.50756072998047,14150700,0.0,0.0,0.0
2021-03-12,136.39999389648438,136.4600067138672,135.64999389648438,136.05999755859375,114.03514862060547,20402700,0.0,0.0,0.0
2021-03-15,136.49000549316406,137.08999633789062,136.41000366210938,136.86000061035156,114.70563507080078,11366500,0.0,0.0,0.0
2021-03-16,137.02000427246094,137.1199951171875,135.75,136.30999755859375,114.2446517944336,15567900,0.0,0.0,0.0
2021-03-17,135.14999389648438,135.52999877929688,134.14999389648438,135.2899932861328,113.38975524902344,27107500,0.0,0.0,0.0
2021-03-18,133.30999755859375,134.47000122070312,133.19000244140625,133.9199981689453,112.24150848388672,21615100,0.0,0.0,0.0
2021-03-19,134.0800018310547,134.8300018310547,133.8000030517578,134.75,112.93716430664062,18685000,0.0,0.0,0.0
2021-03-22,135.69000244140625,136.41000366210938,135.3699951171875,136.25999450683594,114.20278930664062,17047500,0.0,0.0,0.0
2021-03-23,136.58999633789062,137.5399932861328,136.14999389648438,137.49000549316406,115.23365783691406,16768400,0.0,0.0,0.0
2021-03-24,137.05999755859375,138.27999877929688,136.9499969482422,138.22999572753906,115.85387420654297,13863000,0.0,0.0,0.0
2021-03-25,138.38999938964844,138.66000366210938,137.08999633789062,137.13999938964844,114.94029998779297,20782000,0.0,0.0,0.0
2021-03-26,136.4199981689453,137.24000549316406,136.22000122070312,136.66000366210938,114.5379867553711,8433300,0.0,0.0,0.0
2021-03-29,136.8300018310547,136.85000610351562,134.97000122070312,135.5,113.56575012207031,13968100,0.0,0.0,0.0
2021-03-30,135.3000030517578,136.50999450683594,135.00999450683594,136.2100067138672,114.16087341308594,15020800,0.0,0.0,0.0
2021-03-31,136.33999633789062,136.58999633789062,134.97999572753906,135.4499969482422,113.52384185791016,19271300,0.0,0.0,0.0
2021-04-01,136.5500030517578,137.6199951171875,136.3000030517578,137.50999450683594,115.40804290771484,14885900,0.185,0.0,0.0
2021-04-05,136.5500030517578,136.97000122070312,135.94000244140625,136.91000366210938,114.9045181274414,8243000,0.0,0.0,0.0
2021-04-06,137.16000366210938,137.97999572753906,137.00999450683594,137.83999633789062,115.6850357055664,9282400,0.0,0.0,0.0
2021-04-07,137.4499969482422,138.10000610351562,136.8800048828125,136.8800048828125,114.87930297851562,11052700,0.0,0.0,0.0
2021-04-08,137.38999938964844,138.07000732421875,137.36000061035156,138.00999450683594,115.82760620117188,7847900,0.0,0.0,0.0
2021-04-09,137.5,138.19000244140625,137.08999633789062,137.50999450683594,115.40804290771484,8717800,0.0,0.0,0.0
2021-04-12,137.4600067138672,137.52999877929688,137.10000610351562,137.4499969482422,115.357666015625,7659000,0.0,0.0,0.0
2021-04-13,137.3000030517578,138.50999450683594,137.1999969482422,138.47999572753906,116.22212982177734,13232800,0.0,0.0,0.0
2021-04-14,138.02999877929688,138.24000549316406,137.57000732421875,138.0399932861328,115.8528823852539,7293200,0.0,0.0,0.0
2021-04-15,139.49000549316406,140.97999572753906,139.4600067138672,140.35000610351562,117.79155731201172,23896700,0.0,0.0,0.0
2021-04-16,139.10000610351562,139.72999572753906,138.92999267578125,139.25999450683594,116.87673950195312,15238400,0.0,0.0,0.0
2021-04-19,138.74000549316406,139.30999755859375,138.5500030517578,138.86000061035156,116.54105377197266,13886800,0.0,0.0,0.0
2021-04-20,138.4499969482422,139.75999450683594,138.42999267578125,139.5,117.07821655273438,11476500,0.0,0.0,0.0
2021-04-21,139.5399932861328,139.91000366210938,139.07000732421875,139.77999877929688,117.31318664550781,11902200,0.0,0.0,0.0
2021-04-22,140.0,140.38999938964844,139.1999969482422,140.38999938964844,117.82515716552734,14156400,0.0,0.0,0.0
2021-04-23,140.3800048828125,140.47000122070312,139.49000549316406,140.05999755859375,117.54817199707031,12302200,0.0,0.0,0.0
2021-04-26,140.14999389648438,140.50999450683594,139.85000610351562,139.86000061035156,117.38032531738281,9103500,0.0,0.0,0.0
2021-04-27,139.58999633789062,139.82000732421875,138.52999877929688,138.63999938964844,116.35639190673828,14137300,0.0,0.0,0.0
2021-04-28,138.64999389648438,138.88999938964844,137.9600067138672,138.72999572753906,116.43193054199219,15263700,0.0,0.0,0.0
2021-04-29,137.4499969482422,138.36000061035156,137.1300048828125,138.32000732421875,116.08786010742188,17178200,0.0,0.0,0.0
2021-04-30,138.50999450683594,138.72999572753906,137.97999572753906,138.63999938964844,116.35639190673828,15692000,0.0,0.0,0.0
2021-05-03,138.6999969482422,139.64999389648438,138.27999877929688,138.52000427246094,116.4261703491211,16447700,0.203,0.0,0.0
2021-05-04,139.49000549316406,140.16000366210938,139.16000366210938,139.4600067138672,117.21623229980469,18639700,0.0,0.0,0.0
2021-05-05,139.02999877929688,139.85000610351562,138.9199981689453,139.69000244140625,117.40955352783203,11127900,0.0,0.0,0.0
2021-05-06,139.25,140.19000244140625,139.1999969482422,139.9199981689453,117.6028823852539,21907600,0.0,0.0,0.0
2021-05-07,140.10000610351562,140.60000610351562,138.91000366210938,139.22999572753906,117.02291870117188,18346900,0.0,0.0,0.0
2021-05-10,138.9499969482422,139.25,137.69000244140625,137.82000732421875,115.83787536621094,15146200,0.0,0.0,0.0
2021-05-11,137.22999572753906,137.47999572753906,136.77000427246094,137.0399932861328,115.18223571777344,15158600,0.0,0.0,0.0
2021-05-12,136.6699981689453,136.8000030517578,135.36000061035156,135.60000610351562,113.97195434570312,20859400,0.0,0.0,0.0
2021-05-13,135.92999267578125,136.3699951171875,135.6300048828125,135.80999755859375,114.1484146118164,13073900,0.0,0.0,0.0
2021-05-14,136.52999877929688,137.0800018310547,136.22000122070312,137.0800018310547,115.21587371826172,17566700,0.0,0.0,0.0
2021-05-17,136.8300018310547,137.1699981689453,136.57000732421875,136.7899932861328,114.97209930419922,6113800,0.0,0.0,0.0
2021-05-18,136.39999389648438,136.57000732421875,136.07000732421875,136.44000244140625,114.67790222167969,11423100,0.0,0.0,0.0
2021-05-19,136.5399932861328,137.3000030517578,135.6199951171875,136.11000061035156,114.40056610107422,14296000,0.0,0.0,0.0
2021-05-20,136.75999450683594,137.49000549316406,136.6699981689453,137.22999572753906,115.3419418334961,13310500,0.0,0.0,0.0
2021-05-21,137.66000366210938,137.6999969482422,137.05999755859375,137.6699981689453,115.71177673339844,10171600,0.0,0.0,0.0
2021-05-24,137.99000549316406,138.5800018310547,137.88999938964844,138.17999267578125,116.14039611816406,6868700,0.0,0.0,0.0
2021-05-25,138.6300048828125,139.5,138.6199951171875,139.4600067138672,117.21623229980469,12346900,0.0,0.0,0.0
2021-05-26,139.58999633789062,139.91000366210938,138.8800048828125,139.22000122070312,117.01456451416016,9793700,0.0,0.0,0.0
2021-05-27,138.5,138.69000244140625,137.99000549316406,138.66000366210938,116.54386901855469,10695200,0.0,0.0,0.0
2021-05-28,138.5800018310547,139.3000030517578,138.33999633789062,138.44000244140625,116.35894012451172,10258000,0.0,0.0,0.0
2021-06-01,137.82000732421875,138.25999450683594,137.25,138.2100067138672,116.33284759521484,11778500,0.199,0.0,0.0
2021-06-02,138.5500030517578,138.7899932861328,138.32000732421875,138.52999877929688,116.60218811035156,7347900,0.0,0.0,0.0
2021-06-03,138.50999450683594,138.50999450683594,137.85000610351562,138.00999450683594,116.1644515991211,10994000,0.0,0.0,0.0
2021-06-04,138.52000427246094,139.89999389648438,138.52000427246094,139.89999389648438,117.75529479980469,15773700,0.0,0.0,0.0
2021-06-07,139.58999633789062,139.7100067138672,139.32000732421875,139.47000122070312,117.39340209960938,7799800,0.0,0.0,0.0
2021-06-08,140.66000366210938,140.66000366210938,140.2100067138672,140.4499969482422,118.21827697753906,11230900,0.0,0.0,0.0
2021-06-09,141.75999450683594,142.14999389648438,141.25,141.69000244140625,119.26202392578125,12768300,0.0,0.0,0.0
2021-06-10,140.8300018310547,142.55999755859375,140.67999267578125,142.5399932861328,119.97746276855469,19698300,0.0,0.0,0.0
2021-06-11,142.30999755859375,142.39999389648438,141.83999633789062,142.30999755859375,119.78385162353516,8646700,0.0,0.0,0.0
2021-06-14,142.10000610351562,142.10000610351562,141.00999450683594,141.22000122070312,118.86638641357422,9401300,0.0,0.0,0.0
2021-06-15,140.8000030517578,141.08999633789062,140.47999572753906,141.0500030517578,118.72327423095703,18207300,0.0,0.0,0.0
2021-06-16,141.39999389648438,141.6699981689453,140.2100067138672,140.92999267578125,118.62228393554688,19676300,0.0,0.0,0.0
2021-06-17,141.86000061035156,144.92999267578125,141.63999938964844,143.0399932861328,120.39832305908203,35225800,0.0,0.0,0.0
2021-06-18,144.27999877929688,146.0399932861328,144.1199951171875,145.72999572753906,122.66255950927734,26616900,0.0,0.0,0.0
2021-06-21,144.38999938964844,144.49000549316406,143.02000427246094,143.2899932861328,120.60875701904297,16485000,0.0,0.0,0.0
2021-06-22,142.1699981689453,143.67999267578125,142.1199951171875,143.63999938964844,120.90328979492188,14530200,0.0,0.0,0.0
2021-06-23,143.11000061035156,143.5,142.7100067138672,143.27000427246094,120.59185028076172,12040900,0.0,0.0,0.0
2021-06-24,143.4199981689453,143.89999389648438,143.3300018310547,143.5,120.7855224609375,8788400,0.0,0.0,0.0
2021-06-25,143.25999450683594,143.39999389648438,141.3699951171875,142.00999450683594,119.5313720703125,15562200,0.0,0.0,0.0
2021-06-28,142.72000122070312,143.8000030517578,142.6999969482422,143.47000122070312,120.76022338867188,11460700,0.0,0.0,0.0
2021-06-29,143.10000610351562,143.72000122070312,143.0399932861328,143.7100067138672,120.9623031616211,11217900,0.0,0.0,0.0
2021-06-30,144.25,144.92999267578125,144.07000732421875,144.35000610351562,121.5009765625,15708900,0.0,0.0,0.0
2021-07-01,143.97999572753906,144.30999755859375,143.52999877929688,144.1699981689453,121.50769805908203,10810000,0.188,0.0,0.0
2021-07-02,144.22999572753906,145.0399932861328,144.11000061035156,145.0399932861328,122.24089050292969,9650200,0.0,0.0,0.0
2021-07-06,145.72000122070312,146.99000549316406,145.72000122070312,146.74000549316406,123.67375183105469,20037200,0.0,0.0,0.0
2021-07-07,147.57000732421875,148.55999755859375,147.22000122070312,148.0399932861328,124.76933288574219,20964400,0.0,0.0,0.0
2021-07-08,148.8800048828125,149.44000244140625,148.1699981689453,148.6199951171875,125.2581558227539,17487800,0.0,0.0,0.0
2021-07-09,146.8699951171875,146.99000549316406,146.49000549316406,146.52999877929688,123.49671936035156,14483600,0.0,0.0,0.0
2021-07-12,147.08999633789062,147.22999572753906,146.1699981689453,146.33999633789062,123.33656311035156,10610400,0.0,0.0,0.0
2021-07-13,146.82000732421875,147.4600067138672,144.63999938964844,145.22000122070312,122.39266967773438,23340200,0.0,0.0,0.0
2021-07-14,146.00999450683594,146.9199981689453,145.80999755859375,146.8699951171875,123.7833023071289,16038600,0.0,0.0,0.0
2021-07-15,147.9499969482422,148.60000610351562,147.02999877929688,148.49000549316406,125.14865112304688,18462400,0.0,0.0,0.0
2021-07-16,147.33999633789062,148.33999633789062,147.32000732421875,148.2100067138672,124.9126205444336,12787900,0.0,0.0,0.0
2021-07-19,150.9499969482422,151.9499969482422,150.6199951171875,151.4600067138672,127.65178680419922,40203900,0.0,0.0,0.0
2021-07-20,152.52999877929688,152.7100067138672,149.75999450683594,150.0,126.4212646484375,25674800,0.0,0.0,0.0
2021-07-21,148.17999267578125,148.5,146.6699981689453,148.10000610351562,124.8199691772461,19988900,0.0,0.0,0.0
2021-07-22,148.11000061035156,149.80999755859375,148.05999755859375,149.5,125.99983978271484,18136900,0.0,0.0,0.0
2021-07-23,147.94000244140625,148.66000366210938,147.88999938964844,148.5,125.15705871582031,12639300,0.0,0.0,0.0
2021-07-26,149.0,149.05999755859375,147.8800048828125,148.05999755859375,124.78620147705078,10737700,0.0,0.0,0.0
2021-07-27,149.3300018310547,149.69000244140625,148.99000549316406,149.63999938964844,126.11782836914062,13036500,0.0,0.0,0.0
2021-07-28,148.6699981689453,149.6699981689453,148.27000427246094,149.64999389648438,126.12629699707031,14346700,0.0,0.0,0.0
2021-07-29,148.77999877929688,149.22000122070312,148.52999877929688,148.82000732421875,125.42674255371094,11532000,0.0,0.0,0.0
2021-07-30,149.1300048828125,149.72000122070312,149.05999755859375,149.52000427246094,126.0167236328125,14342100,0.0,0.0,0.0
2021-08-02,149.4499969482422,151.22999572753906,149.17999267578125,150.6699981689453,127.14069366455078,21232700,0.182,0.0,0.0
2021-08-03,150.75,151.22999572753906,150.38999938964844,150.75,127.20824432373047,13361900,0.0,0.0,0.0
2021-08-04,151.5,151.82000732421875,149.72000122070312,151.05999755859375,127.46975708007812,18267900,0.0,0.0,0.0
2021-08-05,150.75999450683594,150.9199981689453,150.0,150.2899932861328,126.82006072998047,15345400,0.0,0.0,0.0
2021-08-06,148.32000732421875,148.75999450683594,147.69000244140625,147.77999877929688,124.7020034790039,21144300,0.0,0.0,0.0
2021-08-09,148.14999389648438,148.55999755859375,147.22999572753906,147.25,124.25479888916016,12942400,0.0,0.0,0.0
2021-08-10,147.49000549316406,147.57000732421875,146.55999755859375,146.57000732421875,123.6810073852539,13716900,0.0,0.0,0.0
2021-08-11,146.41000366210938,147.22999572753906,145.7100067138672,146.47999572753906,123.60497283935547,17227600,0.0,0.0,0.0
2021-08-12,146.08999633789062,146.44000244140625,145.42999267578125,146.24000549316406,123.40251159667969,14709400,0.0,0.0,0.0
2021-08-13,146.8300018310547,148.55999755859375,146.80999755859375,148.5500030517578,125.3517837524414,18653800,0.0,0.0,0.0
2021-08-16,149.19000244140625,150.02000427246094,148.80999755859375,148.91000366210938,125.65557861328125,19170900,0.0,0.0,0.0
2021-08-17,148.8800048828125,149.47000122070312,148.6699981689453,148.85000610351562,125.60494232177734,14126900,0.0,0.0,0.0
2021-08-18,148.7100067138672,149.47000122070312,148.4499969482422,149.35000610351562,126.02684783935547,13144000,0.0,0.0,0.0
2021-08-19,150.30999755859375,150.4600067138672,149.80999755859375,150.4499969482422,126.95504760742188,15474300,0.0,0.0,0.0
2021-08-20,150.58999633789062,150.80999755859375,150.11000061035156,150.5500030517578,127.03945922851562,12388400,0.0,0.0,0.0
2021-08-23,150.1999969482422,150.5,149.9199981689453,150.4499969482422,126.95504760742188,10615000,0.0,0.0,0.0
2021-08-24,149.75999450683594,150.07000732421875,149.27999877929688,149.27999877929688,125.9677963256836,13835900,0.0,0.0,0.0
2021-08-25,149.2100067138672,149.3699951171875,147.5800018310547,148.0399932861328,124.92142486572266,16743800,0.0,0.0,0.0
2021-08-26,147.97000122070312,148.57000732421875,147.50999450683594,148.4499969482422,125.26742553710938,16657400,0.0,0.0,0.0
2021-08-27,148.57000732421875,149.49000549316406,148.3300018310547,149.4600067138672,126.11967468261719,15384700,0.0,0.0,0.0
2021-08-30,148.99000549316406,149.89999389648438,148.92999267578125,149.85000610351562,126.44880676269531,10596300,0.0,0.0,0.0
2021-08-31,149.6699981689453,150.08999633789062,148.5,148.8300018310547,125.58805084228516,15262400,0.0,0.0,0.0
2021-09-01,149.27000427246094,149.38999938964844,148.49000549316406,148.88999938964844,125.79847717285156,10807100,0.189,0.0,0.0
2021-09-02,149.24000549316406,149.5500030517578,148.75,149.5399932861328,126.34761810302734,9765900,0.0,0.0,0.0
2021-09-03,148.27000427246094,148.50999450683594,147.94000244140625,148.17999267578125,125.19853973388672,12928000,0.0,0.0,0.0
2021-09-07,147.25999450683594,147.52000427246094,146.66000366210938,146.92999267578125,124.14238739013672,15547800,0.0,0.0,0.0
2021-09-08,147.66000366210938,148.19000244140625,147.38999938964844,147.92999267578125,124.98734283447266,14533700,0.0,0.0,0.0
2021-09-09,148.1699981689453,149.88999938964844,147.85000610351562,149.72000122070312,126.4996566772461,20324600,0.0,0.0,0.0
2021-09-10,148.89999389648438,149.1699981689453,148.16000366210938,148.39999389648438,125.3844223022461,14894600,0.0,0.0,0.0
2021-09-13,149.0399932861328,149.49000549316406,148.9499969482422,149.3000030517578,126.14479064941406,15036100,0.0,0.0,0.0
2021-09-14,149.72999572753906,151.57000732421875,149.5800018310547,151.11000061035156,127.67410278320312,19918400,0.0,0.0,0.0
2021-09-15,151.2100067138672,151.25,149.92999267578125,150.5800018310547,127.22628021240234,11940300,0.0,0.0,0.0
2021-09-16,149.6699981689453,150.4499969482422,149.5,149.88999938964844,126.64330291748047,13328900,0.0,0.0,0.0
2021-09-17,149.17999267578125,149.36000061035156,148.6999969482422,149.1699981689453,126.03495788574219,13782900,0.0,0.0,0.0
2021-09-20,150.57000732421875,151.3699951171875,150.22999572753906,151.02000427246094,127.59806060791016,14660400,0.0,0.0,0.0
2021-09-21,150.7100067138672,150.9600067138672,150.1999969482422,150.88999938964844,127.48822784423828,10035800,0.0,0.0,0.0
2021-09-22,150.7899932861328,151.7899932861328,150.44000244140625,151.7899932861328,128.24862670898438,22277800,0.0,0.0,0.0
2021-09-23,150.4199981689453,150.4499969482422,148.33999633789062,148.36000061035156,125.35062408447266,23853300,0.0,0.0,0.0
2021-09-24,147.83999633789062,147.85000610351562,146.74000549316406,146.91000366210938,124.12547302246094,20203900,0.0,0.0,0.0
2021-09-27,146.05999755859375,146.8699951171875,145.8800048828125,146.3699951171875,123.66923522949219,13464300,0.0,0.0,0.0
2021-09-28,144.3300018310547,145.07000732421875,143.63999938964844,144.08999633789062,121.74286651611328,26613500,0.0,0.0,0.0
2021-09-29,144.8000030517578,145.42999267578125,143.69000244140625,144.33999633789062,121.95410919189453,23569400,0.0,0.0,0.0
2021-09-30,144.10000610351562,144.50999450683594,143.64999389648438,144.32000732421875,121.93721008300781,22567600,0.0,0.0,0.0
2021-10-01,144.85000610351562,145.39999389648438,144.1999969482422,145.35000610351562,122.96337890625,26151800,0.183,0.0,0.0
2021-10-04,144.6699981689453,145.4600067138672,144.10000610351562,144.97999572753906,122.65032958984375,28027600,0.0,0.0,0.0
2021-10-05,144.60000610351562,144.6999969482422,143.4600067138672,143.5800018310547,121.46591186523438,22659200,0.0,0.0,0.0
2021-10-06,144.22999572753906,144.72000122070312,144.02999877929688,144.38999938964844,122.15125274658203,18696500,0.0,0.0,0.0
2021-10-07,143.19000244140625,143.33999633789062,142.58999633789062,142.8800048828125,120.87380981445312,14856000,0.0,0.0,0.0
2021-10-08,142.25999450683594,142.35000610351562,141.52999877929688,141.8800048828125,120.02782440185547,17257800,0.0,0.0,0.0
2021-10-11,141.60000610351562,141.89999389648438,141.4499969482422,141.52000427246094,119.72327423095703,7213400,0.0,0.0,0.0
2021-10-12,142.6300048828125,144.00999450683594,142.47999572753906,143.94000244140625,121.77056121826172,17968700,0.0,0.0,0.0
2021-10-13,144.61000061035156,145.52999877929688,144.5800018310547,145.33999633789062,122.95487976074219,23584600,0.0,0.0,0.0
2021-10-14,145.3699951171875,145.9600067138672,144.9499969482422,145.8800048828125,123.41170501708984,12946400,0.0,0.0,0.0
2021-10-15,145.0,145.13999938964844,144.47000122070312,145.02999877929688,122.6926498413086,11811500,0.0,0.0,0.0
2021-10-18,145.0,146.0,144.52000427246094,145.7100067138672,123.26791381835938,12115900,0.0,0.0,0.0
2021-10-19,144.66000366210938,144.72999572753906,143.64999389648438,143.6999969482422,121.56749725341797,12156300,0.0,0.0,0.0
2021-10-20,143.25,143.67999267578125,142.50999450683594,142.72999572753906,120.74693298339844,12782500,0.0,0.0,0.0
2021-10-21,143.0,143.14999389648438,142.22999572753906,142.55999755859375,120.60311126708984,13660000,0.0,0.0,0.0
2021-10-22,143.4499969482422,144.39999389648438,143.2100067138672,144.1300048828125,121.93118286132812,13740000,0.0,0.0,0.0
2021-10-25,143.6699981689453,144.3000030517578,143.6300048828125,143.91000366210938,121.74510192871094,8137900,0.0,0.0,0.0
2021-10-26,144.6199951171875,145.10000610351562,143.74000549316406,145.10000610351562,122.75183868408203,13671000,0.0,0.0,0.0
2021-10-27,146.39999389648438,148.17999267578125,145.92999267578125,147.74000549316406,124.98526000976562,22092300,0.0,0.0,0.0
2021-10-28,147.7899932861328,148.3300018310547,146.83999633789062,147.24000549316406,124.562255859375,17497600,0.0,0.0,0.0
2021-10-29,146.47000122070312,148.0,146.32000732421875,147.69000244140625,124.9429702758789,19087300,0.0,0.0,0.0
2021-11-01,145.8000030517578,146.75999450683594,145.6999969482422,146.44000244140625,124.0433578491211,18035500,0.188,0.0,0.0
2021-11-02,146.5,147.57000732421875,146.5,147.08999633789062,124.59396362304688,9836700,0.0,0.0,0.0
2021-11-03,147.82000732421875,147.97999572753906,145.52999877929688,145.57000732421875,123.30644226074219,20639400,0.0,0.0,0.0
2021-11-04,145.8699951171875,147.36000061035156,145.85000610351562,147.10000610351562,124.60245513916016,15922400,0.0,0.0,0.0
2021-11-05,148.52000427246094,149.5800018310547,148.1300048828125,149.3000030517578,126.46600341796875,21513000,0.0,0.0,0.0
2021-11-08,148.9600067138672,149.27999877929688,148.50999450683594,149.02000427246094,126.22882080078125,12083800,0.0,0.0,0.0
2021-11-09,150.8000030517578,151.77000427246094,150.63999938964844,150.9600067138672,127.87207794189453,23430200,0.0,0.0,0.0
2021-11-10,150.8300018310547,150.92999267578125,147.02999877929688,148.1999969482422,125.5341796875,28170600,0.0,0.0,0.0
2021-11-11,148.50999450683594,148.66000366210938,147.88999938964844,147.97999572753906,125.34786987304688,5552500,0.0,0.0,0.0
2021-11-12,148.0,148.50999450683594,146.75999450683594,147.3300018310547,124.79730987548828,12712000,0.0,0.0,0.0
2021-11-15,146.88999938964844,146.9600067138672,145.22000122070312,145.47999572753906,123.230224609375,15232700,0.0,0.0,0.0
2021-11-16,145.69000244140625,146.3800048828125,144.85000610351562,145.11000061035156,122.91679382324219,12998700,0.0,0.0,0.0
2021-11-17,144.57000732421875,146.2899932861328,144.4600067138672,146.25999450683594,123.89087677001953,14239900,0.0,0.0,0.0
2021-11-18,145.99000549316406,146.89999389648438,145.9499969482422,146.80999755859375,124.35680389404297,11054600,0.0,0.0,0.0
2021-11-19,147.5800018310547,148.60000610351562,147.5800018310547,148.36000061035156,125.66973876953125,14022100,0.0,0.0,0.0
2021-11-22,147.39999389648438,147.63999938964844,146.1300048828125,146.6199951171875,124.19581604003906,15266000,0.0,0.0,0.0
2021-11-23,145.92999267578125,146.11000061035156,144.5,144.5,122.40006256103516,15318500,0.0,0.0,0.0
2021-11-24,144.94000244140625,146.82000732421875,144.7899932861328,146.82000732421875,124.36530303955078,13769700,0.0,0.0,0.0
2021-11-26,148.8300018310547,150.67999267578125,148.6699981689453,150.52999877929688,127.50786590576172,20064800,0.0,0.0,0.0
2021-11-29,148.30999755859375,149.63999938964844,148.1699981689453,149.32000732421875,126.48294067382812,23234200,0.0,0.0,0.0
2021-11-30,150.8300018310547,152.07000732421875,150.25,151.58999633789062,128.40576171875,31481100,0.0,0.0,0.0
2021-12-01,150.49000549316406,152.41000366210938,149.7899932861328,152.33999633789062,129.19784545898438,30826500,0.184,0.0,0.0
2021-12-02,152.92999267578125,152.99000549316406,150.75999450683594,152.52999877929688,129.35897827148438,17754200,0.0,0.0,0.0
2021-12-03,151.67999267578125,155.1199951171875,151.35000610351562,154.35000610351562,130.90252685546875,34427100,0.0,0.0,0.0
2021-12-06,154.0500030517578,154.35000610351562,151.92999267578125,152.22999572753906,129.1045684814453,30924200,0.0,0.0,0.0
2021-12-07,151.72000122070312,152.52999877929688,150.86000061035156,151.0,128.0614013671875,22115900,0.0,0.0,0.0
2021-12-08,150.47000122070312,150.47999572753906,148.36000061035156,148.38999938964844,125.84793853759766,33633900,0.0,0.0,0.0
2021-12-09,149.33999633789062,149.83999633789062,148.47999572753906,149.22000122070312,126.55182647705078,17544900,0.0,0.0,0.0
2021-12-10,149.9199981689453,150.24000549316406,148.80999755859375,148.86000061035156,126.24649810791016,14298700,0.0,0.0,0.0
2021-12-13,150.38999938964844,151.30999755859375,150.30999755859375,151.05999755859375,128.1122589111328,17860500,0.0,0.0,0.0
2021-12-14,150.3699951171875,150.92999267578125,149.30999755859375,150.6999969482422,127.80696105957031,14015500,0.0,0.0,0.0
2021-12-15,149.61000061035156,150.7899932861328,149.1300048828125,149.25,126.57726287841797,25383900,0.0,0.0,0.0
2021-12-16,148.75,149.8800048828125,148.72999572753906,149.13999938964844,126.62647247314453,18677900,0.168,0.0,0.0
2021-12-17,150.33999633789062,150.97999572753906,150.16000366210938,150.8300018310547,128.06138610839844,18093500,0.0,0.0,0.0
2021-12-20,150.75,151.02000427246094,149.60000610351562,149.6999969482422,127.10201263427734,17147300,0.0,0.0,0.0
2021-12-21,148.13999938964844,149.1999969482422,147.6199951171875,149.1300048828125,126.61797332763672,16598200,0.0,0.0,0.0
2021-12-22,149.72999572753906,149.86000061035156,149.02000427246094,149.82000732421875,127.20381927490234,12253900,0.0,0.0,0.0
2021-12-23,149.58999633789062,149.60000610351562,148.02999877929688,148.52000427246094,126.10014343261719,11642500,0.0,0.0,0.0
2021-12-27,148.4600067138672,149.00999450683594,148.32000732421875,148.8800048828125,126.40575408935547,7821800,0.0,0.0,0.0
2021-12-28,149.60000610351562,149.77999877929688,148.00999450683594,148.2899932861328,125.90481567382812,9174600,0.0,0.0,0.0
2021-12-29,146.91000366210938,147.30999755859375,146.41000366210938,146.6699981689453,124.52931213378906,11771200,0.0,0.0,0.0
2021-12-30,147.25,147.97000122070312,146.4499969482422,147.89999389648438,125.57366943359375,10355000,0.0,0.0,0.0
2021-12-31,147.80999755859375,149.02999877929688,147.42999267578125,148.19000244140625,125.81990051269531,13402300,0.0,0.0,0.0
2022-01-03,146.41000366210938,146.94000244140625,144.27999877929688,144.3000030517578,122.51710510253906,33860400,0.0,0.0,0.0
2022-01-04,143.61000061035156,144.1300048828125,142.74000549316406,143.6999969482422,122.00774383544922,21996400,0.0,0.0,0.0
2022-01-05,144.13999938964844,144.16000366210938,142.7100067138672,142.9199981689453,121.345458984375,20911700,0.0,0.0,0.0
2022-01-06,142.58999633789062,143.44000244140625,142.2899932861328,143.2899932861328,121.65959167480469,18996400,0.0,0.0,0.0
2022-01-07,143.1300048828125,143.24000549316406,141.55999755859375,142.25999450683594,120.78511047363281,18756800,0.0,0.0,0.0
2022-01-10,141.64999389648438,142.80999755859375,141.36000061035156,142.61000061035156,121.08222961425781,13775800,0.0,0.0,0.0
2022-01-11,142.8800048828125,143.6300048828125,142.6999969482422,143.55999755859375,121.88887786865234,24388700,0.0,0.0,0.0
2022-01-12,143.89999389648438,144.00999450683594,143.0,143.00999450683594,121.42183685302734,14440600,0.0,0.0,0.0
2022-01-13,143.38999938964844,144.4199981689453,143.02999877929688,144.27999877929688,122.50016021728516,15166000,0.0,0.0,0.0
2022-01-14,143.4199981689453,143.4600067138672,141.7899932861328,142.10000610351562,120.64920806884766,22997500,0.0,0.0,0.0
2022-01-18,140.9600067138672,141.30999755859375,140.02000427246094,140.10000610351562,118.95118713378906,21171700,0.0,0.0,0.0
2022-01-19,140.52999877929688,141.7100067138672,140.30999755859375,141.07000732421875,119.7747802734375,17930500,0.0,0.0,0.0
2022-01-20,141.3699951171875,141.99000549316406,141.08999633789062,141.94000244140625,120.51336669921875,13959000,0.0,0.0,0.0
2022-01-21,143.39999389648438,144.10000610351562,142.6699981689453,143.6300048828125,121.94828796386719,28916600,0.0,0.0,0.0
2022-01-24,144.3000030517578,144.3699951171875,142.42999267578125,142.4499969482422,120.94641876220703,25001600,0.0,0.0,0.0
2022-01-25,143.11000061035156,143.7100067138672,141.8000030517578,142.22000122070312,120.75110626220703,15599000,0.0,0.0,0.0
2022-01-26,142.25999450683594,142.57000732421875,140.49000549316406,140.5,119.29077911376953,23655500,0.0,0.0,0.0
2022-01-27,142.41000366210938,143.3699951171875,142.3300018310547,143.0800018310547,121.48130798339844,21501800,0.0,0.0,0.0
2022-01-28,142.08999633789062,143.4600067138672,141.85000610351562,143.1300048828125,121.52369689941406,12826500,0.0,0.0,0.0
2022-01-31,142.17999267578125,142.9499969482422,141.9600067138672,142.38999938964844,120.89544677734375,13998400,0.0,0.0,0.0
2022-02-01,142.27999877929688,142.36000061035156,141.05999755859375,141.72000122070312,120.4941635131836,20806100,0.198,0.0,0.0
2022-02-02,141.9499969482422,143.57000732421875,141.92999267578125,142.1999969482422,120.90225982666016,18404600,0.0,0.0,0.0
2022-02-03,140.44000244140625,141.47999572753906,140.17999267578125,141.08999633789062,119.95850372314453,17234100,0.0,0.0,0.0
2022-02-04,139.85000610351562,140.13999938964844,138.77999877929688,139.00999450683594,118.18995666503906,23609800,0.0,0.0,0.0
2022-02-07,138.91000366210938,139.30999755859375,138.5500030517578,139.10000610351562,118.26655578613281,12962400,0.0,0.0,0.0
2022-02-08,138.2100067138672,138.5800018310547,137.82000732421875,138.1699981689453,117.4758529663086,16269200,0.0,0.0,0.0
2022-02-09,138.72000122070312,139.3699951171875,138.19000244140625,138.42999267578125,117.69691467285156,14349100,0.0,0.0,0.0
2022-02-10,137.66000366210938,137.8300018310547,135.83999633789062,136.22999572753906,115.82640075683594,30896200,0.0,0.0,0.0
2022-02-11,136.8699951171875,138.50999450683594,135.36000061035156,138.25,117.5438461303711,43210300,0.0,0.0,0.0
2022-02-14,137.1300048828125,137.74000549316406,135.97000122070312,136.52999877929688,116.08147430419922,23157400,0.0,0.0,0.0
2022-02-15,135.60000610351562,135.83999633789062,134.94000244140625,134.97999572753906,114.76363372802734,18198500,0.0,0.0,0.0
2022-02-16,135.9499969482422,136.07000732421875,134.50999450683594,135.77999877929688,115.44378662109375,16473700,0.0,0.0,0.0
2022-02-17,136.4499969482422,137.57000732421875,135.89999389648438,136.7899932861328,116.30256652832031,24508200,0.0,0.0,0.0
2022-02-18,137.52000427246094,138.3699951171875,137.16000366210938,138.22999572753906,117.52690124511719,17522600,0.0,0.0,0.0
2022-02-22,137.69000244140625,138.6699981689453,137.47000122070312,138.58999633789062,117.83294677734375,19534000,0.0,0.0,0.0
2022-02-23,137.67999267578125,137.85000610351562,136.57000732421875,136.67999267578125,116.20901489257812,17757800,0.0,0.0,0.0
2022-02-24,139.10000610351562,139.3699951171875,136.25,136.77000427246094,116.28553771972656,28150400,0.0,0.0,0.0
2022-02-25,136.86000061035156,137.30999755859375,136.17999267578125,136.8699951171875,116.37052154541016,15025400,0.0,0.0,0.0
2022-02-28,138.42999267578125,140.0399932861328,138.32000732421875,139.8699951171875,118.9212646484375,25817700,0.0,0.0,0.0
2022-03-01,140.36000061035156,142.3300018310547,140.0,141.3000030517578,120.29615783691406,35664400,0.185,0.0,0.0
2022-03-02,139.83999633789062,140.4199981689453,136.41000366210938,136.47000122070312,116.18405151367188,30397400,0.0,0.0,0.0
2022-03-03,137.49000549316406,138.6999969482422,137.02000427246094,137.86000061035156,117.3675308227539,20649100,0.0,0.0,0.0
2022-03-04,140.36000061035156,140.82000732421875,139.30999755859375,140.24000549316406,119.39373779296875,25853100,0.0,0.0,0.0
2022-03-07,139.1199951171875,140.63999938964844,138.77000427246094,139.1699981689453,118.48275756835938,23710900,0.0,0.0,0.0
2022-03-08,137.50999450683594,138.25,137.25,137.77000427246094,117.2908935546875,28331300,0.0,0.0,0.0
2022-03-09,137.07000732421875,137.33999633789062,136.1300048828125,136.4199981689453,116.14153289794922,18819200,0.0,0.0,0.0
2022-03-10,134.8300018310547,135.1699981689453,133.72000122070312,134.4600067138672,114.472900390625,26868900,0.0,0.0,0.0
2022-03-11,134.3300018310547,135.4499969482422,134.2100067138672,134.91000366210938,114.85602569580078,15583800,0.0,0.0,0.0
2022-03-14,132.6999969482422,132.88999938964844,131.72000122070312,131.75999450683594,112.17420959472656,24385000,0.0,0.0,0.0
2022-03-15,132.86000061035156,133.14999389648438,131.19000244140625,131.52999877929688,111.97843170166016,17518800,0.0,0.0,0.0
2022-03-16,131.8300018310547,133.1300048828125,130.32000732421875,132.82000732421875,113.07669067382812,25857700,0.0,0.0,0.0
2022-03-17,132.82000732421875,133.33999633789062,131.07000732421875,131.8300018310547,112.23387145996094,19330600,0.0,0.0,0.0
2022-03-18,132.57000732421875,133.5399932861328,132.57000732421875,133.44000244140625,113.60455322265625,55891700,0.0,0.0,0.0
2022-03-21,131.27999877929688,131.6699981689453,129.75,130.35000610351562,110.97384643554688,26122000,0.0,0.0,0.0
2022-03-22,128.9600067138672,129.33999633789062,128.33999633789062,128.67999267578125,109.55204010009766,21830900,0.0,0.0,0.0
2022-03-23,129.3699951171875,131.60000610351562,128.86000061035156,131.5,111.95292663574219,21266100,0.0,0.0,0.0
2022-03-24,129.64999389648438,131.17999267578125,129.60000610351562,130.47000122070312,111.07601165771484,17141600,0.0,0.0,0.0
2022-03-25,129.5,129.52000427246094,127.6500015258789,128.66000366210938,109.53507995605469,25684500,0.0,0.0,0.0
2022-03-28,129.38999938964844,130.55999755859375,129.0399932861328,129.75999450683594,110.47152709960938,17657800,0.0,0.0,0.0
2022-03-29,130.55999755859375,131.5500030517578,129.74000549316406,130.74000549316406,111.30587768554688,19319700,0.0,0.0,0.0
2022-03-30,130.07000732421875,132.00999450683594,129.99000549316406,131.75999450683594,112.17420959472656,16310200,0.0,0.0,0.0
2022-03-31,131.97999572753906,132.6699981689453,131.66000366210938,132.0800018310547,112.44670867919922,19901000,0.0,0.0,0.0
2022-04-01,130.00999450683594,132.9600067138672,129.7100067138672,132.3800048828125,112.87474060058594,23489700,0.202,0.0,0.0
2022-04-04,131.92999267578125,131.97999572753906,130.7100067138672,131.4600067138672,112.09032440185547,13609900,0.0,0.0,0.0
2022-04-05,130.75999450683594,130.77999877929688,128.2899932861328,128.49000549316406,109.55787658691406,25196900,0.0,0.0,0.0
2022-04-06,126.43000030517578,128.3000030517578,126.4000015258789,127.44999694824219,108.67112731933594,22952000,0.0,0.0,0.0
2022-04-07,126.11000061035156,126.66999816894531,125.41000366210938,126.48999786376953,107.85258483886719,23458800,0.0,0.0,0.0
2022-04-08,125.44999694824219,125.83000183105469,124.26000213623047,125.12000274658203,106.6844482421875,26859200,0.0,0.0,0.0
2022-04-11,123.91999816894531,124.19000244140625,122.55999755859375,123.13999938964844,104.9961929321289,30020700,0.0,0.0,0.0
2022-04-12,124.05000305175781,124.16000366210938,122.66999816894531,122.97000122070312,104.8512191772461,23124200,0.0,0.0,0.0
2022-04-13,123.05000305175781,124.30000305175781,122.88999938964844,123.22000122070312,105.06440734863281,17189500,0.0,0.0,0.0
2022-04-14,122.86000061035156,122.93000030517578,120.37999725341797,120.75,102.95830535888672,34274500,0.0,0.0,0.0
2022-04-18,120.87000274658203,121.08000183105469,119.69000244140625,120.1500015258789,102.44673919677734,18784300,0.0,0.0,0.0
2022-04-19,119.1500015258789,119.72000122070312,118.66999816894531,119.25,101.67935180664062,26012300,0.0,0.0,0.0
2022-04-20,120.22000122070312,121.97000122070312,119.91999816894531,121.6500015258789,103.7257308959961,31423200,0.0,0.0,0.0
2022-04-21,120.83000183105469,120.91000366210938,119.16999816894531,120.75,102.95830535888672,23323200,0.0,0.0,0.0
2022-04-22,120.06999969482422,121.44000244140625,119.80999755859375,119.98999786376953,102.31028747558594,19773400,0.0,0.0,0.0
2022-04-25,121.37999725341797,122.19000244140625,121.12999725341797,121.19000244140625,103.33349609375,25418900,0.0,0.0,0.0
2022-04-26,122.44000244140625,123.02999877929688,121.76000213623047,122.41000366210938,104.3737564086914,26931300,0.0,0.0,0.0
2022-04-27,122.19000244140625,122.31999969482422,120.7699966430664,120.83999633789062,103.03504943847656,14560500,0.0,0.0,0.0
2022-04-28,120.38999938964844,121.06999969482422,120.01000213623047,121.0199966430664,103.18855285644531,16892500,0.0,0.0,0.0
2022-04-29,119.30999755859375,120.97000122070312,119.11000061035156,119.44999694824219,101.8498764038086,26153400,0.0,0.0,0.0
2022-05-02,117.86000061035156,118.2699966430664,116.93000030517578,117.18000030517578,100.08440399169922,29233900,0.203,0.0,0.0
2022-05-03,119.04000091552734,119.30999755859375,117.88999938964844,117.97000122070312,100.75917053222656,21256700,0.0,0.0,0.0
2022-05-04,117.97000122070312,118.97000122070312,117.3499984741211,118.62000274658203,101.31436157226562,25575700,0.0,0.0,0.0
2022-05-05,116.3499984741211,116.47000122070312,114.0199966430664,115.37000274658203,98.53850555419922,48384500,0.0,0.0,0.0
2022-05-06,114.13999938964844,115.04000091552734,113.30999755859375,113.66999816894531,97.08650207519531,32790500,0.0,0.0,0.0
2022-05-09,112.86000061035156,114.70999908447266,112.62000274658203,114.66999816894531,97.94060516357422,26773000,0.0,0.0,0.0
2022-05-10,115.88999938964844,116.95999908447266,115.4800033569336,115.70999908447266,98.82887268066406,33640800,0.0,0.0,0.0
2022-05-11,114.73999786376953,117.94000244140625,114.44000244140625,117.94000244140625,100.7335433959961,34173600,0.0,0.0,0.0
2022-05-12,118.0199966430664,118.88999938964844,117.66000366210938,117.72000122070312,100.5456314086914,26405700,0.0,0.0,0.0
2022-05-13,116.9800033569336,117.1500015258789,115.9000015258789,115.9800033569336,99.05949401855469,20782700,0.0,0.0,0.0
2022-05-16,116.20999908447266,116.94000244140625,115.8499984741211,115.86000061035156,98.95698547363281,11050600,0.0,0.0,0.0
2022-05-17,114.70999908447266,115.3499984741211,114.36000061035156,114.45999908447266,97.76126098632812,15040800,0.0,0.0,0.0
2022-05-18,114.72000122070312,117.0,114.61000061035156,116.9000015258789,99.84526062011719,21337300,0.0,0.0,0.0
2022-05-19,118.63999938964844,118.72000122070312,116.8499984741211,117.18000030517578,100.08440399169922,21937500,0.0,0.0,0.0
2022-05-20,117.08999633789062,119.0199966430664,117.05999755859375,118.51000213623047,101.22040557861328,22780900,0.0,0.0,0.0
2022-05-23,117.70999908447266,118.25,116.54000091552734,116.55999755859375,99.55487823486328,15925200,0.0,0.0,0.0
2022-05-24,117.9000015258789,119.63999938964844,117.86000061035156,118.86000061035156,101.51935577392578,23388200,0.0,0.0,0.0
2022-05-25,119.61000061035156,119.62000274658203,118.58999633789062,119.33000183105469,101.92076110839844,14410800,0.0,0.0,0.0
2022-05-26,119.0199966430664,119.08999633789062,117.80000305175781,118.79000091552734,101.45954132080078,14912900,0.0,0.0,0.0
2022-05-27,119.36000061035156,119.73999786376953,118.73999786376953,119.08000183105469,101.70724487304688,11190400,0.0,0.0,0.0
2022-05-31,117.18000030517578,117.2300033569336,115.93000030517578,116.55999755859375,99.55487823486328,28393700,0.0,0.0,0.0
2022-06-01,117.02999877929688,117.33999633789062,115.69000244140625,116.22000122070312,99.44107055664062,15544800,0.207,0.0,0.0
2022-06-02,116.62999725341797,116.70999908447266,115.45999908447266,116.27999877929688,99.4924087524414,9832000,0.0,0.0,0.0
2022-06-03,115.08999633789062,116.05999755859375,114.87000274658203,116.02999877929688,99.27852630615234,15330400,0.0,0.0,0.0
2022-06-06,115.1500015258789,115.51000213623047,113.80999755859375,113.88999938964844,97.44747924804688,20815400,0.0,0.0,0.0
2022-06-07,114.61000061035156,115.77999877929688,114.58000183105469,115.12000274658203,98.4999008178711,14278700,0.0,0.0,0.0
2022-06-08,114.68000030517578,115.12999725341797,114.08000183105469,114.0999984741211,97.62715148925781,11476100,0.0,0.0,0.0
2022-06-09,113.83999633789062,114.70999908447266,113.68000030517578,114.4800033569336,97.95230102539062,15527300,0.0,0.0,0.0
2022-06-10,114.36000061035156,114.61000061035156,112.97000122070312,113.7699966430664,97.34479522705078,21917100,0.0,0.0,0.0
2022-06-13,111.48999786376953,111.66999816894531,109.23999786376953,110.19999694824219,94.29019927978516,36968300,0.0,0.0,0.0
2022-06-14,110.52999877929688,110.9800033569336,108.58999633789062,108.80999755859375,93.10086059570312,21865900,0.0,0.0,0.0
2022-06-15,110.08999633789062,110.98999786376953,109.02999877929688,110.83999633789062,94.83782196044922,25202800,0.0,0.0,0.0
2022-06-16,108.44999694824219,111.72000122070312,108.12000274658203,111.72000122070312,95.59073638916016,26067300,0.0,0.0,0.0
2022-06-17,112.01000213623047,112.83000183105469,110.95999908447266,112.08000183105469,95.8987808227539,21614300,0.0,0.0,0.0
2022-06-21,110.08999633789062,111.0199966430664,109.80999755859375,110.18000030517578,94.27307891845703,17663800,0.0,0.0,0.0
2022-06-22,112.69000244140625,113.30999755859375,112.37999725341797,113.20999908447266,96.8656234741211,23703800,0.0,0.0,0.0
2022-06-23,113.9000015258789,115.16999816894531,113.48999786376953,114.13999938964844,97.661376953125,20669200,0.0,0.0,0.0
2022-06-24,113.45999908447266,114.16999816894531,112.5,112.55999755859375,96.3094711303711,18161300,0.0,0.0,0.0
2022-06-27,111.22000122070312,112.22000122070312,111.16000366210938,111.5999984741211,95.48809051513672,12053000,0.0,0.0,0.0
2022-06-28,111.29000091552734,112.18000030517578,110.87000274658203,112.12000274658203,95.93301391601562,13706600,0.0,0.0,0.0
2022-06-29,112.37999725341797,113.9000015258789,112.16999816894531,113.87000274658203,97.43035888671875,12925400,0.0,0.0,0.0
2022-06-30,114.86000061035156,115.7699966430664,114.75,114.87000274658203,98.28600311279297,25802100,0.0,0.0,0.0
2022-07-01,115.9000015258789,117.58999633789062,115.22000122070312,115.81999969482422,99.2950439453125,21858800,0.227,0.0,0.0
2022-07-05,116.88999938964844,117.75,116.16999816894531,116.7300033569336,100.07523345947266,16689700,0.0,0.0,0.0
2022-07-06,117.38999938964844,117.54000091552734,114.7699966430664,114.7699966430664,98.39484405517578,20205400,0.0,0.0,0.0
2022-07-07,115.0999984741211,115.16999816894531,113.51000213623047,113.76000213623047,97.52898406982422,13088000,0.0,0.0,0.0
2022-07-08,113.5,113.5,112.05000305175781,112.5,96.4487533569336,15320000,0.0,0.0,0.0
2022-07-11,113.79000091552734,114.79000091552734,113.69999694824219,114.44000244140625,98.11193084716797,13639900,0.0,0.0,0.0
2022-07-12,115.51000213623047,116.2300033569336,114.97000122070312,115.12000274658203,98.69493865966797,18547300,0.0,0.0,0.0
2022-07-13,113.7699966430664,116.6500015258789,113.44999694824219,116.44000244140625,99.82659149169922,20594800,0.0,0.0,0.0
2022-07-14,115.08000183105469,116.16000366210938,114.47000122070312,115.48999786376953,99.01211547851562,15665000,0.0,0.0,0.0
2022-07-15,115.83999633789062,116.81999969482422,115.5999984741211,116.13999938964844,99.56938934326172,16022600,0.0,0.0,0.0
2022-07-18,115.25,115.31999969482422,114.18000030517578,114.93000030517578,98.53205108642578,15838300,0.0,0.0,0.0
2022-07-19,114.91000366210938,115.1500015258789,113.66000366210938,114.30999755859375,98.00048828125,9276800,0.0,0.0,0.0
2022-07-20,115.4800033569336,115.55000305175781,114.05000305175781,114.61000061035156,98.2576904296875,9117300,0.0,0.0,0.0
2022-07-21,115.19000244140625,116.72000122070312,115.01000213623047,116.58999633789062,99.95519256591797,14754900,0.0,0.0,0.0
2022-07-22,118.29000091552734,119.2699966430664,117.97000122070312,118.55000305175781,101.63554382324219,17715300,0.0,0.0,0.0
2022-07-25,116.70999908447266,117.54000091552734,116.47000122070312,117.38999938964844,100.64105224609375,24868100,0.0,0.0,0.0
2022-07-26,118.86000061035156,119.23999786376953,117.4000015258789,117.4800033569336,100.71820068359375,13536000,0.0,0.0,0.0
2022-07-27,118.01000213623047,118.48999786376953,116.70999908447266,116.81999969482422,100.15237426757812,15725600,0.0,0.0,0.0
2022-07-28,118.05000305175781,118.91999816894531,117.31999969482422,117.75,100.94967651367188,16637900,0.0,0.0,0.0
2022-07-29,117.69999694824219,119.30999755859375,117.33000183105469,117.43000030517578,100.67534637451172,16655900,0.0,0.0,0.0
2022-08-01,118.25,120.0999984741211,118.08000183105469,120.04000091552734,103.09996032714844,17974600,0.213,0.0,0.0
2022-08-02,120.1500015258789,120.69000244140625,117.29000091552734,117.5,100.91841888427734,17896300,0.0,0.0,0.0
2022-08-03,117.16999816894531,119.48999786376953,116.33000183105469,119.3499984741211,102.50733184814453,16731200,0.0,0.0,0.0
2022-08-04,118.9800033569336,119.55000305175781,118.54000091552734,119.30999755859375,102.47296905517578,11003000,0.0,0.0,0.0
2022-08-05,117.06999969482422,117.11000061035156,115.88999938964844,116.47000122070312,100.03376770019531,19492300,0.0,0.0,0.0
2022-08-08,117.63999938964844,118.52999877929688,117.55999755859375,118.3499984741211,101.64845275878906,17476300,0.0,0.0,0.0
2022-08-09,117.7300033569336,118.36000061035156,117.45999908447266,117.88999938964844,101.25336456298828,8223200,0.0,0.0,0.0
2022-08-10,117.7300033569336,118.91000366210938,116.7300033569336,117.12000274658203,100.59203338623047,14665300,0.0,0.0,0.0
2022-08-11,116.87000274658203,117.05999755859375,114.08999633789062,114.38999938964844,98.24727630615234,20663800,0.0,0.0,0.0
2022-08-12,115.0999984741211,115.56999969482422,114.43000030517578,115.55000305175781,99.24359893798828,12178400,0.0,0.0,0.0
2022-08-15,116.33000183105469,116.75,115.44999694824219,115.44999694824219,99.1576919555664,9031800,0.0,0.0,0.0
2022-08-16,115.25,116.0199966430664,114.23999786376953,115.93000030517578,99.56995391845703,11066000,0.0,0.0,0.0
2022-08-17,115.05999755859375,115.0999984741211,114.30999755859375,114.72000122070312,98.53070068359375,14131300,0.0,0.0,0.0
2022-08-18,114.97000122070312,115.63999938964844,114.58999633789062,114.88999938964844,98.67672729492188,10738200,0.0,0.0,0.0
2022-08-19,113.2300033569336,113.33999633789062,112.73999786376953,113.04000091552734,97.08777618408203,16330900,0.0,0.0,0.0
2022-08-22,112.86000061035156,112.95999908447266,112.12999725341797,112.66000366210938,96.76142883300781,10457200,0.0,0.0,0.0
2022-08-23,112.19000244140625,113.4800033569336,111.73999786376953,112.04000091552734,96.2289047241211,17813200,0.0,0.0,0.0
2022-08-24,111.48999786376953,111.87000274658203,110.86000061035156,111.22000122070312,95.52466583251953,13971600,0.0,0.0,0.0
2022-08-25,111.31999969482422,113.08999633789062,110.98999786376953,112.7699966430664,96.85588073730469,21429700,0.0,0.0,0.0
2022-08-26,112.30000305175781,113.98999786376953,112.01000213623047,113.62000274658203,97.5859375,18764400,0.0,0.0,0.0
2022-08-29,112.94000244140625,113.01000213623047,112.12999725341797,112.68000030517578,96.77860260009766,14278300,0.0,0.0,0.0
2022-08-30,112.62000274658203,113.51000213623047,112.20999908447266,112.95999908447266,97.01908874511719,14346600,0.0,0.0,0.0
2022-08-31,112.69000244140625,113.33999633789062,111.58000183105469,111.87999725341797,96.09149932861328,13623500,0.0,0.0,0.0
2022-09-01,109.87000274658203,110.25,108.94000244140625,109.5999984741211,94.33222961425781,22490400,0.236,0.0,0.0
2022-09-02,109.68000030517578,110.55999755859375,109.47000122070312,110.22000122070312,94.86589813232422,13024400,0.0,0.0,0.0
2022-09-06,108.9000015258789,108.97000122070312,107.41999816894531,107.48999786376953,92.51618194580078,24648500,0.0,0.0,0.0
2022-09-07,108.31999969482422,109.4800033569336,108.20999908447266,109.19000244140625,93.97935485839844,17050100,0.0,0.0,0.0
2022-09-08,108.83999633789062,109.5199966430664,108.05000305175781,108.06999969482422,93.01537322998047,14671400,0.0,0.0,0.0
2022-09-09,108.33000183105469,108.80000305175781,107.62999725341797,108.30999755859375,93.22191619873047,12529800,0.0,0.0,0.0
2022-09-12,108.62999725341797,108.88999938964844,106.91999816894531,107.41999816894531,92.45591735839844,14806900,0.0,0.0,0.0
2022-09-13,106.55999755859375,107.73999786376953,106.23999786376953,107.66999816894531,92.67108154296875,22158900,0.0,0.0,0.0
2022-09-14,107.33999633789062,108.20999908447266,107.12000274658203,108.04000091552734,92.98954010009766,13077800,0.0,0.0,0.0
2022-09-15,107.8499984741211,108.19000244140625,107.58000183105469,107.97000122070312,92.92929077148438,10260200,0.0,0.0,0.0
2022-09-16,107.02999877929688,108.05000305175781,106.7699966430664,107.06999969482422,92.1546630859375,18903800,0.0,0.0,0.0
2022-09-19,106.95999908447266,107.81999969482422,106.80000305175781,107.31999969482422,92.3698501586914,11084400,0.0,0.0,0.0
2022-09-20,105.69000244140625,106.83999633789062,105.4000015258789,106.25,91.44890594482422,20133800,0.0,0.0,0.0
2022-09-21,106.69999694824219,108.04000091552734,105.97000122070312,108.02999877929688,92.9809341430664,23132900,0.0,0.0,0.0
2022-09-22,105.79000091552734,105.95999908447266,104.7300033569336,105.2699966430664,90.60540771484375,29030600,0.0,0.0,0.0
2022-09-23,105.33999633789062,106.43000030517578,104.55999755859375,105.69999694824219,90.97553253173828,23042200,0.0,0.0,0.0
2022-09-26,105.36000061035156,105.41000366210938,103.22000122070312,103.68000030517578,89.23690795898438,25104600,0.0,0.0,0.0
2022-09-27,102.70999908447266,102.9800033569336,100.9000015258789,100.94999694824219,86.88719177246094,34609500,0.0,0.0,0.0
2022-09-28,103.12999725341797,104.44999694824219,102.4800033569336,104.33000183105469,89.7963638305664,39283100,0.0,0.0,0.0
2022-09-29,102.9000015258789,104.2300033569336,102.80000305175781,103.79000091552734,89.33159637451172,19127100,0.0,0.0,0.0
2022-09-30,104.2699966430664,104.86000061035156,102.2300033569336,102.44999694824219,88.17826080322266,26485700,0.0,0.0,0.0
2022-10-03,103.8499984741211,104.68000030517578,103.1500015258789,103.83000183105469,89.57936096191406,27192200,0.244,0.0,0.0
2022-10-04,104.1500015258789,104.6500015258789,103.30000305175781,103.54000091552734,89.32916259765625,13788700,0.0,0.0,0.0
2022-10-05,102.7300033569336,102.83999633789062,101.58000183105469,102.55000305175781,88.47505187988281,20522100,0.0,0.0,0.0
2022-10-06,102.58999633789062,102.83999633789062,101.52999877929688,101.9800033569336,87.98329162597656,13965700,0.0,0.0,0.0
2022-10-07,100.80999755859375,101.62000274658203,100.47000122070312,100.98999786376953,87.12913513183594,14814800,0.0,0.0,0.0
2022-10-10,100.5,100.51000213623047,98.80000305175781,99.41999816894531,85.77462768554688,15652600,0.0,0.0,0.0
2022-10-11,99.73999786376953,100.9000015258789,98.98999786376953,99.86000061035156,86.15422058105469,33246700,0.0,0.0,0.0
2022-10-12,99.27999877929688,100.54000091552734,99.19000244140625,100.3499984741211,86.57699584960938,21447600,0.0,0.0,0.0
2022-10-13,98.36000061035156,100.37999725341797,98.33999633789062,99.38999938964844,85.74877166748047,30292500,0.0,0.0,0.0
2022-10-14,100.19000244140625,100.19000244140625,98.25,98.56999969482422,85.04129028320312,18728200,0.0,0.0,0.0
2022-10-17,99.29000091552734,99.66000366210938,97.94000244140625,98.08999633789062,84.62718963623047,18969900,0.0,0.0,0.0
2022-10-18,97.94999694824219,98.45999908447266,96.87000274658203,98.31999969482422,84.82561492919922,16931500,0.0,0.0,0.0
2022-10-19,97.19000244140625,97.41999816894531,96.31999969482422,96.52999877929688,83.2812728881836,25431600,0.0,0.0,0.0
2022-10-20,95.93000030517578,96.33000183105469,94.73999786376953,94.87999725341797,81.85775756835938,25434900,0.0,0.0,0.0
2022-10-21,93.0199966430664,93.93000030517578,92.26000213623047,93.16999816894531,80.38243103027344,46280300,0.0,0.0,0.0
2022-10-24,92.81999969482422,93.55000305175781,91.8499984741211,92.4000015258789,79.71815490722656,31332600,0.0,0.0,0.0
2022-10-25,94.58000183105469,95.2300033569336,94.44000244140625,95.08999633789062,82.03890991210938,31213100,0.0,0.0,0.0
2022-10-26,95.7699966430664,96.69000244140625,95.7699966430664,96.45999908447266,83.22090148925781,24843900,0.0,0.0,0.0
2022-10-27,96.9800033569336,97.9000015258789,96.22000122070312,97.47000122070312,84.09226989746094,20270000,0.0,0.0,0.0
2022-10-28,96.86000061035156,97.62999725341797,96.41000366210938,96.80000305175781,83.51423645019531,22244100,0.0,0.0,0.0
2022-10-31,96.36000061035156,96.62000274658203,95.02999877929688,96.11000061035156,82.91893005371094,23956700,0.0,0.0,0.0
2022-11-01,97.37999725341797,97.41999816894531,96.20999908447266,96.7699966430664,83.69387817382812,17585100,0.236,0.0,0.0
2022-11-02,96.91000366210938,97.62999725341797,95.95999908447266,96.3499984741211,83.33061981201172,25010500,0.0,0.0,0.0
2022-11-03,95.16999816894531,96.37999725341797,95.08999633789062,95.83000183105469,82.88086700439453,29097500,0.0,0.0,0.0
2022-11-04,95.0999984741211,95.66000366210938,94.22000122070312,94.22000122070312,81.4884262084961,23561400,0.0,0.0,0.0
2022-11-07,94.80000305175781,94.86000061035156,93.23999786376953,93.27999877929688,80.6754379272461,14522800,0.0,0.0,0.0
2022-11-08,93.80000305175781,94.95999908447266,93.7699966430664,94.30000305175781,81.55763244628906,20360600,0.0,0.0,0.0
2022-11-09,93.81999969482422,95.0199966430664,93.69000244140625,94.61000061035156,81.82572174072266,15637500,0.0,0.0,0.0
2022-11-10,96.7300033569336,98.43000030517578,96.63999938964844,98.25,84.97386932373047,45380900,0.0,0.0,0.0
2022-11-11,97.56999969482422,98.37000274658203,97.54000091552734,97.88999938964844,84.66251373291016,15943100,0.0,0.0,0.0
2022-11-14,97.91000366210938,97.98999786376953,97.08999633789062,97.6500015258789,84.4549331665039,13741100,0.0,0.0,0.0
2022-11-15,98.25,99.30000305175781,98.11000061035156,99.2300033569336,85.82145690917969,26608200,0.0,0.0,0.0
2022-11-16,100.0199966430664,101.44999694824219,99.73999786376953,101.4000015258789,87.6982192993164,28507700,0.0,0.0,0.0
2022-11-17,100.19999694824219,100.56999969482422,99.77999877929688,100.33000183105469,86.7728042602539,24528900,0.0,0.0,0.0
2022-11-18,100.5999984741211,100.88999938964844,99.55000305175781,99.63999938964844,86.1760482788086,14941300,0.0,0.0,0.0
2022-11-21,100.69000244140625,100.81999969482422,99.80000305175781,100.05999755859375,86.53929138183594,15534000,0.0,0.0,0.0
2022-11-22,100.6500015258789,101.62000274658203,100.52999877929688,101.4800033569336,87.76741790771484,18103100,0.0,0.0,0.0
2022-11-23,102.13999938964844,103.25,102.08000183105469,103.25,89.2982406616211,23234600,0.0,0.0,0.0
2022-11-25,102.61000061035156,102.93000030517578,102.43000030517578,102.9000015258789,88.99552154541016,9486100,0.0,0.0,0.0
2022-11-28,103.61000061035156,103.80999755859375,102.69000244140625,103.19000244140625,89.24634552001953,14563200,0.0,0.0,0.0
2022-11-29,102.1500015258789,102.95999908447266,101.91000366210938,101.9800033569336,88.19987487792969,16576400,0.0,0.0,0.0
2022-11-30,101.62000274658203,102.7300033569336,101.37000274658203,102.7300033569336,88.8485107421875,21581700,0.0,0.0,0.0
2022-12-01,103.1500015258789,105.80999755859375,103.0999984741211,105.76000213623047,91.68685913085938,53156800,0.244,0.0,0.0
2022-12-02,105.30000305175781,107.0999984741211,104.61000061035156,107.08999633789062,92.8398666381836,24479500,0.0,0.0,0.0
2022-12-05,105.83999633789062,105.98999786376953,104.9000015258789,105.58999633789062,91.53946685791016,20159700,0.0,0.0,0.0
2022-12-06,106.5,107.38999938964844,106.19000244140625,106.94999694824219,92.71851348876953,21754500,0.0,0.0,0.0
2022-12-07,108.37000274658203,109.68000030517578,108.19999694824219,109.47000122070312,94.90318298339844,30546700,0.0,0.0,0.0
2022-12-08,108.69999694824219,109.44999694824219,108.47000122070312,109.16999816894531,94.64309692382812,13377300,0.0,0.0,0.0
2022-12-09,107.94000244140625,108.16999816894531,106.2699966430664,106.33000183105469,92.18099212646484,25872200,0.0,0.0,0.0
2022-12-12,107.86000061035156,108.11000061035156,106.26000213623047,106.66999816894531,92.47578430175781,16897100,0.0,0.0,0.0
2022-12-13,109.04000091552734,109.08000183105469,107.45999908447266,107.69999694824219,93.36871337890625,23854700,0.0,0.0,0.0
2022-12-14,107.66000366210938,108.31999969482422,106.88999938964844,108.16000366210938,93.76750183105469,19517500,0.0,0.0,0.0
2022-12-15,108.38999938964844,109.12000274658203,108.16000366210938,108.31999969482422,94.13335418701172,20246200,0.261,0.0,0.0
2022-12-16,106.5999984741211,107.83000183105469,106.30999755859375,107.11000061035156,93.08183288574219,20838300,0.0,0.0,0.0
2022-12-19,105.83000183105469,105.83999633789062,104.9800033569336,105.30999755859375,91.51757049560547,26126800,0.0,0.0,0.0
2022-12-20,103.37999725341797,103.80999755859375,103.0999984741211,103.44000244140625,89.8924789428711,28869000,0.0,0.0,0.0
2022-12-21,104.29000091552734,104.4000015258789,102.95999908447266,103.69999694824219,90.11842346191406,15894100,0.0,0.0,0.0
2022-12-22,103.66999816894531,104.12000274658203,103.37999725341797,103.68000030517578,90.10102844238281,11322500,0.0,0.0,0.0
2022-12-23,102.58000183105469,102.80999755859375,102.0199966430664,102.16000366210938,88.78013610839844,15408900,0.0,0.0,0.0
2022-12-27,100.48999786376953,101.06999969482422,100.01000213623047,100.13999938964844,87.02468872070312,26475700,0.0,0.0,0.0
2022-12-28,100.6500015258789,100.77999877929688,99.3499984741211,99.55000305175781,86.51194763183594,17302900,0.0,0.0,0.0
2022-12-29,99.86000061035156,100.98999786376953,99.79000091552734,100.68000030517578,87.49397277832031,16593000,0.0,0.0,0.0
2022-12-30,99.87000274658203,100.55000305175781,99.37000274658203,99.55999755859375,86.52063751220703,20810200,0.0,0.0,0.0
2023-01-03,102.19999694824219,102.33999633789062,100.83999633789062,101.45999908447266,88.17179107666016,25313200,0.0,0.0,0.0
2023-01-04,103.22000122070312,103.4800033569336,102.20999908447266,102.8499984741211,89.37975311279297,21678200,0.0,0.0,0.0
2023-01-05,101.87000274658203,103.29000091552734,101.77999877929688,103.27999877929688,89.7534408569336,14771100,0.0,0.0,0.0
2023-01-06,102.69999694824219,105.30000305175781,102.63999938964844,105.18000030517578,91.40457916259766,27473700,0.0,0.0,0.0
2023-01-09,104.41000366210938,105.93000030517578,104.2699966430664,105.73999786376953,91.89124298095703,21472200,0.0,0.0,0.0
2023-01-10,104.52999877929688,104.81999969482422,103.5,103.98999786376953,90.3704605102539,20545200,0.0,0.0,0.0
2023-01-11,104.97000122070312,105.72000122070312,104.69999694824219,105.68000030517578,91.83911895751953,18794000,0.0,0.0,0.0
2023-01-12,105.81999969482422,107.80999755859375,104.55999755859375,107.76000213623047,93.6467056274414,32029600,0.0,0.0,0.0
2023-01-13,107.0999984741211,107.80000305175781,106.37999725341797,106.75,92.76897430419922,17750800,0.0,0.0,0.0
2023-01-17,105.66999816894531,106.66000366210938,105.6500015258789,106.05999755859375,92.16934204101562,13911700,0.0,0.0,0.0
2023-01-18,108.45999908447266,108.7699966430664,107.12000274658203,108.62999725341797,94.40274810791016,35497200,0.0,0.0,0.0
2023-01-19,108.0999984741211,108.37000274658203,107.44000244140625,107.94999694824219,93.81181335449219,17194700,0.0,0.0,0.0
2023-01-20,106.95999908447266,107.23999786376953,106.11000061035156,106.19999694824219,92.2909927368164,22754100,0.0,0.0,0.0
2023-01-23,105.56999969482422,106.19999694824219,105.48999786376953,105.69999694824219,91.85649871826172,12961500,0.0,0.0,0.0
2023-01-24,106.12000274658203,107.44999694824219,105.38999938964844,107.22000122070312,93.17741394042969,16417200,0.0,0.0,0.0
2023-01-25,107.37000274658203,107.91000366210938,106.63999938964844,107.4800033569336,93.40335845947266,11906500,0.0,0.0,0.0
2023-01-26,107.13999938964844,107.6500015258789,106.48999786376953,106.9800033569336,92.9688720703125,15549400,0.0,0.0,0.0
2023-01-27,106.19000244140625,106.95999908447266,106.11000061035156,106.70999908447266,92.73421478271484,11845500,0.0,0.0,0.0
2023-01-30,106.45999908447266,107.16000366210938,106.19000244140625,106.31999969482422,92.3952865600586,11459700,0.0,0.0,0.0
2023-01-31,106.9800033569336,107.27999877929688,105.87000274658203,107.16999816894531,93.13397216796875,13705300,0.0,0.0,0.0
2023-02-01,107.55000305175781,108.58999633789062,106.41999816894531,108.18000030517578,94.25355529785156,25305800,0.275,0.0,0.0
2023-02-02,108.91999816894531,109.3499984741211,108.08999633789062,108.31999969482422,94.37551879882812,19548400,0.0,0.0,0.0
2023-02-03,106.7699966430664,107.11000061035156,106.08000183105469,106.69999694824219,92.96407318115234,20619500,0.0,0.0,0.0
2023-02-06,105.75,106.30999755859375,105.68000030517578,105.91000366210938,92.27580261230469,15182400,0.0,0.0,0.0
2023-02-07,105.33000183105469,106.2300033569336,105.0,105.05999755859375,91.53518676757812,18290300,0.0,0.0,0.0
2023-02-08,105.04000091552734,105.58000183105469,104.38999938964844,105.55999755859375,91.97081756591797,13530700,0.0,0.0,0.0
2023-02-09,106.47000122070312,106.62000274658203,104.38999938964844,104.55999755859375,91.09955596923828,20469900,0.0,0.0,0.0
2023-02-10,104.4000015258789,104.44000244140625,103.12000274658203,103.38999938964844,90.08018493652344,16598300,0.0,0.0,0.0
2023-02-13,103.70999908447266,104.41999816894531,103.58000183105469,104.26000213623047,90.83819580078125,13134300,0.0,0.0,0.0
2023-02-14,104.19999694824219,104.83000183105469,103.13999938964844,104.0199966430664,90.62910461425781,15440300,0.0,0.0,0.0
2023-02-15,103.55000305175781,103.94999694824219,102.5,103.05000305175781,89.7839584350586,15246900,0.0,0.0,0.0
2023-02-16,102.06999969482422,102.22000122070312,101.33000183105469,101.58999633789062,88.51190185546875,19267300,0.0,0.0,0.0
2023-02-17,101.0999984741211,102.37999725341797,100.97000122070312,102.37999725341797,89.20020294189453,19560900,0.0,0.0,0.0
2023-02-21,101.01000213623047,101.19999694824219,100.27999877929688,100.38999938964844,87.46639251708984,22728000,0.0,0.0,0.0
2023-02-22,100.98999786376953,101.69000244140625,100.94999694824219,101.30999755859375,88.26795196533203,15165400,0.0,0.0,0.0
2023-02-23,101.54000091552734,102.58999633789062,101.47000122070312,102.30000305175781,89.1304931640625,15829100,0.0,0.0,0.0
2023-02-24,101.44000244140625,101.80000305175781,100.55999755859375,100.97000122070312,87.97171783447266,21403600,0.0,0.0,0.0
2023-02-27,101.29000091552734,101.69999694824219,100.91000366210938,101.25,88.2156753540039,14209200,0.0,0.0,0.0
2023-02-28,100.56999969482422,101.72000122070312,100.27999877929688,101.70999908447266,88.616455078125,14955700,0.0,0.0,0.0
2023-03-01,100.81999969482422,101.02999877929688,99.95999908447266,100.37000274658203,87.66443634033203,19000000,0.25,0.0,0.0
2023-03-02,99.05999755859375,99.6500015258789,98.87999725341797,99.4800033569336,86.8870849609375,23763600,0.0,0.0,0.0
2023-03-03,100.93000030517578,101.9000015258789,100.56999969482422,101.88999938964844,88.99201202392578,30877300,0.0,0.0,0.0
2023-03-06,102.22000122070312,102.33999633789062,100.98999786376953,101.0999984741211,88.30204010009766,16631900,0.0,0.0,0.0
2023-03-07,101.45999908447266,102.37000274658203,100.87999725341797,101.72000122070312,88.84354400634766,23096500,0.0,0.0,0.0
2023-03-08,102.4000015258789,102.97000122070312,101.41999816894531,101.81999969482422,88.93089294433594,20252400,0.0,0.0,0.0
2023-03-09,101.55000305175781,102.5199966430664,101.33000183105469,102.06999969482422,89.14925384521484,21550400,0.0,0.0,0.0
2023-03-10,104.02999877929688,105.69000244140625,104.0,105.58999633789062,92.2236557006836,43921500,0.0,0.0,0.0
2023-03-13,108.19999694824219,109.0999984741211,105.04000091552734,105.83000183105469,92.43328857421875,51502500,0.0,0.0,0.0
2023-03-14,105.13999938964844,105.61000061035156,103.75,104.08999633789062,90.91351318359375,38417800,0.0,0.0,0.0
2023-03-15,106.77999877929688,107.70999908447266,105.3499984741211,106.0999984741211,92.66909790039062,45164100,0.0,0.0,0.0
2023-03-16,107.37999725341797,108.02999877929688,105.04000091552734,105.2699966430664,91.94413757324219,43089300,0.0,0.0,0.0
2023-03-17,106.6500015258789,107.7300033569336,106.45999908447266,106.8499984741211,93.32414245605469,38129000,0.0,0.0,0.0
2023-03-20,106.87999725341797,106.95999908447266,105.72000122070312,105.91000366210938,92.503173828125,24242800,0.0,0.0,0.0
2023-03-21,105.08000183105469,105.41999816894531,104.54000091552734,105.0,91.7083511352539,18934900,0.0,0.0,0.0
2023-03-22,104.66000366210938,106.44999694824219,104.44000244140625,106.4000015258789,92.93111419677734,26388500,0.0,0.0,0.0
2023-03-23,105.36000061035156,106.55000305175781,104.81999969482422,106.4000015258789,92.93111419677734,25475100,0.0,0.0,0.0
2023-03-24,107.08999633789062,107.43000030517578,106.26000213623047,106.8499984741211,93.32414245605469,23652700,0.0,0.0,0.0
2023-03-27,105.05000305175781,105.76000213623047,104.33000183105469,104.33999633789062,91.13188171386719,22224500,0.0,0.0,0.0
2023-03-28,104.23999786376953,104.68000030517578,104.0199966430664,104.52999877929688,91.29782104492188,17794300,0.0,0.0,0.0
2023-03-29,103.69999694824219,104.44999694824219,103.5999984741211,104.31999969482422,91.11443328857422,16804400,0.0,0.0,0.0
2023-03-30,104.45999908447266,105.05000305175781,104.2699966430664,104.80000305175781,91.53366088867188,14315800,0.0,0.0,0.0
2023-03-31,105.3499984741211,106.55999755859375,105.08000183105469,106.37000274658203,92.90491485595703,25396700,0.0,0.0,0.0
2023-04-03,105.87999725341797,107.0999984741211,105.69999694824219,106.5999984741211,93.34186553955078,18234800,0.269,0.0,0.0
2023-04-04,105.77999877929688,107.80000305175781,105.75,107.12999725341797,93.80592346191406,18052400,0.0,0.0,0.0
2023-04-05,107.7699966430664,108.37000274658203,107.41000366210938,108.25,94.78665161132812,23047700,0.0,0.0,0.0
2023-04-06,108.41999816894531,108.87000274658203,108.38999938964844,108.52999877929688,95.03179931640625,16447300,0.0,0.0,0.0
2023-04-10,107.63999938964844,107.76000213623047,106.55999755859375,106.77999877929688,93.49945831298828,19134400,0.0,0.0,0.0
2023-04-11,107.05000305175781,107.08999633789062,106.51000213623047,107.0,93.69210052490234,13971200,0.0,0.0,0.0
2023-04-12,107.05000305175781,107.16999816894531,105.87999725341797,106.88999938964844,93.59577178955078,20563000,0.0,0.0,0.0
2023-04-13,107.05000305175781,107.38999938964844,105.87999725341797,106.05000305175781,92.86026000976562,22079400,0.0,0.0,0.0
2023-04-14,105.38999938964844,105.55000305175781,104.7699966430664,105.08000183105469,92.01090240478516,19801900,0.0,0.0,0.0
2023-04-17,104.41999816894531,104.58999633789062,103.70999908447266,103.83000183105469,90.91636657714844,19528800,0.0,0.0,0.0
2023-04-18,103.80999755859375,104.58999633789062,103.80000305175781,104.19999694824219,91.24036407470703,15922600,0.0,0.0,0.0
2023-04-19,103.91000366210938,104.23999786376953,103.4800033569336,104.0999984741211,91.15281677246094,16093900,0.0,0.0,0.0
2023-04-20,104.83000183105469,105.27999877929688,104.75,104.98999786376953,91.93208312988281,16450100,0.0,0.0,0.0
2023-04-21,105.30000305175781,105.45999908447266,104.2699966430664,104.4000015258789,91.41548919677734,15244700,0.0,0.0,0.0
2023-04-24,104.95999908447266,105.48999786376953,104.83999633789062,105.41000366210938,92.29984283447266,17034300,0.0,0.0,0.0
2023-04-25,106.33000183105469,107.12999725341797,106.27999877929688,106.95999908447266,93.65705871582031,21899900,0.0,0.0,0.0
2023-04-26,106.79000091552734,107.23999786376953,105.66999816894531,105.81999969482422,92.65888214111328,19610400,0.0,0.0,0.0
2023-04-27,105.19999694824219,105.2699966430664,104.61000061035156,104.7699966430664,91.73944091796875,20247600,0.0,0.0,0.0
2023-04-28,106.20999908447266,106.76000213623047,105.86000061035156,106.45999908447266,93.21927642822266,26954100,0.0,0.0,0.0
2023-05-01,105.2699966430664,105.41999816894531,102.83999633789062,103.12999725341797,90.53132629394531,32487300,0.268,0.0,0.0
2023-05-02,104.0,105.69999694824219,103.88999938964844,105.69999694824219,92.78736877441406,30057800,0.0,0.0,0.0
2023-05-03,106.0,106.5999984741211,105.27999877929688,106.29000091552734,93.3052978515625,23656200,0.0,0.0,0.0
2023-05-04,105.22000122070312,106.44999694824219,105.1500015258789,105.23999786376953,92.38355255126953,25110500,0.0,0.0,0.0
2023-05-05,104.3499984741211,104.9000015258789,104.11000061035156,104.88999938964844,92.07633209228516,15096500,0.0,0.0,0.0
2023-05-08,103.5199966430664,103.87000274658203,103.31999969482422,103.41999816894531,90.78590393066406,20587000,0.0,0.0,0.0
2023-05-09,103.5,103.63999938964844,103.0,103.05000305175781,90.46111297607422,19182500,0.0,0.0,0.0
2023-05-10,103.66999816894531,104.23999786376953,103.63999938964844,104.05000305175781,91.33892059326172,22886800,0.0,0.0,0.0
2023-05-11,105.30000305175781,105.5199966430664,104.72000122070312,105.1500015258789,92.3045654296875,19147200,0.0,0.0,0.0
2023-05-12,105.05000305175781,105.25,104.25,104.2699966430664,91.53205871582031,14198500,0.0,0.0,0.0
2023-05-15,103.38999938964844,103.47000122070312,103.12000274658203,103.19000244140625,90.5840072631836,20085300,0.0,0.0,0.0
2023-05-16,102.4000015258789,102.9000015258789,102.11000061035156,102.87999725341797,90.31185913085938,29251700,0.0,0.0,0.0
2023-05-17,103.08000183105469,103.16000366210938,102.3499984741211,102.58000183105469,90.04851531982422,21340900,0.0,0.0,0.0
2023-05-18,102.19999694824219,102.26000213623047,101.75,101.81999969482422,89.38137817382812,25536600,0.0,0.0,0.0
2023-05-19,101.26000213623047,101.86000061035156,100.93000030517578,101.0999984741211,88.74933624267578,29038000,0.0,0.0,0.0
2023-05-22,101.25,101.70999908447266,100.66999816894531,100.73999786376953,88.43328857421875,20131100,0.0,0.0,0.0
2023-05-23,100.43000030517578,101.25,100.27999877929688,101.02999877929688,88.68787384033203,21749500,0.0,0.0,0.0
2023-05-24,101.27999877929688,101.36000061035156,100.52999877929688,100.52999877929688,88.24896240234375,18473400,0.0,0.0,0.0
2023-05-25,100.69999694824219,100.80000305175781,100.02999877929688,100.27999877929688,88.02947998046875,22492800,0.0,0.0,0.0
2023-05-26,100.12000274658203,101.16999816894531,100.0,101.08999633789062,88.74053192138672,17030300,0.0,0.0,0.0
2023-05-30,101.4000015258789,102.23999786376953,101.25,102.0999984741211,89.62714385986328,23125200,0.0,0.0,0.0
2023-05-31,101.98999786376953,103.18000030517578,101.87000274658203,102.98999786376953,90.40843200683594,23787000,0.0,0.0,0.0
2023-06-01,103.27999877929688,103.62999725341797,102.62999725341797,103.12000274658203,90.76313018798828,21040400,0.273,0.0,0.0
2023-06-02,103.0,103.06999969482422,101.94000244140625,101.98999786376953,89.76853942871094,19136500,0.0,0.0,0.0
2023-06-05,101.3499984741211,102.44000244140625,101.20999908447266,101.80000305175781,89.60128784179688,14433200,0.0,0.0,0.0
2023-06-06,101.83999633789062,102.47000122070312,101.38999938964844,102.4000015258789,90.1294174194336,14332100,0.0,0.0,0.0
2023-06-07,102.16999816894531,102.43000030517578,100.77999877929688,100.87999725341797,88.79155731201172,25251100,0.0,0.0,0.0
2023-06-08,100.87000274658203,102.13999938964844,100.80000305175781,102.05999755859375,89.83016967773438,23845100,0.0,0.0,0.0
2023-06-09,101.5999984741211,102.2699966430664,101.33999633789062,101.91999816894531,89.70692443847656,22147400,0.0,0.0,0.0
2023-06-12,102.23999786376953,102.30000305175781,101.12000274658203,102.22000122070312,89.97098541259766,19010300,0.0,0.0,0.0
2023-06-13,102.11000061035156,102.33000183105469,100.97000122070312,101.20999908447266,89.08202362060547,25910800,0.0,0.0,0.0
2023-06-14,101.62999725341797,102.29000091552734,101.45999908447266,102.0199966430664,89.79496765136719,29094200,0.0,0.0,0.0
2023-06-15,103.02999877929688,103.62999725341797,102.5999984741211,103.0,90.65751647949219,25732000,0.0,0.0,0.0
2023-06-16,102.44000244140625,102.83000183105469,102.02999877929688,102.5999984741211,90.30545806884766,16759100,0.0,0.0,0.0
2023-06-20,103.11000061035156,103.66000366210938,103.11000061035156,103.30999755859375,90.93038177490234,17162900,0.0,0.0,0.0
2023-06-21,102.80999755859375,103.6500015258789,102.33999633789062,103.55999755859375,91.15042877197266,19720100,0.0,0.0,0.0
2023-06-22,102.80000305175781,103.25,102.19999694824219,102.30999755859375,90.05020141601562,23630700,0.0,0.0,0.0
2023-06-23,103.83000183105469,103.94999694824219,102.9800033569336,103.33000183105469,90.94799041748047,22901900,0.0,0.0,0.0
2023-06-26,103.62000274658203,103.80000305175781,103.16000366210938,103.44000244140625,91.0447769165039,12894900,0.0,0.0,0.0
2023-06-27,103.58999633789062,103.94999694824219,102.76000213623047,103.16999816894531,90.80715942382812,18105700,0.0,0.0,0.0
2023-06-28,103.41000366210938,103.83999633789062,102.83000183105469,103.61000061035156,91.19442749023438,23826800,0.0,0.0,0.0
2023-06-29,102.16999816894531,102.33999633789062,101.44999694824219,101.73999786376953,89.54850006103516,41091600,0.0,0.0,0.0
2023-06-30,102.05999755859375,103.05999755859375,101.87000274658203,102.94000244140625,90.60469818115234,32024900,0.0,0.0,0.0
2023-07-03,102.83999633789062,103.26000213623047,102.05999755859375,102.08000183105469,90.09107208251953,16011800,0.278,0.0,0.0
2023-07-05,101.88999938964844,102.0,100.73999786376953,101.11000061035156,89.2349624633789,28170300,0.0,0.0,0.0
2023-07-06,100.19999694824219,100.37999725341797,99.47000122070312,99.68000030517578,87.97293853759766,41375700,0.0,0.0,0.0
2023-07-07,99.18000030517578,99.5999984741211,98.98999786376953,99.08000183105469,87.44340515136719,28996500,0.0,0.0,0.0
2023-07-10,98.86000061035156,99.52999877929688,98.8499984741211,99.20999908447266,87.55812072753906,24665200,0.0,0.0,0.0
2023-07-11,99.56999969482422,99.97000122070312,99.29000091552734,99.72000122070312,88.00823211669922,20485500,0.0,0.0,0.0
2023-07-12,100.0999984741211,101.12000274658203,99.7699966430664,100.83000183105469,88.98787689208984,31928000,0.0,0.0,0.0
2023-07-13,101.30999755859375,101.97000122070312,101.02999877929688,101.88999938964844,89.92337036132812,32441500,0.0,0.0,0.0
2023-07-14,101.72000122070312,101.94000244140625,101.23999786376953,101.29000091552734,89.39385986328125,18569000,0.0,0.0,0.0
2023-07-17,101.2300033569336,101.48999786376953,100.91999816894531,101.33999633789062,89.43798828125,18822000,0.0,0.0,0.0
2023-07-18,101.80000305175781,102.06999969482422,101.56999969482422,101.80000305175781,89.84392547607422,15407400,0.0,0.0,0.0
2023-07-19,102.0,102.9800033569336,101.7300033569336,102.94999694824219,90.85887908935547,27192500,0.0,0.0,0.0
2023-07-20,102.22000122070312,102.30999755859375,101.27999877929688,101.69999694824219,89.75567626953125,56951200,0.0,0.0,0.0
2023-07-21,102.16000366210938,102.3499984741211,101.62999725341797,101.7300033569336,89.7822036743164,20657500,0.0,0.0,0.0
2023-07-24,101.98999786376953,102.1500015258789,101.30000305175781,101.36000061035156,89.45563507080078,17546700,0.0,0.0,0.0
2023-07-25,100.83000183105469,101.5,100.80000305175781,101.16999816894531,89.28794860839844,17160600,0.0,0.0,0.0
2023-07-26,101.68000030517578,101.69000244140625,100.93000030517578,101.2699966430664,89.37621307373047,19310700,0.0,0.0,0.0
2023-07-27,100.70999908447266,100.93000030517578,98.91000366210938,99.30000305175781,87.63758087158203,44794400,0.0,0.0,0.0
2023-07-28,99.4000015258789,99.86000061035156,99.1500015258789,99.80999755859375,88.08766174316406,27434000,0.0,0.0,0.0
2023-07-31,99.6500015258789,100.33000183105469,99.62000274658203,100.05000305175781,88.29947662353516,28663800,0.0,0.0,0.0
2023-08-01,98.83999633789062,98.91999816894531,97.9000015258789,98.13999938964844,86.85252380371094,34943400,0.275,0.0,0.0
2023-08-02,97.04000091552734,97.23999786376953,96.41000366210938,97.08999633789062,85.92329406738281,38121300,0.0,0.0,0.0
2023-08-03,95.19000244140625,95.31999969482422,94.54000091552734,94.8499984741211,83.94092559814453,59394800,0.0,0.0,0.0
2023-08-04,95.1500015258789,96.68000030517578,95.12999725341797,96.52999877929688,85.42768096923828,42071800,0.0,0.0,0.0
2023-08-07,96.11000061035156,96.19999694824219,95.5,95.58000183105469,84.58694458007812,35862900,0.0,0.0,0.0
2023-08-08,96.86000061035156,97.37000274658203,96.44000244140625,96.69000244140625,85.56929016113281,24010500,0.0,0.0,0.0
2023-08-09,96.87999725341797,97.29000091552734,96.83999633789062,97.19000244140625,86.01180267333984,20151100,0.0,0.0,0.0
2023-08-10,97.04000091552734,97.36000061035156,95.58999633789062,95.58999633789062,84.5958023071289,37253200,0.0,0.0,0.0
2023-08-11,95.30000305175781,95.87000274658203,95.19999694824219,95.37000274658203,84.40109252929688,26753500,0.0,0.0,0.0
2023-08-14,95.20999908447266,95.93000030517578,94.9000015258789,95.16000366210938,84.21525573730469,19072000,0.0,0.0,0.0
2023-08-15,94.80000305175781,95.19999694824219,94.55999755859375,94.58000183105469,83.70197296142578,24125000,0.0,0.0,0.0
2023-08-16,94.27999877929688,94.79000091552734,93.72000122070312,93.83999633789062,83.04708862304688,23076700,0.0,0.0,0.0
2023-08-17,93.5,93.61000061035156,93.0199966430664,93.44000244140625,82.6930923461914,32244900,0.0,0.0,0.0
2023-08-18,93.43000030517578,94.19000244140625,93.30000305175781,93.7699966430664,82.9851303100586,24181700,0.0,0.0,0.0
2023-08-21,92.66000366210938,92.76000213623047,92.2300033569336,92.5199966430664,81.87889862060547,29254100,0.0,0.0,0.0
2023-08-22,92.63999938964844,93.27999877929688,92.45999908447266,93.2300033569336,82.50724029541016,21308700,0.0,0.0,0.0
2023-08-23,94.30000305175781,95.55000305175781,94.2300033569336,95.54000091552734,84.55155944824219,38294700,0.0,0.0,0.0
2023-08-24,95.12999725341797,95.55000305175781,94.88999938964844,94.91000366210938,83.99401092529297,22300800,0.0,0.0,0.0
2023-08-25,94.66000366210938,95.51000213623047,94.51000213623047,95.22000122070312,84.26836395263672,23865200,0.0,0.0,0.0
2023-08-28,95.6500015258789,95.66000366210938,94.88999938964844,95.31999969482422,84.35686492919922,16037300,0.0,0.0,0.0
2023-08-29,94.97000122070312,96.51000213623047,94.94000244140625,96.30999755859375,85.2330322265625,28478100,0.0,0.0,0.0
2023-08-30,96.16000366210938,96.4000015258789,95.87999725341797,96.20999908447266,85.14451599121094,17550100,0.0,0.0,0.0
2023-08-31,96.54000091552734,97.05000305175781,96.43000030517578,96.63999938964844,85.5250473022461,26959700,0.0,0.0,0.0
2023-09-01,95.80000305175781,95.81999969482422,94.62000274658203,94.8499984741211,84.19271087646484,32469700,0.289,0.0,0.0
2023-09-05,94.27999877929688,94.29000091552734,93.48999786376953,93.5199966430664,83.01213836669922,29435900,0.0,0.0,0.0
2023-09-06,94.08999633789062,94.11000061035156,93.45999908447266,93.75,83.21630096435547,23636300,0.0,0.0,0.0
2023-09-07,94.0,94.06999969482422,93.68000030517578,94.01000213623047,83.44711303710938,18091500,0.0,0.0,0.0
2023-09-08,94.37999725341797,94.9000015258789,94.16999816894531,94.37000274658203,83.76663970947266,17052100,0.0,0.0,0.0
2023-09-11,93.69999694824219,93.9800033569336,93.55000305175781,93.69000244140625,83.16304016113281,17061500,0.0,0.0,0.0
2023-09-12,93.88999938964844,94.23999786376953,93.58000183105469,94.2300033569336,83.64237213134766,20034300,0.0,0.0,0.0
2023-09-13,93.91999816894531,94.52999877929688,93.81999969482422,94.20999908447266,83.6246109008789,23332300,0.0,0.0,0.0
2023-09-14,93.94000244140625,94.20999908447266,93.4000015258789,93.52999877929688,83.02099609375,27800600,0.0,0.0,0.0
2023-09-15,93.45999908447266,93.4800033569336,92.95999908447266,92.95999908447266,82.51506805419922,25642900,0.0,0.0,0.0
2023-09-18,92.8499984741211,93.52999877929688,92.81999969482422,93.48999786376953,82.98551940917969,17963400,0.0,0.0,0.0
2023-09-19,93.08000183105469,93.43000030517578,92.80000305175781,92.80000305175781,82.3730239868164,24941800,0.0,0.0,0.0
2023-09-20,93.29000091552734,93.5999984741211,93.04000091552734,93.08999633789062,82.63043975830078,29451200,0.0,0.0,0.0
2023-09-21,91.29000091552734,91.37000274658203,90.69000244140625,90.69999694824219,80.50898742675781,59958700,0.0,0.0,0.0
2023-09-22,90.80999755859375,91.61000061035156,90.66999816894531,91.43000030517578,81.15696716308594,29524500,0.0,0.0,0.0
2023-09-25,89.66000366210938,90.04000091552734,89.1500015258789,89.18000030517578,79.15978240966797,45587900,0.0,0.0,0.0
2023-09-26,89.43000030517578,89.62000274658203,88.70999908447266,88.87000274658203,78.88462829589844,38104100,0.0,0.0,0.0
2023-09-27,89.54000091552734,89.62000274658203,88.08999633789062,88.41000366210938,78.4762954711914,47111200,0.0,0.0,0.0
2023-09-28,87.62000274658203,88.7300033569336,87.0999984741211,88.68000030517578,78.7159652709961,60238000,0.0,0.0,0.0
2023-09-29,89.2699966430664,89.48999786376953,88.12999725341797,88.69000244140625,78.72484588623047,49010100,0.0,0.0,0.0
2023-10-02,87.81999969482422,87.93000030517578,86.70999908447266,86.93000030517578,77.40697479248047,44704300,0.28,0.0,0.0
2023-10-03,86.30999755859375,86.6500015258789,84.88999938964844,85.05999755859375,75.74180603027344,71362600,0.0,0.0,0.0
2023-10-04,85.7699966430664,86.30999755859375,85.37000274658203,86.26000213623047,76.81037139892578,56281600,0.0,0.0,0.0
2023-10-05,86.11000061035156,86.19000244140625,85.63999938964844,85.83000183105469,76.42747497558594,35758800,0.0,0.0,0.0
2023-10-06,84.19999694824219,85.69000244140625,84.05999755859375,84.79000091552734,75.50140380859375,62787900,0.0,0.0,0.0
2023-10-09,85.5,86.80000305175781,84.94999694824219,86.77999877929688,77.27339172363281,29424900,0.0,0.0,0.0
2023-10-10,85.8499984741211,87.16999816894531,85.5199966430664,86.66000366210938,77.16655731201172,54743900,0.0,0.0,0.0
2023-10-11,87.8499984741211,88.47000122070312,87.5999984741211,88.47000122070312,78.77828216552734,58517700,0.0,0.0,0.0
2023-10-12,88.05000305175781,88.19000244140625,85.93000030517578,86.06999969482422,76.64120483398438,66986700,0.0,0.0,0.0
2023-10-13,87.5999984741211,87.83000183105469,87.16999816894531,87.61000061035156,78.01248931884766,44183800,0.0,0.0,0.0
2023-10-16,86.19000244140625,86.37000274658203,85.9000015258789,86.19999694824219,76.75695037841797,38309800,0.0,0.0,0.0
2023-10-17,84.88999938964844,85.62999725341797,84.5,85.25,75.9110107421875,52949100,0.0,0.0,0.0
2023-10-18,84.37999725341797,84.72000122070312,83.8499984741211,84.5,75.24317932128906,63724600,0.0,0.0,0.0
2023-10-19,83.87999725341797,84.56999969482422,82.73999786376953,82.7699966430664,73.70268249511719,87696900,0.0,0.0,0.0
2023-10-20,82.98999786376953,83.54000091552734,82.7699966430664,83.23999786376953,74.1211929321289,52188800,0.0,0.0,0.0
2023-10-23,82.80999755859375,84.86000061035156,82.41999816894531,84.23999786376953,75.01165008544922,70890400,0.0,0.0,0.0
2023-10-24,84.44000244140625,85.3499984741211,84.08999633789062,85.3499984741211,76.00003814697266,46267700,0.0,0.0,0.0
2023-10-25,84.0199966430664,84.12999725341797,83.12999725341797,83.44999694824219,74.30818939208984,60737200,0.0,0.0,0.0
2023-10-26,83.4800033569336,84.81999969482422,83.4000015258789,84.7300033569336,75.4479751586914,49704100,0.0,0.0,0.0
2023-10-27,84.19000244140625,84.97000122070312,83.73999786376953,84.37000274658203,75.1274185180664,32362300,0.0,0.0,0.0
2023-10-30,83.80999755859375,84.5,83.23999786376953,83.98999786376953,74.78903198242188,45026900,0.0,0.0,0.0
2023-10-31,84.37000274658203,84.7699966430664,83.55000305175781,83.58000183105469,74.42395782470703,37269200,0.0,0.0,0.0
2023-11-01,84.04000091552734,85.12000274658203,84.0199966430664,85.0999984741211,76.03764343261719,72308500,0.286,0.0,0.0
2023-11-02,86.68000030517578,87.30999755859375,86.22000122070312,87.04000091552734,77.77104949951172,69739400,0.0,0.0,0.0
2023-11-03,88.80999755859375,89.05000305175781,87.58000183105469,87.62999725341797,78.29821014404297,77692300,0.0,0.0,0.0
2023-11-06,87.06999969482422,87.19999694824219,86.5999984741211,86.77999877929688,77.5387191772461,41341900,0.0,0.0,0.0
2023-11-07,87.61000061035156,88.5,87.58999633789062,88.05999755859375,78.68242645263672,37834200,0.0,0.0,0.0
2023-11-08,88.4800033569336,89.62000274658203,88.44999694824219,89.55999755859375,80.02266693115234,53893400,0.0,0.0,0.0
2023-11-09,88.94000244140625,89.02999877929688,86.73999786376953,87.5,78.18204498291016,88975100,0.0,0.0,0.0
2023-11-10,88.2300033569336,88.43000030517578,87.7699966430664,87.98999786376953,78.61988067626953,36516400,0.0,0.0,0.0
2023-11-13,87.22000122070312,87.94000244140625,86.9000015258789,87.79000091552734,78.44117736816406,25661500,0.0,0.0,0.0
2023-11-14,90.0,90.1500015258789,89.29000091552734,89.77999877929688,80.2192611694336,65666800,0.0,0.0,0.0
2023-11-15,89.01000213623047,89.13999938964844,88.30999755859375,88.5199966430664,79.09342956542969,56205300,0.0,0.0,0.0
2023-11-16,89.30000305175781,89.95999908447266,89.25,89.62000274658203,80.07630157470703,49473900,0.0,0.0,0.0
2023-11-17,90.16000366210938,90.43000030517578,89.63999938964844,90.04000091552734,80.45155334472656,44091400,0.0,0.0,0.0
2023-11-20,89.62000274658203,90.66000366210938,89.61000061035156,90.58999633789062,80.94298553466797,40477800,0.0,0.0,0.0
2023-11-21,90.5,90.80000305175781,89.88999938964844,90.55000305175781,80.90726470947266,27721000,0.0,0.0,0.0
2023-11-22,91.12000274658203,91.31999969482422,90.37999725341797,90.87000274658203,81.19316101074219,31197500,0.0,0.0,0.0
2023-11-24,90.0999984741211,90.26000213623047,89.79000091552734,89.80000305175781,80.23710632324219,20199600,0.0,0.0,0.0
2023-11-27,90.30000305175781,91.33999633789062,90.20999908447266,91.30000305175781,81.577392578125,39804400,0.0,0.0,0.0
2023-11-28,90.91000366210938,91.52999877929688,90.79000091552734,91.4800033569336,81.73823547363281,44989300,0.0,0.0,0.0
2023-11-29,92.11000061035156,92.69999694824219,91.77999877929688,92.62999725341797,82.76575469970703,61647800,0.0,0.0,0.0
2023-11-30,91.97000122070312,92.29000091552734,91.16000366210938,91.55999755859375,81.80970764160156,60520900,0.0,0.0,0.0
2023-12-01,91.30999755859375,93.05999755859375,91.12999725341797,92.98999786376953,83.35050201416016,64172200,0.289,0.0,0.0
2023-12-04,92.48999786376953,92.83000183105469,92.08999633789062,92.62000274658203,83.01885223388672,33766300,0.0,0.0,0.0
2023-12-05,93.62999725341797,94.62000274658203,93.56999969482422,94.61000061035156,84.80255889892578,73588600,0.0,0.0,0.0
2023-12-06,95.08000183105469,96.05000305175781,94.87000274658203,95.87000274658203,85.93196868896484,61606100,0.0,0.0,0.0
2023-12-07,95.18000030517578,96.08000183105469,95.05999755859375,95.31999969482422,85.4389877319336,47970200,0.0,0.0,0.0
2023-12-08,94.41999816894531,94.72000122070312,93.91000366210938,94.54000091552734,84.73986053466797,44809200,0.0,0.0,0.0
2023-12-11,94.01000213623047,94.44000244140625,93.52999877929688,94.33999633789062,84.56053924560547,33909700,0.0,0.0,0.0
2023-12-12,94.1500015258789,94.69999694824219,93.9000015258789,94.62000274658203,84.81151580810547,36996900,0.0,0.0,0.0
2023-12-13,95.16999816894531,96.9800033569336,95.0199966430664,96.83999633789062,86.80140686035156,70828500,0.0,0.0,0.0
2023-12-14,97.66000366210938,99.04000091552734,97.41999816894531,99.04000091552734,89.05937194824219,87798600,0.311,0.0,0.0
2023-12-15,98.69000244140625,99.3499984741211,98.58000183105469,99.1500015258789,89.15825653076172,59941300,0.0,0.0,0.0
2023-12-18,98.5,98.5,98.0199966430664,98.36000061035156,88.4478988647461,34746000,0.0,0.0,0.0
2023-12-19,98.86000061035156,99.26000213623047,98.66000366210938,98.88999938964844,88.92448425292969,30018400,0.0,0.0,0.0
2023-12-20,99.11000061035156,99.69000244140625,98.58000183105469,99.55999755859375,89.52696228027344,51229400,0.0,0.0,0.0
2023-12-21,99.73999786376953,99.83999633789062,98.75,98.93000030517578,88.96043395996094,65231200,0.0,0.0,0.0
2023-12-22,99.37999725341797,99.37999725341797,98.23999786376953,98.4800033569336,88.5557861328125,29244200,0.0,0.0,0.0
2023-12-26,98.54000091552734,98.87000274658203,98.4800033569336,98.76000213623047,88.80757904052734,24019700,0.0,0.0,0.0
2023-12-27,99.77999877929688,100.52999877929688,99.5,100.51000213623047,90.3812255859375,45082800,0.0,0.0,0.0
2023-12-28,100.08999633789062,100.56999969482422,99.55999755859375,99.77999877929688,89.72480773925781,36213000,0.0,0.0,0.0
2023-12-29,99.12999725341797,99.81999969482422,98.80000305175781,98.87999725341797,88.91548919677734,41616200,0.0,0.0,0.0
2024-01-02,98.2300033569336,98.6500015258789,98.0,98.30999755859375,88.4029312133789,47797400,0.0,0.0,0.0
2024-01-03,97.37999725341797,98.8499984741211,97.1500015258789,98.72000122070312,88.77163696289062,58159500,0.0,0.0,0.0
2024-01-04,97.41999816894531,97.63999938964844,97.06999969482422,97.22000122070312,87.42276000976562,52604500,0.0,0.0,0.0
2024-01-05,96.5,97.68000030517578,96.20999908447266,96.29000091552734,86.58649444580078,45894800,0.0,0.0,0.0
2024-01-08,96.2300033569336,97.37999725341797,96.08999633789062,97.23999786376953,87.44073486328125,39485800,0.0,0.0,0.0
2024-01-09,96.63999938964844,97.16999816894531,96.58999633789062,96.62000274658203,86.88322448730469,34374000,0.0,0.0,0.0
2024-01-10,96.91999816894531,97.05000305175781,96.12000274658203,96.16999816894531,86.47859191894531,48227800,0.0,0.0,0.0
2024-01-11,96.16999816894531,96.83000183105469,95.70999908447266,96.70999908447266,86.96417999267578,78858900,0.0,0.0,0.0
2024-01-12,96.77999877929688,97.2699966430664,96.2699966430664,96.5199966430664,86.79330444335938,38883900,0.0,0.0,0.0
2024-01-16,95.62000274658203,95.79000091552734,94.51000213623047,94.81999969482422,85.26464080810547,61716700,0.0,0.0,0.0
2024-01-17,94.5999984741211,95.0,94.16000366210938,94.66999816894531,85.12973022460938,55506800,0.0,0.0,0.0
2024-01-18,94.45999908447266,94.58000183105469,93.51000213623047,93.79000091552734,84.33840942382812,77339100,0.0,0.0,0.0
2024-01-19,93.70999908447266,94.16999816894531,93.26000213623047,94.08999633789062,84.60820770263672,47030900,0.0,0.0,0.0
2024-01-22,94.81999969482422,95.08000183105469,94.38999938964844,94.6500015258789,85.11174774169922,35756400,0.0,0.0,0.0
2024-01-23,93.88999938964844,93.98999786376953,93.43000030517578,93.9000015258789,84.43734741210938,35786700,0.0,0.0,0.0
2024-01-24,94.51000213623047,94.54000091552734,93.0999984741211,93.3499984741211,83.9427490234375,54574900,0.0,0.0,0.0
2024-01-25,94.0,94.22000122070312,93.56999969482422,93.95999908447266,84.49130249023438,57019400,0.0,0.0,0.0
2024-01-26,93.93000030517578,94.06999969482422,93.48999786376953,93.77999877929688,84.3294448852539,29276900,0.0,0.0,0.0
2024-01-29,94.30999755859375,95.16999816894531,94.12000274658203,94.86000061035156,85.30062103271484,38243600,0.0,0.0,0.0
2024-01-30,95.4800033569336,95.83999633789062,94.73999786376953,95.72000122070312,86.07393646240234,40151400,0.0,0.0,0.0
2024-01-31,96.22000122070312,96.91000366210938,96.0,96.66000366210938,86.9192123413086,80646700,0.0,0.0,0.0
2024-02-01,97.41999816894531,98.66999816894531,97.19000244140625,98.23999786376953,88.62422943115234,84291200,0.31,0.0,0.0
2024-02-02,96.2699966430664,96.62000274658203,95.69000244140625,96.06999969482422,86.66663360595703,63823300,0.0,0.0,0.0
2024-02-05,94.62999725341797,94.8499984741211,94.0199966430664,94.12999725341797,84.91651153564453,53827400,0.0,0.0,0.0
2024-02-06,94.23999786376953,95.1500015258789,94.20999908447266,95.05000305175781,85.74644470214844,33411500,0.0,0.0,0.0
2024-02-07,94.56999969482422,95.2300033569336,94.5199966430664,94.58999633789062,85.33148193359375,40120200,0.0,0.0,0.0
2024-02-08,94.0199966430664,94.30000305175781,93.66000366210938,94.04000091552734,84.83534240722656,50087700,0.0,0.0,0.0
2024-02-09,93.76000213623047,94.01000213623047,93.66000366210938,93.8499984741211,84.66390991210938,27951300,0.0,0.0,0.0
2024-02-12,93.9000015258789,94.13999938964844,93.5,93.95999908447266,84.76313018798828,27890300,0.0,0.0,0.0
2024-02-13,92.86000061035156,93.05999755859375,92.33000183105469,92.3499984741211,83.31072998046875,49768500,0.0,0.0,0.0
2024-02-14,92.30000305175781,93.05000305175781,92.2300033569336,92.81999969482422,83.7347183227539,44191600,0.0,0.0,0.0
2024-02-15,93.55999755859375,93.72000122070312,93.0,93.30000305175781,84.16775512695312,49598500,0.0,0.0,0.0
2024-02-16,92.4800033569336,92.8499984741211,92.33999633789062,92.76000213623047,83.68058776855469,33116800,0.0,0.0,0.0
2024-02-20,92.79000091552734,93.19000244140625,92.72000122070312,92.83999633789062,83.75276947021484,24469300,0.0,0.0,0.0
2024-02-21,92.83000183105469,92.9000015258789,92.01000213623047,92.18000030517578,83.1573715209961,36343100,0.0,0.0,0.0
2024-02-22,92.33000183105469,92.76000213623047,92.2699966430664,92.62999725341797,83.5633316040039,45190700,0.0,0.0,0.0
2024-02-23,92.75,94.0,92.75,93.87000274658203,84.6819839477539,38406700,0.0,0.0,0.0
2024-02-26,94.0,94.02999877929688,93.19000244140625,93.58999633789062,84.42937469482422,27855000,0.0,0.0,0.0
2024-02-27,93.23999786376953,93.47000122070312,92.8499984741211,92.93000030517578,83.83394622802734,30242000,0.0,0.0,0.0
2024-02-28,93.08000183105469,93.5999984741211,92.9000015258789,93.5199966430664,84.36619567871094,34574200,0.0,0.0,0.0
2024-02-29,93.81999969482422,94.30000305175781,93.77999877929688,94.18000030517578,84.96160888671875,51038600,0.0,0.0,0.0
2024-03-01,93.44000244140625,94.51000213623047,93.01000213623047,94.47000122070312,85.49101257324219,45832800,0.295,0.0,0.0
2024-03-04,93.69999694824219,94.16000366210938,93.68000030517578,94.08999633789062,85.14714050292969,23864200,0.0,0.0,0.0
2024-03-05,95.2300033569336,95.68000030517578,94.97000122070312,95.43000030517578,86.35974884033203,37721900,0.0,0.0,0.0
2024-03-06,95.48999786376953,96.16999816894531,95.41000366210938,95.98999786376953,86.8665542602539,40571600,0.0,0.0,0.0
2024-03-07,96.36000061035156,96.4000015258789,95.4800033569336,95.9000015258789,86.78511047363281,39075000,0.0,0.0,0.0
2024-03-08,95.80000305175781,96.05000305175781,95.4800033569336,95.7300033569336,86.6312484741211,25023200,0.0,0.0,0.0
2024-03-11,95.95999908447266,96.01000213623047,95.37000274658203,95.68000030517578,86.58601379394531,17787900,0.0,0.0,0.0
2024-03-12,95.04000091552734,95.20999908447266,94.69000244140625,94.87999725341797,85.86203002929688,29566000,0.0,0.0,0.0
2024-03-13,94.5,94.73999786376953,94.20999908447266,94.41999816894531,85.44576263427734,38270100,0.0,0.0,0.0
2024-03-14,93.7300033569336,93.75,92.86000061035156,92.97000122070312,84.13358306884766,58365600,0.0,0.0,0.0
2024-03-15,93.05999755859375,93.19000244140625,92.79000091552734,92.94000244140625,84.1064453125,34997700,0.0,0.0,0.0
2024-03-18,92.7300033569336,92.98999786376953,92.5,92.66000366210938,83.8530502319336,29519500,0.0,0.0,0.0
2024-03-19,92.8499984741211,93.2699966430664,92.69000244140625,92.91999816894531,84.08833312988281,26953100,0.0,0.0,0.0
2024-03-20,93.0999984741211,93.79000091552734,92.29000091552734,92.88999938964844,84.06116485595703,43460100,0.0,0.0,0.0
2024-03-21,93.2699966430664,93.43000030517578,92.7300033569336,93.08999633789062,84.24215698242188,34276600,0.0,0.0,0.0
2024-03-22,94.19000244140625,94.20999908447266,93.77999877929688,93.9800033569336,85.0475845336914,30262300,0.0,0.0,0.0
2024-03-25,93.70999908447266,93.75,93.30000305175781,93.51000213623047,84.62226104736328,24011800,0.0,0.0,0.0
2024-03-26,93.51000213623047,93.87000274658203,93.27999877929688,93.7699966430664,84.85753631591797,34423000,0.0,0.0,0.0
2024-03-27,93.98999786376953,94.69999694824219,93.94000244140625,94.69999694824219,85.69912719726562,50157800,0.0,0.0,0.0
2024-03-28,94.48999786376953,95.0199966430664,94.31999969482422,94.62000274658203,85.62674713134766,34540400,0.0,0.0,0.0
2024-04-01,93.29000091552734,93.30000305175781,92.45999908447266,92.55000305175781,84.03059387207031,48945400,0.312,0.0,0.0
2024-04-02,91.56999969482422,92.19999694824219,91.33999633789062,92.04000091552734,83.56751251220703,43086300,0.0,0.0,0.0
2024-04-03,91.26000213623047,92.05000305175781,91.05000305175781,92.0199966430664,83.54935455322266,45494400,0.0,0.0,0.0
2024-04-04,92.62999725341797,92.76000213623047,92.04000091552734,92.68000030517578,84.14861297607422,47957400,0.0,0.0,0.0
2024-04-05,91.69000244140625,92.18000030517578,91.37999725341797,91.38999938964844,82.97735595703125,42495900,0.0,0.0,0.0
2024-04-08,91.2300033569336,91.58999633789062,91.12999725341797,91.37999725341797,82.9682846069336,37879800,0.0,0.0,0.0
2024-04-09,91.87000274658203,92.36000061035156,91.83999633789062,92.2300033569336,83.74004364013672,32522000,0.0,0.0,0.0
2024-04-10,91.19999694824219,91.30000305175781,90.05000305175781,90.22000122070312,81.91508483886719,74368900,0.0,0.0,0.0
2024-04-11,90.37999725341797,90.44000244140625,89.51000213623047,89.80999755859375,81.54280090332031,65751200,0.0,0.0,0.0
2024-04-12,90.63999938964844,90.94999694824219,90.27999877929688,90.29000091552734,81.97863006591797,47900100,0.0,0.0,0.0
2024-04-15,89.22000122070312,89.26000213623047,88.5199966430664,88.88999938964844,80.70747375488281,55993100,0.0,0.0,0.0
2024-04-16,88.05000305175781,88.58000183105469,87.79000091552734,88.30000305175781,80.17181396484375,45103200,0.0,0.0,0.0
2024-04-17,88.87000274658203,89.37999725341797,88.45999908447266,89.27999877929688,81.06159210205078,57947000,0.0,0.0,0.0
2024-04-18,89.23999786376953,89.2699966430664,88.58999633789062,88.83000183105469,80.65302276611328,43839500,0.0,0.0,0.0
2024-04-19,89.38999938964844,89.38999938964844,88.91000366210938,89.1500015258789,80.94354248046875,44826800,0.0,0.0,0.0
2024-04-22,88.68000030517578,89.12000274658203,88.6500015258789,89.0,80.80738067626953,24969000,0.0,0.0,0.0
2024-04-23,88.7300033569336,89.54000091552734,88.55000305175781,89.02999877929688,80.83460235595703,27222700,0.0,0.0,0.0
2024-04-24,88.55999755859375,88.62999725341797,87.5,88.4000015258789,80.26260375976562,48986800,0.0,0.0,0.0
2024-04-25,87.45999908447266,87.9000015258789,87.33999633789062,87.77999877929688,79.69965362548828,49282600,0.0,0.0,0.0
2024-04-26,88.25,88.61000061035156,88.05000305175781,88.23999786376953,80.11734771728516,31589800,0.0,0.0,0.0
2024-04-29,88.66000366210938,89.0199966430664,88.4800033569336,88.9800033569336,80.78919219970703,39228600,0.0,0.0,0.0
2024-04-30,88.41999816894531,88.7300033569336,88.0999984741211,88.22000122070312,80.09917449951172,41054700,0.0,0.0,0.0
2024-05-01,88.5999984741211,89.20999908447266,88.23999786376953,88.55999755859375,80.6895751953125,59679500,0.308,0.0,0.0
2024-05-02,88.20999908447266,89.01000213623047,88.02999877929688,88.94000244140625,81.03581237792969,58925400,0.0,0.0,0.0
2024-05-03,89.93000030517578,90.12000274658203,89.2699966430664,89.83999633789062,81.85581970214844,50066100,0.0,0.0,0.0
2024-05-06,89.87000274658203,90.25,89.66999816894531,90.19000244140625,82.17472076416016,23868200,0.0,0.0,0.0
2024-05-07,90.9000015258789,91.23999786376953,90.61000061035156,90.73999786376953,82.67584228515625,30525800,0.0,0.0,0.0
2024-05-08,90.30999755859375,90.45999908447266,90.16000366210938,90.19000244140625,82.17472076416016,31171700,0.0,0.0,0.0
2024-05-09,89.87000274658203,90.7699966430664,89.81999969482422,90.62999725341797,82.57562255859375,39606700,0.0,0.0,0.0
2024-05-10,90.27999877929688,90.37999725341797,89.95999908447266,90.12000274658203,82.11094665527344,21913800,0.0,0.0,0.0
2024-05-13,90.55000305175781,90.61000061035156,90.30999755859375,90.3499984741211,82.32049560546875,23157500,0.0,0.0,0.0
2024-05-14,90.6500015258789,90.91999816894531,90.41999816894531,90.86000061035156,82.7851791381836,25746400,0.0,0.0,0.0
2024-05-15,91.87000274658203,92.26000213623047,91.62999725341797,92.0999984741211,83.91497802734375,65142900,0.0,0.0,0.0
2024-05-16,92.38999938964844,92.41999816894531,91.94000244140625,92.01000213623047,83.8329849243164,37902400,0.0,0.0,0.0
2024-05-17,91.63999938964844,91.80000305175781,91.33999633789062,91.38999938964844,83.26808166503906,24755000,0.0,0.0,0.0
2024-05-20,91.08000183105469,91.31999969482422,91.01000213623047,91.12000274658203,83.02207946777344,17922800,0.0,0.0,0.0
2024-05-21,91.7300033569336,91.7699966430664,91.43000030517578,91.58999633789062,83.45030212402344,15334400,0.0,0.0,0.0
2024-05-22,91.2699966430664,91.77999877929688,91.26000213623047,91.69999694824219,83.55052185058594,38073700,0.0,0.0,0.0
2024-05-23,91.80000305175781,91.80000305175781,90.81999969482422,91.11000061035156,83.01296997070312,51294700,0.0,0.0,0.0
2024-05-24,90.97000122070312,91.47000122070312,90.9000015258789,91.37999725341797,83.25895690917969,19164400,0.0,0.0,0.0
2024-05-28,91.33000183105469,91.36000061035156,90.02999877929688,90.06999969482422,82.06537628173828,45973700,0.0,0.0,0.0
2024-05-29,89.33999633789062,89.4000015258789,88.68000030517578,88.9800033569336,81.07225799560547,45508400,0.0,0.0,0.0
2024-05-30,89.5999984741211,89.97000122070312,89.44000244140625,89.83999633789062,81.85581970214844,29548600,0.0,0.0,0.0
2024-05-31,90.4800033569336,90.66000366210938,90.25,90.44999694824219,82.4115982055664,41308800,0.0,0.0,0.0
2024-06-03,90.63999938964844,91.66999816894531,90.61000061035156,91.5999984741211,83.74456787109375,42272100,0.308,0.0,0.0
2024-06-04,92.19999694824219,92.80000305175781,91.98999786376953,92.66999816894531,84.72282409667969,42581500,0.0,0.0,0.0
2024-06-05,93.0,93.3499984741211,92.38999938964844,93.3499984741211,85.34449768066406,43153900,0.0,0.0,0.0
2024-06-06,92.91999816894531,93.43000030517578,92.86000061035156,93.20999908447266,85.21649932861328,22891900,0.0,0.0,0.0
2024-06-07,91.83000183105469,91.83000183105469,91.4000015258789,91.5,83.65316009521484,35240500,0.0,0.0,0.0
2024-06-10,91.0,91.05999755859375,90.6500015258789,90.88999938964844,83.0954818725586,20586500,0.0,0.0,0.0
2024-06-11,91.02999877929688,91.87000274658203,90.91999816894531,91.83000183105469,83.95484924316406,30329200,0.0,0.0,0.0
2024-06-12,93.0199966430664,93.56999969482422,92.48999786376953,92.5199966430664,84.585693359375,42554600,0.0,0.0,0.0
2024-06-13,93.22000122070312,93.98999786376953,92.94999694824219,93.87999725341797,85.82904052734375,33093800,0.0,0.0,0.0
2024-06-14,94.41999816894531,94.83999633789062,94.23999786376953,94.66999816894531,86.5512924194336,28776700,0.0,0.0,0.0
2024-06-17,93.5199966430664,93.80999755859375,93.27999877929688,93.7300033569336,85.6919174194336,31040200,0.0,0.0,0.0
2024-06-18,93.88999938964844,94.5999984741211,93.7300033569336,94.58999633789062,86.4781494140625,26881000,0.0,0.0,0.0
2024-06-20,93.41000366210938,94.0,93.33999633789062,93.95999908447266,85.9021987915039,30246300,0.0,0.0,0.0
2024-06-21,94.23999786376953,94.4800033569336,93.58999633789062,93.95999908447266,85.9021987915039,22596400,0.0,0.0,0.0
2024-06-24,94.05000305175781,94.33999633789062,93.73999786376953,94.33999633789062,86.24959564208984,56939100,0.0,0.0,0.0
2024-06-25,94.06999969482422,94.55000305175781,94.04000091552734,94.5,86.39585876464844,22890200,0.0,0.0,0.0
2024-06-26,93.27999877929688,93.47000122070312,93.11000061035156,93.1500015258789,85.16162872314453,38489100,0.0,0.0,0.0
2024-06-27,93.5199966430664,93.70999908447266,93.41999816894531,93.5199966430664,85.49992370605469,23140800,0.0,0.0,0.0
2024-06-28,93.7300033569336,93.7699966430664,91.77999877929688,91.77999877929688,83.90913391113281,55119600,0.0,0.0,0.0
2024-07-01,90.41999816894531,91.08000183105469,89.81999969482422,89.91000366210938,82.4609603881836,49735400,0.291,0.0,0.0
2024-07-02,90.68000030517578,90.80999755859375,90.08000183105469,90.61000061035156,83.10295867919922,34204700,0.0,0.0,0.0
2024-07-03,91.16999816894531,91.88999938964844,91.08999633789062,91.80000305175781,84.1943588256836,35563300,0.0,0.0,0.0
2024-07-05,92.2699966430664,92.7300033569336,91.9000015258789,92.55999755859375,84.89141845703125,34895500,0.0,0.0,0.0
2024-07-08,92.54000091552734,92.8499984741211,92.22000122070312,92.76000213623047,85.0748519897461,16095700,0.0,0.0,0.0
2024-07-09,92.47000122070312,92.68000030517578,91.87000274658203,92.3499984741211,84.69880676269531,30289800,0.0,0.0,0.0
2024-07-10,92.44999694824219,92.68000030517578,92.26000213623047,92.63999938964844,84.96478271484375,23572500,0.0,0.0,0.0
2024-07-11,93.68000030517578,94.13999938964844,93.47000122070312,93.54000091552734,85.79022979736328,49761800,0.0,0.0,0.0
2024-07-12,93.52999877929688,93.94000244140625,93.33999633789062,93.94000244140625,86.15706634521484,27796500,0.0,0.0,0.0
2024-07-15,93.0,93.30000305175781,92.77999877929688,92.86000061035156,85.16654968261719,37918900,0.0,0.0,0.0
2024-07-16,93.52999877929688,94.20999908447266,93.38999938964844,94.16999816894531,86.36802673339844,36383700,0.0,0.0,0.0
2024-07-17,93.91999816894531,94.4000015258789,93.69000244140625,94.19000244140625,86.38636779785156,29036800,0.0,0.0,0.0
2024-07-18,93.68000030517578,94.13999938964844,93.37999725341797,93.47000122070312,85.72601318359375,34553100,0.0,0.0,0.0
2024-07-19,93.04000091552734,93.16000366210938,92.81999969482422,92.91999816894531,85.22157287597656,32164700,0.0,0.0,0.0
2024-07-22,93.4000015258789,93.5199966430664,92.30000305175781,92.6500015258789,84.97396850585938,36160400,0.0,0.0,0.0
2024-07-23,92.80999755859375,93.02999877929688,92.48999786376953,92.5199966430664,84.854736328125,23498000,0.0,0.0,0.0
2024-07-24,92.58999633789062,92.8499984741211,91.47000122070312,91.5199966430664,83.93757629394531,50757100,0.0,0.0,0.0
2024-07-25,92.02999877929688,92.86000061035156,91.95999908447266,92.2699966430664,84.62542724609375,44999100,0.0,0.0,0.0
2024-07-26,92.94999694824219,93.1500015258789,92.70999908447266,92.98999786376953,85.2857894897461,34423800,0.0,0.0,0.0
2024-07-29,93.66999816894531,93.69000244140625,93.22000122070312,93.48999786376953,85.74433898925781,25801300,0.0,0.0,0.0
2024-07-30,93.75,94.05000305175781,93.30000305175781,93.8499984741211,86.07453918457031,28169800,0.0,0.0,0.0
2024-07-31,94.52999877929688,94.83999633789062,94.23999786376953,94.80999755859375,86.95499420166016,47445300,0.0,0.0,0.0
2024-08-01,95.13999938964844,95.91000366210938,95.12000274658203,95.30999755859375,87.7049560546875,77254200,0.315,0.0,0.0
2024-08-02,97.0,98.37000274658203,96.88999938964844,98.27999877929688,90.43795776367188,91912900,0.0,0.0,0.0
2024-08-05,99.69000244140625,99.94000244140625,97.9000015258789,98.80000305175781,90.91649627685547,90686300,0.0,0.0,0.0
2024-08-06,98.1500015258789,98.41000366210938,96.58999633789062,96.58999633789062,88.88280487060547,61316900,0.0,0.0,0.0
2024-08-07,95.94999694824219,96.44999694824219,95.5,95.91000366210938,88.2571029663086,51337100,0.0,0.0,0.0
2024-08-08,95.12000274658203,95.4000015258789,94.83999633789062,95.31999969482422,87.71416473388672,37815800,0.0,0.0,0.0
2024-08-09,96.51000213623047,96.54000091552734,96.08999633789062,96.26000213623047,88.57917785644531,32141800,0.0,0.0,0.0
2024-08-12,96.02999877929688,96.81999969482422,95.87999725341797,96.61000061035156,88.90123748779297,24261400,0.0,0.0,0.0
2024-08-13,97.30000305175781,97.36000061035156,96.9800033569336,97.27999877929688,89.51776123046875,30366900,0.0,0.0,0.0
2024-08-14,97.55000305175781,98.16000366210938,97.51000213623047,97.88999938964844,90.0791015625,31334100,0.0,0.0,0.0
2024-08-15,96.41000366210938,97.0999984741211,96.20999908447266,97.0999984741211,89.35212707519531,38723700,0.0,0.0,0.0
2024-08-16,97.44000244140625,97.54000091552734,97.01000213623047,97.44000244140625,89.66500854492188,28541000,0.0,0.0,0.0
2024-08-19,97.41999816894531,98.16000366210938,97.41000366210938,97.88999938964844,90.0791015625,25322100,0.0,0.0,0.0
2024-08-20,98.31999969482422,98.86000061035156,98.12000274658203,98.66999816894531,90.79686737060547,25239300,0.0,0.0,0.0
2024-08-21,98.66999816894531,99.19999694824219,98.20999908447266,98.7300033569336,90.85206604003906,29230000,0.0,0.0,0.0
2024-08-22,98.2300033569336,98.30000305175781,97.43000030517578,97.75,89.95024871826172,33453800,0.0,0.0,0.0
2024-08-23,98.19000244140625,98.66999816894531,97.95999908447266,98.38999938964844,90.5392074584961,32005100,0.0,0.0,0.0
2024-08-26,98.69000244140625,98.69999694824219,98.08000183105469,98.13999938964844,90.30914306640625,23198700,0.0,0.0,0.0
2024-08-27,97.48999786376953,98.08000183105469,97.41000366210938,97.97000122070312,90.15272521972656,21507700,0.0,0.0,0.0
2024-08-28,98.01000213623047,98.19999694824219,97.7300033569336,97.8499984741211,90.04229736328125,18501400,0.0,0.0,0.0
2024-08-29,97.37000274658203,97.63999938964844,97.12999725341797,97.52999877929688,89.7478256225586,24988200,0.0,0.0,0.0
2024-08-30,97.68000030517578,97.98999786376953,96.47000122070312,96.48999786376953,88.7907943725586,42896200,0.0,0.0,0.0
2024-09-03,97.55999755859375,98.05999755859375,97.41999816894531,97.75,90.24298858642578,48947900,0.313,0.0,0.0
2024-09-04,97.87999725341797,99.02999877929688,97.80999755859375,99.01000213623047,91.40624237060547,40885200,0.0,0.0,0.0
2024-09-05,99.33999633789062,99.68000030517578,98.77999877929688,99.56999969482422,91.92324829101562,47450900,0.0,0.0,0.0
2024-09-06,99.55000305175781,100.77999877929688,99.19000244140625,99.55999755859375,91.91400146484375,57406400,0.0,0.0,0.0
2024-09-09,99.4000015258789,100.0999984741211,99.16000366210938,99.98999786376953,92.31096649169922,26961400,0.0,0.0,0.0
2024-09-10,99.87000274658203,100.91000366210938,99.81999969482422,100.69000244140625,92.95721435546875,31703400,0.0,0.0,0.0
2024-09-11,100.48999786376953,101.23999786376953,100.3499984741211,100.61000061035156,92.88335418701172,39497100,0.0,0.0,0.0
2024-09-12,100.36000061035156,100.55000305175781,99.69000244140625,100.13999938964844,92.449462890625,41618700,0.0,0.0,0.0
2024-09-13,100.45999908447266,100.61000061035156,100.0199966430664,100.41000366210938,92.69873046875,25722100,0.0,0.0,0.0
2024-09-16,100.62999725341797,101.37000274658203,100.41000366210938,101.33000183105469,93.54806518554688,30866300,0.0,0.0,0.0
2024-09-17,101.47000122070312,101.63999938964844,100.73999786376953,100.83999633789062,93.09569549560547,31699400,0.0,0.0,0.0
2024-09-18,100.23999786376953,100.7300033569336,99.54000091552734,99.58999633789062,91.94170379638672,48897000,0.0,0.0,0.0
2024-09-19,98.91999816894531,99.30999755859375,98.7699966430664,99.26000213623047,91.63704681396484,39979800,0.0,0.0,0.0
2024-09-20,98.98999786376953,99.25,98.72000122070312,98.87999725341797,91.28622436523438,37067600,0.0,0.0,0.0
2024-09-23,98.5,99.08999633789062,98.0199966430664,98.66999816894531,91.09234619140625,35703900,0.0,0.0,0.0
2024-09-24,98.0,98.88999938964844,97.8499984741211,98.6500015258789,91.07389068603516,31005400,0.0,0.0,0.0
2024-09-25,98.26000213623047,98.31999969482422,97.79000091552734,97.83000183105469,90.31687927246094,36738200,0.0,0.0,0.0
2024-09-26,98.06999969482422,98.25,97.41999816894531,98.05999755859375,90.52918243408203,33332300,0.0,0.0,0.0
2024-09-27,98.54000091552734,98.76000213623047,98.20999908447266,98.56999969482422,91.00004577636719,28317600,0.0,0.0,0.0
2024-09-30,98.63999938964844,98.70999908447266,97.87999725341797,98.0999984741211,90.56614685058594,34175500,0.0,0.0,0.0
2024-10-01,98.80000305175781,99.33000183105469,98.38999938964844,98.48999786376953,91.22000885009766,45254200,0.316,0.0,0.0
2024-10-02,97.36000061035156,97.7300033569336,97.05999755859375,97.66000366210938,90.4512939453125,35810800,0.0,0.0,0.0
2024-10-03,97.33999633789062,97.51000213623047,96.73999786376953,96.73999786376953,89.59919738769531,39677800,0.0,0.0,0.0
2024-10-04,95.44000244140625,95.95999908447266,95.4000015258789,95.55000305175781,88.49702453613281,56954100,0.0,0.0,0.0
2024-10-07,94.9800033569336,95.2699966430664,94.76000213623047,94.83000183105469,87.83018493652344,42606600,0.0,0.0,0.0
2024-10-08,94.38999938964844,95.02999877929688,94.33999633789062,94.98999786376953,87.9783706665039,33709600,0.0,0.0,0.0
2024-10-09,94.66999816894531,94.91000366210938,94.2300033569336,94.44999694824219,87.47821807861328,35807700,0.0,0.0,0.0
2024-10-10,93.87999725341797,94.08999633789062,93.41000366210938,94.08000183105469,87.13552856445312,53667400,0.0,0.0,0.0
2024-10-11,93.4800033569336,94.06999969482422,93.41999816894531,93.69999694824219,86.78357696533203,27406400,0.0,0.0,0.0
2024-10-14,93.04000091552734,93.77999877929688,92.9800033569336,93.7699966430664,86.84843444824219,28795300,0.0,0.0,0.0
2024-10-15,94.45999908447266,95.0,94.37000274658203,94.91000366210938,87.90426635742188,46429100,0.0,0.0,0.0
2024-10-16,95.38999938964844,95.62000274658203,95.13999938964844,95.30999755859375,88.27473449707031,32281500,0.0,0.0,0.0
2024-10-17,94.29000091552734,94.44000244140625,93.66999816894531,93.80000305175781,86.87620544433594,43427200,0.0,0.0,0.0
2024-10-18,94.05000305175781,94.27999877929688,93.86000061035156,93.87000274658203,86.9410171508789,25258600,0.0,0.0,0.0
2024-10-21,93.0199966430664,93.08999633789062,92.2300033569336,92.2300033569336,85.42210388183594,49504700,0.0,0.0,0.0
2024-10-22,92.6500015258789,92.76000213623047,92.08999633789062,92.31999969482422,85.50545501708984,32096900,0.0,0.0,0.0
2024-10-23,91.83999633789062,92.37000274658203,91.66000366210938,92.06999969482422,85.2739028930664,33354200,0.0,0.0,0.0
2024-10-24,92.2300033569336,93.0,91.95999908447266,92.66000366210938,85.82034301757812,32507400,0.0,0.0,0.0
2024-10-25,92.98999786376953,93.04000091552734,92.0199966430664,92.13999938964844,85.33873748779297,28667100,0.0,0.0,0.0
2024-10-28,92.2699966430664,92.29000091552734,91.41999816894531,91.88999938964844,85.10718536376953,33156500,0.0,0.0,0.0
2024-10-29,91.16999816894531,92.05999755859375,90.9800033569336,92.02999877929688,85.23686218261719,46545200,0.0,0.0,0.0
2024-10-30,92.83999633789062,93.29000091552734,92.16000366210938,92.30000305175781,85.48693084716797,41951100,0.0,0.0,0.0
2024-10-31,92.19999694824219,92.94000244140625,91.87000274658203,92.44999694824219,85.62586212158203,52173800,0.0,0.0,0.0
2024-11-01,92.26000213623047,92.5199966430664,90.80000305175781,90.83999633789062,84.4186782836914,80402000,0.311,0.0,0.0
2024-11-04,92.27999877929688,92.56999969482422,91.62999725341797,92.25,85.7289810180664,49747600,0.0,0.0,0.0
2024-11-05,92.02999877929688,92.9000015258789,91.5999984741211,92.73999786376953,86.18436431884766,46986000,0.0,0.0,0.0
2024-11-06,89.63999938964844,90.72000122070312,89.55000305175781,90.19999694824219,83.82392120361328,98895700,0.0,0.0,0.0
2024-11-07,90.75,91.62000274658203,90.6500015258789,91.33000183105469,84.87405395507812,56221400,0.0,0.0,0.0
2024-11-08,92.0,92.5999984741211,91.83999633789062,92.48999786376953,85.95203399658203,56756200,0.0,0.0,0.0
2024-11-11,92.25,92.30000305175781,91.62000274658203,92.04000091552734,85.5338363647461,22369200,0.0,0.0,0.0
2024-11-12,91.37000274658203,91.8499984741211,90.51000213623047,90.66000366210938,84.25139617919922,57908400,0.0,0.0,0.0
2024-11-13,91.5199966430664,91.54000091552734,89.72000122070312,89.80000305175781,83.45218658447266,49009100,0.0,0.0,0.0
2024-11-14,90.55999755859375,91.02999877929688,90.2699966430664,90.31999969482422,83.93543243408203,53328300,0.0,0.0,0.0
2024-11-15,89.91999816894531,90.6500015258789,89.51000213623047,90.08000183105469,83.71241760253906,73722400,0.0,0.0,0.0
2024-11-18,89.66000366210938,90.58999633789062,89.41999816894531,90.23999786376953,83.86109924316406,36010600,0.0,0.0,0.0
2024-11-19,90.81999969482422,91.06999969482422,90.62000274658203,90.69999694824219,84.28856658935547,29585100,0.0,0.0,0.0
2024-11-20,90.1500015258789,90.83000183105469,90.11000061035156,90.41000366210938,84.01907348632812,27755400,0.0,0.0,0.0
2024-11-21,90.44999694824219,90.8499984741211,90.0,90.33999633789062,83.95401763916016,28365700,0.0,0.0,0.0
2024-11-22,90.51000213623047,90.69999694824219,90.1500015258789,90.38999938964844,84.0004653930664,21547500,0.0,0.0,0.0
2024-11-25,92.19999694824219,92.77999877929688,91.98999786376953,92.7300033569336,86.17507934570312,56858000,0.0,0.0,0.0
2024-11-26,92.16000366210938,92.44000244140625,91.80999755859375,92.37000274658203,85.84051513671875,31122200,0.0,0.0,0.0
2024-11-27,93.04000091552734,93.37999725341797,92.66999816894531,93.01000213623047,86.43529510498047,39442200,0.0,0.0,0.0
2024-11-29,93.77999877929688,93.98999786376953,93.44000244140625,93.97000122070312,87.3274154663086,31905700,0.0,0.0,0.0
2024-12-02,93.2699966430664,94.1500015258789,93.0,93.87000274658203,87.53724670410156,39406000,0.325,0.0,0.0
2024-12-03,93.93000030517578,94.02999877929688,92.98999786376953,93.05999755859375,86.7818832397461,32768900,0.0,0.0,0.0
2024-12-04,92.61000061035156,94.19000244140625,92.54000091552734,94.05999755859375,87.71441650390625,35851100,0.0,0.0,0.0
2024-12-05,93.72000122070312,94.38999938964844,93.66000366210938,94.25,87.89159393310547,23695800,0.0,0.0,0.0
2024-12-06,94.72000122070312,94.8499984741211,94.0199966430664,94.38999938964844,88.02215576171875,31761500,0.0,0.0,0.0
2024-12-09,93.98999786376953,94.04000091552734,93.47000122070312,93.5199966430664,87.21085357666016,30509600,0.0,0.0,0.0
2024-12-10,93.0199966430664,93.30000305175781,92.91000366210938,93.08000183105469,86.80054473876953,28706500,0.0,0.0,0.0
2024-12-11,93.06999969482422,93.29000091552734,92.11000061035156,92.19999694824219,85.97991180419922,38748400,0.0,0.0,0.0
2024-12-12,91.63999938964844,91.75,91.0,91.08000183105469,84.93548583984375,45368400,0.0,0.0,0.0
2024-12-13,90.80000305175781,90.8499984741211,90.08000183105469,90.1500015258789,84.06820678710938,39486000,0.0,0.0,0.0
2024-12-16,90.55000305175781,90.62000274658203,90.05000305175781,90.41999816894531,84.3199691772461,23482300,0.0,0.0,0.0
2024-12-17,90.5199966430664,90.98999786376953,90.45999908447266,90.63999938964844,84.52513122558594,23839900,0.0,0.0,0.0
2024-12-18,89.97000122070312,90.37000274658203,89.13999938964844,89.16000366210938,83.46822357177734,61328400,0.351,0.0,0.0
2024-12-19,88.06999969482422,88.38999938964844,87.51000213623047,87.80999755859375,82.20439147949219,99083300,0.0,0.0,0.0
2024-12-20,88.52999877929688,88.91000366210938,88.29000091552734,88.30999755859375,82.67247009277344,45542400,0.0,0.0,0.0
2024-12-23,88.16000366210938,88.2300033569336,87.44000244140625,87.5,81.91416931152344,32764600,0.0,0.0,0.0
2024-12-24,87.04000091552734,87.88999938964844,86.9800033569336,87.87000274658203,82.26057434082031,22377600,0.0,0.0,0.0
2024-12-26,87.20999908447266,87.95999908447266,87.19999694824219,87.81999969482422,82.2137680053711,19981800,0.0,0.0,0.0
2024-12-27,87.4800033569336,87.77999877929688,87.05999755859375,87.0999984741211,81.53972625732422,27262300,0.0,0.0,0.0
2024-12-30,87.83000183105469,88.04000091552734,87.66999816894531,87.80000305175781,82.1950454711914,48519600,0.0,0.0,0.0
2024-12-31,88.12999725341797,88.27999877929688,87.26000213623047,87.33000183105469,81.75503540039062,31917300,0.0,0.0,0.0
2025-01-02,87.80000305175781,88.12000274658203,87.20999908447266,87.56999969482422,81.97972869873047,27841300,0.0,0.0,0.0
2025-01-03,87.72000122070312,87.87999725341797,87.18000030517578,87.29000091552734,81.71759796142578,21962200,0.0,0.0,0.0
2025-01-06,87.05000305175781,87.2300033569336,86.66999816894531,86.9000015258789,81.35249328613281,30231500,0.0,0.0,0.0
2025-01-07,86.5999984741211,86.7699966430664,85.79000091552734,85.91999816894531,80.43505096435547,41757200,0.0,0.0,0.0
2025-01-08,85.47000122070312,86.19999694824219,85.33999633789062,86.02999877929688,80.53803253173828,44590800,0.0,0.0,0.0
2025-01-10,85.27999877929688,85.8499984741211,85.16000366210938,85.45999908447266,80.00442504882812,47115800,0.0,0.0,0.0
2025-01-13,85.52999877929688,85.66000366210938,85.04000091552734,85.43000030517578,79.97632598876953,33258900,0.0,0.0,0.0
2025-01-14,85.2300033569336,85.36000061035156,84.88999938964844,85.29000091552734,79.84526824951172,33412900,0.0,0.0,0.0
2025-01-15,86.69999694824219,86.9800033569336,86.4000015258789,86.76000213623047,81.22142791748047,54120700,0.0,0.0,0.0
2025-01-16,86.63999938964844,87.4000015258789,86.27999877929688,87.04000091552734,81.48356628417969,34651100,0.0,0.0,0.0
2025-01-17,87.43000030517578,87.4800033569336,87.04000091552734,87.19000244140625,81.62399291992188,29875600,0.0,0.0,0.0
2025-01-21,87.88999938964844,88.16999816894531,87.62999725341797,87.97000122070312,82.35419464111328,30548600,0.0,0.0,0.0
2025-01-22,87.87000274658203,87.9800033569336,87.31999969482422,87.51000213623047,81.92354583740234,25278400,0.0,0.0,0.0
2025-01-23,86.63999938964844,86.98999786376953,86.52999877929688,86.83000183105469,81.2869644165039,31949000,0.0,0.0,0.0
2025-01-24,86.72000122070312,87.27999877929688,86.5999984741211,87.22000122070312,81.65209197998047,21110400,0.0,0.0,0.0
2025-01-27,88.16000366210938,88.43000030517578,87.8499984741211,88.25,82.61630249023438,42864200,0.0,0.0,0.0
2025-01-28,87.83999633789062,88.19999694824219,87.66000366210938,88.19000244140625,82.56015014648438,25519100,0.0,0.0,0.0
2025-01-29,88.43000030517578,88.62000274658203,87.62999725341797,88.01000213623047,82.3916244506836,25342800,0.0,0.0,0.0
2025-01-30,88.41000366210938,88.70999908447266,88.16999816894531,88.33999633789062,82.7005615234375,25094900,0.0,0.0,0.0
2025-01-31,88.37999725341797,88.66000366210938,87.43000030517578,87.76000213623047,82.15760040283203,48790100,0.0,0.0,0.0
2025-02-03,88.58000183105469,89.0999984741211,87.80000305175781,88.16000366210938,82.8265151977539,70657200,0.312,0.0,0.0
2025-02-04,87.55000305175781,88.44999694824219,87.4800033569336,88.43000030517578,83.08018493652344,33414000,0.0,0.0,0.0
2025-02-05,89.44999694824219,90.18000030517578,89.38999938964844,89.88999938964844,84.45186614990234,48331200,0.0,0.0,0.0
2025-02-06,89.86000061035156,90.1500015258789,89.55000305175781,89.8499984741211,84.4142837524414,22509900,0.0,0.0,0.0
2025-02-07,89.23999786376953,89.44999694824219,88.94000244140625,89.2699966430664,83.86936950683594,31171200,0.0,0.0,0.0
2025-02-10,89.26000213623047,89.52999877929688,88.8499984741211,89.0,83.61569213867188,22736100,0.0,0.0,0.0
2025-02-11,88.52999877929688,88.68000030517578,88.37999725341797,88.43000030517578,83.08018493652344,21513000,0.0,0.0,0.0
2025-02-12,87.29000091552734,87.5999984741211,86.86000061035156,87.2300033569336,81.95278930664062,48536200,0.0,0.0,0.0
2025-02-13,88.08999633789062,88.88999938964844,88.06999969482422,88.68000030517578,83.3150634765625,42718100,0.0,0.0,0.0
2025-02-14,89.37999725341797,89.68000030517578,89.12000274658203,89.1500015258789,83.75662231445312,27460700,0.0,0.0,0.0
2025-02-18,88.54000091552734,88.83999633789062,88.04000091552734,88.0999984741211,82.77015686035156,29429200,0.0,0.0,0.0
2025-02-19,87.94999694824219,88.44999694824219,87.88999938964844,88.20999908447266,82.87348937988281,20584300,0.0,0.0,0.0
2025-02-20,88.44999694824219,88.76000213623047,88.44999694824219,88.54000091552734,83.18354034423828,27913400,0.0,0.0,0.0
2025-02-21,88.87000274658203,89.93000030517578,88.81999969482422,89.61000061035156,84.1888198852539,46912300,0.0,0.0,0.0
2025-02-24,89.33000183105469,90.05999755859375,89.26000213623047,89.87000274658203,84.43306732177734,26218000,0.0,0.0,0.0
2025-02-25,90.97000122070312,91.5,90.80000305175781,91.41999816894531,85.88929748535156,50125100,0.0,0.0,0.0
2025-02-26,91.41999816894531,92.05999755859375,91.19999694824219,91.95999908447266,86.39663696289062,32220200,0.0,0.0,0.0
2025-02-27,91.30999755859375,91.79000091552734,91.13999938964844,91.30999755859375,85.78594970703125,53373600,0.0,0.0,0.0
2025-02-28,91.8499984741211,92.4800033569336,91.47000122070312,92.43000030517578,86.83819580078125,49388600,0.0,0.0,0.0
2025-03-03,91.41000366210938,92.70999908447266,91.37000274658203,92.56999969482422,87.24346160888672,42904200,0.29,0.0,0.0
2025-03-04,92.44000244140625,92.79000091552734,91.2699966430664,91.43000030517578,86.16905212402344,56722000,0.0,0.0,0.0
2025-03-05,91.55999755859375,91.80000305175781,90.61000061035156,90.69999694824219,85.4810562133789,50215900,0.0,0.0,0.0
2025-03-06,90.4800033569336,90.80000305175781,89.7300033569336,90.4000015258789,85.19832611083984,42827500,0.0,0.0,0.0
2025-03-07,91.13999938964844,91.16000366210938,89.98999786376953,90.11000061035156,84.92501068115234,36903600,0.0,0.0,0.0
2025-03-10,91.08000183105469,91.62999725341797,90.91000366210938,91.05000305175781,85.81092071533203,41440800,0.0,0.0,0.0
2025-03-11,90.97000122070312,91.48999786376953,90.13999938964844,90.4000015258789,85.19832611083984,40555700,0.0,0.0,0.0
2025-03-12,90.0,90.37999725341797,89.77999877929688,89.86000061035156,84.68939208984375,32734600,0.0,0.0,0.0
2025-03-13,89.58000183105469,90.70999908447266,89.37999725341797,90.6500015258789,85.43392944335938,38675400,0.0,0.0,0.0
2025-03-14,90.01000213623047,90.41000366210938,89.86000061035156,90.16999816894531,84.98155975341797,24658000,0.0,0.0,0.0
2025-03-17,90.80000305175781,91.18000030517578,90.37999725341797,90.62000274658203,85.4056625366211,26700300,0.0,0.0,0.0
2025-03-18,90.13999938964844,91.0199966430664,90.12000274658203,90.70999908447266,85.49047088623047,23654700,0.0,0.0,0.0
2025-03-19,90.68000030517578,91.22000122070312,90.37999725341797,91.18000030517578,85.93343353271484,31378700,0.0,0.0,0.0
2025-03-20,92.19999694824219,92.23999786376953,91.16000366210938,91.23999786376953,85.98999786376953,35645800,0.0,0.0,0.0
2025-03-21,91.33000183105469,91.44000244140625,90.62000274658203,90.69999694824219,85.4810562133789,29192100,0.0,0.0,0.0
2025-03-24,90.19999694824219,90.26000213623047,89.69999694824219,89.7699966430664,84.60457611083984,27985600,0.0,0.0,0.0
2025-03-25,89.56999969482422,90.08000183105469,89.51000213623047,89.76000213623047,84.59514617919922,22333800,0.0,0.0,0.0
2025-03-26,89.38999938964844,89.5999984741211,89.08999633789062,89.16999816894531,84.03909301757812,25095600,0.0,0.0,0.0
2025-03-27,88.8499984741211,89.02999877929688,88.62999725341797,88.91000366210938,83.79405975341797,23674500,0.0,0.0,0.0
2025-03-28,89.87999725341797,90.33999633789062,89.80999755859375,90.13999938964844,84.95328521728516,39869400,0.0,0.0,0.0
2025-03-31,91.2300033569336,91.33999633789062,90.36000061035156,91.02999877929688,85.79206848144531,38824300,0.0,0.0,0.0
2025-04-01,91.25,91.91000366210938,91.20999908447266,91.48999786376953,86.53550720214844,39800100,0.326,0.0,0.0
2025-04-02,92.37000274658203,92.37000274658203,90.66000366210938,91.43000030517578,86.47875213623047,43488400,0.0,0.0,0.0
2025-04-03,92.5199966430664,92.7300033569336,91.83999633789062,91.8499984741211,86.87601470947266,57467400,0.0,0.0,0.0
2025-04-04,93.6500015258789,94.08999633789062,92.81999969482422,92.8499984741211,87.82185363769531,92794200,0.0,0.0,0.0
2025-04-07,91.87999725341797,92.19000244140625,89.80000305175781,90.05000305175781,85.17349243164062,124987600,0.0,0.0,0.0
2025-04-08,89.27999877929688,90.19999694824219,88.22000122070312,88.3499984741211,83.56554412841797,73861900,0.0,0.0,0.0
2025-04-09,87.2699966430664,88.91000366210938,85.88999938964844,88.87000274658203,84.05738830566406,131353500,0.0,0.0,0.0
2025-04-10,87.73999786376953,88.18000030517578,86.3499984741211,86.41999816894531,81.74005889892578,78592000,0.0,0.0,0.0
2025-04-11,85.87000274658203,87.30000305175781,85.0,86.88999938964844,82.18460845947266,94814100,0.0,0.0,0.0
2025-04-14,87.4000015258789,87.70999908447266,86.81999969482422,87.51000213623047,82.77104949951172,37596400,0.0,0.0,0.0
2025-04-15,87.1500015258789,88.19000244140625,87.04000091552734,87.81999969482422,83.06424713134766,22553900,0.0,0.0,0.0
2025-04-16,87.80000305175781,88.5,87.47000122070312,88.30999755859375,83.52770233154297,35607300,0.0,0.0,0.0
2025-04-17,88.04000091552734,88.19999694824219,87.2300033569336,87.52999877929688,82.78994750976562,31758400,0.0,0.0,0.0
2025-04-21,86.5999984741211,87.06999969482422,85.9800033569336,86.0,81.34280395507812,39343200,0.0,0.0,0.0
2025-04-22,86.81999969482422,87.0199966430664,86.4000015258789,86.4800033569336,81.79682159423828,32552100,0.0,0.0,0.0
2025-04-23,88.87999725341797,89.05999755859375,87.16999816894531,87.31999969482422,82.5913314819336,44082200,0.0,0.0,0.0
2025-04-24,88.02999877929688,88.3499984741211,87.76000213623047,88.23999786376953,83.46150207519531,24190800,0.0,0.0,0.0
2025-04-25,88.9000015258789,89.11000061035156,88.5999984741211,88.88999938964844,84.0762939453125,22513900,0.0,0.0,0.0
2025-04-28,88.66000366210938,89.52999877929688,88.61000061035156,89.44999694824219,84.60597229003906,20130500,0.0,0.0,0.0
2025-04-29,89.31999969482422,90.20999908447266,89.30000305175781,90.19999694824219,85.31535339355469,22129500,0.0,0.0,0.0
2025-04-30,89.77999877929688,90.05000305175781,89.33000183105469,89.47000122070312,84.62489318847656,42630600,0.0,0.0,0.0
2025-05-01,89.26000213623047,89.27999877929688,88.30000305175781,88.69000244140625,84.19580078125,29932800,0.328,0.0,0.0
2025-05-02,87.70999908447266,88.06999969482422,87.54000091552734,87.7300033569336,83.28445434570312,32090400,0.0,0.0,0.0
2025-05-05,87.3499984741211,87.41000366210938,86.83000183105469,87.23999786376953,82.81926727294922,22862800,0.0,0.0,0.0
2025-05-06,86.80000305175781,87.52999877929688,86.63999938964844,87.52999877929688,83.09456634521484,21095200,0.0,0.0,0.0
2025-05-07,87.91999816894531,88.20999908447266,87.81999969482422,87.9000015258789,83.44583892822266,23161600,0.0,0.0,0.0
2025-05-08,88.0199966430664,88.05999755859375,86.88999938964844,86.91999816894531,82.51548767089844,25483700,0.0,0.0,0.0
2025-05-09,87.0,87.30999755859375,86.91999816894531,87.05000305175781,82.6388931274414,17007900,0.0,0.0,0.0
2025-05-12,86.37999725341797,86.77999877929688,86.19000244140625,86.23999786376953,81.86994171142578,32115000,0.0,0.0,0.0
2025-05-13,86.12999725341797,86.29000091552734,85.5,85.88999938964844,81.5376968383789,53912200,0.0,0.0,0.0
2025-05-14,85.75,85.87000274658203,85.19999694824219,85.31999969482422,80.9965591430664,42119800,0.0,0.0,0.0
2025-05-15,85.62999725341797,86.31999969482422,85.4800033569336,86.06999969482422,81.70855712890625,59448000,0.0,0.0,0.0
2025-05-16,86.87000274658203,86.88999938964844,86.19999694824219,86.30000305175781,81.92691040039062,31778200,0.0,0.0,0.0
2025-05-19,84.91000366210938,86.12000274658203,84.83000183105469,86.05000305175781,81.68955993652344,49361900,0.0,0.0,0.0
2025-05-20,85.43000030517578,85.5999984741211,85.05999755859375,85.43000030517578,81.10100555419922,35493100,0.0,0.0,0.0
2025-05-21,84.68000030517578,85.05999755859375,83.76000213623047,83.97000122070312,79.71495819091797,77053100,0.0,0.0,0.0
2025-05-22,83.5199966430664,84.43000030517578,83.30000305175781,84.41000366210938,80.1326904296875,61747900,0.0,0.0,0.0
2025-05-23,84.7699966430664,84.81999969482422,84.30999755859375,84.55000305175781,80.26559448242188,47139200,0.0,0.0,0.0
2025-05-27,85.3499984741211,86.02999877929688,85.1500015258789,85.7300033569336,81.38579559326172,56773400,0.0,0.0,0.0
2025-05-28,85.41000366210938,85.54000091552734,84.97000122070312,85.36000061035156,81.03453063964844,34806800,0.0,0.0,0.0
2025-05-29,85.7699966430664,86.26000213623047,85.63999938964844,86.1500015258789,81.78451538085938,38933200,0.0,0.0,0.0
2025-05-30,86.08999633789062,86.47000122070312,85.87999725341797,86.27999877929688,81.90790557861328,49042100,0.0,0.0,0.0
2025-06-02,85.29000091552734,85.47000122070312,84.79000091552734,85.16000366210938,81.1456298828125,46213100,0.32,0.0,0.0
2025-06-03,85.44000244140625,85.73999786376953,84.88999938964844,85.01000213623047,81.0027084350586,33731300,0.0,0.0,0.0
2025-06-04,85.79000091552734,86.6500015258789,85.6500015258789,86.38999938964844,82.3176498413086,57441500,0.0,0.0,0.0
2025-06-05,86.68000030517578,86.93000030517578,86.22000122070312,86.44999694824219,82.37480163574219,37664700,0.0,0.0,0.0
2025-06-06,85.79000091552734,85.93000030517578,85.27999877929688,85.3499984741211,81.32667541503906,38130100,0.0,0.0,0.0
2025-06-09,85.04000091552734,85.63999938964844,85.04000091552734,85.44000244140625,81.41242980957031,26560800,0.0,0.0,0.0
2025-06-10,86.0999984741211,86.18000030517578,85.5199966430664,85.87999725341797,81.83167266845703,24857000,0.0,0.0,0.0
2025-06-11,85.80999755859375,86.4000015258789,85.70999908447266,86.13999938964844,82.07943725585938,36334800,0.0,0.0,0.0
2025-06-12,86.88999938964844,87.19999694824219,86.5999984741211,87.16999816894531,83.06087493896484,43017800,0.0,0.0,0.0
2025-06-13,86.7300033569336,86.87999725341797,85.77999877929688,86.33000183105469,82.26048278808594,49374000,0.0,0.0,0.0
2025-06-16,86.08000183105469,86.43000030517578,85.45999908447266,85.45999908447266,81.43148803710938,36496600,0.0,0.0,0.0
2025-06-17,86.0,86.66000366210938,85.75,86.5,82.4224853515625,34521600,0.0,0.0,0.0
2025-06-18,86.87999725341797,87.08999633789062,86.3499984741211,86.6500015258789,82.56539916992188,38589000,0.0,0.0,0.0
2025-06-20,86.13999938964844,86.79000091552734,85.94999694824219,86.48999786376953,82.41294860839844,26001900,0.0,0.0,0.0
2025-06-23,86.93000030517578,87.44000244140625,86.7699966430664,86.7699966430664,82.67974090576172,36851800,0.0,0.0,0.0
2025-06-24,86.47000122070312,87.58999633789062,86.43000030517578,87.4000015258789,83.280029296875,32959100,0.0,0.0,0.0
2025-06-25,87.11000061035156,87.51000213623047,86.80000305175781,87.51000213623047,83.38485717773438,26345300,0.0,0.0,0.0
2025-06-26,87.58999633789062,87.94999694824219,87.19999694824219,87.94999694824219,83.8041000366211,30467500,0.0,0.0,0.0
2025-06-27,87.56999969482422,88.16000366210938,87.23999786376953,87.38999938964844,83.27049255371094,74993500,0.0,0.0,0.0
2025-06-30,87.86000061035156,88.44000244140625,87.61000061035156,88.25,84.0899658203125,53695200,0.0,0.0,0.0
2025-07-01,88.12999725341797,88.30999755859375,87.66000366210938,88.13999938964844,84.29846954345703,38960600,0.328,0.0,0.0
2025-07-02,87.19000244140625,87.58999633789062,87.0999984741211,87.58000183105469,83.76287078857422,39382200,0.0,0.0,0.0
2025-07-03,87.16999816894531,87.29000091552734,86.8499984741211,86.97000122070312,83.17945861816406,26729100,0.0,0.0,0.0
2025-07-07,86.54000091552734,86.55999755859375,85.91999816894531,86.13999938964844,82.38563537597656,38314700,0.0,0.0,0.0
2025-07-08,85.56999969482422,86.04000091552734,85.44000244140625,86.02999877929688,82.28043365478516,31407000,0.0,0.0,0.0
2025-07-09,86.19000244140625,86.93000030517578,86.18000030517578,86.93000030517578,83.14120483398438,29821900,0.0,0.0,0.0
2025-07-10,86.83000183105469,87.05999755859375,86.48999786376953,86.98999786376953,83.19860076904297,24525500,0.0,0.0,0.0
2025-07-11,86.2300033569336,86.2699966430664,85.63999938964844,85.79000091552734,82.05089569091797,40764800,0.0,0.0,0.0
2025-07-14,85.54000091552734,85.87999725341797,85.31999969482422,85.61000061035156,81.87873077392578,24609500,0.0,0.0,0.0
2025-07-15,85.88999938964844,85.91000366210938,84.9000015258789,85.01000213623047,81.30489349365234,40455000,0.0,0.0,0.0
2025-07-16,85.27999877929688,85.66000366210938,84.19000244140625,85.12999725341797,81.4196548461914,65987700,0.0,0.0,0.0
2025-07-17,85.22000122070312,85.48999786376953,84.98999786376953,85.11000061035156,81.40054321289062,31875500,0.0,0.0,0.0
2025-07-18,85.43000030517578,85.45999908447266,85.0999984741211,85.23999786376953,81.52486419677734,27534900,0.0,0.0,0.0
2025-07-21,86.22000122070312,86.51000213623047,85.95999908447266,86.0,82.2517318725586,40019500,0.0,0.0,0.0
2025-07-22,86.16999816894531,86.7699966430664,86.11000061035156,86.5199966430664,82.74908447265625,35190300,0.0,0.0,0.0
2025-07-23,86.05000305175781,86.19999694824219,85.79000091552734,86.04000091552734,82.28998565673828,31008500,0.0,0.0,0.0
2025-07-24,85.55000305175781,86.23999786376953,85.51000213623047,85.88999938964844,82.14653015136719,25164800,0.0,0.0,0.0
2025-07-25,85.80000305175781,86.44000244140625,85.72000122070312,86.43000030517578,82.66300201416016,27196200,0.0,0.0,0.0
2025-07-28,85.98999786376953,86.19999694824219,85.83000183105469,85.87000274658203,82.12740325927734,26812500,0.0,0.0,0.0
2025-07-29,86.2300033569336,87.33999633789062,86.19999694824219,87.31999969482422,83.51421356201172,47828300,0.0,0.0,0.0
2025-07-30,86.7699966430664,86.95999908447266,86.55999755859375,86.87000274658203,83.0838394165039,40670900,0.0,0.0,0.0
2025-07-31,87.12999725341797,87.41000366210938,86.83999633789062,86.91999816894531,83.13163757324219,49814100,0.0,0.0,0.0
2025-08-01,87.55999755859375,87.93000030517578,87.5199966430664,87.81999969482422,84.3134765625,63434500,0.331,0.0,0.0
2025-08-04,87.95999908447266,88.1500015258789,87.6500015258789,88.05999755859375,84.54390716552734,36425200,0.0,0.0,0.0
2025-08-05,87.8499984741211,88.44999694824219,87.77999877929688,88.33000183105469,84.80311584472656,28586100,0.0,0.0,0.0
2025-08-06,87.83999633789062,88.05000305175781,86.91999816894531,87.81999969482422,84.3134765625,42589300,0.0,0.0,0.0
2025-08-07,87.91999816894531,88.25,87.58999633789062,87.66999816894531,84.16946411132812,29213100,0.0,0.0,0.0
2025-08-08,87.36000061035156,87.38999938964844,87.1500015258789,87.29000091552734,83.80465698242188,21596300,0.0,0.0,0.0
2025-08-11,87.54000091552734,87.66999816894531,87.27999877929688,87.38999938964844,83.9006576538086,20100900,0.0,0.0,0.0
2025-08-12,86.9000015258789,86.97000122070312,86.55000305175781,86.94999694824219,83.47822570800781,41052300,0.0,0.0,0.0
2025-08-13,87.44000244140625,87.80999755859375,87.43000030517578,87.66999816894531,84.16946411132812,30817500,0.0,0.0,0.0
2025-08-14,87.51000213623047,87.51000213623047,86.88999938964844,87.0199966430664,83.5454330444336,33397400,0.0,0.0,0.0
2025-08-15,86.66000366210938,86.77999877929688,86.25,86.4000015258789,82.9501953125,36343600,0.0,0.0,0.0
2025-08-18,86.5,86.54000091552734,85.98999786376953,86.1500015258789,82.71015930175781,26777500,0.0,0.0,0.0
2025-08-19,86.44999694824219,86.75,86.44999694824219,86.6500015258789,83.1902084350586,28780600,0.0,0.0,0.0
2025-08-20,86.58999633789062,86.97000122070312,86.55999755859375,86.83999633789062,83.37261199951172,25912500,0.0,0.0,0.0
2025-08-21,86.55999755859375,86.68000030517578,86.11000061035156,86.41000366210938,82.95979309082031,28643900,0.0,0.0,0.0
2025-08-22,86.83000183105469,87.30000305175781,86.72000122070312,87.05000305175781,83.57424926757812,49871900,0.0,0.0,0.0
2025-08-25,86.7300033569336,87.05000305175781,86.6500015258789,86.80000305175781,83.33421325683594,27011900,0.0,0.0,0.0
2025-08-26,86.51000213623047,86.79000091552734,86.22000122070312,86.75,83.28620910644531,30259300,0.0,0.0,0.0
2025-08-27,86.11000061035156,86.66000366210938,86.0,86.6500015258789,83.1902084350586,38142800,0.0,0.0,0.0
2025-08-28,86.77999877929688,87.26000213623047,86.66000366210938,87.22000122070312,83.73744201660156,32205900,0.0,0.0,0.0
2025-08-29,86.76000213623047,86.86000061035156,86.44000244140625,86.5999984741211,83.1422119140625,41686400,0.0,0.0,0.0
2025-09-02,85.62999725341797,85.83999633789062,85.4800033569336,85.62999725341797,82.52348327636719,48760600,0.328,0.0,0.0
2025-09-03,85.93000030517578,86.80999755859375,85.88999938964844,86.56999969482422,83.42937469482422,52499500,0.0,0.0,0.0
2025-09-04,87.0199966430664,87.23999786376953,86.58000183105469,87.2300033569336,84.06543731689453,40501600,0.0,0.0,0.0
2025-09-05,88.22000122070312,88.61000061035156,88.13999938964844,88.55999755859375,85.34718322753906,69668000,0.0,0.0,0.0
2025-09-08,89.16999816894531,89.76000213623047,89.12000274658203,89.73999786376953,86.4843978881836,54538700,0.0,0.0,0.0
2025-09-09,89.4000015258789,89.55000305175781,88.98999786376953,89.2300033569336,85.99288177490234,37126400,0.0,0.0,0.0
2025-09-10,89.4000015258789,90.06999969482422,89.19000244140625,89.73999786376953,86.4843978881836,40713600,0.0,0.0,0.0
2025-09-11,89.91000366210938,90.4800033569336,89.9000015258789,90.33999633789062,87.06263732910156,46694400,0.0,0.0,0.0
2025-09-12,89.83000183105469,89.9800033569336,89.48999786376953,89.94999694824219,86.68677520751953,32968600,0.0,0.0,0.0
2025-09-15,90.1500015258789,90.45999908447266,90.06999969482422,90.16000366210938,86.88914489746094,24820100,0.0,0.0,0.0
2025-09-16,90.08999633789062,90.5,90.04000091552734,90.3499984741211,87.07225799560547,26794200,0.0,0.0,0.0
2025-09-17,90.70999908447266,91.04000091552734,89.87000274658203,90.12000274658203,86.85060119628906,49121800,0.0,0.0,0.0
2025-09-18,89.26000213623047,89.47000122070312,88.9000015258789,89.19000244140625,85.95435333251953,55717900,0.0,0.0,0.0
2025-09-19,89.06999969482422,89.2300033569336,88.79000091552734,89.0199966430664,85.7905044555664,32509200,0.0,0.0,0.0
2025-09-22,88.81999969482422,88.91000366210938,88.54000091552734,88.69999694824219,85.48212432861328,24758200,0.0,0.0,0.0
2025-09-23,88.97000122070312,89.36000061035156,88.75,89.31999969482422,86.0796127319336,26689000,0.0,0.0,0.0
2025-09-24,89.08000183105469,89.16000366210938,88.69999694824219,88.9800033569336,85.75196075439453,28098000,0.0,0.0,0.0
2025-09-25,88.8499984741211,89.02999877929688,88.45999908447266,88.9800033569336,85.75196075439453,29882500,0.0,0.0,0.0
2025-09-26,88.98999786376953,89.47000122070312,88.69000244140625,88.9000015258789,85.67485809326172,30955100,0.0,0.0,0.0
2025-09-29,89.29000091552734,89.73999786376953,89.26000213623047,89.62999725341797,86.37836456298828,32286200,0.0,0.0,0.0
2025-09-30,89.66000366210938,90.04000091552734,89.20999908447266,89.37000274658203,86.1278076171875,38584000,0.0,0.0,0.0
2025-10-01,89.44999694824219,89.63999938964844,89.08999633789062,89.29000091552734,86.35022735595703,39408900,0.31,0.0,0.0
2025-10-02,89.30999755859375,89.69000244140625,89.19000244140625,89.55000305175781,86.6016845703125,23208300,0.0,0.0,0.0
2025-10-03,89.62999725341797,89.72000122070312,89.2699966430664,89.37999725341797,86.43727111816406,25884500,0.0,0.0,0.0
2025-10-06,88.70999908447266,89.16000366210938,88.6500015258789,88.66999816894531,85.75064849853516,28371000,0.0,0.0,0.0
2025-10-07,88.97000122070312,89.37999725341797,88.80999755859375,89.18000030517578,86.24386596679688,29103300,0.0,0.0,0.0
2025-10-08,89.5999984741211,89.62000274658203,89.12999725341797,89.25,86.31156158447266,22506200,0.0,0.0,0.0
2025-10-09,89.16999816894531,89.29000091552734,89.01000213623047,89.18000030517578,86.24386596679688,21578700,0.0,0.0,0.0
2025-10-10,89.9800033569336,90.72000122070312,89.9000015258789,90.62000274658203,87.63646697998047,59389400,0.0,0.0,0.0
2025-10-13,90.27999877929688,90.58000183105469,89.86000061035156,90.56999969482422,87.58810424804688,28035500,0.0,0.0,0.0
2025-10-14,90.6500015258789,90.91999816894531,90.43000030517578,90.86000061035156,87.86854553222656,29800000,0.0,0.0,0.0
2025-10-15,90.95999908447266,91.30000305175781,90.47000122070312,90.66000366210938,87.67514038085938,31333900,0.0,0.0,0.0
2025-10-16,90.5199966430664,91.5,90.44999694824219,91.33999633789062,88.3327407836914,39631200,0.0,0.0,0.0
2025-10-17,91.25,91.29000091552734,90.9000015258789,91.19999694824219,88.19734954833984,40240400,0.0,0.0,0.0
2025-10-20,91.45999908447266,91.55999755859375,91.27999877929688,91.55000305175781,88.53582000732422,28429300,0.0,0.0,0.0
2025-10-21,91.98999786376953,92.19000244140625,91.91000366210938,92.0,88.97102355957031,24514300,0.0,0.0,0.0
2025-10-22,91.98999786376953,92.18000030517578,91.81999969482422,92.05999755859375,89.02904510498047,30496200,0.0,0.0,0.0
2025-10-23,91.61000061035156,91.79000091552734,91.29000091552734,91.43000030517578,88.4197769165039,28275100,0.0,0.0,0.0
2025-10-24,91.58999633789062,91.5999984741211,91.16000366210938,91.47000122070312,88.45845794677734,28266000,0.0,0.0,0.0
2025-10-27,91.31999969482422,91.79000091552734,91.08999633789062,91.77999877929688,88.75827026367188,30033600,0.0,0.0,0.0
2025-10-28,91.8499984741211,92.18000030517578,91.80999755859375,92.0199966430664,88.99034881591797,23564500,0.0,0.0,0.0
2025-10-29,91.87999725341797,91.88999938964844,91.0199966430664,91.08999633789062,88.09097290039062,39551600,0.0,0.0,0.0
2025-10-30,90.38999938964844,90.97000122070312,90.3499984741211,90.55999755859375,87.57843017578125,42649200,0.0,0.0,0.0
2025-10-31,90.55999755859375,90.66000366210938,90.19999694824219,90.29000091552734,87.31732177734375,38247300,0.0,0.0,0.0
2025-11-03,89.62000274658203,89.81999969482422,89.41999816894531,89.73999786376953,87.09893798828125,40752300,0.325,0.0,0.0
2025-11-04,89.77999877929688,90.05999755859375,89.73999786376953,89.94000244140625,87.29304504394531,26383800,0.0,0.0,0.0
2025-11-05,89.51000213623047,89.55000305175781,88.87999725341797,88.95999908447266,86.34188842773438,44643400,0.0,0.0,0.0
2025-11-06,89.55999755859375,89.8499984741211,89.52999877929688,89.76000213623047,87.11834716796875,33027400,0.0,0.0,0.0
2025-11-07,89.36000061035156,89.87000274658203,89.36000061035156,89.56999969482422,86.9339370727539,28530100,0.0,0.0,0.0
2025-11-10,89.48999786376953,89.66999816894531,89.38999938964844,89.55000305175781,86.9145278930664,24093500,0.0,0.0,0.0
2025-11-11,89.94999694824219,90.06999969482422,89.77999877929688,89.95999908447266,87.31246185302734,18942300,0.0,0.0,0.0
2025-11-12,89.94999694824219,90.31999969482422,89.87999725341797,90.12000274658203,87.4677505493164,23594900,0.0,0.0,0.0
2025-11-13,89.80000305175781,89.94000244140625,89.37999725341797,89.37999725341797,86.74951934814453,33825900,0.0,0.0,0.0
2025-11-14,89.79000091552734,89.83999633789062,88.87000274658203,88.87000274658203,86.25454711914062,38550500,0.0,0.0,0.0
2025-11-17,89.08000183105469,89.30000305175781,88.9800033569336,89.08999633789062,86.46807861328125,25605800,0.0,0.0,0.0
2025-11-18,89.3499984741211,89.44999694824219,88.80000305175781,89.05999755859375,86.43894958496094,31967400,0.0,0.0,0.0
2025-11-19,89.2300033569336,89.30999755859375,88.8499984741211,88.87999725341797,86.26424407958984,25782400,0.0,0.0,0.0
2025-11-20,88.98999786376953,89.41999816894531,88.98999786376953,89.2300033569336,86.60395050048828,32945000,0.0,0.0,0.0
2025-11-21,89.6500015258789,89.66999816894531,89.19999694824219,89.5,86.86599731445312,41938600,0.0,0.0,0.0
2025-11-24,89.94999694824219,90.06999969482422,89.77999877929688,90.01000213623047,87.36100006103516,30865700,0.0,0.0,0.0
2025-11-25,90.30999755859375,90.58999633789062,90.12999725341797,90.23999786376953,87.58422088623047,36503300,0.0,0.0,0.0
2025-11-26,90.1500015258789,90.63999938964844,89.83000183105469,90.63999938964844,87.97245025634766,34099000,0.0,0.0,0.0
2025-11-28,90.45999908447266,90.52999877929688,89.94999694824219,90.20999908447266,87.55511474609375,40704300,0.0,0.0,0.0
2025-12-01,88.8499984741211,88.98999786376953,88.70999908447266,88.7699966430664,86.46516418457031,47086600,0.321,0.0,0.0
2025-12-02,88.58000183105469,88.95999908447266,88.45999908447266,88.80999755859375,86.50411224365234,27605700,0.0,0.0,0.0
2025-12-03,88.91999816894531,89.16000366210938,88.73999786376953,89.05999755859375,86.74761962890625,23278600,0.0,0.0,0.0
2025-12-04,88.91000366210938,88.93000030517578,88.4800033569336,88.58000183105469,86.28009796142578,25541500,0.0,0.0,0.0
2025-12-05,88.55000305175781,88.55000305175781,88.05000305175781,88.16999816894531,85.8807373046875,32808100,0.0,0.0,0.0
2025-12-08,88.19000244140625,88.19999694824219,87.55999755859375,87.87999725341797,85.5982666015625,32255200,0.0,0.0,0.0
2025-12-09,88.33999633789062,88.3499984741211,87.83999633789062,87.97000122070312,85.6859359741211,25771800,0.0,0.0,0.0
2025-12-10,88.0,88.5199966430664,87.86000061035156,88.30999755859375,86.01709747314453,46833500,0.0,0.0,0.0
2025-12-11,88.69000244140625,88.83000183105469,88.16000366210938,88.19000244140625,85.90022277832031,26778700,0.0,0.0,0.0
2025-12-12,87.37999725341797,87.5,87.19000244140625,87.33999633789062,85.07227325439453,47030100,0.0,0.0,0.0
2025-12-15,87.72000122070312,87.87999725341797,87.38999938964844,87.4000015258789,85.13072967529297,28611800,0.0,0.0,0.0
2025-12-16,87.19000244140625,87.91999816894531,87.16999816894531,87.87999725341797,85.5982666015625,41018700,0.0,0.0,0.0
2025-12-17,87.62999725341797,87.98999786376953,87.58000183105469,87.80000305175781,85.52034759521484,24668300,0.0,0.0,0.0
2025-12-18,88.12999725341797,88.37999725341797,88.06999969482422,88.22000122070312,85.929443359375,39048900,0.0,0.0,0.0
2025-12-19,87.61000061035156,87.76000213623047,87.41000366210938,87.55000305175781,85.60871887207031,37858100,0.342,0.0,0.0
2025-12-22,87.41999816894531,87.45999908447266,87.25,87.36000061035156,85.42292022705078,25547100,0.0,0.0,0.0
2025-12-23,87.06999969482422,87.58000183105469,87.02999877929688,87.5,85.55982971191406,33624100,0.0,0.0,0.0
2025-12-24,87.76000213623047,88.08000183105469,87.6500015258789,88.02999877929688,86.07807922363281,25942000,0.0,0.0,0.0
2025-12-26,88.0999984741211,88.16999816894531,87.5999984741211,87.73999786376953,85.79448699951172,26522700,0.0,0.0,0.0
2025-12-29,87.94999694824219,88.06999969482422,87.79000091552734,88.06999969482422,86.11719512939453,29399800,0.0,0.0,0.0
2025-12-30,87.73999786376953,88.04000091552734,87.66999816894531,87.86000061035156,85.9118423461914,25106800,0.0,0.0,0.0
2025-12-31,87.68000030517578,87.91000366210938,87.12999725341797,87.16000366210938,85.22737121582031,36500000,0.0,0.0,0.0
2026-01-02,87.4000015258789,87.41000366210938,87.0199966430664,87.02999877929688,85.1002426147461,40731300,0.0,0.0,0.0
2026-01-05,87.18000030517578,87.5199966430664,87.11000061035156,87.45999908447266,85.52071380615234,30178000,0.0,0.0,0.0
2026-01-06,87.1500015258789,87.33999633789062,86.9000015258789,87.27999877929688,85.34468841552734,39015200,0.0,0.0,0.0
2026-01-07,87.83999633789062,88.01000213623047,87.4800033569336,87.79000091552734,85.8433837890625,39930900,0.0,0.0,0.0
2026-01-08,87.33000183105469,87.55000305175781,87.25,87.3499984741211,85.41315460205078,28204900,0.0,0.0,0.0
2026-01-09,87.30000305175781,88.0,87.12000274658203,87.93000030517578,85.98027038574219,57348800,0.0,0.0,0.0
2026-01-12,87.5,87.91000366210938,87.41000366210938,87.66999816894531,85.72604370117188,36103100,0.0,0.0,0.0
2026-01-13,87.87999725341797,87.91000366210938,87.54000091552734,87.81999969482422,85.87271881103516,30451400,0.0,0.0,0.0
2026-01-14,87.91000366210938,88.43000030517578,87.88999938964844,88.33000183105469,86.37142181396484,39233500,0.0,0.0,0.0
2026-01-15,88.63999938964844,88.66000366210938,88.30999755859375,88.30999755859375,86.35186004638672,37988900,0.0,0.0,0.0
2026-01-16,88.12999725341797,88.31999969482422,87.70999908447266,87.80000305175781,85.8531723022461,46382400,0.0,0.0,0.0
2026-01-20,86.62999725341797,87.02999877929688,86.54000091552734,86.6500015258789,84.72867584228516,66009500,0.0,0.0,0.0
2026-01-21,86.80000305175781,87.4800033569336,86.62000274658203,87.30999755859375,85.37403106689453,51220100,0.0,0.0,0.0
2026-01-22,87.2699966430664,87.76000213623047,87.13999938964844,87.69000244140625,85.74561309814453,42419300,0.0,0.0,0.0
2026-01-23,87.83000183105469,88.02999877929688,87.5,87.93000030517578,85.98027038574219,35968800,0.0,0.0,0.0
2026-01-26,88.4000015258789,88.48999786376953,88.19999694824219,88.3499984741211,86.3909683227539,38882400,0.0,0.0,0.0
2026-01-27,88.11000061035156,88.25,87.68000030517578,87.80000305175781,85.8531723022461,35180100,0.0,0.0,0.0
2026-01-28,87.51000213623047,87.69999694824219,87.29000091552734,87.5999984741211,85.65760040283203,38750300,0.0,0.0,0.0
2026-01-29,87.1500015258789,87.73999786376953,87.08000183105469,87.62000274658203,85.67716217041016,43855000,0.0,0.0,0.0
2026-01-30,87.37999725341797,87.55999755859375,87.12999725341797,87.12999725341797,85.1980209350586,45832200,0.0,0.0,0.0
2026-02-02,87.0199966430664,87.05999755859375,86.55000305175781,86.55000305175781,84.95459747314453,38171400,0.332,0.0,0.0
2026-02-03,86.48999786376953,86.77999877929688,86.43000030517578,86.76000213623047,85.16072845458984,27438200,0.0,0.0,0.0
2026-02-04,86.62999725341797,86.77999877929688,86.45999908447266,86.54000091552734,84.94478607177734,37872900,0.0,0.0,0.0
2026-02-05,86.93000030517578,87.4800033569336,86.75,87.4800033569336,85.86746978759766,50268900,0.0,0.0,0.0
2026-02-06,87.44999694824219,87.54000091552734,87.19999694824219,87.54000091552734,85.92635345458984,33461800,0.0,0.0,0.0
2026-02-09,87.19999694824219,87.58000183105469,87.02999877929688,87.5199966430664,85.90670013427734,24708900,0.0,0.0,0.0
2026-02-10,88.23999786376953,88.52999877929688,88.22000122070312,88.52999877929688,86.8980941772461,37253700,0.0,0.0,0.0
2026-02-11,88.04000091552734,88.4800033569336,87.94000244140625,88.05999755859375,86.43675994873047,37014000,0.0,0.0,0.0
2026-02-12,88.36000061035156,89.27999877929688,88.3499984741211,89.2300033569336,87.585205078125,48454900,0.0,0.0,0.0
2026-02-13,89.62999725341797,89.80999755859375,89.5199966430664,89.72000122070312,88.06615447998047,56785200,0.0,0.0,0.0
2026-02-17,89.93000030517578,90.12000274658203,89.76000213623047,89.87000274658203,88.2134017944336,32356700,0.0,0.0,0.0
2026-02-18,89.69000244140625,89.86000061035156,89.47000122070312,89.52999877929688,87.87966918945312,35415400,0.0,0.0,0.0
2026-02-19,89.4000015258789,89.72000122070312,89.37000274658203,89.62000274658203,87.96800994873047,28658600,0.0,0.0,0.0
2026-02-20,89.69999694824219,89.73999786376953,88.93000030517578,89.41000366210938,87.76188659667969,49610800,0.0,0.0,0.0
2026-02-23,89.55000305175781,90.0,89.52999877929688,89.73999786376953,88.08580017089844,33614600,0.0,0.0,0.0
2026-02-24,89.94999694824219,90.05000305175781,89.76000213623047,89.9000015258789,88.24284362792969,24933900,0.0,0.0,0.0
2026-02-25,89.70999908447266,90.08000183105469,89.70999908447266,89.91000366210938,88.2526626586914,23625800,0.0,0.0,0.0
2026-02-26,90.05999755859375,90.31999969482422,90.05000305175781,90.2699966430664,88.60601806640625,29447100,0.0,0.0,0.0
2026-02-27,90.69000244140625,90.86000061035156,90.55000305175781,90.81999969482422,89.14588928222656,51272000,0.0,0.0,0.0
2026-03-02,89.9800033569336,89.98999786376953,89.36000061035156,89.61000061035156,88.25067138671875,55465500,0.301,0.0,0.0
2026-03-03,88.9800033569336,89.66999816894531,88.94000244140625,89.43000030517578,88.07341003417969,51850400,0.0,0.0,0.0
2026-03-04,89.2699966430664,89.44000244140625,89.0999984741211,89.1500015258789,87.79765319824219,47069500,0.0,0.0,0.0
2026-03-05,88.62999725341797,88.94000244140625,88.51000213623047,88.79000091552734,87.44312286376953,45768900,0.0,0.0,0.0
2026-03-06,88.31999969482422,88.94000244140625,88.0199966430664,88.45999908447266,87.11811828613281,58136900,0.0,0.0,0.0
2026-03-09,88.30000305175781,89.31999969482422,88.20999908447266,89.2300033569336,87.87644958496094,52478700,0.0,0.0,0.0
2026-03-10,88.80000305175781,88.94999694824219,88.2699966430664,88.27999877929688,86.94085693359375,48651500,0.0,0.0,0.0
2026-03-11,87.75,87.80999755859375,87.08000183105469,87.13999938964844,85.8181381225586,54679900,0.0,0.0,0.0
2026-03-12,86.91000366210938,87.25,86.77999877929688,86.97000122070312,85.65072631835938,48977000,0.0,0.0,0.0
2026-03-13,86.93000030517578,87.1500015258789,86.47000122070312,86.54000091552734,85.22724914550781,43460000,0.0,0.0,0.0
2026-03-16,87.18000030517578,87.33999633789062,86.95999908447266,87.20999908447266,85.8870849609375,37341500,0.0,0.0,0.0
2026-03-17,87.36000061035156,87.56999969482422,87.31999969482422,87.44999694824219,86.12344360351562,19578100,0.0,0.0,0.0
2026-03-18,87.36000061035156,87.4800033569336,86.93000030517578,86.95999908447266,85.640869140625,37596600,0.0,0.0,0.0
2026-03-19,87.05999755859375,87.7300033569336,86.97000122070312,87.48999786376953,86.162841796875,60307400,0.0,0.0,0.0
2026-03-20,86.80999755859375,86.86000061035156,85.76000213623047,85.83000183105469,84.52801513671875,78948500,0.0,0.0,0.0
2026-03-23,86.18000030517578,86.72000122070312,85.94000244140625,86.38999938964844,85.07952117919922,69686700,0.0,0.0,0.0
2026-03-24,85.72000122070312,86.29000091552734,85.55999755859375,86.01000213623047,84.70528411865234,51799400,0.0,0.0,0.0
2026-03-25,86.75,86.87999725341797,86.4800033569336,86.83999633789062,85.52269744873047,37861000,0.0,0.0,0.0
2026-03-26,86.33999633789062,86.61000061035156,85.93000030517578,86.11000061035156,84.80376434326172,39537000,0.0,0.0,0.0
2026-03-27,85.5,86.0999984741211,85.44999694824219,85.63999938964844,84.34089660644531,39928900,0.0,0.0,0.0
2026-03-30,86.62999725341797,86.94999694824219,86.48999786376953,86.77999877929688,85.46360778808594,36473200,0.0,0.0,0.0
2026-03-31,86.93000030517578,87.16000366210938,86.56999969482422,86.69000244140625,85.3749771118164,47112200,0.0,0.0,0.0
2026-04-01,86.27999877929688,86.70999908447266,86.2300033569336,86.26000213623047,85.29092407226562,31157600,0.345,0.0,0.0
2026-04-02,86.20999908447266,86.8499984741211,86.1500015258789,86.79000091552734,85.81497192382812,33310600,0.0,0.0,0.0
2026-04-06,86.5,86.8499984741211,86.38999938964844,86.6500015258789,85.67654418945312,14660300,0.0,0.0,0.0
2026-04-07,86.5199966430664,86.68000030517578,85.91000366210938,86.63999938964844,85.66665649414062,22747200,0.0,0.0,0.0
2026-04-08,87.36000061035156,87.37000274658203,86.7300033569336,86.91999816894531,85.94351196289062,22244900,0.0,0.0,0.0
2026-04-09,86.69000244140625,87.12999725341797,86.38999938964844,86.69999694824219,85.72598266601562,18909100,0.0,0.0,0.0
2026-04-10,86.5999984741211,86.68000030517578,86.33000183105469,86.48999786376953,85.51834106445312,13247700,0.0,0.0,0.0
2026-04-13,86.44000244140625,86.80000305175781,86.25,86.75,85.77542114257812,12719700,0.0,0.0,0.0
2026-04-14,86.69999694824219,87.23999786376953,86.62999725341797,87.20999908447266,86.23025512695312,16606900,0.0,0.0,0.0
2026-04-15,87.0199966430664,87.06999969482422,86.7300033569336,86.83000183105469,85.85453033447266,15119600,0.0,0.0,0.0
2026-04-16,86.91999816894531,86.97000122070312,86.19999694824219,86.27999877929688,85.31069946289062,20001000,0.0,0.0,0.0
2026-04-17,87.05000305175781,87.20999908447266,86.88999938964844,87.06999969482422,86.0918197631836,29604100,0.0,0.0,0.0
2026-04-20,87.11000061035156,87.12999725341797,86.70999908447266,87.05000305175781,86.07205200195312,14623500,0.0,0.0,0.0
2026-04-21,86.97000122070312,87.08999633789062,86.52999877929688,86.56999969482422,85.5974349975586,19798700,0.0,0.0,0.0
2026-04-22,87.05000305175781,87.16000366210938,86.70999908447266,86.73999786376953,85.7655258178711,13676800,0.0,0.0,0.0
2026-04-23,86.83000183105469,87.04000091552734,86.23999786376953,86.55000305175781,85.57766723632812,21106700,0.0,0.0,0.0
2026-04-24,86.45999908447266,86.81999969482422,86.25,86.70999908447266,85.73587036132812,22285700,0.0,0.0,0.0
2026-04-27,86.48999786376953,86.62000274658203,86.19000244140625,86.27999877929688,85.31069946289062,19250100,0.0,0.0,0.0
2026-04-28,86.12000274658203,86.37000274658203,85.94000244140625,86.37000274658203,85.39969635009766,14553600,0.0,0.0,0.0
2026-04-29,85.98999786376953,85.98999786376953,85.55000305175781,85.69999694824219,84.73722076416016,29020800,0.0,0.0,0.0
2026-04-30,85.88999938964844,85.9000015258789,85.38999938964844,85.62000274658203,84.65811157226562,28516200,0.0,0.0,0.0
2026-05-01,85.5,86.0,85.33999633789062,85.61000061035156,84.96080017089844,21281000,0.315,0.0,0.0
2026-05-04,85.3499984741211,85.36000061035156,84.76000213623047,84.95999908447266,84.31572723388672,27226000,0.0,0.0,0.0
2026-05-05,85.1500015258789,85.48999786376953,85.08999633789062,85.43000030517578,84.78216552734375,18226500,0.0,0.0,0.0
2026-05-06,86.05000305175781,86.16999816894531,85.91999816894531,86.08000183105469,85.42723846435547,22530700,0.0,0.0,0.0
2026-05-07,86.27999877929688,86.29000091552734,85.5999984741211,85.6500015258789,85.00050354003906,21178300,0.0,0.0,0.0
2026-05-08,86.05999755859375,86.27999877929688,85.98999786376953,86.08000183105469,85.42723846435547,30797600,0.0,0.0,0.0
2026-05-11,85.87999725341797,85.91999816894531,85.48999786376953,85.55999755859375,84.91117858886719,17713700,0.0,0.0,0.0
2026-05-12,85.19000244140625,85.19999694824219,84.91999816894531,84.98999786376953,84.34550476074219,27680600,0.0,0.0,0.0
2026-05-13,84.94000244140625,85.05000305175781,84.58999633789062,84.80000305175781,84.15695190429688,26295100,0.0,0.0,0.0
2026-05-14,85.26000213623047,85.37999725341797,84.91000366210938,84.91999816894531,84.27603149414062,25247200,0.0,0.0,0.0
2026-05-15,83.87000274658203,83.97000122070312,83.58999633789062,83.66000366210938,83.02558898925781,50796000,0.0,0.0,0.0
2026-05-18,83.69999694824219,83.91999816894531,83.31999969482422,83.55999755859375,82.92634582519531,26166200,0.0,0.0,0.0
2026-05-19,82.95999908447266,83.2300033569336,82.7699966430664,83.0199966430664,82.39044189453125,35346600,0.0,0.0,0.0
2026-05-20,83.05999755859375,84.0,83.04000091552734,83.91000366210938,83.27369689941406,44498000,0.0,0.0,0.0
2026-05-21,83.62000274658203,84.26000213623047,83.33000183105469,84.22000122070312,83.58134460449219,24887000,0.0,0.0,0.0
2026-05-22,84.61000061035156,84.68000030517578,84.13999938964844,84.68000030517578,84.03784942626953,27987700,0.0,0.0,0.0
2026-05-26,85.33999633789062,85.37999725341797,84.9000015258789,85.0999984741211,84.45466613769531,22531200,0.0,0.0,0.0
2026-05-27,85.25,85.4800033569336,85.1500015258789,85.30000305175781,84.65315246582031,23589600,0.0,0.0,0.0
2026-05-28,85.36000061035156,85.8499984741211,85.2699966430664,85.73999786376953,85.08981323242188,25417300,0.0,0.0,0.0
2026-05-29,85.80999755859375,85.95999908447266,85.55000305175781,85.76000213623047,85.10967254638672,33118600,0.0,0.0,0.0
2026-06-01,84.93000030517578,85.54000091552734,84.80000305175781,85.47000122070312,85.1554946899414,26322400,0.336,0.0,0.0
2026-06-02,85.80000305175781,85.81999969482422,85.5,85.6500015258789,85.3348388671875,20319000,0.0,0.0,0.0
2026-06-03,85.29000091552734,85.43000030517578,85.0999984741211,85.30999755859375,84.99608612060547,15372000,0.0,0.0,0.0
2026-06-04,85.61000061035156,85.70999908447266,85.41999816894531,85.5,85.18538665771484,15866500,0.0,0.0,0.0
2026-06-05,84.98999786376953,85.3499984741211,84.91999816894531,85.05999755859375,84.74700164794922,26461200,0.0,0.0,0.0
2026-06-08,85.2300033569336,85.33000183105469,84.62000274658203,84.62000274658203,84.30862426757812,22922700,0.0,0.0,0.0
2026-06-09,84.97000122070312,85.18000030517578,84.77999877929688,85.12000274658203,84.8067855834961,22617700,0.0,0.0,0.0
2026-06-10,85.12000274658203,85.30000305175781,84.69999694824219,84.87999725341797,84.56766510009766,21258300,0.0,0.0,0.0
2026-06-11,85.16999816894531,86.04000091552734,85.04000091552734,85.9800033569336,85.66361999511719,35190500,0.0,0.0,0.0
2026-06-12,85.63999938964844,85.83000183105469,85.41000366210938,85.7699966430664,85.45439147949219,23092600,0.0,0.0,0.0
2026-06-15,85.95999908447266,86.11000061035156,85.66999816894531,85.72000122070312,85.40457916259766,17632700,0.0,0.0,0.0
2026-06-16,85.95999908447266,86.37999725341797,85.93000030517578,86.19000244140625,85.87284851074219,26472500,0.0,0.0,0.0
2026-06-17,86.33000183105469,86.58999633789062,85.93000030517578,86.33000183105469,86.01233673095703,34507500,0.0,0.0,0.0
2026-06-18,87.06999969482422,87.18000030517578,86.6500015258789,86.75,86.4307861328125,32350900,0.0,0.0,0.0
2026-06-22,86.30000305175781,86.33000183105469,85.97000122070312,86.08999633789062,85.77320861816406,28595100,0.0,0.0,0.0
2026-06-23,86.12000274658203,86.43000030517578,86.0999984741211,86.19999694824219,85.88280487060547,19145500,0.0,0.0,0.0
2026-06-24,87.1500015258789,87.47000122070312,87.12000274658203,87.37999725341797,87.05846405029297,41837000,0.0,0.0,0.0
2026-06-25,87.58000183105469,87.79000091552734,87.29000091552734,87.3499984741211,87.02857971191406,28380000,0.0,0.0,0.0
2026-06-26,87.01000213623047,87.37000274658203,87.0,87.36000061035156,87.03854370117188,21650800,0.0,0.0,0.0
2026-06-29,87.36000061035156,87.54000091552734,87.30000305175781,87.44999694824219,87.12820434570312,19457200,0.0,0.0,0.0
2026-06-30,87.1500015258789,87.18000030517578,86.37999725341797,86.41999816894531,86.10199737548828,31079500,0.0,0.0,0.0
2026-07-01,85.4800033569336,85.79000091552734,85.43000030517578,85.5199966430664,85.5199966430664,28109800,0.318,0.0,0.0
2026-07-02,85.37999725341797,85.77999877929688,85.37000274658203,85.51000213623047,85.51000213623047,20816300,0.0,0.0,0.0
2026-07-06,85.43000030517578,85.4800033569336,85.18000030517578,85.44999694824219,85.44999694824219,17940900,0.0,0.0,0.0
2026-07-07,85.12000274658203,85.16999816894531,84.54000091552734,84.55000305175781,84.55000305175781,24816400,0.0,0.0,0.0
2026-07-08,84.30999755859375,84.44999694824219,84.05999755859375,84.36000061035156,84.36000061035156,25806600,0.0,0.0,0.0
2026-07-09,84.27999877929688,84.68000030517578,84.26000213623047,84.48999786376953,84.48999786376953,18625300,0.0,0.0,0.0
2026-07-10,84.51000213623047,84.62999725341797,84.27999877929688,84.47000122070312,84.47000122070312,14454100,0.0,0.0,0.0
2026-07-13,84.19000244140625,84.27999877929688,83.93000030517578,83.97000122070312,83.97000122070312,18742500,0.0,0.0,0.0
2026-07-14,84.18000030517578,84.5,84.04000091552734,84.08000183105469,84.08000183105469,23793500,0.0,0.0,0.0
2026-07-15,84.08000183105469,84.41000366210938,84.08000183105469,84.23999786376953,84.23999786376953,17837800,0.0,0.0,0.0
2026-07-16,83.83999633789062,84.22000122070312,83.79000091552734,84.20999908447266,84.20999908447266,20817800,0.0,0.0,0.0
2026-07-17,84.62000274658203,84.81999969482422,84.48999786376953,84.5199966430664,84.5199966430664,22065600,0.0,0.0,0.0
2026-07-20,84.30999755859375,84.33999633789062,83.81999969482422,83.88999938964844,83.88999938964844,24289000,0.0,0.0,0.0
2026-07-21,83.73999786376953,83.7699966430664,83.43000030517578,83.66000366210938,83.66000366210938,14287500,0.0,0.0,0.0
2026-07-22,83.61000061035156,83.69999694824219,83.37999725341797,83.44000244140625,83.44000244140625,15988400,0.0,0.0,0.0
2026-07-23,82.98999786376953,83.25,82.95999908447266,83.16999816894531,83.16999816894531,29152800,0.0,0.0,0.0
2026-07-24,83.30999755859375,83.66000366210938,83.2300033569336,83.25,83.25,15106000,0.0,0.0,0.0
2026-07-27,83.7300033569336,83.87000274658203,83.5199966430664,83.75,83.75,23816200,0.0,0.0,0.0
2026-07-28,83.86000061035156,84.33999633789062,83.8499984741211,84.23999786376953,84.23999786376953,25366900,0.0,0.0,0.0
2026-07-29,84.0999984741211,84.1500015258789,82.69999694824219,82.8499984741211,82.8499984741211,41445200,0.0,0.0,0.0
2026-07-30,82.80999755859375,82.9000015258789,82.5199966430664,82.80000305175781,82.80000305175781,40407300,0.0,0.0,0.0
2026-07-31,82.44499969482422,82.44999694824219,81.88999938964844,82.25,82.25,49938490,0.0,0.0,0.0
